name,period,cat_period,epoch,cat_epoch,duration,cat_duration,label
K00752.01,9.488413288567171,9.48803557,132.55951126891227,170.53875,0.11090624999999993,0.1232291666666666,1
K00752.02,52.18757668546626,54.4183827,160.99535501891225,162.51384,0.09389583333333329,0.1877916666666666,1
K00754.01,1.7369553209191793,1.736952453,132.09398992972226,170.307565,0.09024037499999997,0.1002670833333333,0
K00755.01,2.5255797864107445,2.525591777,171.59534190020068,171.59555,0.062043749999999995,0.0689375,1
K00756.01,11.095223808949028,11.09432054,171.15273195884143,171.20116,0.1722937499999999,0.1914374999999999,1
K00756.02,4.1345624275435595,4.13443512,172.9573467505081,172.97937,0.11775749999999995,0.1308416666666666,1
K00756.03,2.7735485484155697,2.56658897,171.21208925050811,179.55437,0.15181249999999996,0.1012083333333333,1
K00114.01,7.362364067519846,7.36178958,132.19197492257481,132.25053,0.146475,0.20925,0
K00757.01,16.068487706715104,16.06864674,141.4905162914593,173.621937,0.1472791666666666,0.1472791666666666,1
K00757.02,41.19238396304244,41.19725502,165.06803254145927,165.00404,0.21219458333333327,0.1929041666666666,1
K00757.03,6.252784351177854,6.252962249,133.7984100414593,171.30126,0.1075791666666666,0.1075791666666666,1
K00001.01,2.4706035335084273,2.470613377,122.76531833931844,122.763305,0.08715949999999992,0.0726329166666666,1
K00002.01,2.2047184378635993,2.204735417,121.36515183872862,121.3585417,0.14582399999999995,0.1620266666666666,1
K00010.01,3.522470439384527,3.522498429,121.11950949956781,121.1194228,0.14659470833333327,0.1332679166666666,1
K00112.02,3.709196592370467,3.709214104,122.86192652552913,133.98318,0.09863249999999994,0.1095916666666666,1
K00112.01,51.09108652642343,51.07926451,133.9083963171958,185.18087,0.23898374999999997,0.2655375,1
K00742.01,11.521933305331281,11.521446064,142.71965514514883,170.839688,0.10616374999999992,0.1516624999999999,0
K00743.01,19.407126983506377,19.40393776,133.57360833018288,172.484253,0.2544895833333333,0.5089791666666666,0
K00744.01,19.218384670380246,19.221388942,146.2170596663567,184.5521637,0.09996729166666665,0.1999345833333333,0
K00744.02,2.037402422284586,2.03746414,131.56615231219004,131.54567,0.0844375,0.120625,0
K00745.01,16.47496060903451,16.46983774,170.19739499042828,180.881761,0.43256583333333326,0.3932416666666666,0
K00746.01,9.273199877356074,9.27358173,136.19699080843827,173.258155,0.12328124999999994,0.1369791666666666,1
K00747.01,6.029322212043907,6.02930329,135.42496253613834,171.602959,0.05932874999999997,0.0659208333333333,1
K00748.01,2.6963248012130876,2.696370652,133.00288296191925,170.73769,0.13548375,0.1505375,0
K00749.01,5.349652259183501,5.349553819,134.34430511394464,171.80694,0.11354249999999996,0.1261583333333333,1
K00749.02,3.941097585287758,3.94105221,132.13999719727798,136.08662,0.09743999999999994,0.1082666666666666,1
K00749.03,8.024162064771334,8.10904807,137.04839219727796,132.8031,0.11986666666666664,0.1498333333333333,1
K00113.01,403.12841165440045,386.6030528,121.1630430468921,166.342079,0.34028499999999995,0.2835708333333333,0
K00750.01,21.674342947484252,21.67699193,149.95589353571137,171.53594,0.20157083333333323,0.1439791666666666,1
K00750.04,36.126798687820205,36.5521313,135.43524353571138,165.0716,0.1137125,0.103375,0
K00751.01,4.996638241427946,4.99677968,171.76003117457483,171.74208,0.07239,0.0904875,1
K00769.01,4.28094230982954,4.280963604,133.3746312872371,171.89659,0.10781249999999995,0.1197916666666666,1
K00770.01,1.5063565937369061,1.50635409,131.83067178424773,170.998064,0.05051666666666664,0.0631458333333333,0
K00771.01,603.5809779,670.645531,519.8614746217268,209.04355,1.7803999999999998,2.2255,0
K00772.01,61.313258283154966,61.2563628,173.191827233102,173.83826,0.2544333333333333,0.3180416666666666,0
K00773.01,38.3796008354491,38.3775486,134.41077972164783,172.82048,0.18626666666666664,0.2328333333333333,1
K00758.01,16.013638770419927,16.01308419,144.30954974113496,176.3608,0.09494916666666663,0.1356416666666666,1
K00759.01,32.62473646072378,32.62876672,161.5242741524085,194.1019,0.21986708333333327,0.1998791666666666,1
K00759.02,97.96360327292665,91.7732862,226.04518811074186,193.8378,0.37759166666666666,0.2697083333333333,1
K00760.01,4.9593472896852315,4.959319244,132.57930957692375,172.2585292,0.10208870833333325,0.0928079166666666,1
K00761.01,2.70129948347417,2.701287801,170.6949475921223,170.69579,0.09866208333333332,0.1409458333333333,0
K00762.01,4.498845260637227,4.49876511,135.34904435111986,171.34905,0.14010750000000002,0.155675,1
K00763.01,19.653469774149542,19.651209505,179.2940031767477,179.401981,0.24068916666666662,0.2188083333333333,0
K00115.01,5.412225342480944,5.412203927,122.31362046003724,133.143089,0.1105199999999999,0.1227999999999999,1
K00115.02,7.125667631999245,7.12594387,124.77238504337058,139.00492,0.11255249999999997,0.1250583333333333,1
K00764.01,41.46350664419404,41.43958662,167.0843663140687,208.93203,0.6182691666666666,0.4416208333333333,1
K00765.01,8.353848315757622,8.35389523,138.2196787855678,171.63257,0.08442749999999996,0.0938083333333333,1
K00766.01,4.125487893460973,4.125543472,173.88495340596765,169.752585,0.11903999999999994,0.1322666666666666,1
K00767.01,2.8165107840641626,2.816504904,134.34990405987315,170.9676846,0.1148523749999999,0.1044112499999999,1
K00768.01,33.93503794106887,33.93373447,152.7169064204413,186.67608,0.5460375,0.6067083333333333,0
K00786.01,3.689982559538231,3.689920099,133.45395194010706,170.36571,0.09958874999999993,0.1106541666666666,1
K00787.01,4.43130596820834,4.431238488,135.55419059923267,171.015,0.1181249999999999,0.1312499999999999,1
K00787.02,11.380197973357776,11.37936986,133.79806351589934,133.84992,0.1093958333333333,0.1093958333333333,1
K00788.01,26.395207603174473,26.39432897,149.63759190327278,176.05459,0.11909999999999991,0.1488749999999999,1
K00116.01,13.571569229678923,13.57078281,122.66946630172198,136.279194,0.12577124999999995,0.1397458333333333,1
K00116.02,40.72374225570939,43.84439721,136.09791734338864,151.93538,0.3684416666666666,0.2834166666666666,1
K00116.04,21.923599125965147,23.9800854,129.96947984338865,147.537,0.22295833333333326,0.2229583333333333,1
K00116.03,6.263229914818926,6.164876,120.66066734338865,135.63916,0.2038749999999999,0.1359166666666666,1
K00774.01,7.442757056337983,7.442652004,132.7478037419725,169.9717797,0.1250058333333333,0.0961583333333333,0
K00775.01,15.753253745509706,16.38489988,137.05162125532723,172.72782,0.1260375,0.1260375,1
K00775.02,7.877182893009672,7.8774163,137.00826063032721,176.3759,0.0866874999999999,0.0866874999999999,1
K00775.03,39.38202687923632,36.4454001,137.0552897969939,151.60125,0.23374166666666663,0.1669583333333333,1
K00776.01,3.7287020369537847,3.728732147,134.51365559794806,171.793255,0.1117916666666666,0.1117916666666666,1
K00778.01,2.243375886306106,2.243380573,132.54331254579492,170.679233,0.041985,0.04665,1
K00779.01,10.404676256769257,10.405998015,177.2846239500492,177.197466,0.21678666666666663,0.2709833333333333,0
K00780.01,2.3374566895281403,2.337437946,132.01972587109088,171.761982,0.07493249999999996,0.0832583333333333,1
K00781.01,11.597807992021218,11.59822233,134.0248915629585,180.395376,0.1051541666666666,0.1051541666666666,1
K00782.01,6.575276246383082,6.575315881,134.18687196027884,173.634044,0.16156499999999996,0.1795166666666666,1
K00783.01,7.27437870980711,7.275040844,133.6788308615574,169.994217,0.28266374999999994,0.3140708333333333,1
K00784.01,19.27020019800691,19.27153892,148.26943285649648,186.77093,0.13796999999999998,0.114975,1
K00784.02,10.06528906195615,10.06524317,136.28621410649646,136.28906,0.051337499999999946,0.0570416666666666,1
K00785.01,12.392587501542426,12.3935651,141.62466534614356,178.74725,0.11344666666666663,0.1620666666666666,1
K00798.01,3.3419514744822036,3.341913228,171.63261025428912,171.63943,0.11121249999999999,0.158875,0
K00799.01,1.6266322330547016,1.626630225,132.4066608236853,169.820171,0.06167291666666661,0.0881041666666666,0
K00800.01,2.7115049673382066,2.711504086,132.0706650901394,170.03417,0.11287124999999991,0.1254124999999999,1
K00800.02,7.2119743493772575,7.21203748,136.75953821513943,172.81782,0.15184124999999998,0.1687125,1
K00789.01,14.180645361223633,14.1798187,143.09237210161962,171.50237,0.1356875,0.104375,0
K00790.01,8.472068614595273,8.47237911,131.8238314944258,174.16212,0.10216874999999996,0.1135208333333333,1
K00790.02,59.30379952461707,60.4189369,157.24204295275914,181.16367,0.125975,0.2099583333333333,1
K00791.01,12.6125499726903,12.611904345,143.0237740466151,180.892284,0.23602791666666662,0.2145708333333333,1
K00792.01,1.4337708918882048,1.433769925,131.69349424670423,170.403536,0.05503166666666662,0.0786166666666666,0
K00793.01,10.318686507351915,10.31872301,132.0400557822199,173.31543,0.09589999999999997,0.1598333333333333,0
K00794.01,2.539173853928613,2.539183147,131.58850605948936,169.67494,0.09105749999999992,0.1011749999999999,1
K00795.01,6.77027368941012,6.770300385,136.72798813130098,170.57662,0.06948,0.08685,1
K00796.01,0.44429274682299325,0.444291966,169.86550161572444,169.865406,0.06064333333333331,0.0866333333333333,0
K00812.02,20.059543166032995,20.06036336,147.49187332013355,147.46554,0.1383458333333333,0.1383458333333333,1
K00812.03,46.7672691688926,46.1842039,171.92619207013354,165.23729,0.13877499999999993,0.1982499999999999,1
K00812.04,8.350816644807809,7.82502168,138.5582254034669,136.54995,0.08197499999999996,0.0910833333333333,1
K00812.01,3.3402537607431753,3.340218842,131.89102957013355,171.979062,0.07164,0.0796,1
K00813.01,3.8958543713571965,3.895936525,131.58455628111395,170.527552,0.1251845833333333,0.0962958333333333,1
K00814.01,22.362487868728056,22.36646466,153.19762842897742,175.45862,0.26139999999999997,0.2178333333333333,1
K00801.01,1.6255117378386565,1.625522174,131.81611564862735,170.8266564,0.08961112499999994,0.0995679166666666,1
K00803.01,7.544011547844444,7.544039,176.33770809484898,171.7982,0.129625,0.25925,0
K00804.01,9.029124269959741,9.02930689,132.0695683628637,177.20422,0.11793374999999989,0.1310374999999999,1
K00805.01,10.329126514076835,10.328035714,170.31781628461644,174.581054,0.3246458333333333,0.3246458333333333,0
K00806.01,147.10072914312497,143.2063047,266.19157940833486,154.23552,0.2976733333333333,0.3720916666666666,1
K00806.02,58.954478819435266,60.32494216,177.25166649166826,243.892578,0.2757833333333333,0.2757833333333333,1
K00806.03,29.498666389314327,29.1598615,147.40292565833494,150.69922,0.26016249999999996,0.200125,1
K00806.04,361.0382684600237,381.850599,442.0707839916682,296.4969,0.2783666666666666,0.1988333333333333,0
K00806.05,412.5216157540933,412.041857,501.4357589916682,354.8569,0.18573333333333328,0.2321666666666666,0
K00807.01,1.5403905330255585,1.540397253,170.50640953552974,170.50479,0.06282791666666662,0.0897541666666666,0
K00808.01,2.9901425582243495,2.99025443,133.13703838108066,171.9834,0.20302499999999996,0.2255833333333333,0
K00809.01,1.5947536177667967,1.594745374,170.6440712683067,170.6483505,0.08985166666666662,0.0816833333333333,1
K00810.01,4.782890286377738,4.783002698,132.2620206553201,170.508434,0.09729166666666661,0.0972916666666666,1
K00811.01,20.506327219359484,20.50588921,140.40979843208035,181.43428,0.15223124999999998,0.1691458333333333,1
K00828.01,2.5071152723149708,2.507089906,170.99461047383747,171.002455,0.058528749999999935,0.0836124999999999,0
K00829.01,18.652754909539567,18.64932728,137.331637943721,174.771,0.23863666666666658,0.1835666666666666,1
K00829.02,9.751680354538005,9.75192101,138.80192877705434,138.78608,0.15976666666666664,0.1997083333333333,1
K00829.03,37.30623415151312,38.5576546,155.95601211038766,163.85063,0.28969999999999996,0.2414166666666666,1
K00117.02,4.916595568390845,4.90144976,124.00100501299002,138.60548,0.2429816666666666,0.1735583333333333,1
K00117.01,14.746752530946923,14.74914825,124.12197251299001,138.77799,0.27956041666666664,0.2541458333333333,1
K00117.04,7.374028165150146,7.95825328,124.07659126299001,137.80219,0.21884999999999988,0.1823749999999999,1
K00117.03,3.180011957868568,3.180027898,120.78462063799002,133.49863,0.13423874999999993,0.1491541666666666,1
K00830.01,3.5256217941862955,3.525632539,134.79454812234,170.0479951,0.11914787500000001,0.10831625,1
K00816.01,7.747691869094227,7.748094239,175.03180347093814,174.997206,0.1498208333333333,0.1498208333333333,1
K00817.01,23.972219749787637,23.96793669,138.16243436524846,186.22182,0.19135,0.1594583333333333,1
K00817.02,8.295417393235681,8.29561738,135.8049458235818,135.79284,0.0559208333333333,0.0559208333333333,1
K00818.01,8.114685229405843,8.11437482,135.73782034423667,176.33968,0.08525999999999997,0.0947333333333333,1
K00819.01,38.02313358544085,38.036729482,150.27330063400746,196.934947,0.2535265833333332,0.1810904166666666,0
K00011.01,3.7477723540520387,3.747838198,122.9548712779978,171.66504,0.14770583333333331,0.2110083333333333,0
K00821.01,21.817692531005,21.81295996,173.83447180298268,174.01085,0.23720124999999997,0.1824625,1
K00822.01,7.91959988135638,7.91936937,132.56271018524552,172.181092,0.12430499999999996,0.1381166666666666,0
K00824.01,15.375393020931128,15.37562369,173.6287190213495,173.61402,0.12438374999999993,0.1382041666666666,1
K00825.01,8.103317549465073,8.10363271,136.45867908303367,176.9486,0.11853749999999996,0.1317083333333333,1
K00825.02,4.715159349019584,4.71510843,134.94833949970032,134.96178,0.09397499999999993,0.1044166666666666,1
K00826.01,6.36589148820466,6.365839713,132.93666692970706,171.13575,0.11145375,0.1238375,1
K00827.01,5.976076394233502,5.97581754,132.917101952108,174.77602,0.10216666666666666,0.1277083333333333,0
K00839.01,2.446740194579279,2.446737317,131.51429336141274,170.66951,0.11802749999999995,0.1967124999999999,0
K00840.01,3.0403202810294125,3.04033046,133.4681081295321,169.9490106,0.0843837499999999,0.0767124999999999,1
K00841.01,15.334406453600824,15.33528675,143.3658096036173,174.00278,0.1299,0.162375,1
K00841.02,30.671063764854328,31.33046135,158.6540846036173,153.43031,0.12939999999999996,0.2156666666666666,1
K00841.03,6.546186218573883,6.54626149,133.8671221036173,133.85964,0.10312499999999998,0.1145833333333333,1
K00831.01,3.9043300257572597,3.9043425,134.35364037209243,173.393734,0.15962499999999996,0.159625,0
K00832.01,9.286113497079256,9.286358079,139.47360815421442,171.8214689,0.10206845833333329,0.1458120833333333,0
K00833.01,3.9513720139432014,3.951405455,133.76673540061893,173.276125,0.06376416666666662,0.0910916666666666,0
K00834.01,23.656337113276717,23.65369415,147.62403309400665,171.376107,0.2739433333333333,0.3424291666666666,1
K00834.02,13.234418693238423,13.23352214,140.27110080234,140.32196,0.25264499999999995,0.2807166666666666,1
K00834.03,6.616686237979844,6.15560285,133.71413996900665,134.81656,0.2492149999999999,0.2076791666666666,1
K00834.04,2.0518928026137817,2.090811305,132.75500746900664,134.17462,0.19763333333333324,0.1411666666666666,1
K00834.05,50.45443613966129,50.4467417,178.4191053856733,178.5014,0.2684625,0.2982916666666666,1
K00835.01,11.762449329146213,11.76307164,133.91712717616383,180.93613,0.12115,0.12115,1
K00835.02,58.81498034442028,56.2279271,133.89229967616382,132.29259,0.104125,0.14875,1
K00836.01,2.384050006114887,2.384052875,171.58820832724146,171.58362,0.077295,0.128825,0
K00837.01,7.953779407417435,7.953547,134.87277940246528,174.66224,0.09866999999999997,0.1096333333333333,1
K00837.02,3.9767505845166657,4.14451656,134.89880398579862,135.92831,0.0975875,0.0975875,1
K00838.01,4.859483281917244,4.859386384,134.12002583590655,173.011469,0.0948208333333333,0.0948208333333333,0
K00850.01,10.526049561546039,10.526294577,134.43256812602328,176.522462,0.12605499999999994,0.1050458333333333,1
K00851.01,4.583452822671321,4.583520948,133.31557462034831,169.973972,0.10145624999999994,0.1127291666666666,1
K00852.01,3.7617687309620154,3.76181843,134.29037814068104,171.90364,0.11725333333333328,0.1465666666666666,1
K00853.01,8.204419206157112,8.20396958,136.83426416009226,169.69138,0.11125124999999991,0.1236124999999999,1
K00853.02,14.495301266879208,14.49645186,143.47707936842562,143.41659,0.15059999999999996,0.1673333333333333,1
K00842.01,12.717859626729968,12.71809866,137.21363742877188,175.35526,0.10318999999999992,0.1289874999999999,1
K00842.02,36.0747980987904,36.06588163,162.34318409543855,198.58423,0.25226833333333326,0.1801916666666666,1
K00843.01,4.19052655355709,4.190425659,133.7101256007616,171.44122,0.1191208333333333,0.1191208333333333,1
K00844.01,3.709866441039962,3.709870784,134.88927559963233,171.987982,0.11510249999999994,0.1278916666666666,1
K00845.01,16.33075158878427,16.3297527,144.59031172796637,177.29506,0.20903333333333327,0.2612916666666666,1
K00846.01,27.81065398269503,27.807566216,158.80392861584417,186.713552,0.10539674999999998,0.17566125,1
K00847.01,80.83795219281468,80.8723469,204.30354524145034,203.895,0.5131041666666667,0.4664583333333333,1
K00848.01,3.1663915367518265,3.166465862,172.01829700922582,172.002627,0.11017874999999998,0.1224208333333333,0
K00118.01,24.987304659856047,24.99324319,138.84493125586096,138.68167,0.32179874999999997,0.2475375,1
K00849.01,10.356118932790478,10.35533116,139.82045246189963,170.93729,0.14563541666666663,0.1323958333333333,1
K00867.01,16.087427684334283,16.08518937,131.9273764722084,180.28319,0.23239999999999986,0.1659999999999999,1
K00869.01,7.489974266892782,7.49018305,137.51774439430693,174.95037,0.1023637499999999,0.1137374999999999,1
K00869.02,36.2805803525551,36.2761238,164.92815751930692,201.2869,0.21938125,0.1994375,1
K00869.03,18.138587088263478,17.46087931,146.86583251930693,137.26594,0.13207249999999984,0.0943374999999999,1
K00869.04,3.219857110352274,3.219814777,133.0003485609736,133.00406,0.0860083333333333,0.0860083333333333,1
K00854.01,55.30907636108533,56.0560754,145.88966428666632,201.16578,0.2147291666666666,0.1952083333333333,1
K00855.01,43.24989642789677,41.408316686,167.61872875843082,195.78745,0.10471666666666665,0.2094333333333333,1
K00857.01,5.715251164647608,5.715425977,134.8941934900582,174.87931,0.0946574999999999,0.1051749999999999,1
K00857.02,20.003874522738602,20.0261412,140.5914734900582,146.91109,0.09397499999999985,0.0671249999999999,1
K00119.01,51.61138989168104,49.18394185,176.054627579991,141.911924,0.28340999999999994,0.4723499999999999,1
K00119.02,175.78908361788336,190.3200468,180.8347642466577,312.68498,0.4457833333333334,0.6368333333333334,1
K00859.01,10.443108908936678,10.44331991,175.41737705047407,175.4046,0.09143333333333328,0.1142916666666666,0
K00861.01,2.237512745859267,2.237489571,132.77330180359903,170.81914,0.0754958333333333,0.0754958333333333,1
K00862.01,5.851291047508519,5.851520671,135.82879840756266,173.8228336,0.11664674999999998,0.1296075,0
K00863.01,3.1678993495900825,3.167893418,134.13449518488693,172.147959,0.08180249999999994,0.0908916666666666,1
K00864.01,4.31186544159394,4.311780262,173.5637215153074,173.576483,0.10219124999999998,0.1135458333333333,1
K00864.02,20.051776653273283,20.0504494,188.03707172364074,188.08821,0.15186666666666665,0.1898333333333333,1
K00864.03,9.767301196171363,9.76734503,176.81078318197407,186.57718,0.04837291666666662,0.0691041666666666,1
K00866.01,2.8611810520751417,2.861159894,171.64083717387663,171.648106,0.05492666666666662,0.0784666666666666,0
K00880.01,26.444762172218827,26.44439337,141.22597790244095,194.12074,0.1491862499999999,0.1657624999999999,1
K00880.02,52.91505078343112,51.53997972,167.20228248577428,174.055011,0.3732983333333333,0.2666416666666666,1
K00880.03,5.902095935784467,5.902245782,136.80534290244094,136.78393,0.10876124999999998,0.1208458333333333,1
K00880.04,2.3829346275047154,2.382951591,132.70384290244095,135.080841,0.07865,0.07865,1
K00881.01,21.021192653836078,21.02250608,144.65517238676426,207.67593,0.15402,0.1711333333333333,1
K00881.02,204.20142975000002,226.8904775,252.77079488676424,207.35971,0.22044166666666662,0.3149166666666666,1
K00870.01,5.912416412560786,5.912273234,136.6912313968334,172.184012,0.0968916666666666,0.0968916666666666,1
K00870.02,8.985903367083285,8.98581901,139.73063723016674,175.68418,0.10727249999999994,0.1191916666666666,1
K00120.01,20.54519866783794,20.5452375,137.9163944784072,137.91394,0.0943875,0.104875,0
K00872.01,33.83424955226618,33.60123371,138.02914501721432,186.680343,0.0917833333333333,0.1835666666666666,1
K00872.02,6.7667059290674105,6.76652928,138.04447085054764,138.0637,0.1087649999999999,0.1208499999999999,1
K00873.01,4.3472938785045026,4.347288783,133.1066893671485,172.23343,0.0875999999999999,0.0875999999999999,1
K00874.01,4.601804831307169,4.601811819,133.16988557122903,169.98108,0.08477624999999997,0.0941958333333333,1
K00874.02,11.188119826829936,11.18719905,137.12173890456236,137.17814,0.14904999999999988,0.1354999999999999,1
K00875.01,4.221061232357002,4.220965778,132.61762795122607,170.622433,0.11570249999999997,0.1285583333333333,1
K00876.01,6.998240151834664,6.998099523,136.89497243439956,171.898913,0.09390333333333327,0.0853666666666666,0
K00877.01,5.954902237294245,5.95489993,135.22546688057287,170.955871,0.08959500000000001,0.09955,1
K00877.02,11.910020769991153,12.03987488,135.2176581305729,181.22536,0.09120999999999993,0.1140124999999999,1
K00877.03,20.84054570835431,20.83762895,135.29485813057286,132.08488,0.08900249999999994,0.0988916666666666,1
K00121.01,8.81021404028939,8.8111022,127.71909275738795,136.4568,0.16894333333333328,0.2111791666666666,0
K00878.01,23.59098750796063,23.58917143,150.18694515143014,173.81994,0.1691,0.211375,1
K00123.01,6.481346134144086,6.481633073,123.00673470104765,122.977657,0.14189999999999992,0.1576666666666666,1
K00123.02,21.2232261012043,21.22261195,137.55835865938099,137.57403,0.24409874999999998,0.2712208333333333,1
K00892.01,10.371994444414739,10.37168928,141.4836614054796,172.61729,0.11381249999999998,0.1264583333333333,1
K00892.02,4.148651655247331,3.96996298,133.20249057214627,137.75447,0.06858249999999985,0.0489874999999999,1
K00893.01,4.4083421431484915,4.40841331,172.1982611884788,172.18582,0.16706666666666664,0.2088333333333333,1
K00894.01,7.9430859020902105,7.9426176,134.7655880684933,174.52563,0.2234333333333333,0.2792916666666666,0
K00882.01,1.9568128252808812,1.956811408,131.55781544802477,170.694208,0.06404416666666662,0.0914916666666666,0
K00884.01,9.439945371055575,9.439459486,139.38517270658738,177.186096,0.1207458333333333,0.1207458333333333,1
K00884.02,18.878552556669355,20.47748843,148.8795852065874,178.66786,0.13000166666666663,0.1181833333333333,1
K00884.03,3.3361246742130137,3.336123113,131.98251103992072,135.31623,0.0817333333333333,0.0817333333333333,1
K00122.01,11.524460552955174,11.523067458,131.87591902534356,131.969055,0.14533875,0.1614875,1
K00886.01,8.010942530846798,8.01078456,138.14468555733558,170.20739,0.13486666666666663,0.0963333333333333,1
K00886.02,12.06684186919408,12.07134205,131.77328055733557,143.45948,0.09004999999999996,0.1800999999999999,1
K00886.03,20.996124978726062,20.99587872,152.30423347400222,152.31554,0.1097208333333333,0.1097208333333333,1
K00887.01,7.41142421876541,7.41113177,138.26957160980658,175.34754,0.0946574999999999,0.1051749999999999,1
K00888.01,1.000745261604792,1.000747038,131.94796999330666,169.974229,0.0415291666666666,0.0415291666666666,0
K00889.01,8.884625518584423,8.884922995,134.4754594375893,169.991686,0.12075233333333324,0.0862516666666666,1
K00890.01,8.099448465342594,8.09888906,136.08303166280194,176.623731,0.24514058333333325,0.1751004166666666,1
K00891.01,10.006807762272704,10.00653012,136.9236486972244,176.96898,0.17813333333333328,0.2226666666666666,1
K00012.01,18.44012942769028,17.855221681,124.18335635065493,146.596466,0.33975654166666663,0.3088695833333333,1
K00903.01,5.007240561687972,5.007316661,133.38303263968305,173.433997,0.17650833333333332,0.1765083333333333,1
K00904.01,2.211137929657296,2.211116989,132.5533401032343,170.150139,0.0686875,0.0686875,1
K00904.02,27.972674467131444,27.9541337,150.39043281156762,178.73791,0.13166666666666665,0.1645833333333333,1
K00904.03,42.137336277074255,42.1406089,139.05250781156764,139.0604,0.2965083333333332,0.2117916666666666,1
K00904.04,4.422226941560847,4.617490562,132.56351906156763,135.04909,0.06596916666666662,0.0942416666666666,1
K00904.05,9.23501138634542,10.19849255,135.04387739490096,137.92067,0.07082541666666663,0.1011791666666666,1
K00124.01,12.691888530606544,12.69104387,124.39004648235685,137.12594,0.14147625,0.1571958333333333,1
K00124.02,31.72247190936819,31.71981013,142.75634648235683,142.82083,0.2007916666666666,0.2007916666666666,1
K00895.01,4.409561005943831,4.409409243,132.1850465605175,171.89433,0.11268833333333333,0.1609833333333333,0
K00896.01,16.24185244977847,16.23947096,142.99360780961584,175.569907,0.21869249999999987,0.1682249999999999,1
K00896.02,6.308038769957989,6.308201629,136.21579947628248,174.047661,0.11169374999999994,0.1241041666666666,1
K00897.01,2.0523441042182524,2.052349884,132.94894213747114,169.890622,0.09523249999999989,0.0865749999999999,1
K00898.01,9.770992633616988,9.7704486,136.58997605521074,175.71372,0.11236958333333327,0.1021541666666666,1
K00898.02,4.88519869180693,5.169804269,131.74615563854408,172.63153,0.0897083333333333,0.0897083333333333,1
K00898.03,20.088056746638177,20.09017037,148.04237230521076,147.97788,0.1730833333333333,0.1730833333333333,1
K00899.01,7.113478382319994,7.11373257,131.6661197869701,174.32351,0.0906833333333333,0.0906833333333333,1
K00899.02,3.306537482263354,3.306551643,134.37483562030346,134.37211,0.06816375,0.0757375,1
K00899.03,15.367940208520773,15.36845737,132.04227937030345,147.38965,0.102975,0.102975,1
K00900.01,13.810833373986295,13.81020318,144.67647754462337,172.33533,0.1143,0.127,1
K00911.01,4.093666388066166,4.093578461,134.15486618373765,171.00954,0.07534624999999999,0.1076375,1
K00911.02,94.6313631,105.145959,204.98251555873765,178.367,0.1790208333333333,0.3580416666666666,1
K00912.01,10.847932052882225,10.8484518,139.29144380180588,171.80584,0.12497083333333328,0.1249708333333333,1
K00912.02,7.232300464261098,6.66833241,135.6412281768059,137.43988,0.11170833333333322,0.0797916666666666,1
K00913.01,4.082253731100046,4.082274889,132.89897966093943,169.6375652,0.14804854166666662,0.1345895833333333,1
K00905.01,5.795308674600009,5.795063956,132.1009623699463,172.697467,0.10832,0.1354,0
K00906.01,7.157056875394158,7.15681552,138.32802363575374,174.13511,0.09705749999999995,0.1078416666666666,1
K00906.02,17.648952940603067,17.64830851,133.5214565524204,133.54533,0.07827374999999998,0.0869708333333333,1
K00906.03,4.294123663326926,4.14810719,132.6267740524204,133.3881,0.0950625,0.105625,1
K00907.01,16.514469187336815,16.51410989,143.07501203039777,176.11686,0.15590624999999994,0.1732291666666666,1
K00907.02,30.13773180751258,30.1329298,160.11959015539776,190.38336,0.2154999999999999,0.2154999999999999,1
K00907.03,4.790920333264655,4.79090809,131.51490315546644,136.31106,0.09761249999999996,0.1084583333333333,1
K00907.04,90.38264927466147,99.6415962,190.5128318220644,198.68664,0.2594666666666666,0.1853333333333333,1
K00908.01,4.708469759701691,4.708326451,133.75755708614423,171.446507,0.1712284166666666,0.1317141666666666,1
K00909.01,16.372251550324307,16.37198661,140.01065848222072,172.75926,0.1121429166666666,0.1602041666666666,0
K00910.01,5.392089734877506,5.392026903,133.97778058542576,171.72707,0.11176499999999998,0.1241833333333333,1
K00929.01,6.491986236043114,6.491682808,174.5950286190063,174.633553,0.21504999999999996,0.1792083333333333,1
K00929.02,2.8519055372414353,2.85188338,172.07034320233964,132.1455,0.09997499999999997,0.1110833333333333,1
K00930.01,3.04466332206801,3.044770796,132.47172306711886,172.01916,0.25033500000000003,0.417225,0
K00931.01,3.855527845372366,3.855603916,132.1353969378044,170.6787843,0.16089499999999995,0.1340791666666666,1
K00932.01,3.8555049533865873,3.855599139,132.14189735203445,170.67957,0.1061,0.132625,0
K00125.01,39.142705143641585,38.47876629,168.08545404089458,151.852812,0.2100704166666666,0.2100704166666666,1
K00915.01,37.60251481430959,37.601661282,172.70726217705695,194.713383,0.3114765,0.346085,0
K00916.01,3.3149103561432987,3.314947362,131.54216871275725,171.313058,0.06002333333333328,0.0750291666666666,1
K00917.01,6.719369868204557,6.71969089,133.07987708743985,173.35776,0.10076999999999992,0.1259624999999999,0
K00918.01,36.04843514106392,39.6431552,141.67381558388553,206.596798,0.136025,0.27205,1
K00918.02,5.194533694170429,5.71489488,135.42081683388554,134.87432,0.04313541666666665,0.0862708333333333,0
K00919.01,51.40885188902651,51.42598578,156.46677712172573,173.535933,0.4235549999999999,0.7059249999999999,0
K00920.01,21.80760688346381,21.80451611,146.79197410769956,190.49737,0.19889916666666665,0.1420708333333333,1
K00921.01,10.28190605981269,10.28194593,134.218572112686,175.33988,0.12887249999999995,0.1431916666666666,1
K00921.02,18.11738525972635,18.11993039,146.46142961268598,182.61535,0.2115449999999999,0.1762874999999999,1
K00921.03,3.427329697633379,3.78402867,134.209577112686,133.28133,0.11090333333333324,0.0792166666666666,1
K00922.01,5.154664474599687,5.15448142,135.52687999688513,171.6389,0.1076,0.1345,1
K00126.01,30.943987425789516,33.80364366,133.43123353000286,202.259731,0.23919374999999996,0.4783874999999999,0
K00923.01,5.743692690141092,5.743469797,134.66671662706742,174.898924,0.129045,0.1433833333333333,1
K00925.01,19.977704017585015,19.974485239,143.6256185210768,171.6300909,0.22938445833333326,0.1764495833333333,0
K00926.01,3.1663590842605154,3.166353562,170.96628567283227,170.966145,0.1242337499999999,0.1380374999999999,1
K00927.01,23.900173925847884,23.899634407,141.17044800517044,188.982797,0.17502879166666663,0.1591170833333333,0
K00939.01,3.388042639023061,3.388012244,133.25733047790004,170.5336,0.10068374999999997,0.1118708333333333,1
K00939.02,5.83896890247354,5.83909761,132.11055172790006,132.09261,0.11968124999999993,0.1329791666666666,1
K00939.03,1.620468866637175,1.620467654,132.06390547790005,132.06388,0.08208,0.0912,1
K00939.04,10.68160492598764,10.6816951,131.5647183945667,131.55082,0.10514583333333331,0.1502083333333333,1
K00940.01,6.104539715711593,6.104849417,132.9778720928149,169.573477,0.17591999999999994,0.1954666666666666,1
K00127.01,3.5787678371353335,3.578780566,134.03518962588348,134.0304187,0.13341579166666662,0.1212870833333333,1
K00933.01,3.186989694027279,3.187067566,171.66887161237227,171.64976,0.07797499999999996,0.1299583333333333,0
K00934.01,5.826546326837076,5.826657508,132.2359057472738,173.011411,0.10943624999999998,0.1215958333333333,1
K00934.02,11.654172759322805,12.41216347,132.16673553894046,142.54039,0.14021249999999996,0.1557916666666666,1
K00934.03,17.47847148478479,18.74649011,132.29141053894045,147.13074,0.14606249999999996,0.1622916666666666,1
K00935.01,20.86333395079921,20.86021229,138.17731542495548,180.017757,0.3029658333333332,0.2164041666666666,1
K00935.02,41.719706777280805,42.63427848,159.16575834162214,141.16954,0.20665999999999993,0.2583249999999999,1
K00935.03,83.45203501390485,87.6476068,138.20227959162216,134.94222,0.25873749999999995,0.369625,1
K00936.01,9.467300894158539,9.467821474,140.57956767970452,178.415842,0.1013625,0.1013625,1
K00936.02,0.8930386968236554,0.893040969,131.86271142970452,134.540342,0.045754166666666596,0.0457541666666666,1
K00128.01,4.942819717028017,4.942783419,136.32417277013852,136.3294353,0.14911691666666663,0.1355608333333333,1
K00937.01,20.837858088971778,20.83426731,134.7905870510846,176.58569,0.23598166666666662,0.1685583333333333,1
K00938.01,9.946622835359687,9.94602357,131.87171431677584,171.70192,0.1410916666666666,0.1410916666666666,1
K00938.02,1.045612944648801,1.04562195,131.83179619177585,133.91912,0.0789791666666666,0.0789791666666666,1
K00938.03,5.714608776396172,5.71462396,132.6409972334425,132.63866,0.08759999999999997,0.0973333333333333,1
K00145.01,102.7750004522854,102.9641952,158.4664810311888,158.07473,0.5245,0.6556249999999999,0
K01102.02,8.145361695373346,8.14515981,132.4110175115501,140.56811,0.1479625,0.211375,1
K01102.03,18.998021998171584,18.9985279,144.7599987615501,144.74157,0.11322499999999998,0.1887083333333333,1
K01102.04,4.07263663195902,4.24439049,132.4220612615501,137.06643,0.1504249999999999,0.1367499999999999,1
K01102.01,12.332825885785162,12.33343853,137.6170300115501,137.58782,0.15552499999999997,0.2592083333333333,1
K00150.02,28.576718576171587,28.5742692,143.7760537494234,143.8315,0.22654041666666663,0.2059458333333333,1
K00150.01,8.409191345056103,8.408878137,133.9815237494234,134.006366,0.1456958333333333,0.1456958333333333,1
K01170.01,7.34387915860815,7.34373964,137.28355060442925,137.29874,0.0490999999999999,0.0490999999999999,1
K01171.01,0.4452754093861478,0.445277068,131.74772608747656,133.52312,0.07372916666666665,0.1474583333333333,0
K00966.01,0.37946356980185153,0.379463865,131.54341522807277,170.2480164,0.03258599999999994,0.0362066666666666,0
K00966.02,7.589319482246158,7.76967007,138.3856395614061,133.0900444,0.09875,0.1975,0
K00967.01,9.880700588959527,9.88047978,139.3504811652297,173.608672,0.0580120833333333,0.1160241666666666,0
K00968.01,4.64877948454748,4.6484156,123.16476206769387,261.09395,0.79570625,1.5914125,0
K00969.01,17.512696334369338,17.512014768,121.71040786017507,174.282592,0.0760333333333333,0.0760333333333333,0
K01044.01,0.5251543080583583,0.525154153,131.64176009654634,133.744359,0.06253624999999993,0.0893374999999999,0
K01045.01,1.30384832051797,1.303861044,131.6133528564225,134.212059,0.11824458333333329,0.1689208333333333,0
K01046.01,0.7346892070866535,0.73452496,120.88795741548286,133.43108,0.3908333333333333,0.2791666666666667,0
K01047.01,2.5555284896789594,2.55549176,131.9282647842534,134.50078,0.22707499999999997,0.3784583333333333,0
K00014.01,2.947359850066447,2.947376671,121.4277020134705,171.522978,0.06970333333333328,0.0871291666666666,0
K00139.01,219.02074465701165,224.7789355,174.71675139617153,142.095338,0.6527441666666667,0.4662458333333333,1
K00139.02,3.3417627499409805,3.341799486,121.31299764617154,141.35472,0.10970249999999995,0.1218916666666666,1
K01104.01,0.8901073299643997,0.890110752,132.38089883650412,133.2647,0.05118166666666661,0.0365583333333333,0
K01105.01,5.765869086086837,5.76573396,133.29725570965903,133.30941,0.09746666666666663,0.1218333333333333,0
K01106.01,7.426035950132905,7.42608123,132.47503956224782,139.90039,0.13642124999999994,0.1515791666666666,1
K01106.02,14.853169886863684,15.9868932,132.42207435391447,137.5964,0.121275,0.17325,1
K01107.01,0.730951468770516,0.73094589,132.21471605989314,133.68876,0.126,0.18,0
K01108.01,18.9226893649406,18.92537246,149.6046827538632,149.49558,0.18257708333333325,0.1659791666666666,1
K01108.02,1.4753189145732633,1.475323222,131.83615879552985,131.83272,0.08683124999999994,0.0964791666666666,1
K01108.03,4.1525629121284995,4.15246118,134.55526296219654,134.57991,0.0965812499999999,0.1073124999999999,1
K01172.01,0.9337545122944388,0.933749106,121.23926659433118,134.31831,0.19506666666666664,0.1773333333333333,0
K01173.01,2.03744602281537,2.037440623,131.56924020303154,133.59962,0.11473333333333328,0.1434166666666666,0
K01175.01,31.604682682529134,31.5925809,142.83772625645648,142.9649,0.45220000000000005,0.56525,1
K01175.02,17.155133844553816,17.157236,133.7502970897898,133.68951,0.32911666666666667,0.4701666666666667,1
K01175.03,103.65601323212407,93.881556,220.3179470897898,131.5771,0.43008333333333326,0.8601666666666665,0
K01176.01,1.9737596556802044,1.97376085,170.79639061406334,178.6894194,0.08366508333333325,0.0760591666666666,1
K00972.01,13.117438693020267,13.118962443,130.42185513514244,261.539434,0.1793541666666666,0.1793541666666666,1
K00133.01,4.618471713278318,4.618767792,133.42279889496857,133.386535,0.24982083333333327,0.2498208333333333,0
K00975.01,2.7858670440407303,2.785821236,121.53333592282776,260.83731,0.13349624999999993,0.1483291666666666,1
K00976.01,52.56976597714366,52.56901867,132.3951728440299,184.971267,0.25315124999999994,0.2812791666666666,0
K01048.01,3.4117907128364533,3.411758679,133.17648050234337,133.18086,0.07894999999999999,0.1315833333333333,0
K01049.01,0.5254259178185698,0.525426427,131.6137206445945,133.187901,0.0450041666666666,0.0450041666666666,0
K01050.01,1.2690878688015033,1.269091415,132.0766205316242,133.343682,0.0610291666666666,0.0610291666666666,1
K01050.02,2.853140508157881,2.853133997,133.79200698995754,133.79678,0.05493749999999994,0.0610416666666666,1
K01051.01,6.796514257432222,6.79685353,138.1498912070762,138.11324,0.11888249999999995,0.1320916666666666,1
K00146.01,8.66805021163549,8.667822346,137.3258525945925,137.341841,0.18621749999999998,0.2069083333333333,0
K01109.01,7.330062587685476,6.7210783,138.24213194923422,134.7775984,0.24866666666666665,0.3108333333333333,0
K01110.01,8.73433071776138,8.7348852,135.12361382761418,135.0818,0.16837499999999997,0.1870833333333333,1
K01111.01,10.26563849338544,10.26547688,136.48987958739332,136.49663,0.13998749999999993,0.1555416666666666,0
K01177.01,3.305533369083856,3.305577989,170.77494427124086,180.68154,0.07555041666666662,0.1079291666666666,0
K01178.01,4.800201548334788,4.800653901,134.432023846585,134.365782,0.2637220833333333,0.3767458333333333,0
K01179.01,15.067658437023814,15.06649901,140.59497244831965,140.654788,0.17466458333333332,0.2495208333333333,0
K01180.01,34.79279188105915,34.82008158,139.09992608512047,163.015559,0.6516474999999998,0.4654624999999999,0
K01181.01,0.6517846363072198,0.651784374,131.80628101598566,133.111707,0.05874458333333332,0.0839208333333333,0
K00977.01,1.353791657044704,1.353771892,120.62640297096237,261.43662,0.1460833333333333,0.2921666666666666,0
K00978.01,18.94741149510668,18.95491633,129.98628996406072,262.46677,0.5051874999999999,1.0103749999999998,0
K00979.01,4.348861549152346,4.348866254,123.56548887455389,262.72768,0.09565791666666662,0.1366541666666666,0
K00980.01,46.32264742030676,47.93094546,153.85717260604503,179.096467,0.15689916666666662,0.1120708333333333,0
K00981.01,4.34335583841642,3.99751422,122.1367975940184,261.7243,0.18429999999999996,0.1535833333333333,0
K00982.01,1.5926559993605998,1.592633181,132.32354961562598,133.9243804,0.20851874999999997,0.2316875,0
K00134.01,66.93034564308266,67.5923754,163.38490965105365,151.75056,0.3572625,0.510375,1
K01052.01,17.02740413715407,17.02902786,143.4056704198843,143.33395,0.1935416666666666,0.1935416666666666,1
K01052.02,6.84583908855298,6.84619236,132.21833500321765,132.17265,0.11763333333333328,0.1470416666666666,1
K01052.03,68.58149822687052,67.8321638,187.78590583655097,125.881,0.24526666666666666,0.3065833333333333,1
K01052.04,43.139209121602,43.1312147,166.07758500321762,166.26105,0.15989999999999988,0.1332499999999999,1
K01053.01,1.2248691422406162,1.224866441,131.98595542284056,133.20824,0.0711916666666666,0.0711916666666666,1
K01112.01,37.82181479965982,37.8102649,158.16656589014897,158.35799,0.2911,0.363875,1
K01113.01,25.93599110495917,25.93406406,149.70021766075342,149.76273,0.17303249999999998,0.1922583333333333,1
K01113.02,90.79367339752243,83.4463485,149.59551266075343,158.68061,0.38126666666666664,0.2723333333333333,1
K01114.01,7.047165359377231,7.04710032,132.7440481818511,139.79737,0.08534166666666662,0.1219166666666666,0
K01115.01,12.993899528831761,12.99204853,136.22631824992698,136.32016,0.22565624999999995,0.2507291666666666,1
K01182.01,11.115216101959767,11.11620211,133.17038693657048,133.100575,0.15791249999999996,0.1754583333333333,0
K01183.01,1.9228779981803945,1.922861499,132.73349833523696,134.658644,0.1042241666666666,0.1488916666666666,0
K01184.01,0.6354450768160412,0.635445336,131.64469366780085,134.184037,0.054226666666666624,0.0774666666666666,0
K01185.01,1.6657885667000585,1.665784138,121.3688039338014,133.863028,0.05525916666666662,0.0789416666666666,0
K01186.01,55.54443352570542,55.6639167,158.88456758801559,156.35017,0.9810833333333333,0.9810833333333332,0
K00152.01,54.805491381106506,52.09081627,133.61740137993286,158.744665,0.251965,0.35995,1
K00152.02,27.400725100066822,27.40229859,133.6663065882662,133.6284,0.2568412499999999,0.2853791666666666,1
K00152.03,13.486040229583395,13.48457668,136.55230929659953,136.61808,0.18823874999999995,0.2091541666666666,1
K00152.04,82.19832092381468,81.0637895,133.71867929659953,139.53492,0.17505833333333323,0.1250416666666666,1
K00983.01,7.154917115532109,7.1548608,122.38227621935889,266.04847,0.19234999999999997,0.3205833333333333,0
K00983.02,5.503813058906539,5.177577252,123.49667642769221,132.9009561,0.15485625,0.1032375,0
K00984.01,4.28735311625028,4.28746668,120.5981612717306,262.06245,0.09154249999999987,0.0653874999999999,1
K00985.01,2.002776317619164,2.002779769,131.77665635147443,261.95791,0.08366249999999997,0.0929583333333333,0
K00986.01,8.187676786598212,8.18739443,138.03232329874746,260.86931,0.11426999999999993,0.1269666666666666,1
K00986.02,68.77438084073624,76.0498163,154.35853496541415,161.71445,0.17895,0.29825,1
K01054.01,3.6364156762233018,3.3226948,121.07453442876587,134.444,0.16353333333333328,0.1486666666666666,0
K01055.01,36.98607864141338,36.97708808,160.4971941230874,133.62681,0.276325,0.197375,0
K01056.01,1.851491470571586,1.851409163,121.26377764483227,133.17995,0.5968666666666667,0.4263333333333333,0
K01057.01,1.303858178901681,1.303859704,121.16812865515756,134.21201,0.1176625,0.1176625,0
K00147.01,132.3833889474709,145.5624926,143.57859079327932,146.0588,0.18042,0.225525,0
K01116.01,3.7491325499740342,3.749105745,135.10611841403352,135.10837,0.07434749999999997,0.0826083333333333,1
K01117.01,11.090411533322497,11.08956602,130.62578054456904,141.76142,0.23578875,0.2619875,1
K01119.01,7.245063889793788,7.24476126,124.58938035355933,139.10497,0.10608124999999988,0.0964374999999999,0
K01119.02,13.555449770288622,13.55480534,126.23040535355933,139.81609,0.08579999999999996,0.0953333333333333,0
K01194.01,8.708517198898397,8.70798309,354.3165277863225,363.05638,0.11414333333333326,0.1037666666666666,1
K01194.03,4.353906625030295,4.17634276,354.3572715363225,352.99674,0.09729166666666661,0.0972916666666666,1
K00987.01,3.1792494965285907,3.179267286,121.95825923716876,261.841607,0.0426916666666666,0.0426916666666666,1
K00988.01,10.381020471779602,10.38122447,133.08508289916884,268.02421,0.10181249999999992,0.1131249999999999,1
K00988.02,24.5730527059097,24.5709023,135.81704539916882,135.87209,0.1494583333333333,0.1494583333333333,1
K00989.01,73.53219381316906,81.221876,151.62511981771934,184.26164,0.08569791666666665,0.1713958333333333,0
K00989.02,0.8170219614240503,0.817026268,132.0231275260527,132.835239,0.08666249999999989,0.0866624999999999,0
K00989.04,4.085217434179509,4.08029328,134.45240502605267,131.7047,0.08266708333333331,0.1180958333333333,0
K00135.01,3.0240499568491477,3.024092505,132.42324458246924,132.4168573,0.14010499999999992,0.1167541666666666,1
K01058.01,5.670202291649358,5.670155713,136.19681494248263,136.201739,0.023402499999999958,0.0390041666666666,0
K01059.01,1.0226799881021849,1.022678654,132.43194650044734,133.45422,0.0571333333333333,0.0571333333333333,1
K01060.01,12.111241001704567,12.10968709,140.1192725860173,140.21258,0.21153666666666665,0.2644208333333333,1
K01060.02,4.758083168622488,4.75796103,132.92008279435066,137.69636,0.17474999999999993,0.1941666666666666,1
K01060.03,20.499708015305636,20.4972755,147.3573244610173,147.43894,0.2489666666666666,0.3556666666666666,1
K01060.04,8.193756951513874,8.19345065,138.97082446101732,138.99617,0.19627499999999995,0.2180833333333333,1
K01120.01,29.71462456254766,29.74454668,127.66943827316229,172.386652,0.77614,0.970175,0
K01121.01,13.644399734729845,14.15402428,129.9169048168927,140.698466,0.26075058333333323,0.1862504166666666,0
K01122.01,0.84477910919179,0.844786082,131.6883911651484,134.216987,0.10292624999999998,0.1470375,0
K01123.01,0.8484861240382572,0.848483947,131.88571839288332,133.585301,0.042148750000000006,0.0602125,0
K01124.01,11.990538955261087,11.99097576,139.63196598412836,143.28437,0.19133666666666665,0.2391708333333333,0
K01199.01,53.53820949447969,53.5292702,147.7724920728668,147.86464,0.21254999999999996,0.2361666666666666,1
K01200.01,0.39372681147458244,0.393726813,131.73361737563158,133.310396,0.0614583333333333,0.1229166666666666,0
K01201.01,2.7575763838860814,2.757584622,133.05119096169702,133.05017,0.046334999999999876,0.0386124999999999,1
K01202.01,0.9283168340978165,0.928310036,131.93895354487069,133.80358,0.05453708333333326,0.0495791666666666,1
K01203.01,31.87190321641817,31.8841473,160.37510384273455,160.20696,0.3316083333333333,0.2550833333333333,1
K01203.02,14.126992114843029,14.12847677,142.94360175940122,142.8971,0.16889583333333327,0.1535416666666666,1
K01203.03,49.45277915729869,48.6478543,156.97694134273456,172.1271,0.15936666666666663,0.2276666666666666,1
K00990.01,60.922925163,67.69213907,138.61791291839927,138.534171,1.2837249999999996,2.1395416666666662,0
K00991.01,12.062342256851013,12.06222962,126.15630046305799,138.22229,0.07718999999999994,0.0857666666666666,1
K00992.01,9.931675019091141,9.93146307,136.46908494032797,136.49128,0.21292499999999998,0.2365833333333333,1
K00993.01,21.851016462407685,21.85362905,144.40179421841373,144.32031,0.20060833333333325,0.1432916666666666,1
K00993.02,13.06051808703694,13.0607936,137.64800046841373,137.63148,0.12056249999999996,0.1339583333333333,1
K00140.01,19.981687405932163,19.97867,137.06200797826787,137.17061,0.2965666666666666,0.4236666666666666,0
K01061.01,41.819968754978575,41.8059544,142.57919659631042,142.81919,0.35332500000000006,0.252375,1
K01062.01,15.45049023648246,15.45158184,126.80928009270632,142.21096,0.12030000000000002,0.10025,0
K01063.01,88.47052004093145,89.698168533,178.5940136042516,176.3060152,0.3001808333333333,0.2309083333333333,0
K01064.01,1.1873537182943983,1.187352427,132.27298695619655,133.465454,0.1041458333333333,0.2082916666666666,0
K00015.01,3.0124195200138026,3.012476582,123.22313424547352,135.259271,0.1309333333333333,0.1309333333333333,0
K00148.01,4.777930306444611,4.77800306,124.07269995431515,124.061465,0.10260374999999994,0.1140041666666666,1
K00148.02,9.673349953196352,9.673958488,125.38031912098182,125.339418,0.14960458333333326,0.1360041666666666,1
K00148.03,38.68868717418791,42.89645024,125.46964412098183,146.0613,0.21336374999999996,0.2370708333333333,1
K01125.01,7.814629070310754,7.814839231,357.53665106908016,357.519981,0.10040666666666664,0.1255083333333333,0
K01126.01,29.77891491363431,29.7452499,156.0982615467289,157.38519,0.5673750000000001,0.945625,0
K01126.02,473.68813485660615,475.91706,457.0765115467289,588.8926,0.66675,0.9525,0
K01127.01,5.326430239471256,5.32667299,357.15614947205887,357.12617,0.11348333333333327,0.1418541666666666,1
K01127.02,7.98973633032699,8.1280933,359.81211926372555,358.68367,0.12423333333333328,0.1552916666666666,1
K01187.01,0.7410585823003748,0.741057213,131.94475846765948,131.947273,0.03509966666666664,0.0438745833333333,0
K01188.01,2.9880402487246562,2.988085455,133.28339185334997,133.27252,0.09199999999999997,0.1533333333333333,0
K01189.01,2.783878619640249,2.783883492,133.23048334515377,133.227846,0.0715925,0.102275,0
K01190.01,0.3937272795788455,0.393727296,169.92298600683378,178.587454,0.06291666666666665,0.1258333333333333,0
K01191.01,8.172137322753182,8.17242644,353.0553316414193,361.20157,0.1138083333333333,0.1625833333333333,1
K00995.01,25.949699353740673,25.9518461,154.93314847199483,154.88212,0.3037708333333333,0.6075416666666666,0
K00996.01,25.935506151302178,25.9518536,155.30485675227806,154.88278,0.8607083333333333,0.6147916666666666,0
K00997.01,5.685226908326428,5.68628739,133.19676823333913,135.89269,0.5125458333333334,0.7322083333333333,0
K00136.01,15.662937923072253,15.663886949,131.77566131449743,147.395712,0.09290624999999993,0.1032291666666666,0
K01065.01,4.020461263435354,4.020628573,131.64982787013588,133.638478,0.16531875,0.1836875,0
K01067.01,196.09088783428146,185.02288222,181.71671003784044,273.185533,0.14213675,0.2030525,0
K01068.01,2.8974970879047133,2.897432135,444.94736790962656,450.75739,0.09272958333333331,0.1324708333333333,0
K01069.01,8.704518675240289,8.70420525,357.5394672261215,357.55941,0.1224374999999999,0.1224374999999999,1
K01069.02,2.4669494547405812,2.46697039,352.46860160112146,354.93093,0.061293749999999945,0.0681041666666666,1
K01128.01,0.9748671587997086,0.974868896,121.37903652379194,133.076265,0.06071625,0.0674625,1
K01129.01,4.897317970559959,4.89721006,133.38511077475394,133.39852,0.06795,0.0755,1
K01130.01,2.7577578399472578,2.757794163,133.8625936011034,135.232863,0.08062833333333332,0.1151833333333333,0
K01132.01,1.9141553190580074,1.914158508,132.73233819495232,134.644919,0.09600791666666662,0.1371541666666666,0
K01132.02,0.9570843292161527,0.9570701,131.76947861161898,131.7767386,0.11458333333333331,0.1145833333333333,0
K01196.01,3.982101163913913,3.98216698,131.5624076912025,135.52749,0.08984999999999997,0.0998333333333333,0
K01196.02,11.945921548028183,11.63486009,131.58081602453584,140.50071,0.113875,0.22775,1
K01196.03,31.850661307937248,33.1981761,159.5506618578692,142.09873,0.2746916666666666,0.1962083333333333,1
K01197.01,0.6437945721905783,0.643794198,132.05415175232977,133.984483,0.04568083333333331,0.0652583333333333,0
K01198.01,16.085222990024214,16.08832318,139.63143707431334,139.49184,0.3104291666666666,0.2387916666666666,1
K01198.02,10.726850963930946,10.30067919,134.03643707431334,142.74251,0.2035416666666666,0.2035416666666666,1
K01198.03,32.18276604813876,35.6757453,155.42388499097999,145.00717,0.24603333333333327,0.3075416666666666,1
K00998.01,161.7313529394012,161.78832712,231.10752569157393,214.039,0.30974999999999986,0.2212499999999999,0
K00999.01,16.570554296637923,16.56806842,146.03920340373864,146.15285,0.23100458333333332,0.1776958333333333,1
K00999.02,49.69195845031346,47.3329299,146.28809402873864,151.41614,0.15796666666666662,0.1128333333333333,1
K01000.01,0.8568978038850549,0.856895349,120.82127093159315,133.67521,0.059940833333333256,0.0544916666666666,0
K01001.01,40.80344273752555,40.8065333,155.77786908893154,155.71586,0.4378333333333333,0.5472916666666666,1
K01001.02,149.64588218186157,140.10765,237.24419408893152,216.21749,0.3854791666666667,0.7709583333333333,1
K01070.01,6.618748418302311,6.61836309,353.7164188646195,360.36694,0.13804874999999991,0.1533874999999999,1
K01070.02,105.920961433797,107.7214092,386.65955719795284,354.19522,0.3015749999999999,0.3350833333333333,1
K01133.01,5.252232405624813,5.251916208,357.28636054436225,357.321883,0.18410625000000003,0.2045625,0
K01134.01,107.73076107646078,100.3039228,204.21090986118108,277.0607,0.18129166666666666,0.3625833333333333,0
K01134.02,200.51756655672463,200.61103346,356.77945152784775,456.84444,0.38620833333333326,0.2970833333333333,0
K01135.01,0.9866258337901712,0.986620248,443.65899267836943,448.5959,0.09930499999999998,0.1655083333333333,0
K01136.01,1.6348486252918428,1.63484631,121.4295733583248,134.512115,0.15274999999999994,0.2545833333333333,0
K01204.01,8.39744323279512,8.39842977,136.38964194143242,136.31152,0.2907666666666666,0.2643333333333333,1
K01205.01,8.638420660179298,8.63847391,139.94725169780642,139.94684,0.20462249999999998,0.2273583333333333,1
K01002.01,3.481617911546312,3.4815917,132.98081299107946,132.98828,0.0752875,0.0752875,1
K01004.01,1.8385452123764305,1.838514968,352.7105679802267,352.72266,0.12554208333333325,0.1141291666666666,0
K01005.01,35.64318075970191,35.61760233,196.52512277432652,197.03573,0.49326083333333315,0.3523291666666666,1
K01071.01,1.0920659305257865,1.09206833,132.10478258136678,133.19403,0.0774833333333333,0.0774833333333333,0
K01072.01,10.12828100393404,10.12805158,139.10323104241647,139.1159,0.13188749999999994,0.1465416666666666,1
K01073.01,1.6130143420550835,1.613001111,170.45826639928697,178.52846,0.09975,0.09975,0
K01074.01,3.77062755378075,3.770551475,353.3335242743398,357.11836,0.12692333333333328,0.1586541666666666,1
K01075.01,1.3437674992151072,1.343767797,121.18115528293575,133.275862,0.06468333333333329,0.0808541666666666,0
K01076.01,29.137824975089483,29.12436474,155.94984709736184,142.16154,0.21380624999999986,0.1425374999999999,0
K01138.01,31.822989204989454,31.82814583,366.7997230825004,366.704854,0.1215416666666666,0.1215416666666666,0
K01139.01,3.629463912282146,3.629442796,134.7023059833749,134.70066,0.16420833333333332,0.2345833333333333,0
K01140.01,0.5532621034808453,0.553261874,120.72134592818708,133.446605,0.033281249999999936,0.0369791666666666,0
K01141.01,5.727973342690954,5.72812616,135.199767866563,135.18066,0.07610625,0.0845625,1
K01142.01,3.7558174645283136,3.75574267,133.4217996975088,133.4333,0.08591625000000001,0.0954625,1
K01143.01,7.440447901800129,7.44042933,134.7646898578772,134.76331,0.0872375,0.124625,0
K00941.01,6.581221877238128,6.581477136,135.32236145061867,174.787814,0.11585999999999998,0.1287333333333333,1
K00941.02,2.1938372076133694,2.382652873,133.105529783952,170.66626,0.11804999999999985,0.0786999999999999,1
K00941.03,24.66175612466613,24.66461416,139.75213311728533,189.02031,0.16671083333333325,0.1190791666666666,1
K00129.01,26.77591152815319,24.669192732,143.65183546885748,132.864236,0.4103837499999998,0.2931312499999999,1
K00942.01,11.51566064778645,11.51517167,140.28469473117428,174.85855,0.0835833333333333,0.0835833333333333,1
K00137.01,7.009673559639264,7.641567589,122.97538621947574,135.407564,0.08525449999999998,0.1420908333333333,1
K00137.02,14.019353369738,14.85890852,122.97679176114241,128.154869,0.08812999999999999,0.1468833333333333,1
K00137.03,3.5047085089034073,3.504691252,122.99839426114241,133.511941,0.0825458333333333,0.0825458333333333,1
K01006.01,30.60024371647703,30.6113932,374.806841128303,374.6216,0.2086,0.149,0
K01007.01,7.40724476773423,7.40742502,355.51275066791743,355.49652,0.1378124999999999,0.1531249999999999,1
K01008.01,547.4677902712417,569.934135,471.8080408997166,248.94045,0.2619,0.1746,0
K01009.01,5.092322979561579,5.09246539,352.4575570494531,357.53594,0.12196666666666664,0.1524583333333333,0
K01010.01,100.28654298737078,110.61576622,201.03352190838388,145.83537,0.2083333333333333,0.2083333333333333,0
K01077.01,1.1039747909602402,1.103971357,353.4738735155317,354.58216,0.042441666666666635,0.0385833333333333,0
K00142.01,11.78969654702892,10.916108342,125.51936454917471,133.009227,0.22809999999999991,0.1520666666666666,1
K00142.02,319.5967129103977,339.42934084,247.35168121584138,187.5194914,0.1875,0.3125,0
K01078.01,3.353744872256998,3.353732008,131.51239512246715,134.869597,0.05474249999999999,0.060825,1
K01078.02,6.87750429869963,6.877446033,132.07928874472415,132.08426,0.051345,0.05705,1
K01078.03,27.51083068424526,28.46464804,152.70395624472417,158.03986,0.06664249999999998,0.1110708333333333,1
K01079.01,0.2936300714667957,0.293630085,131.52638751630516,133.584241,0.0497020833333333,0.0994041666666666,0
K01144.01,2.441969395559426,2.44199803,132.1387414661359,134.57095,0.10346249999999997,0.1149583333333333,0
K01146.01,7.0969997752504765,7.09712124,136.35624982958234,136.34514,0.07019666666666664,0.0877458333333333,1
K01147.01,2.682729162008378,2.6827683,120.85316786866697,134.25535,0.11088749999999997,0.1232083333333333,0
K00943.01,3.601499682101842,3.601465336,132.37056032041173,171.99184,0.08532374999999995,0.0948041666666666,1
K00944.01,3.108206643151333,3.108251172,132.95747844074347,170.244566,0.08349333333333328,0.1043666666666666,0
K00945.01,25.849940707615485,25.8474958,137.11027122156298,188.874,0.1995,0.249375,1
K00945.02,40.71854436083208,40.715561,146.319539971563,146.36485,0.28725,0.28725,1
K00946.01,20.429415595394122,20.42720701,135.79190528007163,176.71737,0.1867125,0.143625,0
K01011.01,6.198096432304811,6.198273591,173.86438509059056,183.3731434,0.18845924999999997,0.31409875,0
K01012.01,1.0234708677980653,1.023471798,352.76958239220363,354.8182,0.06853874999999994,0.0979124999999999,0
K01013.01,0.5187280685975032,0.51872711,131.60102646081754,133.676312,0.036516666666666614,0.0521666666666666,0
K01014.01,17.315776452038552,17.31711739,142.41173170445083,142.36094,0.15759,0.131325,1
K01015.01,9.429392004257387,9.42889884,140.0750617293757,140.1046,0.16680374999999997,0.1853375,1
K01015.02,3.7715676055499694,4.08897299,134.4402192293757,135.76402,0.17924999999999985,0.1493749999999999,1
K01080.01,1.0965821357037844,1.096583368,132.51820462076884,133.61436,0.07945499999999997,0.0882833333333333,0
K01082.01,6.5030351847441255,6.50327035,135.290644248431,135.26657,0.09716249999999996,0.1079583333333333,1
K01082.02,4.096760585078992,4.09667624,133.08160258176434,133.09833,0.09125,0.09125,1
K01082.03,1.1965471988526404,1.196548464,132.53520258176434,132.53363,0.04721999999999994,0.0524666666666666,1
K01148.01,11.47490692827497,11.47609015,135.48659358247477,135.39622,0.18922499999999998,0.21025,1
K01148.02,22.959035806052054,25.2630467,146.62228524914144,134.18397,0.23324999999999996,0.2591666666666666,1
K01149.01,7.858288553793724,7.1688266,134.431374477959,136.23827,0.026874999999999996,0.05375,0
K01150.01,0.6773773817405246,0.677374687,121.07520138764374,133.94573,0.0765041666666666,0.0765041666666666,1
K01151.01,10.435701486742927,10.43547031,124.37626140759001,134.82462,0.12812625,0.1423625,1
K01151.02,7.410775554068092,7.41084314,120.94521703259001,135.75425,0.12168749999999996,0.1352083333333333,1
K01151.03,5.217841206298678,5.24970432,124.37827119925667,135.46911,0.12585833333333324,0.1144166666666666,1
K00947.01,28.59527677103752,28.59914031,132.8148720442596,189.92667,0.21330749999999984,0.1523624999999999,1
K00948.01,24.587699868755568,24.58716355,149.10840311338916,173.70572,0.14939999999999992,0.1659999999999999,1
K00130.01,33.2278301228006,34.193600311,124.06898217437158,155.2966351,0.2255758333333333,0.2255758333333333,0
K00949.01,12.531403368367151,12.53248222,133.2277611317246,170.76535,0.15062999999999993,0.1673666666666666,1
K00951.01,13.198069489311031,13.19720694,131.91160268457006,171.545479,0.1598299999999999,0.1452999999999999,1
K00951.02,30.793479073059515,33.6528474,158.35186768457004,147.8025,0.11554666666666663,0.1650666666666666,1
K01016.01,2.866656384676982,2.866680334,134.07225253335778,134.066374,0.03285333333333331,0.0469333333333333,0
K01017.01,17.444755189407026,17.44486016,141.68001818590494,141.6802,0.14816666666666664,0.1852083333333333,1
K01018.01,8.306964034196477,8.30697421,137.0779056533731,137.08254,0.06899999999999994,0.1149999999999999,0
K01019.01,2.250301325877302,2.49705175,121.90463628835438,135.3072596,0.20529166666666657,0.1579166666666666,0
K01083.01,7.336995738211768,7.33685101,138.57083845943205,138.5829,0.13304999999999995,0.1478333333333333,1
K00143.01,22.6523154054173,22.65117451,140.50579667043476,140.337593,0.23059374999999993,0.1537291666666666,0
K01084.01,1.204274792067639,1.204274435,131.648367557774,134.05838,0.055675,0.055675,0
K01085.01,7.717920128395125,7.71790675,139.15641646197383,139.15725,0.06899999999999994,0.0766666666666666,1
K01086.01,27.66979234742647,27.6652847,144.7509968940792,144.8714,0.276375,0.276375,1
K01087.01,0.9489432784812523,0.948950734,131.52773830832797,134.368152,0.1006125,0.1676875,0
K00149.01,14.557119524401353,14.55730897,145.1004371087666,145.095012,0.3235125,0.3235125,1
K01152.01,4.722211308975678,4.722254104,170.39755845864792,178.243313,0.0718958333333333,0.1437916666666666,0
K01153.01,0.6350678654462321,0.635069939,132.11610185582515,134.0209283,0.060424874999999934,0.0863212499999999,0
K01155.01,0.9337483080383886,0.933746515,131.52068958607705,133.387415,0.19402249999999993,0.2771749999999999,0
K01156.01,1.8724111172441382,1.872421727,132.49829379721967,134.366162,0.050869999999999915,0.0635874999999999,0
K00952.01,5.901365229100628,5.90127815,135.99001658518733,171.40674,0.08242124999999993,0.0915791666666666,1
K00952.02,8.751692028949245,8.75209691,135.66169908518734,170.63671,0.098925,0.098925,1
K00952.03,22.778949604516356,22.78078241,132.48122908518735,155.20408,0.1512591666666666,0.1375083333333333,1
K00952.04,2.950633254718563,2.896005211,133.04959533518735,133.61228,0.0838799999999999,0.0698999999999999,1
K00952.05,0.7429566266722017,0.742957911,131.79324866852068,133.27936,0.0417999999999999,0.0278666666666666,1
K01020.01,54.3615346643191,54.35635067,163.91839315913649,164.070221,0.3485354166666666,0.2681041666666666,0
K01021.01,0.5462477662421369,0.54624855,169.82166357196317,178.5614,0.059917083333333315,0.0855958333333333,0
K01022.01,18.824336474455926,18.82744023,177.4808907385372,196.19088,0.21376666666666663,0.1943333333333333,1
K01022.02,62.745172127256986,68.832195,202.5486490718705,172.12379,0.09654166666666662,0.1379166666666666,0
K01023.01,8.412667630967054,8.4120069,139.5874456491057,139.64745,0.14711249999999998,0.1634583333333333,0
K01024.01,5.747701828582835,5.747711909,133.302392701927,133.29939,0.07096124999999998,0.0788458333333333,1
K01088.01,0.9958638558603863,0.995861402,132.34452136128917,132.346819,0.038356666666666636,0.0479458333333333,0
K01089.01,82.47218756198544,86.67856052,140.35408227035387,175.597013,0.21101874999999995,0.4220374999999999,1
K01089.02,12.21919966194726,12.21828097,140.2717031036872,140.321095,0.10113374999999997,0.1123708333333333,1
K01090.01,8.387139637817075,8.387210055,138.91012850951392,138.903759,0.07551958333333327,0.0686541666666666,0
K01091.01,15.248672936493618,15.2384539,353.88363514274243,369.56902,0.4019166666666667,0.8038333333333334,0
K01092.01,0.413334429989293,0.413334492,131.55714806110328,133.212225,0.059519999999999934,0.0991999999999999,0
K01157.01,0.9337336782045482,0.93374614,131.5336634322869,133.388153,0.19107083333333333,0.2729583333333333,0
K01158.01,6.472757268592184,6.47179275,356.2865981334729,356.38477,0.22626666666666667,0.2828333333333333,0
K01159.01,64.65696305884207,64.617518,165.91348068730343,166.14425,0.31394999999999995,0.2415,1
K01160.01,13.21275758809436,13.21409607,140.65278080123156,140.58492,0.1485041666666666,0.1485041666666666,1
K01161.01,6.0570029582255565,6.05729966,135.96296895624218,135.92756,0.14032124999999993,0.1559124999999999,1
K01161.02,10.93725184199322,10.93725572,136.9889933312422,136.98549,0.11558249999999991,0.1284249999999999,1
K01161.03,2.971316361371837,2.97136658,134.3974170812422,134.38662,0.10184999999999993,0.1131666666666666,1
K00953.01,3.5841524101441724,3.584101048,170.4196979244985,170.427829,0.10243499999999994,0.1138166666666666,1
K00013.01,1.7636285220502184,1.763587535,120.55139753870732,120.5659254,0.11882887499999997,0.1320320833333333,1
K00131.01,5.01399041833402,5.014234733,133.20402296844884,133.174289,0.22944999999999996,0.1912083333333333,1
K00954.01,8.115349965975728,8.11528727,133.94068104189088,174.52257,0.10703333333333327,0.1337916666666666,1
K00954.02,36.93791710940013,36.9250409,137.01628625022423,174.22246,0.28805583333333323,0.2057541666666666,1
K01025.01,37.477598350960946,37.4783492,157.3222547765853,157.31713,0.13292499999999996,0.2215416666666666,0
K01028.01,8.096708992200254,8.09695764,124.57035774973686,140.74216,0.09680416666666662,0.1382916666666666,0
K01029.01,32.31080289038888,32.3122867,133.90752903641706,133.867,0.21896666666666662,0.2737083333333333,1
K01030.01,9.229184417093139,9.22961384,138.48305466956435,138.43961,0.0931249999999999,0.0931249999999999,1
K01031.01,14.557071764132893,14.5598556,136.01169901691335,135.95038,0.28119999999999995,0.2343333333333333,1
K00144.01,4.176318525994234,4.176254191,133.08028295502237,133.090415,0.13768499999999997,0.1529833333333333,1
K01093.01,0.5287530997551314,0.528755447,131.81012439887544,133.38227,0.16665833333333332,0.2380833333333333,0
K01094.01,6.100686840032488,6.10027621,135.53806699463033,135.58656,0.17803499999999997,0.1978166666666666,1
K01097.01,10.910681763758905,10.9110487,131.64450431312187,142.52714,0.1465208333333333,0.2930416666666666,0
K01162.01,175.30484331663192,158.6850022,282.8659011653742,173.94993,0.28842999999999996,0.4807166666666667,1
K01163.01,2.9365304568670862,2.936527336,132.78134153823984,135.71829,0.06641249999999994,0.0737916666666666,1
K01163.02,8.015342763683828,8.01500821,134.79580216323984,134.8277,0.11301374999999997,0.1255708333333333,1
K00955.01,7.039464114815669,7.03902016,133.45198766338459,175.73059,0.14487374999999997,0.1609708333333333,1
K00956.01,8.360718642028795,8.360870704,133.8537888188733,175.64459,0.10178999999999991,0.1130999999999999,1
K00957.01,3.1406265857517552,3.14051153,134.4801424300707,178.4691,0.20701499999999995,0.3450249999999999,0
K00958.01,21.762236502707463,21.76129812,122.98127733733374,166.540438,0.03107499999999996,0.0517916666666666,1
K00959.01,12.713412749826917,12.713794177,124.251400485425,175.0725677,0.12204649999999993,0.1017054166666666,0
K00960.01,15.804536146823608,15.801100028,139.1222584690981,177.1533515,0.2656270833333333,0.2656270833333333,0
K01034.01,1.7394222059682238,1.739428983,353.1491859543196,354.889074,0.07260749999999992,0.1037249999999999,0
K01035.01,1.2172737747754032,1.217266418,121.15477927968631,133.328666,0.09685666666666662,0.1383666666666666,0
K01036.01,19.56925105902869,19.563092517,125.10270400683159,134.3548284,0.4056908333333332,0.2897791666666666,0
K01037.01,3.723254980422134,3.7228551,171.76810524064257,179.30315,0.3738116666666666,0.5340166666666666,0
K00138.01,44.29544904285849,48.93786896,162.3876090800471,140.76639,0.16466999999999993,0.2744499999999999,0
K01098.01,5.490186134773605,5.48990788,134.0668760086631,134.10438,0.13399999999999992,0.1674999999999999,0
K01099.01,157.73246710630926,161.5278347,250.8828024710245,198.00137,0.09183499999999997,0.1530583333333333,1
K01100.01,0.7309410809808281,0.73093905,352.9772469815479,355.90306,0.09479,0.1184875,0
K01101.01,11.390861283731505,11.39102358,137.71612379574586,137.70864,0.0959583333333333,0.0959583333333333,1
K01164.01,0.9337357012528831,0.933749941,131.5279256812667,133.38422,0.192675,0.27525,0
K01165.01,7.0539630241123925,7.053934488,136.35484069027967,136.357253,0.057479999999999996,0.07185,1
K01165.02,4.702741417237218,4.29263699,133.98715069027966,134.80018,0.056249999999999994,0.1125,1
K01166.01,7.674605249720955,7.6746614,133.2272696493843,133.22431,0.06457999999999992,0.0807249999999999,1
K01167.01,0.4452757322550473,0.445275074,131.74413324431666,133.971372,0.0948333333333333,0.0948333333333333,0
K00961.01,1.213768244386449,1.213770423,131.64477560281955,170.483645,0.027660000000000004,0.02305,1
K00961.02,0.4532875183011985,0.453287416,131.60299018615288,133.869741,0.025929166666666618,0.0185208333333333,1
K00961.03,1.813147841695508,1.865114193,132.51067143615288,133.792344,0.02496083333333324,0.0178291666666666,1
K00132.01,10.809943601286284,10.810132734,132.96216331149805,132.95157,0.1859083333333333,0.1859083333333333,0
K00964.01,3.273686274097326,3.273699006,123.62413278501562,171.2385098,0.17944849999999998,0.1281775,0
K00965.01,7.047179771598166,7.047103499,132.86176618019263,175.03337,0.1383666666666666,0.1383666666666666,0
K01038.01,0.5303017041703171,0.530300102,352.8604165057383,354.985736,0.07125499999999999,0.1187583333333333,0
K01039.01,1.0739241476576513,1.073917869,170.40347119913054,177.924088,0.07088958333333331,0.1012708333333333,0
K01040.01,4.206036965062434,4.206096814,132.2502323922133,136.44854,0.2684524999999999,0.4474208333333332,0
K01041.01,19.563490737280905,19.56313723,369.0980466641835,369.11182,0.2857291666666666,0.2857291666666666,0
K01042.01,2.2276931801539077,2.227718792,132.23677479142367,134.452638,0.14495541666666661,0.2070791666666666,0
K01042.02,4.455487263511456,4.45540935,134.44449770809035,134.4555812,0.12074999999999998,0.1725,0
K01043.01,0.591919880331355,0.591914504,352.97873141823885,355.353791,0.034083333333333285,0.0426041666666666,0
K01360.01,36.77632506577869,36.7704935,164.18387217025122,164.29112,0.2209999999999999,0.1841666666666666,1
K01360.02,14.589394324729025,14.58932429,141.92694050358458,141.93498,0.09068999999999995,0.1007666666666666,1
K01360.03,0.7640113608349255,0.764017553,132.22965550358458,132.2214,0.05974583333333329,0.0459583333333333,1
K01361.01,59.87725474138163,59.8780258,151.19319252413013,151.1847,0.18010124999999988,0.2001124999999999,1
K01426.02,77.76745299938283,74.92768653,171.17053141227063,124.99266,0.25675,0.1975,1
K01426.03,162.81124930667278,150.0189511,202.82533412060394,224.685714,0.21911499999999995,0.1825958333333333,1
K01426.01,38.84586364785008,38.86848956,132.91328203727062,171.30369,0.35334249999999995,0.2523875,1
K01427.01,2.6130120642720227,2.613020421,133.11604826565895,133.11283,0.07345499999999995,0.0816166666666666,1
K01428.01,0.9278630461730654,0.927859786,132.04752653641845,133.905978,0.05354624999999997,0.0594958333333333,1
K01429.01,205.82327550530482,205.912735,252.97726896448034,252.74129,0.45796666666666663,0.4163333333333333,1
K00168.03,7.1616991505300485,7.10695741,122.54351604753526,138.32271,0.2358675,0.214425,1
K00168.01,10.742081674595502,10.74241765,122.57237417253526,133.2867,0.22737374999999993,0.2526374999999999,1
K00168.02,16.113867106296002,15.27443889,127.90639854753526,147.57983,0.22786875,0.2531875,1
K01240.01,2.1395710208922862,2.1395563,133.6491609057876,133.65392,0.07754249999999996,0.0861583333333333,1
K01240.02,4.80710083398648,4.807103254,134.64147736412093,134.640371,0.03522375,0.0391375,1
K01241.01,21.40730608957013,21.4054422,125.61805375101274,147.08981,0.3418625,0.488375,1
K01241.02,10.70325956273048,10.5007712,125.65190791767941,135.6479,0.36305,0.6050833333333333,1
K01305.01,2.633830595180355,2.633852528,131.93726776872455,134.56431,0.07577249999999994,0.0841916666666666,1
K01305.02,6.186443354803574,6.18670882,136.66345401872454,136.63308,0.1212083333333333,0.1212083333333333,1
K01306.01,1.7963248193467771,1.796320953,131.54402823358276,133.33662,0.06379666666666664,0.0797458333333333,1
K01306.02,3.46808780704849,3.468073,132.53522990024942,136.00831,0.098375,0.098375,1
K01306.03,5.914391590697284,5.9142668,133.47461740024943,133.49193,0.0997875,0.110875,1
K01306.04,27.74602274441953,29.2214959,156.8003299002494,139.32807,0.10035,0.16725,1
K00162.01,14.007555075806302,14.00640392,142.15681329879615,142.20885,0.17594625,0.1954958333333333,1
K01363.01,3.54659110139697,3.546531809,134.89135306588838,134.90127,0.0852975,0.094775,1
K01363.02,5.700679169517007,5.70070626,132.6953676492217,132.69229,0.05469333333333328,0.0683666666666666,1
K01364.01,21.166375757874697,20.8341497,181.93706565076985,186.03921,0.11304999999999996,0.1884166666666666,1
K01364.02,7.055739693169837,7.0556584,174.84518231743652,181.91205,0.11429624999999997,0.1269958333333333,1
K01364.03,11.98020033977408,11.97884409,178.87715315076986,178.96957,0.17192083333333325,0.1562916666666666,1
K01364.04,3.5278517451239195,3.71545593,171.32146565076985,169.78318,0.11724166666666662,0.1065833333333333,1
K01364.05,2.3518875368038694,2.58083264,170.1501333591032,171.56048,0.11769874999999985,0.0905374999999999,1
K01430.01,10.475414022226392,10.47548084,131.69481088604653,152.64165,0.08633999999999997,0.0959333333333333,1
K01430.02,20.953111021562577,22.92886314,131.60801296937984,143.86271,0.1215141666666666,0.0867958333333333,1
K01430.03,76.82346191839905,77.4740991,187.53740421937982,184.24533,0.08683333333333332,0.1736666666666666,1
K01432.01,6.885493124675544,6.88595222,131.56439391748808,138.40761,0.10369999999999999,0.1728333333333333,1
K01432.02,13.77288942332738,15.0549356,145.2354022508214,144.575,0.12002499999999997,0.2000416666666666,1
K01432.03,2.9272195112610326,2.92721119,133.82425225082142,133.82725,0.10604166666666662,0.1060416666666666,1
K01432.04,38.27938087679356,38.2856338,143.39694391748807,143.2984,0.21706666666666666,0.2713333333333333,1
K01243.01,3.1258739057184664,3.125814002,353.2767431457718,356.41184,0.0745625,0.0745625,0
K00155.01,5.66099537712274,5.660669429,126.04914163691922,137.416045,0.17431124999999992,0.1936791666666666,1
K01244.01,10.805361252667199,10.80487163,134.05811586781672,134.09498,0.1133958333333333,0.1133958333333333,0
K01245.01,13.717057648748046,13.71938426,140.88465895639717,140.74483,0.20878875,0.2319875,1
K01307.01,44.859697137525515,44.8520997,172.36226364450638,172.46196,0.20841916666666666,0.1488708333333333,1
K01307.02,20.34084156801834,20.34237838,137.74390510283973,137.6952,0.11675499999999996,0.0972958333333333,1
K00157.05,118.32468429517668,118.3786735,169.2836864597326,287.28744,0.5973374999999999,0.3982249999999999,1
K00157.06,10.304095908857512,10.30401132,138.4914364597326,138.50377,0.1584225,0.176025,1
K00157.01,13.026205837790343,13.02493307,138.10132687639927,138.176157,0.20948583333333326,0.1904416666666666,1
K00157.02,22.68228234852918,22.687155,148.6062064597326,148.455435,0.32037249999999984,0.2288374999999999,1
K00157.03,34.02773962923205,31.99552485,137.17637750139926,154.160745,0.24976583333333324,0.1784041666666666,1
K00157.04,45.34561511730077,46.6856205,171.3434239597326,225.04604,0.37213166666666664,0.2658083333333333,1
K01308.01,23.577737658659892,23.58444746,146.15089606762655,145.95798,0.30086874999999996,0.2314375,1
K01365.01,1.487096652708394,1.487084251,132.48343955184316,133.97746,0.04962374999999991,0.0551374999999999,0
K01366.01,19.256318424201627,19.25404023,145.44604591903902,164.78424,0.17440875,0.1937875,1
K01366.02,57.7725436437101,54.1558384,164.669624669039,172.36559,0.20313333333333325,0.1846666666666666,1
K01433.01,19.806570892707786,19.80787763,139.4398227008074,139.37983,0.1438749999999999,0.1438749999999999,1
K01434.01,2.3432521170908003,2.343230566,133.19746044738895,133.20732,0.07659,0.0851,1
K01247.01,2.739859127545941,2.73987398,120.85144680221669,134.5503077,0.13862866666666665,0.1732858333333333,0
K01248.01,5.801916267566506,5.801880653,355.05128178533744,357.453464,0.1242733333333333,0.1775333333333333,0
K01249.01,85.30648964211677,85.34092607,353.48077208070373,386.211642,0.39802875,0.4422541666666666,0
K01250.01,0.7820441385622156,0.782045734,131.67685262250478,134.0214,0.052339583333333314,0.0747708333333333,0
K01309.01,10.116848697584489,10.1171684,137.47327594565846,137.44489,0.1750387499999999,0.1944874999999999,1
K01310.01,19.1310926881029,19.12947603,139.37078797063492,139.4353,0.1650916666666666,0.1650916666666666,1
K01311.01,83.56111260286411,83.5781976,202.5855924096774,202.45865,0.3322320833333334,0.3020291666666667,1
K01312.01,6.147042856165538,6.1469956,135.06950742828042,135.07385,0.1381375,0.1381375,1
K01312.02,30.73714769528792,31.24611088,141.17130013661372,138.4604477,0.1388333333333333,0.1983333333333333,0
K01313.01,0.522457039489348,0.522457732,120.69134102240781,133.751976,0.0371125,0.0371125,0
K00018.01,3.548587036268803,3.548465446,122.8705690841954,122.9014315,0.1332636666666666,0.1903766666666666,1
K00163.01,11.119378161171506,11.1199028,139.78357426195,139.753524,0.12659625,0.1406625,1
K01367.01,0.5678584345110883,0.567856484,131.79050847682848,134.063088,0.047015833333333264,0.0427416666666666,1
K01368.01,248.3916425090911,251.0597249,324.18318531678096,230.027745,0.2980541666666666,0.2128958333333333,0
K00169.01,11.702688794373636,11.70219638,139.40476468301432,151.13414,0.09996749999999999,0.111075,0
K01435.01,40.7158757996613,40.7150498,146.55698432559072,146.56647,0.3220124999999999,0.3577916666666666,1
K01435.02,10.446053969892903,10.44635944,133.29869474225737,133.27821,0.08017916666666662,0.1145416666666666,1
K01436.01,2.508524272841263,2.508553286,132.50873999522062,135.0112,0.0944333333333333,0.0944333333333333,1
K01436.02,13.751892347083286,13.75129636,144.58858707855396,144.61389,0.14448749999999994,0.1605416666666666,1
K01436.03,5.01705134044666,5.41908491,135.01931832855394,131.6422,0.08767124999999991,0.0974124999999999,1
K01252.01,0.8857497286289979,0.885747456,121.20197160517421,134.486834,0.11196999999999996,0.1866166666666666,0
K01253.01,3.6111976088421907,3.611541977,353.7065451091449,357.25064,0.2510316666666666,0.3586166666666666,0
K00156.01,8.041310562709521,8.041347775,135.00091087246454,143.038292,0.09874499999999994,0.1097166666666666,1
K00156.02,5.188550768354207,5.188563677,134.9854275391312,145.362252,0.08881124999999994,0.0986791666666666,1
K00156.03,11.77616211569131,11.776132317,142.70196962246453,142.705753,0.1207125,0.1207125,1
K01254.01,5.082500421324348,5.082722475,122.04158356011436,137.26075,0.22177124999999992,0.2464124999999999,0
K01256.01,9.991892884917323,9.991625291,140.64363611059576,137.447816,0.1124433333333333,0.1606333333333333,0
K01314.01,8.575548274886145,8.57504983,122.93688403649591,140.14063,0.32448749999999993,0.3605416666666666,1
K01316.01,7.649523491849653,7.64970832,123.05089852003681,138.33113,0.24843749999999992,0.2760416666666666,1
K01317.01,2.1718671272641523,2.171827838,352.90013813141445,355.083686,0.12076874999999998,0.1341875,0
K01369.01,3.016148422612828,3.016182013,133.89239798955506,133.88395,0.10630874999999998,0.1181208333333333,1
K01370.01,6.883375362626454,6.8833761,135.26354220590812,135.26522,0.0945916666666666,0.0945916666666666,1
K01371.01,0.8339805533574324,0.833980196,132.01694454386845,133.68304,0.0731666666666666,0.0731666666666666,0
K01372.01,65.5558200867699,69.62754202,180.0816826772315,176.3098622,0.230625,0.46125,0
K01373.01,1.926349086476542,1.926353494,131.75488866695682,133.68077,0.09489374999999992,0.1054374999999999,0
K01374.01,0.8907356915602868,0.890737359,131.89721769961912,134.56707,0.05616624999999994,0.0802374999999999,0
K01437.01,7.017570270950365,7.01733571,133.89039327873917,133.90592,0.1337625,0.148625,1
K01437.02,9.279519269497257,9.27989,133.78095577873918,133.7457,0.16649999999999987,0.1387499999999999,0
K01437.03,17.545662761706446,17.4217322,144.37877244540584,145.9011,0.15726666666666664,0.1965833333333333,0
K01438.01,6.910852163690937,6.91134223,136.70156768856742,136.64878,0.18914333333333327,0.2364291666666666,1
K01439.01,405.3189641677303,394.6249514,148.66488478645968,177.84534,0.6027,1.0045,1
K01440.01,7.192928630586464,7.19304935,136.06173641660502,136.05065,0.1419583333333333,0.1419583333333333,1
K01257.01,90.55284620275215,86.64764448,144.64216289737516,173.794641,0.17635833333333328,0.1763583333333333,1
K01258.01,36.357266725106726,36.33750453,159.91390762979017,160.39806,0.4118333333333332,0.2941666666666666,1
K01258.02,14.535165605383607,14.64613058,138.58656596312352,136.5227,0.2607,0.237,1
K01258.03,145.3754107156438,148.272013,269.2804492964568,138.00557,0.24453333333333327,0.1746666666666666,1
K01259.01,1.5065113134309385,1.506507172,170.65323113205838,178.18515,0.11336499999999997,0.1889416666666666,0
K01318.01,1.6346091018436812,1.634614356,132.3370192235663,133.96855,0.1003975,0.143425,0
K01319.01,16.025041920396056,16.025018977,361.47303022612164,367.693328,0.11324833333333331,0.1617833333333333,0
K01320.01,10.505783128787115,10.50682978,360.13951805402183,360.082152,0.12589666666666663,0.1573708333333333,1
K01321.01,0.7119659185452198,0.711966971,132.08938554174097,134.223486,0.05897791666666663,0.0842541666666666,0
K01322.01,17.729451728803337,17.72724392,363.1444350360132,356.795528,0.2395925,0.1711375,0
K01375.01,353.1956462969987,321.2124365,483.2981416552698,206.930556,0.0835833333333333,0.1671666666666666,1
K01376.01,7.139321041536186,7.13895376,169.92729363438082,184.24569,0.13323333333333331,0.1903333333333333,0
K00164.01,4.464451681027617,4.4645454,123.40282853478779,132.31538,0.10808624999999997,0.1200958333333333,0
K01377.01,11.296726376117924,11.29689442,134.5845001308195,134.57233,0.17336249999999997,0.192625,1
K01378.01,19.304445868699087,19.30112039,133.2460551118715,133.35614,0.2784466666666667,0.2531333333333333,0
K01378.02,0.6916640833557737,0.691666384,120.7388757368715,135.94927,0.07351124999999994,0.0816791666666666,0
K00019.01,1.203203125227946,1.20320092,120.69177396727609,133.929836,0.07198874999999991,0.0799874999999999,0
K00171.01,5.968948962051953,5.968724048,137.13313279180502,137.158607,0.1369124999999999,0.1521249999999999,1
K00171.02,11.936406573146789,13.07141889,143.18133487513836,144.44217,0.15472999999999992,0.1289416666666666,1
K01449.01,10.9811366039363,10.980246199,141.96667278408287,137.1376073,0.1560266666666666,0.1560266666666666,0
K01450.01,2.144607488808835,2.144632238,121.1267600946372,133.984128,0.13062708333333334,0.2612541666666667,1
K01451.01,27.3253216302292,27.32204488,145.93169528792362,159.7472774,0.18905333333333327,0.2363166666666666,0
K01452.01,1.1522213965871757,1.152216965,132.12400132373716,133.277861,0.06488124999999992,0.0926874999999999,0
K01260.01,5.29742786061444,5.2972293,172.6301858355371,177.95111,0.14246249999999996,0.1582916666666666,0
K01261.01,120.93176508826917,133.460999,187.90899843364195,216.04334,0.2874925,0.4791541666666666,1
K01261.02,15.192659597416817,15.19423359,142.81062801697527,142.73422,0.15529999999999994,0.1294166666666666,1
K01262.01,14.171981257428632,14.17098745,359.77877742284636,359.82956,0.1450166666666666,0.1450166666666666,0
K01263.01,32.00104432792558,31.9734169,133.142362415574,133.86598,0.828875,0.5525833333333333,0
K01323.01,3.990061159849269,3.990105908,355.8474296367321,355.840837,0.10045,0.10045,1
K01324.01,0.522058699256027,0.52205862,131.57354821849128,133.138446,0.06080375,0.0868625,0
K01325.01,10.035883644317032,10.035381809,137.43758762554856,137.471481,0.1277325,0.141925,1
K01326.01,52.337490236404946,53.100942624,158.11450723999377,135.9717179,0.0952833333333333,0.0952833333333333,0
K00158.01,5.801970474708882,5.80181368,131.7519559682513,137.57807,0.13729999999999992,0.1716249999999999,0
K01327.01,15.638608163947023,15.6402515,359.176285742805,359.07991,0.18147499999999997,0.25925,0
K01379.01,5.621502693961336,5.62154315,136.894014530206,136.89013,0.09053624999999997,0.1005958333333333,1
K01380.01,1.074112455260917,1.074106954,120.9475418641369,133.84323,0.0742387499999999,0.0824874999999999,0
K01381.01,5.1172854495630755,5.117401517,132.04185573941496,134.586518,0.12558,0.1794,0
K01382.01,4.202204715705394,4.20233673,173.25644768083893,179.533899,0.12324333333333329,0.1540541666666666,0
K01441.01,8.50689495042465,8.50698069,134.65184230694402,134.64421,0.11017499999999995,0.1224166666666666,1
K00170.01,15.608313631296527,15.60865244,128.70252656718753,144.29934,0.15649999999999997,0.2608333333333333,0
K01442.01,0.6693115414164549,0.669310092,120.745968720072,134.131388,0.0678083333333333,0.0678083333333333,1
K01443.01,4.494431606122022,4.494498254,121.30361277581297,134.77583,0.05758083333333331,0.0822583333333333,0
K01444.01,44.909053459215706,44.9306706,140.47561122517894,140.2077,0.4086875,0.2724583333333333,1
K01264.01,14.133359520063982,14.13175309,142.19044255749083,142.26044,0.20067999999999997,0.1672333333333333,1
K01265.01,1.0619335617432082,1.061934816,131.72267072460647,133.84801,0.09494041666666662,0.1356291666666666,0
K01266.01,11.420337270845756,11.41926141,137.60691619541936,137.66894,0.1662833333333333,0.1662833333333333,1
K01267.01,5.938336814030025,5.93821065,136.5164304210279,136.52839,0.07328999999999992,0.1046999999999999,0
K01269.01,0.6550028035130997,0.655001616,120.72776942296395,133.176794,0.05289666666666662,0.0755666666666666,0
K01329.01,33.19215866089753,33.1996355,153.80787735059425,153.66086,0.313875,0.20925,1
K01330.01,8.652523283784394,8.65306587,134.3538265849038,134.30886,0.1308416666666666,0.1869166666666666,0
K01330.02,86.54233340123398,94.219289,186.06274325157045,196.1952,0.5065,1.013,0
K01332.01,19.31044868396655,19.30581662,353.7284730703257,373.18998,0.2502616666666666,0.1787583333333333,1
K01332.02,6.4355148205241335,6.09747233,353.8548984869924,354.05919,0.1858458333333333,0.1429583333333333,1
K01332.03,57.90055939401197,56.637918,354.1068818203257,135.51975,0.28288333333333326,0.2571666666666666,1
K01383.01,3.2217425511310234,3.221785738,132.92816451670262,136.141517,0.1392125,0.1392125,0
K01384.01,0.6243882079501509,0.6243875,131.7960038270987,133.0436541,0.056029749999999934,0.0800424999999999,0
K01385.01,18.61000697995415,18.610092584,139.09069559026912,139.0850449,0.2076283333333333,0.2076283333333333,0
K00165.01,13.221058253471888,13.22175358,139.60431533910054,139.570627,0.12780166666666665,0.1161833333333333,1
K01386.01,1.1375375006388315,1.137525054,132.65795369548175,133.805565,0.10058549999999994,0.1117616666666666,0
K01387.01,23.79920024189818,23.799939273,152.58878398046886,152.5654761,0.23022954166666662,0.2092995833333333,0
K01445.01,7.1689974099406175,7.16893064,121.32847982777426,135.67854,0.1753725,0.1948583333333333,1
K01446.01,1.2277598817199071,1.22775877,121.50871538797685,133.78679,0.09181666666666663,0.1147708333333333,0
K01447.01,41.03542074470322,40.24649897,158.80406949884915,161.306577,0.2508458333333333,0.2508458333333333,0
K01447.02,2.2800245727095443,2.27999662,133.6305328321825,133.640649,0.19258999999999998,0.2407375,0
K01448.01,2.486608297748573,2.48658617,131.61423227951536,134.110364,0.09063,0.1132875,0
K01270.01,5.729266148905969,5.729317577,132.83652856522096,138.559971,0.03938666666666664,0.0492333333333333,1
K01270.02,11.45925159259874,11.60908533,138.52379085688762,133.99324,0.07534333333333329,0.0941791666666666,1
K01272.01,0.5309612754237559,0.530967162,120.58826480836251,133.849416,0.09817208333333331,0.1402458333333333,0
K01273.01,40.042344334116315,40.05881661,170.21136540545965,169.91063,0.32637499999999986,0.2331249999999999,1
K01333.01,2.2430301517835094,2.243016513,133.4452348739985,133.45086,0.1020375,0.113375,0
K01334.01,8.652918376468183,8.6531216,136.67094131907612,134.30147,0.10974999999999994,0.1829166666666666,0
K01334.02,94.30177276706246,94.225938,195.68269131907613,196.1319,0.552,0.92,0
K00159.01,8.990311092029454,8.99088621,127.78990112940014,136.73923,0.1591762499999999,0.1768624999999999,1
K00159.02,2.2477300149128823,2.403640701,121.01728196273346,134.73065,0.08173666666666662,0.0583833333333333,1
K01388.01,30.658109770799996,34.064566412,140.38303852300706,150.452048,0.28033249999999993,0.4004749999999999,0
K01389.01,4.349997339566939,4.350087749,132.63594999782956,134.800238,0.07708166666666662,0.1101166666666666,0
K01390.01,1.7440913960189444,1.744101106,132.7679163291176,134.50867,0.05811374999999997,0.0645708333333333,0
K01391.01,7.980982559818317,7.981187121,133.81993298575435,133.802114,0.06776624999999997,0.0752958333333333,0
K01392.01,4.118920716552523,4.118775582,353.11818241132147,357.261244,0.14099999999999993,0.1566666666666666,0
K01453.01,0.9719279411402175,0.971933156,131.9132550342641,133.853925,0.07224374999999997,0.0802708333333333,0
K01454.01,120.16308580909981,121.5991278,136.43899712176494,137.27469,0.37899,0.6316499999999999,0
K01456.01,7.886855320473249,7.886632468,352.6145365122061,360.514132,0.21727916666666658,0.2172791666666666,1
K01457.01,8.0279484129364,8.027681123,360.1521470396991,360.171355,0.1289249999999999,0.1289249999999999,1
K01274.01,759.9131711162067,704.962626,422.8399194364185,492.77178,0.37506249999999997,0.7501249999999999,1
K01275.01,50.24891708980167,50.28635977,168.25374279423258,167.63351,0.36873666666666666,0.2633833333333333,1
K01276.01,22.79231381788075,22.79020351,138.62032372642233,138.68515,0.18897749999999994,0.2099749999999999,1
K01276.02,13.260839087464957,13.26079792,139.09216997642233,139.0988,0.14669999999999989,0.1629999999999999,1
K01277.01,1.061928748632889,1.061932545,121.1106156702811,133.850441,0.0803587499999999,0.0892874999999999,0
K01335.01,136.90758349015303,127.8334997,190.37997326844703,293.41845,0.45475,0.45475,1
K01336.01,10.218987929149586,10.21864532,136.8508636715755,136.8622,0.14257499999999995,0.1584166666666666,1
K01336.02,15.574081302721822,15.573637,132.42208033824218,132.44282,0.17753333333333327,0.2219166666666666,1
K01336.03,40.10138156061286,40.1015561,132.71443033824218,132.71244,0.17486666666666664,0.2185833333333333,1
K01336.04,4.458244501185487,4.45814897,134.39116783824215,134.39743,0.1194583333333333,0.1194583333333333,1
K01394.01,5.663704170202957,5.663621501,131.9746599491028,133.89009,0.0540333333333333,0.0540333333333333,0
K01395.01,6.230411637919077,6.230335,175.05692973505498,181.29566,0.061848749999999966,0.0687208333333333,1
K00166.01,12.492806427557548,12.49340725,125.99961810570392,138.462232,0.1036475,0.094225,1
K01396.01,6.6264168057827595,6.62643441,170.7376927929504,183.98789,0.1190699999999999,0.1322999999999999,1
K01396.02,3.7011718339562583,3.70122061,172.87698779295042,180.27172,0.0841,0.105125,1
K01207.01,13.733642811072839,13.73474071,142.38699091837344,142.32752,0.115375,0.115375,1
K01210.01,14.554679510470363,14.55387488,134.08371681208587,134.11669,0.2033791666666666,0.2905416666666666,1
K00016.01,0.8952801859900025,0.895277575,120.87736508063117,133.411986,0.07907083333333331,0.1129583333333333,0
K01278.01,24.805936091849798,24.8056775,145.06392431741546,145.07526,0.23054999999999992,0.2561666666666666,1
K01278.02,44.36694543729964,44.3471936,160.9031659840821,161.31738,0.3750833333333332,0.2679166666666666,1
K01278.03,8.869169261702009,9.2207691,134.7227034840821,138.0072,0.24534999999999996,0.2044583333333333,1
K01278.04,12.400893507726474,13.6396648,132.78984306741543,141.7301,0.27124999999999994,0.2260416666666666,1
K01278.05,210.65429856625383,203.250506,183.46483265074878,208.4914,0.286125,0.40875,0
K01337.01,1.922776163121976,1.922799706,132.58655979864685,134.50174,0.06976499999999994,0.0775166666666666,1
K01338.01,3.2229135122535886,3.222975318,132.95655254026974,178.0701,0.10967624999999999,0.1218625,1
K01339.01,4.168112193519657,4.16811839,134.89481202930227,134.89621,0.09361333333333328,0.1170166666666666,1
K01398.01,5.82339333215263,5.82348911,355.0059406148144,354.99602,0.07480333333333328,0.0935041666666666,1
K01400.01,9.415618728521453,9.41475056,132.86387115133803,142.32936,0.17759999999999998,0.1973333333333333,0
K01401.01,0.5667634672906858,0.56669006,120.7509760938655,133.81294,0.1264316666666666,0.0903083333333333,0
K01402.01,7.139310496969523,7.13969705,137.22636171962176,137.18652,0.13269999999999998,0.165875,1
K01403.01,18.752493474403728,18.75470238,141.79955951916543,141.7172,0.17693083333333323,0.1263791666666666,1
K01211.01,3.0035447556071966,3.00363219,120.64789248661275,135.64129,0.13995,0.1555,0
K01212.01,11.301541233119574,11.30123036,134.90610050452105,134.91855,0.15082499999999996,0.1675833333333333,1
K01213.01,0.796738640994251,0.796722833,132.26426492205366,133.07985,0.11252541666666663,0.1022958333333333,0
K01214.01,4.241526836416581,4.24153629,133.4558493839648,133.45522,0.11141249999999994,0.1237916666666666,1
K01215.01,17.31855651852357,17.32419108,125.03136387652134,142.09977,0.3687291666666666,0.3352083333333333,1
K01215.02,34.6465999236218,33.0063185,142.13083887652132,145.38821,0.2965833333333333,0.2965833333333333,1
K01279.01,14.374360695514678,14.37457572,138.21704275288607,138.20189,0.179595,0.19955,1
K01279.02,9.583931584628068,9.65188331,138.13516275288606,132.15947,0.179,0.179,1
K01280.01,6.099262003296411,6.0990118,135.49177608667995,135.52357,0.13541999999999996,0.1504666666666666,0
K01281.01,49.47211102811304,49.4781446,141.9156402983367,141.82465,0.145425,0.103875,1
K01282.01,30.851530151632875,30.8639476,132.30213746611645,162.88077,0.4432,0.3693333333333333,1
K01340.01,2.9005893947290327,2.90060781,171.1324878510155,179.83386,0.10679166666666659,0.1067916666666666,0
K01341.01,4.514341373958832,4.51436096,134.0320688948248,134.0293,0.1253458333333333,0.1253458333333333,1
K01342.01,3.773602532480636,3.77359871,134.07000939530855,134.07013,0.1023075,0.113675,1
K01342.02,8.181471600205475,8.18182189,134.84408564530855,134.81423,0.11259416666666662,0.1023583333333333,1
K01404.01,13.322599252061199,13.32389352,135.31711287207847,135.24585,0.1476199999999999,0.1341999999999999,1
K00167.01,4.919340095541176,4.919584997,124.79578045981344,134.602396,0.157455,0.17495,1
K01405.01,11.417630380534337,11.41911886,174.97431882378956,186.30498,0.17116666666666663,0.2139583333333333,1
K01406.01,11.359907866335186,11.36113254,137.0012710639373,136.92584,0.17452499999999987,0.1745249999999999,1
K01407.01,1.3879744734332347,1.3866358,132.71503270367603,134.3472,0.13912499999999994,0.1987499999999999,0
K01408.01,14.532804535021372,14.53410833,145.48073462353628,145.42643,0.1378916666666666,0.1378916666666666,1
K01408.02,87.18018861639165,82.37208458,174.63939212353625,208.4205685,0.13229166666666664,0.2645833333333333,0
K01216.01,11.131260518991393,11.13127159,123.23184937106339,134.36341,0.1588949999999999,0.1765499999999999,1
K01217.01,3.4714758590194923,3.47143963,133.7256895595647,133.74061,0.1526249999999999,0.1526249999999999,0
K01218.01,29.61930756052691,29.6193891,133.681695101727,133.68205,0.18598124999999996,0.2066458333333333,1
K01219.01,3.721338157298009,3.50376155,133.0992277033907,134.6825677,0.07899999999999996,0.1316666666666666,0
K00153.01,9.50776578672517,8.925079516,128.56320811806776,139.71389,0.10037249999999999,0.111525,1
K00153.02,4.753863390821499,4.75400072,123.81375228473442,128.547155,0.1058083333333333,0.1058083333333333,1
K01283.01,8.092217282067953,8.0922105,121.86086332115285,138.04535,0.21635999999999989,0.2403999999999999,1
K01284.01,3.1171392529349102,3.117087797,120.64807594560322,134.684738,0.11510287499999997,0.1278920833333333,0
K01285.01,0.9374033931931628,0.937406378,131.91866008684855,134.726531,0.06505,0.0813125,0
K01286.01,0.6684847019643422,0.668483615,170.25697489829344,178.281377,0.060984583333333314,0.0871208333333333,0
K01287.01,4.429650259183786,4.429633087,355.13934276476874,355.143546,0.10085666666666664,0.1260708333333333,0
K01343.01,1.544921982267167,1.544927524,132.00638465328052,133.54909,0.042225,0.042225,0
K01344.01,4.487508147463206,4.48758768,124.39563983764208,133.36092,0.107775,0.11975,1
K01345.01,0.3230197866948667,0.323021692,120.69528063734181,133.603668,0.13674499999999987,0.0976749999999999,0
K01346.01,4.708037729480777,4.70818628,122.95660080101077,137.0593,0.06829166666666665,0.1365833333333333,0
K01347.01,14.40511832795209,14.405857436,353.1627434127665,360.3847471,0.20569087499999997,0.2285454166666666,0
K01347.02,0.900394943258618,0.858285844,353.15794335026646,131.87904,0.10494166666666661,0.0749583333333333,0
K01348.01,7.702349705741122,7.702374154,133.6436049270563,137.563452,0.0961475,0.1602458333333333,0
K01409.01,16.558984524717278,16.56062577,133.5687673765087,133.49703,0.15230833333333324,0.1087916666666666,1
K01410.01,15.748995770362528,15.74958583,134.51710229282733,150.24579,0.15557333333333329,0.1944666666666666,1
K01412.01,37.817115010173495,37.8145252,134.61999981522914,134.66424,0.3036333333333333,0.3795416666666666,1
K01413.01,12.644421944822296,12.64504291,138.67327765583335,138.63149,0.2659125,0.379875,1
K01413.02,21.530567770690222,21.5262958,132.12455057250003,132.28787,0.17483333333333329,0.3496666666666666,1
K01413.03,32.29073102966233,33.8845825,153.75545473916668,159.98819,0.24517499999999992,0.2724166666666666,1
K01220.01,6.40105420478928,6.40087137,124.05861282669782,136.8824,0.09585374999999993,0.1065041666666666,1
K01221.01,30.171282839904585,30.1599411,138.23838430153586,138.51774,0.42650833333333327,0.3280833333333333,1
K01221.02,53.3835532857152,51.0771048,147.4260926348692,152.35694,0.23402083333333334,0.4680416666666667,1
K01222.01,4.285725371739018,4.2856756,121.62997080002526,134.4812,0.1353,0.169125,0
K01223.01,7.389458533410737,7.388833611,123.18906193187226,133.9344039,0.23452374999999992,0.2345237499999999,0
K01224.01,2.697925228419071,2.698021895,132.285468798209,136.32786,0.48316666666666663,0.9663333333333332,0
K01288.01,108.11767072332557,117.93110803,151.08639781024317,219.704226,0.12249166666666665,0.2449833333333333,1
K01289.01,4.887662765925094,4.887806806,354.56474979549887,354.539481,0.0902925,0.100325,0
K01289.02,424.6402072400459,386.39833,756.1628339621655,365.94877,0.5324375,0.3549583333333333,0
K01290.01,11.973285438869683,11.973605044,132.823265617007,144.779315,0.1616887499999999,0.1796541666666666,0
K01291.01,1.2313551932305669,1.231364189,131.80504032954445,133.036618,0.14643499999999998,0.2440583333333333,0
K01292.01,2.102406322519757,2.102416517,132.29665235078355,134.394943,0.0515783333333333,0.0736833333333333,0
K01293.01,11.703681864465139,11.703109303,141.0843606552922,133.721698,0.11939083333333322,0.0852791666666666,0
K00160.01,13.73775130044618,13.73808249,134.45370364312356,134.43787,0.11179999999999993,0.1397499999999999,0
K01349.01,16.661609619288132,16.66216657,132.80600050003954,142.186468,0.1130558333333333,0.1615083333333333,0
K01350.01,0.7521622859580918,0.752159702,121.25712404444626,134.047229,0.05905249999999999,0.0984208333333333,0
K01352.01,4.819161420475344,4.81886153,353.3046730671294,358.16338,0.1815041666666666,0.2592916666666666,0
K01353.01,135.64289929116842,125.86540191,203.08227801364546,236.659731,0.4509549999999999,0.3757958333333333,1
K01353.02,34.545997545025685,34.5439452,132.65086572197882,132.68453,0.10155833333333329,0.1450833333333333,1
K01353.03,346.83751649514005,330.071558,266.58076363864546,340.9871,0.2505416666666666,0.1789583333333333,1
K01414.01,4.023850771252551,4.02378908,124.15294387724545,136.23411,0.1079,0.134875,0
K01415.01,0.31294116941653727,0.312941621,120.66774902018109,133.810501,0.06881999999999991,0.0860249999999999,0
K01416.01,2.495780597266488,2.495780169,132.83786054882074,135.336948,0.14240333333333327,0.1780041666666666,1
K01417.01,8.427882853774614,8.428090255,358.31869928841263,358.303469,0.08621250000000001,0.078375,0
K01418.01,8.34437105838968,8.344104633,353.4786484756382,361.839209,0.09006999999999996,0.0750583333333333,0
K01226.01,137.77353257885298,137.75960504,173.1077765249206,173.16476,0.3821375,0.3821375,0
K01227.01,2.1552538029528803,2.155278342,133.58466527379997,133.576109,0.07898999999999994,0.0877666666666666,0
K01228.01,3.6612656807989694,3.661326482,133.451246661952,135.26995,0.08571333333333328,0.1071416666666666,0
K01229.01,0.7695917919172327,0.76973817,131.84077613436966,133.2965754,0.14583333333333326,0.1041666666666666,0
K01230.01,157.77670534186984,165.739861,184.24814978920514,214.039466,0.5195687499999999,1.0391374999999998,0
K01294.01,9.090288029833419,9.08937826,139.01778755550063,139.08364,0.2085,0.260625,0
K00017.01,3.234698396594569,3.234699282,121.48191349797365,121.4865708,0.17969250000000003,0.14974375,1
K01295.01,1.5778035200591642,1.577800747,131.72832526739407,133.307724,0.06307583333333332,0.0901083333333333,0
K01296.01,2.3808680569874388,2.380862632,132.93983606235787,135.3252117,0.1226213333333333,0.1751733333333333,0
K01354.01,1.7525277315284427,1.752567456,132.73779125194682,134.47196,0.1374825,0.2291375,0
K01355.01,51.920585904797065,51.92920654,152.06250177480982,151.93321,0.2193208333333333,0.2193208333333333,1
K01358.01,5.645029221579198,5.644914154,356.7240034181691,356.73699,0.08474625,0.0941625,1
K01358.02,8.742514680913883,8.74292005,358.6161265431691,358.59286,0.09853874999999991,0.1094874999999999,1
K01358.03,3.763176111711861,3.64830183,352.98429591816915,355.39128,0.0832708333333333,0.0832708333333333,1
K01358.04,2.257947944105622,2.345863002,353.3559511265025,354.11185,0.09797083333333326,0.0699791666666666,1
K00161.01,3.1055192929022293,3.105507835,133.20769370385887,133.210427,0.06546749999999994,0.0727416666666666,1
K01419.01,1.3361164768340767,1.336109338,170.23685816805292,178.258786,0.05080541666666662,0.0725791666666666,0
K01422.01,5.841579578214028,5.841636615,135.930417615597,135.92315,0.07025249999999997,0.0780583333333333,1
K01422.02,19.8506342970766,19.85029495,133.63692282393035,133.64933,0.10652624999999999,0.1183625,1
K01422.03,11.683823025121631,10.8644095,135.89002844893034,131.12833,0.08492916666666663,0.0772083333333333,1
K01422.04,59.54722540565221,63.3354719,153.55522844893034,162.6161,0.12169999999999992,0.1521249999999999,1
K01422.05,34.14251159431327,34.1420506,136.027982615597,136.03624,0.13497916666666662,0.1227083333333333,1
K01231.01,22.349724369126534,22.34293693,132.51521493566068,155.08552,0.41307583333333325,0.2950541666666666,0
K01231.02,11.170188781737696,10.42360821,132.82925576899402,138.01504,0.27019999999999994,0.2251666666666666,0
K01232.01,128.27614749604456,119.40817159,246.07637718525712,232.649303,0.23384249999999993,0.3897374999999999,0
K01232.02,460.91442255204066,419.97507836,483.9997157269238,524.8465031,0.2535145833333333,0.5070291666666666,0
K01233.01,1.1715399360164211,1.171536413,170.39380700373627,178.597581,0.046310833333333315,0.0661583333333333,0
K01234.01,0.9735456619822888,0.973547911,131.55479350778563,133.49742,0.06666916666666661,0.0952416666666666,0
K01235.01,3.0535766459207787,3.053563251,133.8787012907939,133.88354,0.09494041666666662,0.1356291666666666,0
K01297.01,1.0310856455025956,1.031096352,131.88263853516705,133.93938,0.0927,0.115875,0
K01298.01,11.007761098096685,11.00817635,132.24588386282673,143.22611,0.0838749999999999,0.0838749999999999,1
K01298.02,99.05985615102921,92.7495777,154.33893594616006,173.27975,0.18353333333333327,0.2294166666666666,1
K01299.01,52.407844737125565,52.5008645,172.0286179691926,171.52114,0.8695516666666665,0.6211083333333333,1
K01300.01,0.6313329965247201,0.63133171,132.04812745344097,133.94488,0.0478625,0.0478625,1
K01301.01,12.697912491906928,12.69905011,172.35619567962186,184.9868,0.11212124999999995,0.1245791666666666,1
K01301.02,37.502523059578884,37.5142128,189.56281567962185,189.30015,0.3093416666666666,0.2209583333333333,1
K01359.01,37.08080839431358,37.1011418,370.6842291197531,370.4803,0.34722499999999995,0.2314833333333333,1
K01423.01,124.39309401393135,124.4197175,150.73092995180892,150.59616,0.185985,0.1549875,1
K01424.01,1.2195687480898414,1.219568047,132.2404734102792,133.460233,0.058803749999999905,0.0653374999999999,1
K01425.01,2.0538733462162537,2.05388477,131.68304096420667,133.73432,0.09014583333333329,0.0901458333333333,1
K01236.01,35.7416567843651,35.7353616,151.04197147631734,151.1133,0.3537916666666666,0.3537916666666666,1
K01236.02,12.310435455658974,12.30971679,137.634838142984,137.68401,0.22466666666666665,0.2808333333333333,1
K01236.03,53.592848045141665,54.4205407,151.28752772631734,148.70471,0.28529999999999994,0.3566249999999999,1
K01236.04,97.94593901456018,98.353149,225.09422147631733,217.883,0.51475,1.0295,1
K00154.01,27.435470313685755,30.00908916,136.24906758035678,139.70643,0.18374999999999986,0.1312499999999999,0
K01237.01,14.322279053024555,14.32407216,364.4586287246842,364.39537,0.1940708333333333,0.1940708333333333,0
K01238.01,27.08237573156562,27.07237655,138.8337029424793,139.1127,0.4059533333333332,0.2899666666666666,1
K01302.01,55.659327695555525,55.6391882,187.15955649066208,187.55044,0.24386666666666662,0.3048333333333333,1
K01304.01,4.5972734932621,4.59726613,131.87542757750094,136.47837,0.1212083333333333,0.1212083333333333,1
K01602.01,9.975837906950385,9.97716876,137.33393023260834,137.2361,0.2461666666666666,0.2461666666666666,1
K01603.01,3.0216285813858574,3.02168007,133.48528514780813,133.47243,0.09421333333333329,0.1177666666666666,1
K00187.01,30.884724833538247,30.882538697,156.08604825402574,151.5295103,0.24629458333333326,0.2239041666666666,0
K01604.01,72.48362870221288,72.4914068,139.82497988027345,139.77857,0.2107,0.1505,0
K01605.01,4.939202704558907,4.93913074,135.03955557929777,135.05172,0.051075,0.05675,0
K01713.02,2.240489901235281,2.240486703,133.34244668861547,137.82477,0.046626666666666636,0.0582833333333333,1
K01713.01,6.82801113753628,6.82778157,131.76938168861548,131.78839,0.08897249999999997,0.0988583333333333,1
K01715.01,94.51311966,105.0145774,144.9207757550885,228.94455,0.21659166666666665,0.3094166666666667,1
K01716.01,4.880762861953849,4.88084456,136.21118826069923,136.19585,0.09590249999999997,0.1065583333333333,1
K01717.01,10.56135046851949,10.56137217,133.76999622936853,133.76396,0.09521458333333331,0.1360208333333333,1
K01718.01,67.63976029467472,67.6690554,198.50355626871567,198.19427,0.4777999999999999,0.3981666666666666,1
K01718.02,138.0138651,153.348739,265.8178687687157,190.5347,0.4068333333333333,0.5085416666666667,1
K01488.01,3.9496227651853557,3.949627144,134.61237893010045,134.61096,0.058068749999999975,0.0645208333333333,1
K01489.01,16.006402906852347,16.00460392,140.41068425267136,140.47981,0.18092708333333324,0.1644791666666666,1
K01490.01,3.5566957200303597,3.55650737,133.48788931977447,133.51831,0.28483333333333327,0.3560416666666666,0
K01491.01,3.1487035268471253,3.148661555,353.7803874405028,356.93612,0.07325999999999992,0.0915749999999999,1
K01492.01,0.7054440841267099,0.70544824,131.69595703856643,133.807063,0.07355749999999998,0.1225958333333333,0
K01557.01,3.295709780712089,3.295701024,133.96324493645724,133.966333,0.06850499999999994,0.0761166666666666,1
K01557.02,9.653754385018559,9.65349016,134.8385278531239,134.85555,0.09676333333333328,0.1209541666666666,1
K01557.03,4.943585327778442,5.315954488,133.96393618645726,132.43002,0.06512916666666663,0.0465208333333333,1
K01557.04,1.6478520040561682,1.499144441,132.3173276447906,133.07022,0.07129499999999989,0.0594124999999999,1
K00180.01,10.045751743918451,10.04556377,129.07994996610117,129.09371,0.12010124999999996,0.1334458333333333,1
K01606.01,5.082746662971345,5.082748362,133.2115631194916,133.21176,0.06649499999999997,0.0738833333333333,1
K01607.01,5.006638043215114,5.00673576,134.55930408607907,134.54239,0.07274249999999999,0.080825,0
K01608.01,9.176746295154521,9.17617167,138.67300358713652,138.71393,0.1599074999999999,0.1776749999999999,1
K01608.02,18.349665564619322,19.7383992,138.80272192046985,133.28544,0.22430833333333328,0.2039166666666666,1
K01608.03,232.03005112591094,232.040326,262.29975317046984,262.2531,0.4078333333333333,0.5097916666666666,1
K01609.01,41.72144470277186,41.6980186,169.22297765921275,169.57548,0.3327741666666666,0.2376958333333333,1
K01720.01,59.70947791515412,59.6585348,226.74302866152442,168.08764,0.18380000000000002,0.22975,1
K01721.01,55.73991164240961,52.6298542,147.68642486148826,155.61064,0.1784416666666667,0.2549166666666667,1
K00192.01,10.291465639560204,10.290994129,136.98086636378554,137.0220594,0.160833375,0.17870375,1
K01722.01,14.879520036813581,14.8783945,142.92018651144443,142.96841,0.21848749999999997,0.312125,1
K01723.01,53.66003643,59.6222627,173.91623191355797,138.13805,0.22959999999999997,0.287,1
K01493.01,4.988203183554154,4.9883873,353.26572118551866,358.23526,0.2642208333333333,0.3774583333333333,0
K01494.01,8.196272290554663,8.19596647,136.65967904432716,136.68736,0.10589999999999994,0.1176666666666666,1
K01495.01,15.59683869782537,15.59466045,137.46412858703593,137.5636,0.1682599999999999,0.2103249999999999,1
K00174.01,56.352022934547534,56.35407916,144.86077598647395,144.83768,0.1291837499999999,0.1435374999999999,1
K01496.01,36.13539266961228,36.12895451,388.41429993587747,388.551318,0.13036333333333322,0.0931166666666666,0
K01558.01,34.097006024600304,32.50456309,361.2534989328037,365.358295,0.1027375,0.1027375,0
K01559.01,1.332566328599221,1.332560589,132.05112365835575,133.38311,0.15910124999999994,0.1767791666666666,0
K01561.01,9.086278483915507,9.08590495,172.968179323836,182.08162,0.06906,0.086325,0
K01562.01,0.7845094114600075,0.784512952,352.43823629739614,355.57263,0.07181708333333331,0.1025958333333333,0
K01610.01,0.8837734249278161,0.883778461,131.84219771183106,133.60599,0.07488708333333326,0.0680791666666666,0
K01612.01,2.4650221372336194,2.465024332,122.82140065919285,132.68122,0.0525833333333333,0.0525833333333333,1
K01613.01,15.867120477027324,15.86624787,125.18796279576054,141.08734,0.14166666666666664,0.1770833333333333,1
K00021.01,4.288416985541927,4.288515468,124.13624771144511,121.97268,0.06696375,0.0956625,0
K00188.01,3.7970458759070103,3.797018259,133.50491130147472,133.508776,0.11304000000000002,0.0942,1
K01615.01,1.340599065028293,1.340596782,121.52107319900473,132.24549,0.061814999999999974,0.0686833333333333,1
K01724.01,17.428601215070096,17.42393582,357.71673490157394,148.82614,0.28752500000000003,0.205375,1
K01725.01,9.878348681093591,9.8786461,128.5703430079824,138.41159,0.0788125,0.0788125,1
K01726.01,44.9650281714952,44.96407458,144.5409542362117,144.56002,0.2075416666666666,0.2075416666666666,1
K01727.01,49.728402876267715,49.7700907,160.78527388410245,159.98658,0.6290624999999999,0.4193749999999999,1
K01728.01,12.731096200236168,12.7319385,126.04898430309761,138.73144,0.12879125,0.1839875,0
K01497.01,0.5202239472369387,0.520222869,169.82317214212878,178.14846,0.0509,0.0509,0
K01498.01,5.833772176000151,5.83376197,132.9121736262484,138.74892,0.14995499999999995,0.1666166666666666,1
K01498.02,2.421536240853431,2.42150341,133.82899987624842,133.83517,0.11118749999999995,0.1235416666666666,1
K01499.01,14.16489187102666,14.16400071,140.54842422893316,140.58934,0.16136624999999996,0.1792958333333333,1
K01499.03,5.665445271354309,6.20920207,132.11073297893316,136.87938,0.1428375,0.109875,1
K01563.01,5.487207036153898,5.48711441,356.065779656868,356.0773,0.09766666666666664,0.1220833333333333,1
K01563.02,8.290345030845618,8.29084167,359.66833799020134,359.63666,0.12043333333333328,0.1505416666666666,1
K01563.03,3.205357030443068,3.20539622,354.63839632353466,354.63069,0.08036249999999993,0.0892916666666666,1
K01563.04,16.46194361027782,16.73869035,356.05412549020133,359.41655,0.0999166666666666,0.0999166666666666,1
K00181.01,5.094161247172903,5.093938816,132.04449610629533,139.7178386,0.13104799999999991,0.1638099999999999,0
K01616.01,13.932190530067336,13.93291548,181.2393820516,139.41058,0.12026208333333327,0.1093291666666666,1
K01618.01,2.364376380697544,2.36436762,122.79375419156129,132.25007,0.1264499999999999,0.1404999999999999,1
K01621.01,20.312318200405645,20.31047472,126.45235218107175,146.82534,0.20008874999999995,0.2223208333333333,1
K01626.01,2.534720389462768,2.53475568,353.21631686493436,132.68024,0.17143499999999998,0.1904833333333333,1
K01732.01,43.31619103496718,43.3167427,136.58012043192588,136.57435,0.18731250000000002,0.208125,1
K00193.01,37.59552923961751,37.590298548,150.34224462976226,157.350357,0.10963749999999996,0.1827291666666666,0
K01736.01,30.990643403899597,31.0033072,143.55057167949505,143.29085,0.30642499999999995,0.218875,1
K01500.01,3.3515419264019943,3.351556891,134.2875198323729,134.28439,0.09001874999999997,0.1000208333333333,0
K01501.01,2.6170679029272335,2.617028373,134.02306680027485,134.03294,0.0767249999999999,0.0852499999999999,1
K01502.01,1.8764027515627064,1.876406096,133.1291149882305,133.12761,0.057412499999999936,0.0637916666666666,0
K00175.01,6.714416392533735,6.71425632,120.87237098613187,134.31646,0.1113,0.139125,0
K01503.01,150.31357245878218,150.2412582,138.0215754881402,138.29013,0.6328583333333334,0.4520416666666667,1
K01564.01,53.444302721872965,53.44944498,149.253786062887,149.20185,0.1769699999999999,0.2212124999999999,1
K01565.01,0.4667432707059694,0.466743525,131.6371696726743,133.971123,0.040704999999999936,0.0581499999999999,0
K01566.01,1.7271830985833343,1.727177258,353.63713030275596,355.37033,0.07803749999999998,0.0867083333333333,0
K01567.01,7.2399328251587525,7.24022418,355.0327119716843,355.01243,0.1214708333333333,0.1214708333333333,1
K01567.02,4.646173213735509,4.64622383,354.59628238835097,354.58863,0.09426375000000001,0.1047375,1
K01567.03,17.324667089854383,17.32670445,360.570151138351,360.5083,0.16008750000000002,0.177875,1
K01567.04,44.85459628660088,44.8411168,359.67592822168433,359.87359,0.2950999999999999,0.2459166666666666,1
K01627.01,10.296121194728762,10.29674097,358.7653660711184,132.19453,0.1137166666666666,0.1137166666666666,1
K01627.02,5.93929265353901,5.93919041,353.74919107111845,353.75537,0.08568749999999996,0.0952083333333333,1
K01628.01,19.74676076632525,19.74733983,127.37715054266702,147.10553,0.12916499999999995,0.1435166666666666,1
K01628.02,1.7724371689748633,1.772451066,121.46078137600037,132.08668,0.1024666666666666,0.1024666666666666,1
K00189.01,29.151459798320534,30.360445359,153.18571333391003,148.091546,0.2255025,0.2505583333333333,1
K01629.01,4.40966056834543,4.4096675,123.63128613862692,132.45003,0.08031749999999994,0.0892416666666666,1
K01738.01,4.167896995849201,4.16787814,122.7758196574051,135.28334,0.08300999999999997,0.0922333333333333,1
K01746.01,11.7922711406572,11.79161234,134.49075572989094,134.54064,0.1265,0.1265,1
K01747.01,20.559292083513416,20.55848388,132.9704676349306,133.00401,0.07244999999999999,0.060375,0
K01747.02,0.587376069427485,0.56683399,131.8389738849306,131.7800607,0.043750000000000004,0.03125,0
K01749.01,26.96162822775175,26.964501,145.4162314407199,145.34426,0.14219999999999988,0.1579999999999999,1
K01750.01,7.768627786710404,7.76845639,138.04494434325528,138.06602,0.13833749999999997,0.1537083333333333,1
K01504.01,2.1781411634150105,2.178154348,132.02823378998096,134.203059,0.10171583333333331,0.1453083333333333,0
K01505.01,5.032757519355523,5.03257009,132.26753951836733,137.32638,0.10532499999999995,0.1755416666666666,1
K01506.01,40.42108958642599,40.4286676,139.64978201755517,139.50631,0.2959166666666666,0.2959166666666666,1
K01507.01,21.362897070074784,21.3588236,134.9448897313191,135.07022,0.29115,0.242625,1
K01508.01,22.040477991282298,22.0459163,136.66688665652904,136.47548,0.3044999999999998,0.2174999999999999,1
K01509.01,45.84389768637012,49.6456235,160.65339360904355,153.0806,0.491,0.982,0
K01568.01,1.0089192072437798,1.008917105,352.8404888763361,354.85926,0.06681125,0.0607375,0
K01569.01,13.751910353300437,13.75207851,143.04524737847163,143.03241,0.09610333333333329,0.1201291666666666,1
K01570.01,6.338761433630717,6.33855946,354.8346059158718,354.85104,0.11538999999999999,0.1442375,1
K01632.01,4.59504640100416,4.59489816,124.63162282404303,133.83995,0.09152791666666661,0.1307541666666666,1
K01633.01,32.290688947601076,32.2964275,138.61980242478987,138.52615,0.2660583333333333,0.1900416666666666,1
K01637.01,2.9704634376601002,2.97041801,133.3803996812656,133.39136,0.08388374999999995,0.0932041666666666,1
K01765.01,6.814855559769716,6.814984472,171.73126661997404,134.212391,0.08907762500000001,0.12725375,0
K01770.01,63.914370187112894,63.9354965,163.13789845753226,162.84657,0.2775208333333333,0.5550416666666667,0
K00022.01,7.891440517735747,7.891448838,122.01261696846677,177.2499624,0.1964141666666666,0.1785583333333333,1
K01511.01,2.5788291200043965,2.578852119,133.23151363412236,133.2237,0.08842874999999993,0.0982541666666666,1
K01512.01,9.041895913248222,9.04189129,137.86302664337495,137.86611,0.08134583333333331,0.1162083333333333,0
K00176.01,30.22023366751045,30.22910274,134.72369366567736,134.52081,0.4171937499999999,0.2781291666666666,1
K01513.01,0.7981996776378337,0.798200403,131.5689147020983,133.962079,0.06087,0.0760875,0
K00182.01,3.479436213328979,3.479425638,133.3151648440056,136.797172,0.11493,0.1436625,0
K01571.01,2.928860180559484,2.92878704,353.3432545038702,356.28699,0.13515833333333332,0.1930833333333333,0
K01572.01,9.802826600282367,9.80321143,354.2099022734715,363.98686,0.16731374999999993,0.1859041666666666,1
K01573.01,24.810935248730136,24.81097206,131.69352461280297,156.506971,0.10748333333333329,0.1343541666666666,1
K01641.01,4.853932980283982,4.8538404,135.08945775049045,135.09902,0.1199249999999999,0.1332499999999999,1
K01643.01,11.047141423215434,11.04605365,136.360679878722,136.44056,0.17996249999999997,0.1999583333333333,1
K01644.01,2.6216860106844933,2.621706694,354.73207159448447,131.88227,0.06470000000000001,0.080875,0
K01646.01,3.7201987832673042,3.72020708,133.41549052261567,133.41684,0.07094999999999996,0.0788333333333333,1
K00190.01,11.963842137409763,12.264867364,140.27561627286653,139.304999,0.15788666666666665,0.1973583333333333,0
K01751.01,8.689086029871564,8.689301216,133.67428262920654,133.661284,0.09611249999999993,0.1067916666666666,1
K01751.02,20.997858761543764,20.99757968,132.05367637920654,132.05689,0.11247499999999999,0.10225,1
K01753.01,0.9794374833432228,0.979442525,352.8002510779855,132.42297,0.03449333333333328,0.0431166666666666,0
K00194.01,3.120852266086812,3.120828136,133.21723264206986,139.466594,0.0911583333333333,0.0911583333333333,1
K01754.01,15.136906386059975,15.13590453,176.80836655953814,146.58371,0.10248333333333326,0.0931666666666666,1
K01514.01,1.3993200367657794,1.399326503,132.22164143064632,133.61426,0.0762708333333333,0.0762708333333333,0
K01515.01,1.937032913502519,1.937029968,132.78306499819308,134.72107,0.0613624999999999,0.0613624999999999,1
K01515.02,7.061118500235748,7.06117322,136.27577416485974,136.27344,0.0433583333333333,0.0433583333333333,1
K01516.01,20.55280702063906,20.55331441,139.58167937074646,139.5613,0.1992599999999999,0.2213999999999999,1
K01517.01,40.05411004288221,40.0686713,152.0570472253894,151.80901,0.34343749999999995,0.2453125,1
K01574.01,109.23812014099175,114.73658,149.91605805342738,165.150671,0.40118333333333334,0.5014791666666667,1
K01574.02,191.2004761163583,191.239133,286.2840018034274,286.22034,0.3529583333333333,0.7059166666666666,1
K01575.01,24.334229536382182,24.3282251,140.89022813236292,141.05149,0.30789999999999995,0.2565833333333333,0
K01576.01,10.415757471883763,10.41572666,132.62660086127872,143.04774,0.10394624999999998,0.1154958333333333,1
K01576.02,13.08371497992168,13.08424286,132.65843711127872,132.63129,0.10133666666666663,0.1266708333333333,1
K01647.01,14.970672346169296,14.97031664,134.47818301763556,134.50507,0.22064999999999993,0.2451666666666666,1
K01647.02,29.92753993752745,32.2753853,149.72564135096889,149.046,0.4670249999999999,0.3592499999999999,1
K01648.01,38.32804141442066,38.3262237,142.05031464564223,142.08401,0.07682499999999998,0.1280416666666666,1
K01649.01,4.0436156548812825,4.04355245,131.61480956444865,131.62995,0.0573125,0.081875,1
K01760.01,5.524007042952845,5.52418625,135.6512397969795,135.62306,0.11775,0.11775,1
K01760.02,8.774838643694045,8.77514782,133.72229396364617,133.70319,0.0926333333333333,0.1323333333333333,1
K01761.01,10.127403101087786,10.12742274,175.77710226855024,135.26504,0.0584925,0.053175,0
K01762.01,0.8706950415118958,0.870693883,132.08348722668455,132.083949,0.05562791666666663,0.0505708333333333,0
K01518.01,27.51070046721226,27.5071114,151.7557420140372,151.84775,0.2215124999999999,0.2461249999999999,1
K01519.01,5.144363678734348,5.1443645,133.8329325663257,133.83044,0.10136249999999992,0.1126249999999999,1
K01520.01,18.457195003035498,18.45848388,138.21073980788265,138.1635,0.1404291666666666,0.1404291666666666,1
K01521.01,25.948497525654805,25.9421582,156.01852112034808,156.18894,0.23595833333333324,0.1685416666666666,1
K00177.01,21.06404963885073,21.06075303,122.41885076449313,143.59983,0.2842233333333333,0.2186333333333333,1
K00183.01,2.6843147794608835,2.684328541,133.35850219671616,133.3548095,0.12346675,0.1122425,1
K01577.01,2.8062358555061526,2.806243488,133.73237123764102,133.7314,0.06101624999999997,0.0677958333333333,1
K01578.01,2.2719248759279007,2.27190723,132.52156558267748,134.79852,0.20186249999999994,0.2242916666666666,0
K01579.01,7.132685162231891,7.132351753,134.44227963106206,134.473083,0.09891333333333327,0.1236416666666666,0
K01650.01,6.531768222938877,6.53194024,358.1296141788693,136.03223,0.11116999999999999,0.1389625,1
K01650.02,90.74490525,100.8276725,428.13464022053597,216.38757,0.2447083333333333,0.3495833333333333,1
K01651.01,51.32564339274217,51.3011844,153.194057389352,153.52571,0.31260833333333327,0.2232916666666666,1
K01654.01,1.0972153615693128,1.097211085,132.6104045409005,131.517201,0.04881916666666662,0.0697416666666666,0
K01655.01,0.9384706957313486,0.938466959,131.84320719261729,135.600698,0.0542291666666666,0.0542291666666666,1
K00195.01,3.2175006294455724,3.217518511,133.63578012719339,133.6320632,0.09692879166666664,0.0881170833333333,1
K01779.01,4.662673543864311,4.66271902,124.76586142313705,134.08296,0.10338750000000001,0.114875,1
K01779.02,11.815370700017434,11.8150174,121.25286558980372,133.08929,0.09446666666666664,0.1180833333333333,1
K01781.01,7.834720362668761,7.834433676,127.36668655940058,135.222143,0.10837499999999994,0.1204166666666666,1
K01781.02,3.0051339675656394,3.005156911,122.07779739273391,137.103362,0.07780124999999997,0.0864458333333333,1
K01781.03,62.67312316756254,58.0198583,143.0897948927339,151.85007,0.11141666666666664,0.2228333333333333,1
K01522.01,33.38183584696171,33.3856176,149.00165703310427,148.92764,0.18885375000000001,0.2098375,1
K01523.01,8.480948313030876,8.48039789,135.80792042085878,135.85018,0.23433749999999992,0.2603749999999999,0
K01524.01,1.3334005257565242,1.333395306,131.51333775204324,134.18228,0.03959999999999992,0.0494999999999999,0
K01525.01,7.715006493493918,7.71467686,125.8052976944374,133.55635,0.17201624999999993,0.1911291666666666,1
K01525.02,11.806644482231368,11.8061737,126.43713915277073,138.2641,0.16769999999999996,0.1863333333333333,1
K01526.01,4.4445082001497935,4.4444826,133.45514169217162,133.46308,0.13822499999999996,0.1535833333333333,1
K01580.01,21.382411155390983,21.3781146,147.08021446515335,147.2124,0.483975,0.806625,0
K01581.01,29.523076004183952,29.5422566,137.94257255708422,137.57837,0.4633999999999999,0.5792499999999999,1
K01581.02,132.90345416744483,144.551628,182.1052663070842,265.9401,0.4149749999999999,0.6916249999999999,1
K01583.01,8.046806336240891,8.04727721,137.2513582485137,137.2073,0.19346249999999998,0.2149583333333333,1
K01584.01,5.870699337521455,5.87063416,137.24406494578656,137.24813,0.08578666666666665,0.1072333333333333,1
K00191.01,14.510259679178125,15.358767771,142.18723662069817,132.385085,0.08588124999999995,0.1717624999999999,1
K00191.02,2.4184030394180134,2.418406841,132.50618057903154,132.505587,0.07778999999999998,0.0864333333333333,1
K00191.04,36.27467335869208,38.6520796,159.1383534956982,164.04455,0.11681250000000001,0.233625,1
K01659.01,29.541926360799852,29.5390897,143.86063040540816,143.91607,0.20694999999999994,0.1724583333333333,1
K01661.01,0.9477320947944552,0.94773253,121.02080154703278,137.12993,0.05881666666666664,0.0735208333333333,0
K01662.01,0.7840275481778672,0.784031658,131.81840008219064,133.38391,0.038865,0.0323875,0
K01459.01,0.6920167796655493,0.692015479,131.72930261050303,133.114177,0.037716666666666634,0.0471458333333333,0
K01460.01,17.043721714169592,17.0421346,363.9234972434982,363.97428,0.25023333333333325,0.3127916666666666,0
K01461.01,7.946636590328161,7.94671044,132.76758055126143,140.708207,0.09472999999999993,0.1184124999999999,0
K01462.01,3.7477583266045955,3.74781242,355.323923754663,355.31325,0.15286249999999993,0.2183749999999999,0
K01528.01,3.9895912534300306,3.989544192,134.09087592566803,134.0989,0.05966249999999994,0.0662916666666666,1
K01529.01,17.974302336431343,17.9776037,147.85058645090623,147.7515,0.2494375,0.191875,1
K01529.02,11.984518857277978,11.8693144,141.77811145090624,137.721,0.13571249999999993,0.1938749999999999,1
K01530.01,12.98525189690155,12.98494603,126.7844931108187,139.78207,0.12936375,0.1437375,1
K00184.01,7.301091900411281,7.300735516,137.17869840106127,133.5664741,0.21702187499999995,0.2411354166666666,0
K01585.01,19.176111235588245,19.17893976,139.8282095639075,139.74552,0.23576666666666662,0.2143333333333333,1
K01586.01,6.991395543798332,6.99130452,135.45702825251075,135.46291,0.08087999999999994,0.0898666666666666,1
K01588.01,3.5174606558948627,3.517494725,132.03706903874433,135.546724,0.05864625,0.0651625,1
K01665.01,6.933498741396708,6.93365167,137.0995318658152,137.07375,0.1535999999999999,0.1919999999999999,1
K01669.01,54.933623190000006,61.0373591,132.45509442466715,175.17671,0.27926666666666666,0.3490833333333333,1
K01672.01,33.8606105290434,33.8677783,137.65060230175104,137.51532,0.217,0.155,1
K01463.01,1072.144591777727,1064.2680956,243.03965818521777,144.086072,0.24066875,0.4813375,0
K01464.01,2.113222853997262,2.113202658,354.21040551229544,356.32832,0.13212749999999995,0.1468083333333333,0
K01467.01,1.157787039181205,1.157808038,352.4432105030718,354.74488,0.0917625,0.1529375,0
K00178.01,6.142822316470096,6.14281498,122.87004359729926,135.16169,0.17339999999999994,0.1926666666666666,0
K01531.01,5.699255461077537,5.69919592,125.18047079416817,136.58738,0.08964749999999998,0.0996083333333333,1
K01532.01,18.114916627085144,18.11473813,147.47771311923506,147.4904,0.19764749999999995,0.2196083333333333,1
K01533.01,6.2412302141183496,6.24145791,134.9159831034593,134.88892,0.11624249999999997,0.1291583333333333,1
K01534.01,20.42762761095977,20.4222447,126.39645849883345,146.9837,0.31099999999999994,0.2591666666666666,1
K01534.02,7.6383825780025,7.63846084,122.97944183216678,138.24557,0.14838749999999998,0.164875,1
K01589.01,8.725630587314644,8.72585478,138.78997367905745,138.76838,0.14909999999999993,0.1863749999999999,1
K01589.02,12.884188808585685,12.88291395,135.11865492905747,135.18736,0.14189999999999997,0.2365,1
K01589.03,27.427380342202976,27.4345973,145.27206742905747,145.12322,0.2938833333333333,0.2099166666666666,1
K01589.04,4.362843106502611,4.22453631,134.4184632623908,135.42908,0.1303333333333333,0.1303333333333333,1
K01589.05,44.552110237768844,44.5520266,160.29952992905746,160.29386,0.225,0.25,1
K01677.01,52.067998457481956,52.069002,178.1693752029012,178.15525,0.1253708333333333,0.1253708333333333,1
K01680.01,5.082399158718658,5.0825188,132.975465850851,132.95792,0.11093333333333329,0.1386666666666666,0
K01683.01,9.115208119512548,9.11500269,133.95303075630517,133.97523,0.17092499999999994,0.1899166666666666,1
K01468.01,8.479868655263285,8.48031942,135.90513075043447,135.85217,0.24323333333333327,0.3040416666666666,0
K00172.01,13.721434683278986,13.7223682,137.88402126580095,137.84083,0.19211625000000002,0.2134625,1
K00172.02,265.3731514571576,242.467406,380.0407323074676,150.85827,0.3735666666666666,0.5336666666666666,1
K01469.01,3.582112663799484,3.582076914,355.5116495535821,355.515064,0.12899833333333333,0.1842833333333333,0
K01470.01,15.433650375604605,15.43400996,363.3066327707606,363.29494,0.14190666666666665,0.1773833333333333,1
K01471.01,1.7809749907021144,1.780984316,170.70648811204362,177.8249,0.07243333333333328,0.0905416666666666,0
K01535.01,70.66771585438691,70.6981724,188.93105076083708,188.56795,0.38686666666666664,0.2763333333333333,1
K01536.01,3.74441848852395,3.74443645,122.32673079889042,133.55997,0.10946624999999993,0.1216291666666666,1
K01538.01,10.580415435260706,10.581581895,174.62794060643208,183.008458,0.22230966666666663,0.2778870833333333,0
K01539.01,2.8194097760512817,2.819453322,133.8753904387579,133.870141,0.12870374999999992,0.1838624999999999,0
K01590.02,2.355722203136611,2.35574505,170.82441646887227,177.88824,0.05986666666666664,0.0748333333333333,1
K01591.01,19.65448731901535,19.65639342,140.35640168279988,140.29937,0.16129999999999994,0.1344166666666666,1
K01684.01,62.384709228309674,62.81584402,156.39578052404224,151.47691,0.1569225,0.1120875,0
K01685.01,70.3932772390281,70.468171,189.68447595695454,189.15822,0.38809166666666656,0.2772083333333333,1
K01686.01,54.10158747331424,56.86716792,183.41759256851276,157.2619128,0.088125,0.17625,0
K01687.01,3.932478105472029,3.93246069,132.55083453797815,132.55435,0.08161124999999994,0.0906791666666666,1
K01688.01,0.9210395349761112,0.921030497,132.02263786380414,132.03171,0.10865416666666658,0.1086541666666666,1
K01692.01,5.960359421686277,5.960400011,137.27139057444606,137.265171,0.10731375,0.1192375,1
K01692.02,2.461056037577471,2.46106962,133.32311932444605,133.32138,0.0819,0.091,1
K01472.01,92.25646998524084,85.3514875,216.98906805704559,161.007608,0.2250133333333333,0.2812666666666666,1
K01474.01,71.1503903287232,69.72646639,132.00916347925926,196.093243,0.21686583333333323,0.1549041666666666,1
K01475.01,1.6093080175826517,1.609321941,170.90022744927643,178.94178,0.06025124999999997,0.0669458333333333,1
K01475.02,9.512344680862517,9.51220046,175.9537203659431,185.47893,0.11061374999999996,0.1229041666666666,1
K01475.03,4.8279931891249745,4.72941177,170.8871497409431,132.93871,0.0651583333333333,0.0930833333333333,1
K00003.01,4.887723276555946,4.887803076,124.83044099080081,124.8130808,0.10828354166666662,0.0984395833333333,1
K00020.01,4.437880263620599,4.437962934,122.19325500705999,171.0091259,0.21533095833333327,0.1957554166666666,1
K00179.01,20.731562736268287,20.74028645,143.05341778780843,142.80003,0.6063108333333334,0.4330791666666667,1
K00179.02,587.4107955573564,572.376632,633.8516079961419,306.51006,0.50875,1.0175,1
K01540.01,1.207841790020644,1.207852845,169.7658197352555,178.2142,0.089505,0.149175,0
K01541.01,2.3793056478845274,2.379282197,132.45105681526374,133.651365,0.1322041666666666,0.1322041666666666,0
K01541.02,60.677471557952416,66.34455122,189.54007389859703,153.314206,0.2123333333333332,0.1516666666666666,0
K01592.01,26.059029304304424,26.0692512,143.39760376263965,143.12549,0.4367416666666666,0.3119583333333333,0
K01593.01,9.694841582052746,9.69501146,172.7733083809144,182.45413,0.10312499999999998,0.1145833333333333,1
K01593.02,15.381861737449206,15.3825394,169.86087088091438,139.07648,0.1589583333333333,0.1589583333333333,1
K01594.01,1.8189339399408666,1.818939148,133.12520809613628,133.12299,0.0684999999999999,0.0684999999999999,0
K01595.01,40.120579564078625,40.1097817,141.92059910952554,142.08227,0.2821866666666666,0.2170666666666666,1
K01693.01,3.4037277846470184,3.403743926,133.83369035544223,137.232574,0.04379958333333331,0.0625708333333333,0
K01700.01,8.037689014558442,8.03753796,139.34351838224305,139.3582,0.10919249999999991,0.1213249999999999,1
K01701.01,2.439013528301113,2.43902575,121.39155756981441,133.58474,0.0483249999999999,0.0483249999999999,0
K01476.01,56.33733202368966,56.3587987,222.59750852068055,222.31819,0.4040749999999999,0.2886249999999999,1
K01478.01,69.25962645317463,76.13622222,133.331516070769,199.476237,0.16540208333333334,0.3308041666666667,1
K01479.01,4.988645754427886,4.9883872,353.21653761469804,358.2335,0.26664166666666667,0.3809166666666666,0
K01542.01,2.586870367224483,2.586878667,120.88520987850377,133.817008,0.1797075,0.256725,0
K01543.01,3.96413315535949,3.964333304,134.08542194071123,136.029542,0.1963999999999999,0.1963999999999999,0
K01545.01,5.910522208265334,5.910371418,354.35722409258887,360.2852478,0.1620674999999999,0.1620674999999999,0
K01545.02,5.910263180161205,5.91039905,354.3861025925889,132.7277844,0.1924999999999999,0.1604166666666666,0
K01596.01,5.923514696550025,5.92365747,134.69543671666503,134.68361,0.1095916666666666,0.1095916666666666,1
K01596.02,112.51364305888187,105.3582299,194.03548629999835,138.68069,0.206375,0.15875,1
K00186.01,3.2433108024967616,3.24325988,133.6539535528363,133.6690203,0.151659,0.1263825,1
K01598.01,56.43014828427916,56.4758069,144.4650601656606,143.81128,0.347725,0.248375,1
K01598.02,88.73816957928425,92.8747294,143.82883308232726,145.93535,0.24913333333333335,0.3114166666666667,1
K01598.03,14.118690200400797,13.93068791,143.84778724899394,134.42851,0.13486666666666663,0.0963333333333333,1
K01702.01,1.5381796198286057,1.538180949,170.2785338074933,131.822823,0.04738124999999997,0.0526458333333333,1
K01704.01,10.418486808904058,10.4188915,137.77629551076214,137.74971,0.11275875,0.1252875,1
K01705.01,20.493331504140077,20.4998763,132.06773292385,131.82068,0.379225,0.270875,1
K01706.01,1.9214479732384109,1.921437488,131.80163634533199,131.806204,0.06348666666666664,0.0793583333333333,1
K01707.01,96.13817505214126,96.109323,187.52272224592912,187.699,0.4115416666666667,0.4115416666666667,1
K01707.02,279.16900363213205,265.47847,389.0687347459291,151.0673,0.2998333333333333,0.4283333333333333,1
K01480.01,20.38200650545821,20.38174802,142.3046245845381,142.31499,0.14220749999999996,0.1580083333333333,1
K01481.01,5.101310157240502,5.101375725,357.49017349402084,357.48217,0.0973125,0.108125,1
K01482.01,17.7957886868275,17.7940049,365.29222422559644,365.34666,0.1193208333333333,0.1704583333333333,0
K01484.01,3.4701925228874217,3.47021401,352.63609886089745,356.09943,0.08583750000000001,0.095375,0
K01548.01,2.139354255498648,2.139325409,132.9152611258216,135.062261,0.08183,0.1169,0
K01550.01,2.233807249169974,2.233799622,132.48098802687576,134.720709,0.10133333333333328,0.1266666666666666,0
K01551.01,31.133975574945,31.13862664,353.7417155229305,415.9492,0.10933749999999995,0.2186749999999999,0
K01599.01,20.408178361865733,20.4074846,140.1484553110021,140.1821,0.22097500000000003,0.3682916666666667,1
K01599.02,13.61905840366528,13.6164547,140.77310947766875,140.93263,0.15093749999999995,0.2156249999999999,1
K01600.01,12.36499973546634,12.36564669,140.95611540621042,140.92029,0.10628333333333331,0.1518333333333333,0
K01601.01,10.350621145640512,10.35078415,133.72728599160763,133.71163,0.23448749999999996,0.2605416666666666,1
K01601.02,62.917509226885066,62.9224936,151.76143182494096,151.6882,0.29100000000000004,0.485,1
K01710.01,14.203042202800294,14.20442616,142.80042340295677,142.7332,0.14617499999999994,0.1624166666666666,1
K01711.01,55.67222131999472,55.673582,136.55761155657268,136.54906,0.12593333333333329,0.1574166666666666,1
K01485.01,0.687894272205585,0.687895191,131.6036081589269,133.66492,0.09087374999999996,0.1009708333333333,0
K01486.01,130.80622596399186,127.2824442,176.76435014151906,163.89,0.26829374999999994,0.2981041666666666,1
K01486.02,30.182586806501618,30.1837021,146.67505847485242,146.64675,0.22046249999999998,0.2449583333333333,1
K00173.01,10.060877559671308,10.06083238,138.96022973802994,138.96723,0.17144249999999994,0.1904916666666666,1
K01487.01,2.929307613887759,2.92928244,121.99663198954876,133.72275,0.16985,0.2830833333333333,0
K01553.01,51.45673627071377,52.75878505,132.26083321408143,156.306351,0.1385770833333333,0.2771541666666666,1
K01554.01,1.332588330214811,1.332564478,353.2521184351752,354.58908,0.15081249999999996,0.2513541666666666,0
K01555.01,41.070715373608344,41.0772969,379.24006772797185,379.12848,0.18416666666666665,0.2302083333333333,0
K01556.01,145.57830577366332,135.9121619,201.41071206292239,277.33,0.21105,0.2345,0
K01952.04,42.48848875153657,42.4729078,145.988229159691,146.28712,0.3022083333333333,0.3022083333333333,1
K01952.01,8.010293638043898,8.0103929,135.32102582635767,135.31823,0.16017374999999998,0.1779708333333333,1
K01952.02,27.6655241571171,27.6666375,143.89248124302435,143.86343,0.2105,0.263125,1
K01952.03,5.195693993087169,5.19559398,132.71493332635768,132.72178,0.14054999999999992,0.1561666666666666,1
K01955.01,15.17118985786846,15.17026921,132.62195108927543,132.6655,0.16241624999999998,0.1804625,1
K01955.02,39.439229492814945,39.4576228,136.80827754760875,136.47398,0.5574916666666666,0.3982083333333333,1
K01955.03,1.644215623775712,1.644221032,131.75479004760876,131.75241,0.10920749999999993,0.1213416666666666,1
K01955.04,26.235581915678083,26.2347447,141.9727733809421,141.99379,0.1031333333333333,0.1473333333333333,1
K01958.01,17.816620965407324,17.8159689,134.45322766489588,134.4832,0.12254999999999991,0.1531874999999999,1
K01959.01,36.503304272389414,36.5157639,151.66086328166585,151.28989,0.2286062499999999,0.1524041666666666,1
K02032.01,14.079228317449138,14.07969236,125.90466726878415,139.96053,0.05156249999999994,0.0572916666666666,1
K02033.01,16.539405536121755,16.54081386,134.01472963746778,133.95274,0.10831666666666659,0.1083166666666666,1
K02034.01,3.6093119738648163,3.609313059,353.957579452893,133.79024,0.06656999999999993,0.0739666666666666,1
K02034.02,2.4062312755469883,2.3702932,352.7509077862263,133.6801,0.0694166666666666,0.0694166666666666,1
K02035.01,1.931544610880646,1.93155546,122.11209369797298,131.76708,0.06725,0.06725,1
K02036.01,8.41081952161535,8.41100305,133.8190291363585,133.79856,0.09207374999999994,0.1023041666666666,1
K02036.02,5.795434824275916,5.79529495,136.7566035113585,136.77974,0.08519999999999994,0.0946666666666666,1
K01825.01,13.520987705191327,13.52252364,142.26051599145416,142.17932,0.1827375,0.166125,1
K01826.01,134.28777778995212,134.2520474,182.5487195358413,182.70534,0.4531799999999998,0.3776499999999999,1
K00199.01,3.2687444660086973,3.268695042,134.20153876503366,137.4817205,0.17259399999999997,0.1438283333333333,1
K00199.02,8.78349558928128,8.78458274,135.4546301817003,135.37812,0.2422124999999999,0.2691249999999999,0
K01828.01,99.588702235009,99.7468804,208.9213274011537,208.39688,0.36854999999999993,0.2835,1
K01829.01,22.842701036594917,22.84156293,184.28023195913897,138.632,0.08665666666666663,0.1083208333333333,0
K01829.02,9.78874169890147,10.3482112,171.30152570913896,136.63763,0.060929166666666625,0.0870416666666666,0
K00205.01,11.71936574191533,11.720123999,142.21976394845476,142.173999,0.15019499999999986,0.1251624999999999,1
K01890.01,4.336318715182732,4.33643506,120.86706599884654,133.85442,0.15541875,0.1726875,1
K01891.01,15.953726900091299,15.95541913,143.36813761374484,143.30236,0.199255,0.1660458333333333,1
K01891.02,7.978164558603247,8.25980352,135.27616511374484,137.47021,0.13419999999999999,0.122,1
K01892.01,62.619861719888014,62.5613879,177.27898733888208,178.40847,0.24612499999999987,0.2461249999999999,1
K01960.01,8.968765144400907,8.96847034,139.37206830578782,139.39473,0.14691,0.1836375,1
K01960.02,22.421321064554107,23.2218115,143.8775333057878,151.06904,0.16006666666666663,0.1143333333333333,1
K01961.01,1.9077959599460512,1.907810683,122.10214956848189,131.63784,0.0779458333333333,0.0779458333333333,1
K01961.02,83.57855936566274,76.642481,180.53576061014854,143.224,0.31943333333333324,0.2281666666666666,0
K00213.01,44.861905746954974,48.118812545,133.89878201450028,170.8396102,0.175986,0.2199825,0
K01965.01,2.5146218552578685,2.514628496,132.90936282701315,132.90904,0.06089624999999991,0.0676624999999999,1
K00219.01,8.024620788826168,8.025118521,132.50762595708932,132.469133,0.2684699999999999,0.2237249999999999,1
K02037.01,73.71051052835793,73.7578875,405.00910092235966,183.72348,0.15691666666666662,0.1120833333333333,1
K02038.01,8.304959594974722,8.30537702,139.78792513335864,139.7437,0.10940416666666661,0.1562916666666666,1
K02038.02,12.512993604014456,12.51353325,139.4512105500253,139.42461,0.1254458333333333,0.1792083333333333,1
K02038.03,18.769829669752767,17.9134215,133.16696471669198,135.52921,0.1818333333333333,0.1818333333333333,1
K02038.04,25.029306518555575,25.2149143,151.85228138335864,152.6912,0.14400000000000002,0.24,1
K01830.01,13.227878883039956,13.22714056,142.16538818742072,142.20251,0.12322874999999997,0.1369208333333333,1
K01830.02,214.4869316850839,198.7106251,339.4368056874207,156.51819,0.46789166666666654,0.3599166666666666,1
K01831.01,51.79824855944324,51.8098276,183.08882591818826,182.97335,0.29072083333333326,0.2642916666666666,1
K01831.02,4.385349826666605,4.38536428,134.84150216818827,139.22548,0.1046916666666666,0.1046916666666666,1
K01831.03,34.19089019366294,34.205785079,148.95801966818826,148.8050925,0.2153791666666666,0.2153791666666666,1
K01831.04,13.156147922159303,13.97945055,139.21029675152158,142.33829,0.0770312499999999,0.0513541666666666,1
K01893.01,3.5548523232056928,3.554856338,131.80541815547173,131.80398,0.07876499999999995,0.0875166666666666,1
K01894.01,5.287346114413566,5.28790754,124.85542795955224,135.36119,0.28424666666666665,0.3553083333333333,1
K01895.01,8.457590225614934,8.45746636,133.8603900025594,133.87132,0.08589749999999995,0.0954416666666666,1
K01895.02,17.282181148245105,17.28116957,135.96230625255942,136.00718,0.12966249999999999,0.117875,1
K01895.03,34.56382529987691,32.1340014,153.2535625025594,142.27582,0.11212499999999989,0.1121249999999999,1
K01897.01,53.79402897,59.7711433,148.9676560711976,148.96886,0.18161249999999993,0.2017916666666666,1
K01967.01,4.417683424521227,4.417692516,133.96124693977163,133.96139,0.06775416666666662,0.0967916666666666,1
K01968.01,10.08786076056594,10.08744556,135.10489123856456,135.13582,0.11206499999999994,0.1245166666666666,1
K01969.01,16.343787891889864,16.34355902,145.03698985940648,145.04116,0.20527499999999996,0.2280833333333333,1
K01970.01,21.96370150466186,21.96401646,133.0423268289253,133.03586,0.10315874999999997,0.1146208333333333,1
K01970.02,115.30650083268557,125.602323,215.36594078725864,215.4336,0.20722916666666663,0.2960416666666666,1
K02039.01,5.425715999140963,5.42586901,135.88414545520268,135.86589,0.09503249999999994,0.1055916666666666,1
K02039.02,0.7621337918120582,0.762132307,131.616858788536,131.61542,0.0508333333333333,0.0508333333333333,1
K02040.01,19.58553783721094,19.58561177,132.3674393165994,132.36472,0.058499999999999996,0.073125,1
K01832.01,4.544424747179611,4.544436472,134.90221535081278,134.90159,0.06802875,0.0755875,1
K01832.02,13.632468112672344,12.76220558,139.48561597581278,143.73026,0.09481999999999999,0.0862,1
K01832.03,36.35695280505955,38.7149617,143.97140347581276,134.0313,0.10036249999999992,0.1433749999999999,1
K01833.01,3.692941324401884,3.69298623,132.7433168479656,132.73624,0.06653999999999997,0.0739333333333333,1
K01833.02,7.684302852385295,7.68433346,133.36236309796558,133.36007,0.041842500000000005,0.059775,1
K01833.03,5.709533431087234,5.70940795,137.10484768129893,137.12208,0.0675833333333333,0.0675833333333333,1
K00206.01,5.33361510327114,5.334082429,132.0306047626575,131.981761,0.28520249999999997,0.259275,1
K01898.01,6.498198367540726,6.4980147,122.98796218388016,136.00108,0.1016,0.1016,1
K01899.01,19.761108823765703,19.76169247,135.19372876012804,135.17794,0.1303233333333333,0.1629041666666666,1
K01900.01,5.184990001952954,5.18498961,131.88193856643912,131.8814,0.08023874999999994,0.0891541666666666,1
K01901.01,84.76814904788374,85.6542476,163.08223474987102,155.12346,0.17164999999999997,0.2860833333333333,1
K01971.01,19.33068391423898,19.32945602,133.2272946881529,133.26717,0.14227499999999998,0.1580833333333333,1
K01973.01,3.290110910303352,3.290114076,133.15714995839437,133.15709,0.0631291666666666,0.0631291666666666,1
K00024.01,2.086076839702315,2.086075752,120.89781572163051,170.965627,0.08492624999999991,0.0943624999999999,0
K00214.01,3.311842254563321,3.311864148,131.74580481164935,131.7427761,0.06439125,0.0585375,1
K00220.01,2.4220530977589174,2.422084188,132.94747090432836,132.940079,0.11739291666666664,0.1067208333333333,1
K00220.02,4.125013947021521,4.12511935,133.651844445995,133.64014,0.1078874999999999,0.1198749999999999,1
K02043.01,74.97014339953685,78.5461106,176.278964511641,144.06871,0.3982458333333333,0.3620416666666666,1
K02044.01,16.926085008401266,16.92342126,264.1613597942926,145.81407,0.15699,0.1744333333333333,1
K02045.01,5.476591089907004,5.47665801,135.71203906887519,135.70431,0.08493999999999992,0.1061749999999999,1
K02045.02,21.907830243896846,24.2101973,135.6599678188752,141.4698,0.1180083333333333,0.1685833333333333,1
K02045.03,16.42969781185222,16.9348104,141.1972178188752,137.2502,0.09939999999999999,0.142,1
K01835.01,4.58044112270546,4.580346161,134.05902165748415,134.0754,0.06989999999999999,0.087375,1
K01835.02,2.2482680341827312,2.248288213,133.43360978248415,133.425805,0.0763537499999999,0.0848374999999999,1
K01835.03,6.744845650642551,6.76690759,133.42796082415083,136.61633,0.0710916666666666,0.0710916666666666,1
K01837.01,34.16097568052612,34.1732156,137.98867523478603,137.78862,0.27812749999999997,0.1986625,1
K01837.02,1.6829395512843228,1.682934607,131.96379648478603,131.96807,0.0706725,0.078525,1
K01838.01,16.736062028109036,16.7364755,143.15042898450264,143.13606,0.06273749999999993,0.0896249999999999,1
K01902.01,147.26290644348407,137.8645881,200.9883962446504,172.8113,0.11211666666666661,0.0800833333333333,0
K01904.01,12.439779821275287,12.43929428,123.91312270195532,136.37952,0.11909999999999997,0.1323333333333333,1
K01905.01,7.626531115730165,7.62635494,135.99859187954124,136.01585,0.08055999999999992,0.1006999999999999,1
K01905.02,15.253311540757577,15.99560373,143.61028812954123,144.2399,0.08677499999999999,0.144625,1
K01905.03,34.317994061390046,34.2115022,162.73003812954124,154.57508,0.1030625,0.206125,1
K01907.01,11.349660606993814,11.35010642,134.0770385679902,134.04612,0.0949666666666666,0.0949666666666666,1
K01974.01,98.50055373000001,109.4450597,197.98282280025825,197.9832,0.1263999999999999,0.1579999999999999,1
K01975.01,7.560750853250402,7.56052209,172.26470332282173,134.47889,0.14464874999999996,0.1607208333333333,1
K01976.01,12.123219104464866,12.12401737,135.0151325026189,134.955,0.12409124999999994,0.1378791666666666,1
K01977.01,9.387196796231043,9.38740646,137.39873858024367,137.38383,0.060618749999999944,0.0673541666666666,1
K01977.02,7.4155881019258,7.41556471,137.813253163577,137.81512,0.07398749999999997,0.0822083333333333,1
K02046.01,23.917412421122062,23.8990075,150.85756599011063,151.39847,0.7977500000000001,0.6647916666666667,1
K02047.01,6.221335672842657,6.22161107,132.0165743009649,131.99094,0.1421541666666666,0.1421541666666666,1
K02048.01,6.180006143045046,6.17998508,132.71627500574976,132.72278,0.07910249999999994,0.0878916666666666,1
K02048.02,92.6977565658904,99.673478,219.26135917241635,219.33483,0.056466666666666616,0.0403333333333333,0
K02049.01,1.569089453624676,1.569066598,133.02395484892912,133.04032,0.10426124999999997,0.1158458333333333,1
K01839.01,9.591173510498857,9.59068586,123.05672508003879,132.68264,0.12944999999999998,0.1438333333333333,1
K01840.01,7.039722150389133,7.03932913,133.81078857000938,133.85433,0.11713333333333328,0.1464166666666666,1
K01841.01,49.60042195810643,49.6075771,138.54267578088775,138.41517,0.17252083333333323,0.1232291666666666,1
K01842.01,16.841695919829984,16.84183355,138.0002946939903,137.99443,0.09822749999999993,0.1091416666666666,1
K00200.01,7.340566091120383,7.340714946,134.36112777035785,134.3457036,0.14993499999999996,0.1249458333333333,1
K01908.01,12.54991345302059,12.55111099,137.33424200357206,137.26226,0.14342624999999998,0.1303875,1
K01908.02,24.092074014047828,24.0884178,134.30354012857205,134.42178,0.19759999999999994,0.1646666666666666,1
K00208.01,3.003921899267312,3.003879547,131.69707855003813,134.709874,0.12317999999999996,0.1368666666666666,1
K01909.01,12.757338096469612,12.75800092,121.23630626913494,133.95888,0.1742833333333333,0.1742833333333333,1
K01909.02,5.470337050961391,5.47033376,120.55136025984022,131.49548,0.11790374999999993,0.1310041666666666,1
K01909.03,25.513997062402595,25.0985083,121.26123022746829,145.56829,0.16174083333333322,0.1155291666666666,1
K01978.01,6.511289442783245,6.51112385,131.69216696126057,131.70646,0.06344624999999997,0.0704958333333333,1
K01978.02,23.854591130417546,23.85163321,147.52402321126056,147.61456,0.14264249999999984,0.1018874999999999,1
K01979.01,2.7140520733632796,2.714078374,122.86167824976214,133.71179,0.04918124999999997,0.0546458333333333,1
K01980.01,123.69532247313407,122.8799543,149.82609760984755,165.46356,0.4243958333333333,0.3264583333333333,1
K01982.01,4.8876390792280135,4.88753111,132.69466707044333,132.70783,0.0762749999999999,0.0847499999999999,1
K02059.01,6.1471938058314946,6.14728341,122.58934119912298,134.87289,0.10366874999999999,0.1151875,1
K02060.01,2.8001301766341804,2.800111267,132.0454167022296,132.04865,0.034123333333333276,0.0426541666666666,1
K02062.01,34.35252439806202,34.3511339,134.16768150763917,134.19046,0.14802666666666664,0.1850333333333333,1
K00221.01,3.413026404967498,3.413036353,132.44406597799855,132.443054,0.1089024999999999,0.1089024999999999,1
K00221.02,5.896779094938745,5.89661966,134.00986626966522,134.03046,0.1314166666666666,0.1314166666666666,1
K02063.01,3.007163726605553,3.00725068,131.92760072663236,131.90484,0.14767333333333327,0.1845916666666666,1
K01843.01,4.194525374856295,4.194496867,134.13204272556806,134.13511,0.06677624999999997,0.0741958333333333,1
K01845.01,1.970344706823196,1.970340203,131.94899328030618,131.948389,0.06712875,0.0745875,1
K01845.02,5.058193889647638,5.05821338,135.70577307197286,135.702454,0.03301666666666662,0.0471666666666666,1
K01847.01,26.854857041138118,26.85323647,143.2736138321718,143.31303,0.18565416666666662,0.1856541666666666,1
K01910.01,34.25713173215195,34.2685741,147.2141347688303,147.05143,0.2814641666666666,0.2010458333333333,1
K01911.01,5.7530960649182346,5.75321539,136.76908040805444,136.75617,0.06730499999999998,0.0747833333333333,1
K01913.01,5.508643054532202,5.50860699,121.27668958857313,132.2983,0.11545499999999997,0.1282833333333333,1
K01914.01,18.930892152205473,18.93055119,143.2370980994237,143.25058,0.1264499999999999,0.1404999999999999,1
K00215.01,42.9523701985731,42.94386258,155.12385338793038,155.206515,0.2192808333333332,0.1566291666666666,0
K01984.01,22.062393611656137,22.06402,148.97090023130218,148.9199,0.15375,0.1708333333333333,1
K01985.01,5.756324185499233,5.756245244,133.89147556806034,133.903421,0.0401625,0.044625,1
K01986.01,148.5605811268497,148.4601819,151.19364702976574,151.38686,0.32077499999999987,0.2291249999999999,1
K01986.02,7.127869725701752,7.12766417,135.98523036309908,136.00586,0.09341249999999994,0.1037916666666666,1
K01988.01,0.9348825968214155,0.934885365,131.58221454232066,131.580676,0.0586791666666666,0.0586791666666666,1
K02051.01,25.764247031788063,25.7626846,353.76413598032036,147.6963,0.25904999999999995,0.2878333333333333,1
K02051.02,11.031427585294663,11.0317836,362.35842348032037,362.3431,0.19804166666666656,0.1980416666666666,1
K02053.01,13.120452084275183,13.12162167,133.46603923040772,133.39526,0.13551749999999999,0.150575,1
K02053.02,4.612753501550939,4.6126736,123.53325193874105,132.7757,0.11491124999999994,0.1276791666666666,1
K01848.01,49.59139480329309,49.6220669,137.34558101498857,137.10149,0.3911916666666666,0.3009166666666666,1
K01849.01,8.087866820407102,8.08801663,138.74590766937337,138.73516,0.0763916666666666,0.0763916666666666,1
K01850.01,11.550148373381514,11.55103848,134.9631715772682,134.90803,0.1400041666666666,0.1400041666666666,1
K01851.01,4.4697877906837995,4.469754641,131.84084867776517,131.84402,0.06798749999999995,0.0755416666666666,1
K01852.01,15.773995200122275,15.77382794,121.74738132014988,137.53051,0.18588749999999996,0.2065416666666666,1
K01915.01,6.562692715923085,6.56226483,132.5657368456721,132.61123,0.13381333333333328,0.1672666666666666,1
K01915.02,73.43461630470145,67.844689,199.6780630956721,149.5007,0.29392499999999994,0.4898749999999999,1
K01916.01,19.20195382583259,20.67876365,136.51649990890348,151.69245,0.17398125,0.1933125,1
K01916.02,9.599810933780622,9.59993246,126.99311803390349,136.58227,0.16202249999999999,0.180025,1
K01916.03,1.9199943468379432,2.0248205,121.22453428390348,132.35465,0.14874999999999985,0.1062499999999999,1
K00209.01,55.37984363869181,50.79034648,163.0601022034709,135.632759,0.2259875,0.451975,1
K00209.02,18.800143480755153,18.79591276,145.68150553680422,145.821854,0.15673958333333327,0.3134791666666666,1
K01989.01,205.00842401763146,201.118319,299.4935098431441,187.56986,0.5594333333333332,0.4303333333333333,1
K01990.01,24.754765719887367,24.7577652,142.15466664856058,142.06826,0.23326666666666665,0.2915833333333333,1
K01992.01,12.79651764678055,12.7983174,133.75253122799765,133.64979,0.2400375,0.2667083333333333,1
K01992.02,25.601643793277283,27.3214242,146.34258122799764,154.29833,0.2015,0.2015,1
K01992.03,89.54478368197874,85.517344,146.85001247799764,181.351,0.4276708333333332,0.3887916666666666,1
K01996.01,10.132517793996183,10.13200555,355.7762543282857,132.91155,0.10560999999999991,0.1320124999999999,1
K01997.01,38.491300766537705,38.505224,158.54424201035027,158.30491,0.37131249999999993,0.2475416666666666,1
K02055.01,8.678540346369081,8.67890312,133.06489921832144,133.03651,0.13243874999999994,0.1471541666666666,1
K02055.02,4.339509823282388,4.02582434,133.02643963498812,135.42508,0.1402949999999999,0.1169124999999999,1
K02055.03,2.5047636909530198,2.50475282,133.6359727599881,133.63645,0.0890999999999999,0.0989999999999999,1
K02056.01,39.30320668197926,39.3135699,155.16023486086564,154.93767,0.29246583333333326,0.2089041666666666,1
K02057.01,5.9457026351577325,5.94565516,133.98808960247607,133.99359,0.08101499999999995,0.0900166666666666,1
K02058.01,1.52372932121253,1.52373073,131.61716007320962,131.61813,0.04931999999999992,0.0616499999999999,1
K00201.01,4.2254863405378496,4.225384543,133.31067144244128,137.5606891,0.14101899999999998,0.1175158333333333,1
K01853.01,60.08944841684621,60.0853848,153.21977180131364,153.25707,0.23356666666666664,0.2919583333333333,1
K01854.01,43.06000603530057,43.0343364,137.1851106458278,137.69007,0.38330833333333325,0.2737916666666666,1
K01857.01,88.71094325261481,88.6440015,144.9852205408356,145.47193,0.45616666666666666,0.3258333333333333,1
K01917.01,35.00719064475065,35.01190875,150.46484586020796,150.37126,0.16729999999999998,0.1195,1
K01920.01,16.571145711065398,16.57099265,133.90345975831053,133.90704,0.1089449999999999,0.1210499999999999,1
K01921.01,16.00865028728447,16.00496657,135.07968458156753,135.25305,0.32523499999999994,0.2710291666666666,1
K01922.01,1.9545077716258052,1.954525966,132.30178631018418,132.29679,0.0872666666666666,0.0872666666666666,1
K01922.03,105.70551533485762,105.6552651,229.81358547685085,230.09865,0.54775,0.39125,1
K01923.01,7.234115200240242,7.23400381,137.6652413055348,137.67742,0.08118749999999995,0.0902083333333333,1
K01998.01,6.773814151623274,6.77408984,135.99047676487461,135.95524,0.12015208333333327,0.1092291666666666,1
K00216.01,20.17381778222264,20.172024672,141.16168014091065,141.209182,0.09183999999999992,0.1311999999999999,1
K00216.02,7.518372832624584,7.51854537,132.54323264091067,132.53078,0.10668749999999995,0.1185416666666666,1
K02000.01,26.40945388797632,26.41044199,149.4170054366598,149.39541,0.1279791666666666,0.1279791666666666,1
K02001.01,8.277416777916542,8.27745764,121.70304519136401,138.25667,0.10173749999999994,0.1130416666666666,1
K02002.01,14.37459361888605,14.37504582,124.70897216257165,139.05924,0.12029999999999995,0.1336666666666666,1
K02066.01,157.835269544826,147.97391,223.6274225136457,263.08561,0.257025,0.2855833333333333,1
K02067.01,13.244816348310701,13.24503482,128.76628913472507,142.00573,0.16529249999999998,0.1836583333333333,1
K02069.01,77.31642024234785,77.2550726,159.0682659808859,159.32399,0.5532583333333333,0.4255833333333333,1
K02071.01,3.8568861325687203,3.85690686,134.4777416565773,134.47405,0.07803,0.0867,1
K01858.01,125.45468044345294,116.3311739,253.58641100337766,173.68887,0.3219791666666666,0.2927083333333333,1
K01860.01,6.31967317110564,6.31943553,353.3924855530091,132.22892,0.12533249999999996,0.1392583333333333,1
K01860.02,12.21138540628126,12.20951755,360.2270784696758,360.3204,0.1741999999999999,0.1741999999999999,1
K01860.03,3.1597941915081926,3.07644709,353.4004672196758,353.7643,0.12066083333333326,0.1096916666666666,1
K01924.01,2.1191038718700654,2.11913005,122.01418233440337,132.59,0.18979583333333327,0.1725416666666666,0
K01925.01,68.96376693395078,68.958447,179.02585962385626,179.08158,0.15639999999999998,0.1303333333333333,1
K01927.01,51.00314202252788,47.76397728,151.18116152824047,165.041066,0.1869999999999999,0.1699999999999999,0
K01928.01,68.76628205231556,63.0380366,186.33405763431358,169.12161,0.3070916666666666,0.3070916666666666,1
K01929.01,9.69195293657076,9.69315023,123.19796633210645,132.81362,0.2363541666666666,0.2363541666666666,1
K01929.02,3.292725155274504,3.29276797,123.13270508210644,133.00741,0.1802587499999999,0.2002874999999999,1
K02003.01,8.480066802735347,8.48031229,135.87834236043932,135.85319,0.23683333333333328,0.2960416666666666,0
K02004.01,56.19985968053127,56.1886436,146.23980202701824,146.37945,0.1903766666666666,0.2719666666666666,1
K02004.02,3.188987052873881,3.18899015,120.77145619368491,133.52624,0.10207499999999994,0.1134166666666666,1
K02005.01,6.920892579211682,6.92101452,135.65417209206356,135.64343,0.16346624999999995,0.1816291666666666,1
K02006.01,3.273445742439811,3.27344784,134.45198641027986,134.45023,0.064845,0.07205,1
K02007.01,15.380542362124343,15.3789014,127.96944319302966,143.40629,0.19424999999999992,0.1942499999999999,1
K02007.02,21.12535774440805,21.1285655,128.24338069302968,149.27632,0.16049999999999986,0.1604999999999999,1
K01783.01,121.4568648946337,134.4785189,183.1916472352613,169.28141,0.12351666666666665,0.2470333333333333,1
K01783.02,281.9818713308202,284.063137,386.0400343185946,200.83619,0.4839916666666666,0.3457083333333333,1
K01786.01,22.781113830406408,24.68662378,141.6560193371448,137.53976,0.31599999999999995,0.6319999999999999,0
K01787.01,107.66402566074557,98.7179332,213.58013734399321,131.58694,0.13735416666666664,0.2747083333333333,1
K01788.01,68.92093331804504,71.52543938,278.4581816416907,191.69147,0.22195874999999995,0.2466208333333333,1
K00202.01,1.7208485641168199,1.72086129,133.026673638974,133.0209998,0.10121499999999997,0.0843458333333333,1
K01862.01,56.437033085906975,56.4349933,151.38269123265368,151.41082,0.1974208333333333,0.1974208333333333,1
K01863.01,33.77811044040756,33.7888028,153.86034163821807,153.65384,0.3206,0.229,1
K01864.01,3.215106529482197,3.215109385,133.77705670847254,133.77747,0.14550000000000002,0.181875,1
K01930.01,13.729337202904402,13.72710334,124.91428635587542,138.74473,0.27532124999999996,0.3059125,1
K01930.02,24.30079250698236,24.3110031,137.3637213558754,137.0394,0.5114783333333334,0.3653416666666667,1
K01930.03,41.185332855448515,44.4304059,138.68259177254208,143.5462,0.25765,0.4294166666666666,1
K01930.04,9.342106166042697,9.34145925,122.99886260587542,132.38581,0.2059999999999999,0.2574999999999999,1
K01931.01,4.977658357166375,4.97760447,134.6678981470832,134.67304,0.09644625,0.1071625,1
K01931.02,9.955720151399158,10.55840479,134.6395375220832,136.34449,0.09817499999999993,0.1402499999999999,1
K01931.03,6.988127608388257,6.98800953,132.55922502208318,132.56964,0.11636249999999995,0.1292916666666666,1
K02008.01,22.593305174645,24.4851178,140.03537177518956,137.6248,0.2901249999999999,0.1934166666666666,0
K02010.01,25.951363832469617,25.96190067,139.31451434111247,138.96908,0.36593666666666663,0.2613833333333333,1
K01790.01,140.2176381616286,130.3543929,181.7402532793,144.06022,0.2158,0.26975,1
K00196.01,1.855567580579024,1.855557556,131.61022617872445,137.181028,0.11783599999999993,0.0981966666666666,1
K01794.01,3.364451894374779,3.364425589,131.66109670416637,131.66843,0.03867791666666662,0.0552541666666666,0
K01797.01,16.781004723840056,16.78175788,139.83024124246137,139.79356,0.12462,0.155775,1
K01866.01,105.39695442921617,105.3035093,207.02536323861935,207.17015,0.3107,0.2589166666666667,1
K01867.01,2.5495877735251526,2.549562652,132.60300760802195,132.60803,0.06374624999999993,0.0708291666666666,1
K01867.02,13.969782993045897,13.96950181,132.1569978163553,132.17062,0.059516249999999944,0.0661291666666666,1
K01867.03,5.099202078682326,5.21230171,135.1487717746886,132.71052,0.06993333333333328,0.0874166666666666,1
K01868.01,17.76075009987602,17.76076524,137.50649181123893,137.50778,0.06254624999999997,0.0694958333333333,1
K01932.01,22.82929440743886,22.8245144,121.51758929395722,144.46843,0.3584208333333333,0.2757083333333333,1
K01932.02,14.843942085085938,14.8444836,128.76167471062388,143.576,0.2284124999999999,0.2537916666666666,1
K01933.01,49.10288618623114,49.1011093,136.45342959312842,136.47265,0.23778749999999998,0.2642083333333333,1
K02011.01,7.056685693885122,7.05675145,125.48578543452206,132.53512,0.07597874999999998,0.0844208333333333,1
K02011.02,17.264591540249743,17.2653659,135.38955793452206,135.3549,0.16733333333333328,0.2091666666666666,1
K02012.01,34.84611742529957,34.8536903,164.1876817287894,164.04668,0.24442916666666664,0.2222083333333333,1
K02012.02,188.46250191305512,180.921729,241.45215464545606,234.3344,0.5244166666666666,0.3745833333333333,1
K02013.01,2.4143344823516575,2.41434868,122.77774924734285,132.42878,0.04762874999999997,0.0529208333333333,1
K02014.01,2.4660755407229606,2.466070972,171.77423736576432,132.32097,0.05704708333333331,0.0814958333333333,0
K02016.01,4.306390837886378,4.30656389,132.47150759470276,132.44098,0.15415124999999993,0.1712791666666666,1
K01798.01,12.963944877087572,12.964717746,136.17575616400453,136.143342,0.053383749999999994,0.0762625,0
K01799.01,1.7310688357739683,1.731079436,171.1353291827222,134.77977,0.06139666666666664,0.0767458333333333,0
K01800.01,7.794164103775753,7.794302043,121.68428465938439,137.260385,0.06002208333333329,0.0461708333333333,1
K01801.01,14.530788577927636,14.5324483,140.80491084888925,140.72407,0.18258333333333324,0.1304166666666666,1
K01802.01,5.248620066007825,5.248667607,135.52569822523907,135.516708,0.0718875,0.079875,1
K01870.01,7.964544784603623,7.96431492,136.7961191102561,136.81646,0.07031749999999999,0.063925,1
K01871.01,92.76566426730929,92.7297248,177.21664985378746,177.43808,0.3984166666666666,0.2845833333333333,1
K01871.02,32.37129370557386,32.376183,150.49344131212078,150.41557,0.22319499999999995,0.1859958333333333,1
K00203.01,1.4857203126633731,1.485710994,132.7902080667956,132.7935653,0.08577749999999998,0.0953083333333333,1
K01873.01,71.24635365994943,71.3116598,203.93426680076175,132.39239,0.4039291666666666,0.3672083333333333,1
K01873.02,35.66987762636014,34.9168399,203.55862930076174,157.6693,0.3059583333333333,0.3059583333333333,1
K01935.01,15.445554035873165,15.44428875,354.3333706077129,138.1678,0.1126179166666666,0.0866291666666666,0
K01937.01,1.4112312519639287,1.411230023,121.35115018235153,132.641925,0.05371875,0.0596875,1
K01938.01,97.01131929614573,96.9151707,186.4635522740009,187.08955,0.35379166666666667,0.2527083333333333,1
K01939.01,13.475500384786553,13.47472742,133.45092455526213,133.48999,0.1191437499999999,0.1083124999999999,1
K02017.01,2.2950179930021735,2.29503515,121.22405507711068,132.69329,0.062024999999999934,0.0689166666666666,1
K02018.01,27.49380373646602,27.495634,133.33342216608884,133.28538,0.1619333333333333,0.2024166666666666,1
K02019.01,14.086297232496777,14.08826442,179.69529568182168,137.34334,0.19179875000000002,0.1743625,1
K00217.01,3.9050193503851607,3.905081685,133.42812498559883,133.4150433,0.12930958333333326,0.1175541666666666,1
K02020.01,110.99660427842856,110.9643706,186.87244830524787,187.04621,0.37423749999999995,0.5346249999999999,1
K01805.01,6.941359722763638,6.94135824,137.54465887760176,137.5437,0.06299666666666665,0.0787458333333333,1
K01805.02,34.70655099060718,31.7821117,144.4945947109351,134.8645,0.0803333333333333,0.1606666666666666,1
K01805.03,4.362815216456671,4.36273233,135.21858741926843,135.23342,0.08390624999999993,0.0932291666666666,1
K00197.01,17.275296018820658,17.276296682,133.8728571917075,133.839172,0.1644741666666666,0.1644741666666666,1
K01874.01,18.682889876622884,18.6848377,136.2257285926905,136.14587,0.1581874999999999,0.1581874999999999,1
K01874.02,7.416253466432506,7.41634701,135.85979817602384,135.85372,0.08010749999999997,0.0890083333333333,1
K01875.01,9.917848255700532,9.91724268,135.09186948221026,135.1389,0.1343375,0.1343375,1
K01875.02,0.5383510522454458,0.53835407,131.65282198221027,131.64999,0.0626875,0.0626875,1
K01876.01,82.58328377507407,82.5341188,209.04954882900222,209.12763,0.28324333333333324,0.2023166666666666,1
K01877.01,20.16039898832889,20.16037858,124.18212358031164,144.34281,0.13766666666666666,0.1720833333333333,1
K01940.01,10.99437628174835,10.99470891,137.37613720283153,137.35769,0.05973374999999997,0.0663708333333333,1
K01941.01,1.1948115777732642,1.194812329,132.18366813710387,132.18329,0.0574041666666666,0.0574041666666666,0
K01942.01,10.850067707646698,10.84969477,136.71676901565544,136.74432,0.13027499999999997,0.14475,1
K02021.01,3.7642321784607193,3.76417012,354.4289542277344,132.35462,0.07541624999999998,0.0837958333333333,1
K02022.01,5.929835134152852,5.92972237,135.48324755260802,135.49811,0.09442499999999994,0.1049166666666666,1
K02022.02,12.247356947663345,12.2476121,138.23768088594136,138.2196,0.1337083333333333,0.1337083333333333,1
K02023.01,13.591137762039038,13.59051547,133.04122040712994,133.07217,0.12613333333333326,0.1576666666666666,1
K02024.01,42.18990516,46.8776724,161.0920254436973,137.66791,0.2091875,0.418375,1
K01808.01,80.64945485066772,89.1935737,128.6515038789371,217.82184,0.23393999999999984,0.1670999999999999,1
K01809.01,13.093172866043108,13.09390911,131.47094277195862,144.525,0.11402499999999997,0.0950208333333333,1
K01809.02,4.915234905746259,4.915385452,122.88079277195861,132.69448,0.10408874999999994,0.1156541666666666,1
K01810.01,79.81545631525887,87.455958,132.9385856162002,136.23042,0.5324958333333334,0.7607083333333333,0
K01812.01,0.8052591582225878,0.805259257,132.10226957574378,132.100916,0.041488416666666625,0.0592691666666666,0
K01813.01,9.767386973155775,9.76785911,139.47296833558835,139.43968,0.08118374999999993,0.0902041666666666,1
K01878.01,40.81052079971539,40.80957343,142.67195034439334,142.69218,0.10526666666666665,0.1315833333333333,1
K01879.01,22.08533508700151,22.08551599,356.09536518937176,135.23432,0.07242333333333328,0.0905291666666666,1
K01880.01,1.15116549246933,1.151166776,132.08261168633982,133.231766,0.0454458333333333,0.0454458333333333,1
K00023.01,4.693264121274195,4.693305543,125.13012012974208,136.8627229,0.19396837499999994,0.2155204166666666,0
K00204.01,3.2467557784310914,3.246732048,133.37556965273322,133.379165,0.13995208333333325,0.1272291666666666,1
K01945.01,62.12576120715006,62.1385979,161.30040220389046,161.14834,0.25047166666666665,0.1789083333333333,1
K01948.01,26.635747344486575,26.635216,182.18356432402496,155.5577,0.14872499999999994,0.2478749999999999,0
K02025.01,17.8479636000473,17.84850835,148.40306131117399,148.39117,0.22094624999999996,0.2454958333333333,1
K02025.02,23.79421348599665,26.1363443,136.63802297784068,131.61796,0.19287916666666668,0.2755416666666667,1
K02025.03,11.900078655794886,11.1895709,142.37794797784068,140.63504,0.19874999999999998,0.2208333333333333,1
K02026.01,2.758016323741113,2.757977384,120.83648913426549,131.87907,0.0805837499999999,0.0895374999999999,1
K00218.01,18.69417418606211,18.692860599,133.8029924488846,143.8331829,0.178101,0.16191,0
K01814.01,13.731956052436297,14.80075082,125.6048664213187,132.82179,0.2640916666666666,0.2400833333333333,1
K01815.01,3.126864424919809,3.126861192,133.72403516539708,133.724959,0.0496916666666666,0.0496916666666666,1
K00198.01,87.67350662165578,87.24250316,135.9073707924921,153.344695,0.15452249999999992,0.1716916666666666,0
K01818.01,16.876971640390245,16.87725775,138.66186203615513,138.64907,0.14218875,0.1579875,1
K01819.01,12.056524200564045,12.05705659,123.38834266442778,135.41595,0.0977583333333333,0.0977583333333333,1
K01881.01,28.260966315944835,28.26727385,141.0628250938192,140.92561,0.2673941666666666,0.1909958333333333,1
K01882.01,3.7706075626933555,3.770590654,133.38925827985867,133.39088,0.07608749999999995,0.0845416666666666,1
K01883.01,2.7072944062303717,2.7073064,121.59893969829764,132.43068,0.12891749999999993,0.1432416666666666,1
K01950.01,66.43832509957191,66.4159789,387.2162813690188,188.13988,0.3824708333333333,0.2942083333333333,1
K02028.01,57.26227169570771,57.2488518,184.55489621682491,184.6864,0.3041499999999999,0.2534583333333333,1
K02028.02,37.058876224120084,37.0551726,200.12202121682492,200.20176,0.1586375,0.226625,1
K02028.03,146.0448304398287,142.545,255.9166441334916,202.88,0.18229166666666663,0.3645833333333333,1
K02029.01,16.333930143367333,16.33269981,136.84789304782117,136.90909,0.11775833333333328,0.0905833333333333,1
K02029.02,10.0551360211021,10.05550267,122.96679096448784,173.2234,0.11066249999999996,0.1229583333333333,1
K02029.03,6.887033939691938,6.8873113,125.21543888115451,132.0711,0.09225,0.09225,1
K02031.01,9.3045197999773,9.30413878,140.3096121499055,140.33868,0.06417999999999992,0.0802249999999999,1
K01820.01,4.337132698444936,4.33722007,124.19200036268359,132.85152,0.09364874999999995,0.1040541666666666,1
K01820.02,1.6539116396231517,1.653889476,120.60435661268359,132.18845,0.0718416666666666,0.0718416666666666,1
K01822.01,136.5659084800248,150.8783198,205.16575625912412,206.69223,0.3978195833333332,0.3616541666666666,1
K01824.01,3.5539237255283513,3.553831111,123.95993427082718,134.64066,0.11635875,0.1292875,1
K01824.02,1.6783309490536502,1.6783263,120.94698593749385,136.05259,0.09421124999999994,0.1046791666666666,1
K01885.01,5.653873601431541,5.65378163,131.69843842713388,131.71154,0.07306124999999992,0.0811791666666666,1
K01886.01,5.9918640866227255,5.99185827,124.89592300407955,136.88244,0.06455624999999993,0.0717291666666666,1
K01888.01,130.07061975539244,120.0183551,214.28978408928893,134.18742,0.58185,0.484875,1
K01889.01,14.304107485333075,14.30517579,135.12148357498592,135.06301,0.17006249999999998,0.1889583333333333,1
K01889.02,9.182281916552943,9.18189122,132.3719314916526,132.40505,0.14476666666666665,0.1809583333333333,1
K02250.01,2.9353760889482268,2.935362067,353.39649457571113,136.18415,0.05014333333333328,0.0626791666666666,1
K02250.02,0.6262806930725067,0.626281766,352.98490103404447,131.90594,0.0492166666666666,0.0492166666666666,1
K02252.01,13.53815932831024,13.53953595,143.21640955651156,143.15629,0.21945000000000003,0.182875,1
K02253.01,22.71148869611234,22.7082375,133.6211819782667,133.72114,0.20434166666666662,0.1459583333333333,1
K02255.01,7.970602033899224,7.97033985,136.52525145378902,136.55775,0.1111458333333333,0.1111458333333333,1
K02336.01,5.3345514692591935,5.33459393,133.43853413736176,133.43443,0.1100833333333333,0.1100833333333333,0
K02337.01,8.496064101497147,8.49640437,138.75985459846055,138.73595,0.0922,0.0922,1
K02338.01,62.180282095242525,66.1843646,193.64075485516065,141.62259,0.15035416666666662,0.2147916666666666,1
K02339.01,2.0323145692438804,2.032318856,132.64542013745867,132.64394,0.038653333333333276,0.0483166666666666,1
K00239.02,3.7604121784652826,3.62275506,132.9228650125441,132.99267,0.10450499999999995,0.1161166666666666,1
K00239.01,5.640834744653536,5.640676975,132.8943050125441,138.556259,0.10632749999999994,0.1181416666666666,1
K02101.01,2.8922086998523797,2.892216772,132.88294763257267,132.87726,0.05098499999999991,0.0566499999999999,1
K02102.01,182.26691044173242,187.746606,184.76000794424777,157.35064,0.17164583333333333,0.2452083333333333,1
K02103.01,2.5430722478998593,2.543063763,132.67472557389436,132.68159,0.10677375000000001,0.1186375,1
K00223.01,3.177385806938537,3.177414601,134.48581173536274,134.478892,0.05723249999999994,0.0635916666666666,1
K00223.02,41.31211850479212,41.0081117,134.37553465202942,147.03382,0.1823333333333333,0.1823333333333333,1
K02104.01,2.1684645261630515,2.168451063,132.137961302573,132.14107,0.054674999999999994,0.06075,1
K02173.01,37.82099118692199,37.8154157,141.0026678941464,141.10346,0.2525249999999999,0.1942499999999999,1
K02173.02,53.58698146102709,53.5783052,171.06090122747975,171.1857,0.2164166666666666,0.2164166666666666,1
K02174.02,33.46507771628259,33.1362861,177.88285822458184,169.50676,0.08672916666666666,0.1734583333333333,1
K02174.03,7.725238238259955,7.72513619,176.7886373912485,176.80202,0.06806666666666664,0.0850833333333333,1
K02256.01,10.71275603773499,10.71253475,362.1165724599094,137.16499,0.09061999999999992,0.1132749999999999,1
K02257.01,32.569609713878464,32.5635249,163.35478722976535,163.46038,0.29347500000000004,0.22575,1
K02257.02,65.14858782929795,59.284064,195.83008306309867,148.75407,0.3161666666666666,0.2258333333333333,1
K02259.01,12.191887578487064,12.19140405,136.3099711988299,136.33677,0.0784666666666666,0.0784666666666666,1
K02260.01,6.117714591964839,6.11784972,121.39618179762503,133.61873,0.12967499999999998,0.1440833333333333,1
K02261.01,3.975976351190572,3.97599629,133.62855689322714,133.62238,0.08260875,0.0917875,1
K02340.01,7.684592741118207,7.68478504,137.6554287834932,137.64035,0.07137083333333331,0.1019583333333333,1
K02341.01,0.9905316127468917,0.990516282,131.8355193297408,131.84152,0.0673,0.084125,0
K02342.01,15.042977911689091,15.0447098,133.30083428765775,133.20895,0.2183625,0.242625,1
K02342.02,358.4893330782661,354.78194,171.37088428765773,175.7246,0.40374999999999994,0.2691666666666666,0
K02344.01,1.118549730478999,1.118547814,131.7287903193402,132.84826,0.0647249999999999,0.0647249999999999,1
K02105.01,6.422104096674809,6.42199919,134.568021568665,134.58037,0.09821999999999997,0.1091333333333333,1
K02106.01,9.753616569927251,9.75374033,134.07017780850933,134.06014,0.07826666666666664,0.0978333333333333,1
K02107.01,81.29318058289263,81.3153052,176.17754969262916,175.9957,0.3387416666666666,0.2419583333333333,1
K02108.01,46.19551743,51.3283527,146.87375329778953,177.67418,0.27291249999999995,0.3898749999999999,1
K02109.01,19.790904758687542,19.7919389,149.3427265533787,149.30719,0.12623333333333328,0.1577916666666666,1
K02175.01,26.836158935066358,26.8475962,142.52074371251953,142.17023,0.37755,0.4195,1
K02175.02,71.86653333581211,72.3826983,183.1143853791862,179.49813,0.27596666666666664,0.3449583333333333,1
K02177.01,62.90662462072397,62.8917493,138.9695607082508,139.12778,0.2277,0.284625,1
K02179.01,14.871352616810784,14.87149773,360.77904467686346,137.69573,0.09028499999999993,0.1003166666666666,1
K02179.02,2.732782947927536,2.732767897,354.09064217686347,354.09581,0.04163249999999997,0.0462583333333333,1
K00231.01,113.58770830271807,119.8401019,169.01410368553135,161.863461,0.12265333333333328,0.1533166666666666,0
K00234.01,9.61412864218498,9.61375316,132.1619824616569,132.185679,0.17452499999999996,0.1939166666666666,1
K02263.01,31.046266483259735,29.9685917,139.09488772855303,147.8598,0.3339,0.27825,1
K02263.02,9.479798353053985,9.47850818,140.08971272855302,140.16526,0.2051333333333333,0.2564166666666666,1
K02264.01,33.235490779724685,33.2407985,143.58911084595795,143.46683,0.2727083333333333,0.1947916666666666,1
K02265.01,2.975947429066348,2.97600846,132.9907766825516,132.98121,0.14246666666666663,0.1780833333333333,0
K02345.01,15.188311126811385,15.18727049,134.0203939883971,134.05495,0.1690875,0.187875,1
K02346.01,28.695783007113373,28.6853212,159.56524216472303,159.87094,0.3941874999999999,0.2627916666666666,1
K02347.01,0.5879991981821376,0.588001053,132.0609190422447,132.058754,0.04771249999999999,0.0477125,1
K02348.01,82.63027111772873,85.7357202,184.951064682715,170.98121,0.4765625,0.3177083333333333,1
K02350.01,1.078393023017514,1.078389713,132.17107420116756,133.25041,0.05022749999999997,0.0558083333333333,1
K02110.01,5.0373778498234465,5.03728033,124.0223833441932,134.1094,0.07732125,0.0859125,1
K02111.01,3.2897803847787803,3.289726319,131.74535253803387,131.75522,0.0872774999999999,0.0969749999999999,1
K02111.02,7.186551541441555,7.18644594,136.61245003803387,136.62345,0.04990666666666664,0.0623833333333333,1
K02113.01,15.941507427259312,15.94248453,353.6184559659146,146.33157,0.13085249999999995,0.1453916666666666,1
K02113.02,12.331564053202085,12.33087921,361.9413359659146,361.9744,0.11498999999999995,0.1277666666666666,1
K02180.01,11.5552748351054,11.55562042,138.21197941860885,138.19752,0.0628425,0.069825,1
K02181.01,12.28912247179051,12.2885046,141.58758590777845,141.61869,0.09356666666666665,0.1169583333333333,1
K02182.01,17.135075034792074,17.13263125,352.68364330541795,147.1546,0.16550625,0.1273125,1
K02183.01,19.022414662210757,19.0231361,139.68251654335683,139.65988,0.12866249999999999,0.1429583333333333,1
K02183.02,4.579356321306999,4.57948235,135.1167019600235,135.09685,0.1294166666666666,0.1294166666666666,1
K02266.01,1.003939380188801,1.003931703,352.96019221096344,132.09988,0.05385374999999991,0.0598374999999999,1
K02269.01,0.6140842148146952,0.614083885,131.8532230201035,132.46969,0.04499458333333327,0.0409041666666666,0
K02271.01,50.64765045596007,55.8224775,141.31223019845126,169.03741,0.13642500000000002,0.227375,1
K02273.01,6.109993992494067,6.11010439,124.69908512539679,136.91214,0.0964166666666666,0.0964166666666666,1
K00240.01,4.2868529898742445,4.286866229,134.32636192676875,138.614882,0.16772249999999997,0.1863583333333333,1
K02351.01,10.273706277299524,10.27380957,134.6629595076691,134.65748,0.1219499999999999,0.1354999999999999,1
K02352.01,13.391928394104335,13.39155154,133.03520484326512,133.05499,0.11303333333333328,0.1412916666666666,1
K02352.02,5.6292895963175855,5.62904396,123.45516734326512,134.74679,0.12431666666666663,0.1553958333333333,1
K02352.03,8.256436330037728,8.2562857,121.40395525993179,137.9267,0.06792666666666664,0.0849083333333333,1
K02114.01,4.421645769968204,4.421566535,132.17203928610206,132.18465,0.07960874999999994,0.0884541666666666,1
K02115.01,15.72369093938315,15.72585941,448.57522000379157,133.98774,0.19141999999999995,0.1595166666666666,1
K02116.01,1.2527571927229137,1.252753881,131.9149361455917,133.17054,0.0894666666666666,0.0894666666666666,1
K02117.01,13.36021633611407,13.36019864,131.80912872686343,131.81481,0.10454999999999995,0.1161666666666666,1
K02185.01,76.98128606175239,76.957056,192.14158305608265,192.33682,0.31836666666666663,0.3979583333333333,1
K02191.01,8.847504275116046,8.84784273,140.18312628473748,140.15085,0.09428833333333325,0.0857166666666666,1
K02274.01,9.989447705382897,9.98970266,173.73513962584934,133.76102,0.12333333333333327,0.1541666666666666,1
K00235.01,5.632594740818212,5.63252508,133.80879441008477,133.81818,0.08042999999999993,0.0893666666666666,1
K02276.01,1.513058473544319,1.442592305,120.94730324602212,134.07188,0.17323833333333324,0.1237416666666666,1
K02278.01,14.173113233554417,14.17222858,142.55732705180952,142.60134,0.09861374999999996,0.1095708333333333,1
K02278.02,4.920151738136439,4.92031063,135.42372038514287,135.40577,0.15172499999999997,0.1685833333333333,1
K02358.01,56.50584926816178,56.4931698,143.85832812966586,143.99262,0.3264,0.3626666666666667,1
K00241.01,13.823191945342433,13.82142084,131.70327405321822,131.79237,0.21585416666666657,0.1660416666666666,1
K00241.02,30.9481252917909,30.9505927,153.89742613655156,153.84507,0.22475,0.22475,1
K00241.03,3.4552897946926344,3.41045981,131.79892613655156,131.58062,0.13135833333333324,0.1194166666666666,1
K02360.01,2.3036706177232515,2.30367952,133.7655693091866,133.76909,0.10299333333333327,0.1287416666666666,0
K02360.02,1.151843663985761,1.1518407,132.6141943091866,132.6197092,0.1054166666666666,0.1054166666666666,0
K02361.01,5.783914593753983,5.78387049,135.57357376316634,135.5798,0.05237249999999994,0.0581916666666666,1
K02362.02,11.084959356704735,11.08507658,355.04562564411265,355.03627,0.06566249999999997,0.0729583333333333,1
K02362.01,2.2371569980073684,2.237180102,352.93134564411264,133.68185,0.0613916666666666,0.0613916666666666,0
K02119.01,0.5710405045320012,0.571038347,131.6510780551431,131.653752,0.0469458333333333,0.0469458333333333,1
K02120.01,8.774180392727933,8.77425786,132.34169283673273,132.33386,0.07414999999999991,0.0926874999999999,1
K02121.01,4.510133209394573,4.51005082,134.55346782592207,134.56954,0.08074874999999997,0.0897208333333333,1
K02122.01,37.64093483930769,37.6468519,161.56723340949188,161.46355,0.23789999999999997,0.2643333333333333,1
K02123.01,29.462825823437168,29.4557841,154.0293896598884,154.17062,0.20130833333333323,0.1437916666666666,1
K00232.01,11.533034747018545,12.466004437,139.74216171187058,134.003258,0.14602583333333333,0.2086083333333333,1
K00232.02,5.765881509838116,5.766165573,134.05086546187056,134.01725,0.14367749999999996,0.1596416666666666,1
K00232.03,23.0650521439585,21.58752788,151.3078512952039,142.96728,0.14989333333333327,0.1873666666666666,1
K00232.04,40.37159443199858,37.9962369,151.17446775353724,162.97984,0.2822958333333333,0.2822958333333333,1
K00232.05,51.88405017180754,56.2590881,168.7186337952039,164.21993,0.27046666666666663,0.3380833333333333,1
K02193.01,2.3617208516327675,2.361724472,133.2415027107672,133.23932,0.0506958333333333,0.0506958333333333,1
K02194.01,34.771137759424995,34.7630543,161.5947301910845,161.74217,0.25135833333333324,0.1795416666666666,1
K02194.02,67.95798022589175,67.968656,163.66880727441784,163.55972,0.2649333333333333,0.3311666666666666,1
K02195.01,20.055245782643844,20.0545282,136.54808744982589,136.56587,0.2391,0.298875,1
K02195.02,27.39477429242982,30.0899459,141.61780619982588,149.06413,0.3327,0.27725,1
K02195.03,6.849407577783801,6.84978728,134.69914578315922,134.66167,0.16396666666666665,0.2049583333333333,1
K02200.01,3.1706183589295693,3.17059731,132.67001028935442,132.67813,0.05562,0.069525,1
K02279.01,27.010623564087243,27.0142622,132.600526078725,132.52245,0.224375,0.224375,1
K02279.02,13.506694322603202,12.50945798,132.54875941205833,136.99217,0.2029416666666666,0.1449583333333333,1
K02280.01,26.027944257519778,26.0203329,362.564541786963,154.5286,0.28962499999999985,0.2068749999999999,1
K02281.01,0.7698567030308757,0.769854899,131.74473471029629,132.51944,0.046947083333333264,0.0426791666666666,1
K02282.01,6.89236336579444,6.89226333,132.4527521911288,132.4644,0.09345375,0.1038375,1
K02368.01,8.070853741178151,8.07127043,170.09395190128302,137.76604,0.07976666666666664,0.0997083333333333,1
K02369.01,11.016663247794941,11.01819178,173.03927477413743,139.87858,0.2124375,0.193125,1
K00224.01,3.97980173428509,3.979867514,132.08269576801948,132.071233,0.06885374999999992,0.0983624999999999,0
K02125.01,23.366645902228818,23.3593589,143.77213445891454,144.01826,0.31435833333333324,0.2245416666666666,1
K02126.01,9.69224724655896,9.69310837,357.52299931384795,134.53003,0.12530833333333324,0.1139166666666666,1
K02128.01,24.258403176332482,24.2598301,375.11320207711276,132.47982,0.11366249999999999,0.162375,0
K02201.01,116.53468191247904,116.5214317,144.04963918103292,144.13378,0.1859,0.232375,0
K02202.01,0.8131670400722735,0.813166357,131.82466936855226,131.82536,0.0588416666666666,0.0588416666666666,1
K02204.01,10.861145060891758,10.86062378,136.62557775613092,136.65957,0.11436999999999997,0.0953083333333333,1
K02205.01,24.087087183631336,24.08632177,148.17558850194857,148.20086,0.0931666666666666,0.0931666666666666,1
K02283.01,17.40408621746431,17.40208965,141.8343025656247,141.93057,0.17164583333333328,0.1560416666666666,0
K02285.01,37.95394184071635,37.9456138,172.58763607132363,134.78331,0.2387583333333332,0.1705416666666666,1
K00027.01,1.1418840505314558,1.141877248,121.23576379400515,170.3386848,0.10848274999999999,0.1808045833333333,0
K00236.01,5.776372574633986,5.77675928,131.61081440216503,143.09616,0.1980125,0.282875,0
K02286.01,24.177656162769196,24.1738244,135.52282826745207,135.62471,0.1782666666666666,0.1273333333333333,1
K02353.01,5.186728079408546,5.186737262,134.9937343840394,134.99509,0.03677208333333326,0.0334291666666666,1
K02355.01,1.2169975082746423,1.217000383,170.97694579997835,132.03128,0.04428333333333328,0.0553541666666666,1
K02356.01,13.68291564552713,13.6823798,139.1516105612072,139.18611,0.13843333333333327,0.1730416666666666,1
K02129.01,8.796629641831537,8.79618433,135.62903648060518,135.67645,0.12667874999999995,0.1407541666666666,1
K02130.01,16.856612303611694,16.85592593,138.2472072594632,138.26808,0.0962083333333333,0.0962083333333333,1
K02131.01,14.364472672873408,14.36270451,141.3434128050033,141.435,0.17114999999999994,0.1901666666666666,1
K02132.01,76.12650284882395,69.8956789,175.3356533308717,160.66805,0.2638,0.2198333333333333,1
K02133.01,6.246936319834218,6.24667547,123.84734878042514,136.38688,0.3753666666666666,0.4692083333333333,1
K02133.02,46.84943127223714,43.501748,139.51752378042514,164.2859,0.3585,0.448125,0
K02208.01,2.3445114387455455,2.344512589,121.15062892955126,132.87316,0.05293499999999994,0.0588166666666666,1
K02209.01,18.299270189557642,18.3027235,142.9929715466769,142.89166,0.240975,0.34425,1
K02210.01,2.8889416305345943,2.888904439,132.14454124492082,132.15271,0.060161249999999965,0.0668458333333333,1
K02210.02,205.61594332089723,210.631486,325.7111147865875,300.72292,0.3507916666666666,0.3507916666666666,1
K02212.01,17.143675637507755,17.14648756,363.68297704005425,140.66122,0.2294175,0.176475,1
K02287.01,16.091845201290948,16.09227518,126.44325523724618,142.51659,0.07901999999999999,0.0878,1
K02287.02,29.786979923067108,28.9060526,129.86798648724618,158.82431,0.180775,0.129125,1
K02289.01,60.29549803193828,62.7843981,147.28449115285204,157.30698,0.18037499999999992,0.2004166666666666,1
K02289.02,20.094435998567153,20.0983676,127.30798698618538,207.57757,0.30374166666666663,0.2169583333333333,1
K02290.01,84.66197712415602,91.500873,179.30622528937974,165.67309,0.26227499999999987,0.2017499999999999,1
K02291.01,44.285547411533074,44.2993483,141.389320561955,141.28194,0.1253583333333333,0.1790833333333333,1
K02363.01,3.138754800175836,3.13877646,133.6640714447137,133.65614,0.0694291666666666,0.0694291666666666,1
K02365.01,35.95914754328427,35.9682692,138.91699446534363,138.66885,0.16560833333333325,0.1182916666666666,1
K02365.02,99.8804394,110.978266,148.38566946534363,147.0226,0.23566666666666658,0.4713333333333332,1
K02366.01,25.375568008951323,25.3690868,143.5374036406133,143.68699,0.296625,0.19775,1
K02367.01,6.892146327818455,6.89213244,124.74010504050791,131.63179,0.057499999999999996,0.071875,1
K02134.01,42.30606222393034,42.3006282,168.70203639792516,168.77783,0.16394999999999993,0.1821666666666666,1
K00225.01,0.8385994860283091,0.838597429,132.3098893536136,141.537817,0.04919483333333331,0.0702783333333333,0
K02135.01,59.40414089846143,55.1866213,129.557414513569,180.75953,0.1902708333333333,0.3805416666666666,1
K02135.03,8.486528565369373,8.48651582,121.04333118023568,138.01698,0.19751249999999998,0.2194583333333333,1
K02136.01,1.7285381150912078,1.728528176,131.8037131260533,131.80851,0.1534166666666666,0.1534166666666666,0
K02137.01,14.973534403291653,14.97436238,141.53563025333793,141.50057,0.1019208333333333,0.1019208333333333,1
K02213.01,3.970708024219606,3.97076603,134.6525877783708,134.63962,0.06802499999999996,0.0755833333333333,1
K02214.01,2.3522835664372526,2.352273912,131.7985970398247,131.80267,0.06520874999999994,0.0724541666666666,1
K02215.01,22.065540026412844,22.0425953,133.5521208006546,134.1281,1.2750375,2.550075,0
K02216.01,23.34069717120647,23.34036251,136.19853107297118,136.20727,0.07702499999999998,0.0855833333333333,1
K02293.01,15.034009257453217,15.03366411,144.9679379536143,144.98055,0.10906666666666665,0.1363333333333333,1
K02296.01,113.11658348941612,106.247882,193.8093938333281,135.7435,0.3444999999999999,0.5741666666666666,1
K00237.01,8.508670052258449,8.508333104,134.7519244807146,134.785645,0.1439958333333333,0.1439958333333333,1
K02371.01,12.942321630025779,12.94123564,139.83716462533565,139.89901,0.17384999999999992,0.1931666666666666,1
K02372.01,5.35006890617811,5.349791,123.141953433201,133.8836,0.16046249999999995,0.1782916666666666,1
K02374.01,5.262103638611453,5.26211833,136.38447969252084,136.37566,0.12164999999999994,0.1351666666666666,1
K02374.02,12.163550009188636,12.1628195,137.4756788591875,137.52402,0.11580499999999991,0.0965041666666666,1
K02138.01,23.551437543255823,23.5541012,120.73660898405817,144.21486,0.21291666666666662,0.3041666666666666,1
K02140.01,41.70529178655611,41.6977582,134.0965015006566,134.24608,0.20673749999999996,0.2297083333333333,1
K02143.01,4.790418942381517,4.79029482,134.93138334093885,134.95277,0.10207125,0.1134125,1
K02144.01,38.66318083346268,38.6715843,157.77721587953403,157.61988,0.3226999999999999,0.2304999999999999,1
K02145.01,8.327116633030151,8.32651854,135.5327912171569,135.58655,0.18276666666666663,0.2284583333333333,1
K02218.01,5.535475039339649,5.53533152,132.74567301863297,132.76087,0.116375,0.116375,1
K02218.02,16.60617017229458,16.7261969,138.2933813519663,143.74673,0.10154999999999996,0.1128333333333333,1
K02219.01,3.7572867645671035,3.757294695,133.9611493761903,133.95965,0.04248291666666663,0.0386208333333333,1
K02220.01,3.282712238163662,3.2828024,131.91211354568244,131.89965,0.13555,0.13555,1
K02220.02,5.028376828090773,5.02818253,134.08328271234913,134.10891,0.1175333333333333,0.1469166666666666,1
K02220.03,1.8978050119032581,1.897828815,132.68718104568245,132.6785,0.1016774999999999,0.1129749999999999,1
K02297.01,4.644886460885222,4.64495172,136.03601534795925,136.02095,0.1402499999999999,0.1402499999999999,1
K02299.01,16.486755777977354,16.48686712,139.20945159240472,139.20338,0.0417375,0.059625,1
K02300.01,2.6850578886305456,2.685054445,132.60348035880713,132.60443,0.03927374999999991,0.0436374999999999,1
K02302.01,16.85613884350547,16.8600805,140.00963504528144,139.84916,0.3010041666666666,0.2315416666666666,1
K02072.01,1.543188220432246,1.54320541,120.75911244948011,131.5554,0.09667124999999999,0.1074125,1
K02073.01,44.55042525,49.5004725,173.69603273846445,139.04294,0.21644999999999998,0.2405,1
K02073.02,6.475243192245033,6.47539108,137.59813273846447,137.5825,0.10142999999999999,0.1127,1
K02073.03,16.857622150290684,16.85825609,142.35998607179778,142.34289,0.060456666666666624,0.0863666666666666,1
K00025.01,3.1325704699881096,3.132604547,123.48381844762812,136.010454,0.13626374999999993,0.1514041666666666,0
K02146.01,2.9490010627777727,2.949029106,133.1415714762303,133.13832,0.07616624999999994,0.0846291666666666,1
K02147.01,37.849826575610855,37.8658964,134.77980555210127,134.36237,0.27894999999999986,0.1992499999999999,1
K02147.02,10.327672309281118,10.32736351,139.3593263854346,139.37228,0.08657916666666664,0.0787083333333333,1
K00226.01,8.308564368919791,8.30865307,138.11644510774275,138.10788,0.12280124999999997,0.1364458333333333,1
K02148.01,11.93351190017549,11.93205399,130.10574014290768,142.10648,0.20683333333333329,0.2585416666666666,1
K02148.02,7.542668625586399,7.54235832,125.38794847624102,132.96117,0.1970833333333333,0.1970833333333333,1
K02148.03,3.7710652095614763,3.61460279,121.66914847624103,134.69521,0.17479583333333326,0.1344583333333333,1
K02221.01,10.62739619550792,10.62788695,137.85205163777565,137.81843,0.15253333333333327,0.1906666666666666,1
K02223.01,1.1044612485565315,1.104462494,132.3227545736466,132.32134,0.043575,0.043575,1
K02303.01,4.8931806441972,4.89336495,172.82244979709589,133.6449,0.1452083333333333,0.1452083333333333,1
K02303.02,9.786066208919891,8.93484887,172.8498685470959,133.39108,0.1504416666666666,0.1074583333333333,1
K02304.01,11.174162399603823,11.17392077,134.69498338770396,134.70626,0.12401249999999993,0.1377916666666666,1
K02305.01,31.03855907247454,31.0325991,152.17950420435574,152.27157,0.17379999999999995,0.1448333333333333,1
K02306.01,0.5124056773007071,0.512407185,131.728992566883,132.240449,0.04848708333333326,0.0440791666666666,0
K02307.01,4.150275730191741,4.150297119,134.94193050482156,134.9355,0.04019333333333328,0.0502416666666666,0
K02074.01,33.40830918248288,33.4178173,155.8216051682728,155.58781,0.27095833333333325,0.1935416666666666,1
K02075.01,2.0533504233170907,2.053341891,122.19389328056049,134.51606,0.08653333333333328,0.1081666666666666,1
K02076.01,56.74436091773954,56.7769831,181.4909331683328,181.09789,0.37179999999999996,0.286,1
K02076.02,202.23551902250892,219.3215562,319.5602931683328,320.72862,0.25859166666666666,0.5171833333333333,1
K02078.01,18.78706667011165,18.78429232,137.76513591276012,137.88207,0.18162666666666663,0.1297333333333333,1
K02078.02,150.25997290368264,161.515617,269.4292392460934,176.49978,0.13641666666666666,0.2728333333333333,1
K02149.01,13.149420056315046,13.15140223,131.1331946302611,144.16237,0.226625,0.226625,1
K02150.01,18.50719067401162,18.5084526,131.58142338495335,131.54555,0.13741666666666666,0.2748333333333333,1
K02151.01,7.477894057369023,7.47763833,133.38518848636133,133.40976,0.1070541666666666,0.1070541666666666,0
K02152.01,42.189984910876696,42.1918331,155.34371753441147,155.31211,0.23609999999999992,0.2951249999999999,1
K02224.01,3.7308723916058666,3.73090026,132.90016561754652,132.89428,0.10910624999999995,0.1212291666666666,1
K02225.01,2.787850566329829,2.787874175,133.90684200297204,133.90417,0.07630499999999996,0.0847833333333333,1
K00238.01,17.230000317555664,17.23232894,135.18591815710425,135.0922,0.18986666666666657,0.1898666666666666,1
K00238.02,25.846020005445936,26.6951944,143.7718648237709,143.9999,0.1906666666666666,0.1906666666666666,1
K02308.01,28.51847388823304,28.5057217,189.66002892171917,132.92075,0.3688999999999999,0.2634999999999999,1
K02309.01,53.57629838264669,53.5991459,147.85856530366217,147.43015,0.2837916666666666,0.2837916666666666,1
K02310.01,16.458109877925388,16.4581861,134.02372708954562,134.01969,0.07363874999999996,0.0818208333333333,1
K02079.01,0.6938426359493949,0.693842661,121.08199215879107,132.18157,0.0674874999999999,0.0674874999999999,1
K02080.01,83.52603416219736,83.4887405,188.19116572505493,188.53792,0.25875,0.25875,1
K02080.02,34.06129441237148,34.0607677,141.34964697505492,141.35928,0.08236666666666664,0.1029583333333333,1
K02082.01,31.585313331591124,31.5888979,155.678296418981,155.61538,0.1719,0.14325,1
K02153.01,59.99143763842576,59.9809868,176.04478297368487,176.14903,0.28454999999999997,0.3161666666666666,1
K02153.02,25.751001371664042,25.7457957,135.84492047368488,135.94806,0.32417916666666663,0.2947083333333333,1
K02154.01,11.93173333433826,11.92979348,172.35370986338646,136.66919,0.2563333333333333,0.2563333333333333,1
K02155.01,4.339512759608824,4.3394569,132.79293809066186,132.80309,0.088695,0.09855,1
K02156.01,2.85233810480636,2.852348262,132.046205694481,132.044534,0.0293791666666666,0.0293791666666666,1
K02227.01,65.6197463267363,65.6480892,173.745158404478,173.30166,0.1197083333333333,0.2394166666666666,1
K02228.01,111.24139261220593,102.653705,231.43256799918595,222.9895,1.11643125,2.2328625,0
K02229.01,14.833951202244405,14.83340944,179.910386682685,135.44213,0.1309,0.163625,1
K02230.01,0.9873170738568549,0.987338654,121.02953820706324,131.88155,0.15114166666666662,0.1079583333333333,0
K02232.01,98.07065895854981,101.1323475,219.387434977359,210.18316,0.16372499999999993,0.1819166666666666,1
K02233.01,1.8114278756046858,1.811460943,132.9470875120201,132.93207,0.14772916666666663,0.2110416666666666,0
K02313.01,16.076870835530876,16.07673148,143.38256874673976,143.39091,0.0826875,0.091875,1
K02314.01,18.87071526791145,18.87058705,143.95468425654454,143.95639,0.1301287499999999,0.1445874999999999,1
K02315.01,22.133410689430917,22.1334224,152.1856175629984,152.18405,0.06829999999999992,0.0853749999999999,1
K02316.01,17.14017782243762,17.1369408,140.89629437079685,141.01497,0.21386666666666665,0.2673333333333333,1
K02083.01,7.720897793940086,7.72085047,121.11790745390365,136.563,0.060880000000000004,0.0761,1
K00222.01,6.312501715732964,6.312508525,132.65676447062947,132.654418,0.10295624999999997,0.1143958333333333,1
K00222.02,12.626243342905408,12.7945474,138.90078301229613,130.7668,0.170985,0.1424875,1
K02084.01,4.195714917424403,4.19577385,353.36249219302516,135.17605,0.08083874999999997,0.0898208333333333,1
K02086.01,7.132671290434304,7.1329472,136.03526685805855,135.99259,0.1638,0.182,1
K02086.02,8.918708205904,8.91901228,140.09651477472522,140.0777,0.1725416666666666,0.1725416666666666,1
K02086.03,11.897742128420248,11.8984948,133.40322310805857,133.34685,0.08793749999999999,0.125625,1
K02158.01,4.562152943285306,4.5620407,123.49775456748027,132.64295,0.10695375,0.1188375,1
K02159.02,2.39262747815511,2.392630668,133.78826894624552,133.7861,0.05710416666666661,0.0571041666666666,0
K02160.01,17.6688044393706,17.6700291,131.63770113652046,131.60103,0.19521249999999998,0.278875,1
K02162.01,118.01050792337956,108.593113,204.16256306437938,173.75198,0.1664375,0.332875,1
K02162.02,193.46695257445373,199.66876,207.36011931437935,131.609,0.22489999999999996,0.3748333333333333,1
K02236.01,19.987468329741194,19.9865916,135.49159784746985,135.52265,0.1280708333333333,0.1829583333333333,1
K02236.02,12.12648554471519,12.12580644,142.0713145141365,142.10763,0.10963333333333328,0.1370416666666666,1
K02237.01,72.47427282145055,76.421501,184.23410448519434,164.4879,0.21052499999999993,0.3007499999999999,1
K02238.01,1.646797126839546,1.646801683,132.06331365241834,132.0615,0.049858333333333296,0.0498583333333333,1
K02317.01,3.788665569120538,3.78861833,134.60049565619784,134.61419,0.09359999999999992,0.1169999999999999,1
K02318.01,10.458707807422678,10.45839865,137.63641463391653,137.65416,0.10513333333333327,0.1314166666666666,1
K02319.01,21.104190737969517,21.1033014,123.52505050278945,144.66035,0.10294999999999993,0.0857916666666666,1
K02321.01,90.92131513065102,95.6114617,175.71280861809635,138.35664,0.4056541666666666,0.3120416666666666,1
K02087.01,23.121339184015877,23.1274171,122.72480504175083,145.66194,0.26547083333333327,0.2042083333333333,1
K02090.01,5.13260456537227,5.132486123,352.843975969375,132.15985,0.0607291666666666,0.0607291666666666,1
K02091.01,8.78039651030286,8.77997349,138.44238689754013,138.48383,0.10733666666666664,0.1341708333333333,1
K02092.01,60.046171211779246,57.6896212,390.7181255520289,139.92753,0.12795,0.21325,1
K02092.02,25.571480336098755,25.5638626,375.0705484686955,375.27811,0.2732916666666666,0.1952083333333333,1
K02092.03,78.35701063078757,77.086191,399.06360055202884,202.7483,0.23849999999999988,0.1987499999999999,1
K02163.01,10.66417397819485,10.66489514,132.05146086600203,132.00872,0.11846249999999998,0.131625,1
K02163.02,17.786010225976533,17.7838298,146.8419587826687,146.91035,0.13323333333333326,0.1665416666666666,1
K02164.01,5.123437182232993,5.1233204,132.06732718371677,132.08472,0.10299749999999994,0.1144416666666666,1
K00229.01,3.5732200950613775,3.573202801,134.9326186434354,134.934397,0.12,0.12,1
K02166.01,64.30664558990944,61.6174528,145.74294176304318,179.08282,0.22259999999999985,0.1589999999999999,1
K02167.01,24.34312743023647,24.3398202,355.0477150930124,136.05813,0.17833749999999998,0.162125,1
K02167.03,79.68587030025158,76.5369531,363.4985213430124,164.15644,0.2090249999999999,0.2322499999999999,1
K02241.01,7.165269554460202,7.16520428,132.9648536044062,132.96921,0.06393749999999994,0.0710416666666666,1
K02242.01,1.7558529906164795,1.755843555,133.1513325528137,133.15509,0.07284375,0.0809375,1
K02243.01,5.185704606495044,5.18560081,132.3144676893758,132.32455,0.15202499999999994,0.1689166666666666,1
K02243.02,8.45800716753552,8.45805119,137.06465935604245,137.06123,0.12491666666666662,0.1249166666666666,1
K02245.01,33.471242347965784,33.4698571,140.13019724209695,140.14977,0.15829999999999994,0.1978749999999999,1
K02246.01,11.894261430032461,11.89520436,132.9570718609941,132.8908,0.1430416666666666,0.1430416666666666,1
K02325.01,1.025858799739618,1.025857984,131.65522387921962,131.655621,0.040344999999999964,0.0336208333333333,1
K02327.01,5.600305243165319,5.60013327,135.9466544175007,135.96495,0.0994049999999999,0.1104499999999999,1
K02328.01,25.208038350421848,25.2034128,137.44824868572013,137.56393,0.22575,0.188125,1
K02329.01,1.615363926474358,1.615357809,132.7817352366722,132.7846,0.04288124999999997,0.0476458333333333,1
K02094.01,42.44458849779755,42.4269647,155.8537674084944,156.17194,0.2953499999999999,0.2461249999999999,1
K02094.02,178.81277310000002,198.680859,274.6870799084944,270.66535,0.31057499999999993,0.3450833333333333,1
K02095.01,1.434744535638923,1.434745129,132.62509533180787,132.62802,0.0775833333333333,0.0775833333333333,1
K02168.01,3.2818632368784693,3.28192056,132.4354429176842,132.42485,0.10938749999999994,0.1215416666666666,1
K02168.02,12.515851267580524,12.51610549,135.05037208435087,135.03333,0.18198749999999997,0.2022083333333333,1
K02169.01,5.452946625825715,5.45298742,123.24983709755148,134.15183,0.0888666666666666,0.0888666666666666,1
K02169.02,3.266615971008186,3.26662733,123.01945376421814,136.08452,0.07709999999999995,0.0856666666666666,1
K02169.03,4.272277239495015,4.27226421,124.66855793088482,133.21863,0.07923749999999993,0.0880416666666666,1
K02247.01,4.457504838391993,4.45743267,132.14674642724825,132.16006,0.096775,0.096775,1
K02248.01,2.8181375359817467,2.81814715,132.25395475063866,132.25336,0.06611249999999998,0.0734583333333333,1
K02331.01,2.8326565675656674,2.832647249,123.32537825761105,131.82642,0.07686666666666664,0.0960833333333333,1
K02332.01,3.700827080906421,3.70063251,122.0263028068625,133.16065,0.18026666666666663,0.2253333333333333,1
K02333.01,3.9307448174112576,3.93083997,135.21422641470875,135.19393,0.10994999999999994,0.1221666666666666,1
K02333.02,7.629950963028438,7.63008196,137.09574308137542,137.07948,0.11583333333333332,0.1158333333333333,1
K02335.01,16.22368972934912,16.22378479,136.02679462324545,136.02454,0.08487333333333327,0.1060916666666666,1
K02096.01,9.763563096580882,9.76293284,139.1077935945181,139.15802,0.1531999999999999,0.1276666666666666,1
K02097.01,58.58211047524111,58.601926,137.73553238752112,137.66825,0.11504166666666665,0.2300833333333333,1
K02098.01,25.088122961738378,25.0823402,133.9750116889415,134.13568,0.2943875,0.267625,1
K02098.02,89.69292982302933,89.7224125,163.35124085560815,163.15815,0.41111249999999994,0.4567916666666666,1
K02099.01,84.18053014079683,78.0998908,193.27387890939048,139.49646,0.21054999999999996,0.3509166666666666,1
K02100.01,4.270944296467525,4.27103727,133.15289531786033,133.14028,0.08534624999999994,0.0948291666666666,1
K02171.01,3.5322654602732064,3.53232429,134.75490509199963,134.74727,0.1152083333333333,0.1152083333333333,1
K00026.01,15.041390951934606,15.03946326,122.07978654303265,144.137461,0.1487733333333333,0.2125333333333333,0
K00230.01,4.7024993542848375,4.702495974,131.6050694740432,136.308468,0.08782875,0.0975875,0
K02172.01,10.440079694415406,10.44087398,138.02356385141556,137.97113,0.14036249999999997,0.1559583333333333,1
K02172.02,109.82757543535072,116.583183,211.17772010141556,246.6275,0.21749999999999997,0.2416666666666666,1
K02555.01,12.572294536815143,12.5722897,130.49628962722457,143.0663,0.17868749999999994,0.1985416666666666,1
K02556.01,40.825873685635656,40.8366307,153.07084153788645,152.87346,0.28909999999999997,0.2065,1
K02557.01,11.775573765539667,11.7761073,354.69620052259404,142.70558,0.117875,0.117875,0
K02633.01,29.703093795642435,29.7123181,122.29783385143894,151.5603,1.4660562500000003,2.9321125,0
K00253.02,19.152412981427617,20.6180348,132.21338118372722,145.51232,0.190575,0.136125,1
K00253.01,6.38331158439147,6.383159135,132.29272410039388,170.604622,0.0729333333333333,0.0729333333333333,1
K02634.01,19.93974972788891,19.9401211,142.35437443533888,142.34849,0.1606125,0.1784583333333333,1
K02635.01,22.24785458829185,22.2420032,122.26544202037472,144.72364,0.25106666666666666,0.3138333333333333,1
K02636.01,3.8814794013002225,3.88148385,123.48056995543135,135.12314,0.1116249999999999,0.1116249999999999,1
K02409.01,0.5773688590568459,0.577369336,131.84872354203895,132.425795,0.0452166666666666,0.0452166666666666,1
K02410.01,189.22818788790764,186.65435483,168.91072393153428,187.3800339,0.3065416666666666,0.4379166666666666,0
K02410.02,78.17164245486543,86.59322294,188.83564059820097,201.0035479,0.3325,0.3325,0
K00244.01,12.476081798682188,12.720370263,128.08852187971362,178.528297,0.1023974999999999,0.1137749999999999,1
K00244.02,6.238762697261643,6.238535444,121.76613083804696,171.706325,0.16158541666666665,0.1468958333333333,1
K02411.01,11.965337157598753,11.96407399,133.0311003443169,133.15804,0.18858333333333333,0.1885833333333333,1
K02412.01,2.4932608168112482,2.493237866,132.62998900803925,132.63633,0.07711666666666661,0.1101666666666666,0
K02413.01,12.90521984727116,12.90467523,144.29777467870565,144.32009,0.10933333333333328,0.1366666666666666,1
K02413.02,34.186723722685315,31.2012202,160.399851762039,140.07042,0.11891249999999999,0.169875,1
K02484.01,72.97418459135432,68.8861017,152.86765050894957,160.29958,0.12343749999999995,0.2468749999999999,1
K02485.01,9.99128109918285,9.99115241,134.38531290505003,134.39335,0.09963749999999998,0.1107083333333333,1
K02485.02,3.600837808934759,3.60082855,134.03586915505002,134.037,0.0726749999999999,0.0807499999999999,1
K02485.03,5.727145455267648,5.72716067,133.96543165505003,133.96409,0.07433333333333328,0.0929166666666666,1
K02487.01,37.75494857528458,36.292017,137.64354120429016,132.17691,0.20495,0.3415833333333333,1
K00031.01,0.9255885879261271,0.925589891,120.63726298120288,169.69275,0.07376249999999997,0.0819583333333333,0
K00250.02,17.252617852546756,17.25121397,132.58552153476342,149.886479,0.1103429166666666,0.0848791666666666,1
K00250.03,3.5438855551512614,3.543919702,132.71842986809673,136.26075,0.0779874999999999,0.0779874999999999,1
K00250.04,46.8292552817676,46.82767725,136.71951236809673,136.74468,0.08723458333333327,0.0793041666666666,1
K00250.01,12.283664467158122,12.282998287,133.50876986809675,170.39809,0.13548,0.1129,1
K02558.01,1.8672345458542254,1.867281146,352.4193198960087,132.07744,0.18737499999999996,0.3122916666666666,0
K02559.01,9.30936653409297,9.30991834,136.4501983402726,136.39785,0.12956249999999997,0.1439583333333333,1
K02561.01,3.2393873039228143,3.23941775,133.99093752093677,133.98383,0.1070416666666666,0.1070416666666666,1
K02638.01,2.5239944627381705,2.524017517,171.72772575236942,133.85946,0.04487999999999994,0.0498666666666666,1
K02414.01,22.601008341247415,22.5968256,140.29195720039476,140.42654,0.3604416666666666,0.2574583333333333,1
K02414.02,45.19596146083201,45.3486381,162.98841970039476,142.25049,0.22265833333333326,0.2024166666666666,1
K02415.01,5.253969474398112,5.25419589,354.4261718543947,133.72952,0.12449166666666661,0.1244916666666666,1
K02416.01,5.906105994027197,5.90608902,131.55758424800032,131.56096,0.0903374999999999,0.1003749999999999,1
K00247.01,13.815984368250321,13.81504449,139.63807227404126,181.12621,0.09684999999999988,0.0968499999999999,1
K02488.01,12.413223903201143,12.4128518,140.33213634514195,140.35679,0.16117499999999996,0.1790833333333333,1
K02489.01,3.924646607426459,3.92453009,356.087726833118,132.40179,0.13841249999999994,0.1537916666666666,1
K02490.01,11.606155396791433,11.60653061,134.44240574425143,134.41637,0.06399166666666663,0.0914166666666666,1
K02491.01,2.6682902242341235,2.66831274,131.6980334739701,131.68823,0.09052875,0.1005875,1
K02562.01,2.932163618280596,2.9322509,133.78340270973774,133.7648,0.122125,0.122125,0
K02563.01,23.48277072686134,23.4772553,145.22127412569685,145.3641,0.3086875,0.280625,1
K02564.01,68.09522330606832,66.5576728,152.2250526856561,181.3241,0.21941666666666665,0.4388333333333333,1
K02565.01,2.0194803362780425,2.01948607,353.05387449622236,132.9238,0.15306666666666663,0.2186666666666666,0
K02566.01,3.044681534979824,3.04468229,132.4667458100614,132.464,0.22316249999999996,0.2479583333333333,0
K02642.01,15.050429937123267,15.05028313,141.52585111801153,141.53522,0.0693,0.077,0
K00254.01,2.4552291138134774,2.455240626,133.9978450928427,170.821762,0.08636099999999988,0.0719674999999999,1
K02643.01,9.08244754652096,9.08233411,139.64092391857656,139.65489,0.0836666666666666,0.0836666666666666,1
K02644.01,0.790539488327692,0.790539912,131.87813558822353,131.87702,0.0440291666666666,0.0440291666666666,0
K02645.01,1.6895534824495742,1.705782214,132.2628905164853,133.15607,0.06293749999999995,0.0419583333333333,0
K02646.01,0.5320892579154942,0.532086296,131.90632483197987,131.9134,0.10057499999999996,0.1676249999999999,0
K02417.01,46.10769345886153,47.7052566,486.6140137631188,146.3164,0.12414583333333329,0.2482916666666666,1
K02418.01,86.81346554426395,86.829519,189.37334863451397,189.26162,0.2177,0.311,1
K02419.01,9.956991552683544,9.95667035,136.54890060370468,136.5827,0.10307499999999999,0.14725,1
K02420.01,10.417830710188708,10.41728722,137.41647821380175,137.45784,0.10312500000000001,0.171875,1
K02492.01,0.984935405393867,0.984941669,132.33417797526445,133.31801,0.0821833333333333,0.0821833333333333,1
K02493.01,0.6630866878277719,0.663085361,131.97985858755322,131.97961,0.04320749999999997,0.0480083333333333,1
K02494.01,19.123126511749348,19.1187425,138.27457356111776,138.42824,0.25518749999999996,0.2835416666666666,1
K02495.01,1.0874895276255243,1.08749101,120.89288589082413,131.77034,0.05397333333333328,0.0674666666666666,0
K02496.01,1.18382548305771,1.183818383,131.88039712287846,131.88403,0.06384583333333327,0.0580416666666666,0
K02567.01,4.98833306653652,4.98845099,133.76330934560866,133.74684,0.27948749999999994,0.3105416666666666,0
K02647.01,8.83907780967926,8.83929462,135.55883646696316,135.54125,0.06446249999999999,0.071625,1
K02648.01,0.6317939598369011,0.631795416,131.90957154313693,132.53963,0.04013624999999997,0.0445958333333333,0
K02649.01,7.561418526663066,7.56126152,135.62304071942344,135.6368,0.10691249999999994,0.1187916666666666,1
K02650.01,32.567112839574925,34.9897847,157.8559692956778,144.20912,0.12273333333333332,0.1753333333333333,1
K02650.02,7.054303373670861,7.05429483,136.19181096234448,136.18961,0.06434999999999999,0.0715,1
K02422.01,26.78293117218847,26.7838935,140.7847937824083,140.75396,0.1527999999999999,0.1909999999999999,1
K02423.01,44.49576284312865,45.126216,142.59128794617263,165.42066,0.13866666666666666,0.2773333333333333,1
K02424.01,11.940267176023486,11.94019101,136.55153872853822,136.55603,0.10747499999999993,0.1194166666666666,1
K02425.01,3.513035229124059,3.51295674,123.22875654987764,133.78198,0.11475,0.1275,0
K02497.01,51.09335010412418,48.4313003,160.5200303263314,141.45612,0.11754166666666661,0.1679166666666666,1
K00248.01,7.203944037584493,7.203855862,134.25548192081618,170.285731,0.09531749999999997,0.1059083333333333,1
K00248.02,10.91269399154183,10.91274065,137.11258796248285,169.85247,0.08175374999999992,0.0908374999999999,1
K00248.03,2.5765443507187324,2.576571021,133.48541942081619,172.126911,0.0666541666666666,0.0666541666666666,1
K00248.04,18.010782134552954,18.59611518,145.03149358748286,141.26331,0.13446999999999998,0.09605,1
K02498.01,6.7378301596730585,6.73808701,133.35855678199545,133.32953,0.07557083333333331,0.1079583333333333,1
K02498.02,13.059509437317361,13.0600399,144.35978803199544,144.33107,0.1425499999999999,0.1187916666666666,1
K02499.01,7.575267649796715,7.57571414,176.1441314808893,138.2166,0.09820833333333331,0.0982083333333333,0
K02501.01,4.768955175636877,4.76887671,122.54880011078166,132.09888,0.06269999999999994,0.0696666666666666,0
K02573.01,1.3475113461212178,1.347512632,353.1199574051835,132.127858,0.05779958333333331,0.0825708333333333,0
K02574.01,0.5125805920641976,0.512581697,131.78169593608845,132.80609,0.0657875,0.0657875,0
K02576.01,12.076841065693785,12.07760884,140.50986555616745,140.46287,0.12095416666666658,0.0930416666666666,0
K02651.01,6.382966652463027,6.38315744,355.7342506935524,132.30539,0.06403124999999997,0.0711458333333333,0
K00255.01,27.522033159582598,27.52194772,134.7755158436363,189.824523,0.1686249999999999,0.1686249999999999,1
K00255.03,7.702512802406627,7.7333361,132.79331584363632,133.58981,0.17543749999999997,0.1169583333333333,0
K02652.01,16.13184084617224,16.1289679,143.62384100648887,143.75518,0.28742083333333324,0.2612916666666666,1
K02654.01,13.56283446975845,13.5631157,140.6771340381719,140.65364,0.18126666666666663,0.2265833333333333,1
K02655.01,16.296205926642024,16.2959916,133.90130034775848,133.90784,0.07934999999999995,0.0881666666666666,1
K02426.01,4.160485911663393,4.16056658,132.28486979899438,132.27418,0.09787499999999992,0.1087499999999999,1
K02427.01,2.9310494157758287,2.93101771,131.92165392863734,131.92959,0.08366249999999997,0.0929583333333333,0
K00245.01,42.60894758248064,39.79220077,127.85259385450078,175.250558,0.1302583333333333,0.1860833333333333,1
K00245.02,21.299104788360548,21.30181863,128.03369885450078,191.84136,0.193815,0.1615125,1
K00245.03,13.712319569270598,13.3669309,131.9951626045008,184.0734,0.23331249999999992,0.1555416666666666,1
K00245.04,54.843432311572,51.20690303,173.24339385450077,195.7303,0.44949999999999996,0.3745833333333333,1
K02428.01,16.230210643862982,16.2276756,355.84230388344105,136.62586,0.21577499999999986,0.1541249999999999,0
K02429.01,1.5956355293885511,1.595630597,132.94237066667694,136.13782,0.044824999999999976,0.0747083333333333,0
K02503.01,14.8204363463853,14.8200596,133.37367717726698,133.39933,0.13006666666666664,0.1625833333333333,1
K02504.01,20.492982184257734,20.49041,369.73679755079826,144.41979,0.16383749999999994,0.1820416666666666,1
K02505.01,0.9628170444152716,0.962827066,132.21206330998683,132.20517,0.1306666666666666,0.1866666666666666,0
K02505.02,12.408202296730092,12.4246697,143.26406330998685,134.0396,0.9181249999999999,1.83625,0
K02506.01,8.67897598490375,8.679037,132.23111649170318,140.90423,0.10739999999999997,0.1193333333333333,1
K02507.01,11.12985397062101,11.1296971,138.5666232802525,138.57573,0.1225833333333333,0.1225833333333333,1
K02579.01,2.729587634405004,2.7296036,133.29201319235466,133.28661,0.113375,0.113375,1
K02579.02,3.5964225175073223,3.59645081,132.77600069235464,132.77209,0.110875,0.110875,1
K02580.01,3.116076022588091,3.11604194,171.2376712197332,133.84988,0.0740125,0.0740125,1
K02581.01,12.736611799163658,12.7372371,123.3159591247979,136.0162,0.11193333333333329,0.1399166666666666,1
K02582.01,40.03513736592707,40.0306267,148.77552739069168,148.85882,0.12037500000000001,0.200625,1
K02668.01,0.6793386824874814,0.679336747,132.17569087613336,132.856178,0.04570499999999997,0.0507833333333333,1
K02669.01,232.19601025386925,213.6103207,258.0598576161283,141.655562,0.6279174999999999,0.4485125,0
K02670.01,187.27722622417392,170.8658492,291.2496608611468,299.660385,0.42473749999999993,0.7078958333333333,0
K02672.01,86.20542349538056,88.5122014,206.20395115103432,182.67266,0.39791499999999985,0.2842249999999999,1
K02672.02,39.351762499109036,42.9923284,123.99442365103435,162.50532,0.2756833333333332,0.1969166666666666,1
K02430.01,10.215411973922668,10.21507506,358.359105645879,133.64546,0.12731249999999997,0.1414583333333333,0
K02431.01,8.37226053254667,8.3806973,352.7947541655857,134.7287,0.13878333333333326,0.1261666666666666,0
K02432.01,31.05553410710894,31.0572947,147.6101696549533,147.56275,0.12753749999999997,0.1417083333333333,1
K02432.02,86.38326991372871,93.6273251,176.7041029882866,222.5881699,0.11199999999999985,0.0799999999999999,0
K02433.01,15.159940501359383,15.1622287,356.85809553383416,144.474,0.21385,0.3055,1
K02433.02,10.045038170877051,10.04378351,353.54207053383413,353.61859,0.18493333333333328,0.2311666666666666,1
K02433.05,0.6467413075185253,0.646745436,352.57352053383414,132.02582,0.0494999999999999,0.0494999999999999,0
K02433.03,56.42849093927698,56.4148314,388.6511809505008,163.128,0.23552083333333335,0.3364583333333333,1
K02509.01,4.551449157807335,4.5513988,133.05319991746018,133.05954,0.0921375,0.102375,1
K02510.01,12.212105495534075,12.2141545,141.49604078696322,141.3677,0.25654999999999994,0.4275833333333333,0
K02511.01,3.73228030929967,3.732261,131.93166161720796,131.93795,0.08558333333333332,0.0855833333333333,0
K02583.01,3.032668112198035,3.03267135,121.94012048902195,134.0668,0.0739166666666666,0.0739166666666666,1
K02583.02,234.29903693430708,251.7512,342.5935621556886,271.06864,0.14379999999999998,0.17975,0
K02585.01,5.3417963614940485,5.34182466,125.63646199333245,136.3186,0.13413749999999994,0.1490416666666666,1
K02585.02,10.684121799672008,10.42317343,125.59677240999912,135.15208,0.13655833333333323,0.0975416666666666,1
K02586.01,2.1319521384593094,2.131945045,353.2402039946321,133.65547,0.06772874999999993,0.0752541666666666,1
K02586.02,6.395686086927542,5.9703813,353.2559073279654,356.5416,0.0418125,0.027875,0
K02587.01,12.942903404454682,12.9462567,139.6051398750278,139.4165,0.3189333333333333,0.3986666666666666,1
K02588.01,5.779476239895131,5.77957133,136.54416223852206,136.53014,0.09454874999999993,0.1050541666666666,1
K02658.01,11.659055490167095,11.6601667,140.6787402770782,140.62189,0.1715583333333333,0.2450833333333333,1
K02659.01,87.93287274833799,89.465468,175.39402696188296,170.8426,0.32933333333333337,0.4116666666666667,0
K02660.01,18.01591167067462,18.0161227,145.25852739850197,145.24169,0.16733333333333328,0.1673333333333333,1
K02434.01,40.870464012584165,40.8777605,199.32529057856354,163.43477,0.24362499999999992,0.4060416666666666,0
K02435.01,6.8023720759015465,6.80243431,132.41111406768226,132.40355,0.11132916666666662,0.1590416666666666,0
K02436.01,89.56218406458768,84.5733346,135.23329081551304,150.152,0.19206666666666664,0.2400833333333333,1
K02437.01,4.148019986468615,4.14789051,135.4926343556511,135.53291,0.14358749999999995,0.1595416666666666,1
K02513.01,19.0064643536571,19.0054098,144.1097357699562,144.15574,0.09214999999999993,0.0767916666666666,1
K02514.01,1.9643433906997176,1.96433113,353.6172983956576,131.65195,0.08928749999999996,0.0992083333333333,0
K02517.01,0.9685290736126314,0.968527683,132.47793849368654,131.50954,0.05126999999999995,0.0569666666666666,1
K02589.01,0.6640767622443347,0.664074145,132.0743090981789,133.40285,0.0455208333333333,0.0455208333333333,1
K02590.01,11.39552032941762,11.7489907,123.04025945972545,135.68045,0.23584166666666662,0.1684583333333333,0
K00004.01,3.8492846134361725,3.849371737,122.89682296546911,157.526686,0.1096666666666666,0.1096666666666666,1
K00033.01,0.3661972782532697,0.366197145,120.74174775643267,133.55969,0.04625624999999997,0.0513958333333333,0
K00251.01,4.164388373266098,4.164384505,133.608155087518,171.087935,0.0769333333333333,0.0769333333333333,1
K00251.02,6.246701806809854,5.77440326,133.59280508751803,132.96695,0.08103333333333326,0.0736666666666666,1
K02662.01,2.1043335443498137,2.10433534,133.3184759747674,133.31612,0.04187999999999997,0.0465333333333333,1
K02664.01,28.849014895718643,28.8431751,172.50035377038148,143.82307,0.18497499999999997,0.132125,1
K00256.01,1.378655876538588,1.378649746,132.55465099802197,169.780113,0.04586999999999994,0.0509666666666666,0
K02665.01,1.112202916179185,1.112207126,131.85228553805385,131.8505,0.0675,0.05625,0
K02667.01,1.3035651970950803,1.303576682,131.7783212081859,133.0758,0.0425416666666666,0.0425416666666666,0
K02438.01,1.9585799859443387,1.958577398,171.43252376943036,132.26115,0.08954999999999991,0.0994999999999999,0
K02439.01,5.191301540023447,5.19103699,353.2063214073188,135.21628,0.15832499999999997,0.1759166666666666,1
K02440.01,4.866523813279932,4.86638504,133.99558680389538,134.01501,0.10523333333333325,0.0956666666666666,1
K02441.01,4.791744870417465,4.79176993,134.0457260399322,134.03502,0.16949999999999998,0.1883333333333333,0
K02442.01,25.19171763513676,25.1933989,171.67070670940495,146.4301,0.21175,0.1925,1
K02442.02,12.310270338596982,12.3101351,178.79865254273827,141.8765,0.1423875,0.1582083333333333,1
K02518.01,0.7597581794940818,0.759762021,131.7990953248822,131.79506,0.14326666666666663,0.2046666666666666,0
K02520.01,6.494625528725732,6.49441464,132.22552690174115,132.25189,0.0976666666666666,0.0976666666666666,1
K02521.01,28.480011811872536,28.4750006,353.763176623393,154.5706,0.23589999999999994,0.1965833333333333,1
K02521.02,4.866358908851244,4.86634094,353.3394224567263,353.34131,0.0785416666666666,0.0785416666666666,1
K02593.01,14.799199513009784,14.7966306,142.6102751632634,142.74484,0.28064999999999996,0.233875,1
K02594.01,11.253324188498182,11.25401871,136.93629445588167,136.8901,0.0991458333333333,0.1982916666666666,1
K02595.01,9.182360903947929,9.18244299,134.0491102784989,134.04601,0.16192499999999996,0.1799166666666666,1
K02595.02,14.61208061758329,14.6134781,140.49739777849888,140.41368,0.2194166666666666,0.2194166666666666,1
K02596.01,109.51834904197625,119.682075,178.36743126462034,176.0877,0.6516666666666666,1.3033333333333332,0
K00257.01,6.883560316738143,6.88341278,124.46337796627175,172.66227,0.0861416666666666,0.0861416666666666,1
K02673.01,4.5936933884532465,4.593595496,736.6432546094553,134.88971,0.11445,0.11445,0
K02674.01,212.04367818120676,197.5111484,183.28805719156065,272.3864,0.6478499999999999,0.46275,1
K02674.02,11.172369384158886,11.1726723,128.84586135822732,140.00764,0.2544166666666666,0.2544166666666666,1
K02674.03,2.535710672932,2.53573284,122.874384274894,133.01581,0.14958749999999996,0.1662083333333333,1
K02443.01,6.791846515549382,6.79164656,136.46426051269393,136.48519,0.1392916666666666,0.1392916666666666,1
K02443.02,11.838390454435233,11.8376933,142.1766792626939,142.21212,0.1408749999999999,0.1408749999999999,1
K02444.01,18.553738746888946,18.5525162,172.57941730434524,135.51322,0.14616666666666664,0.1827083333333333,1
K02447.01,1.045500309562716,1.045492348,120.78381412024305,132.27517,0.1588708333333333,0.1222083333333333,0
K02522.01,5.604071694488693,5.60402307,133.81886204342246,133.82508,0.0428041666666666,0.0428041666666666,1
K02523.01,13.032611669766368,13.0313583,352.55754399437313,144.11544,0.18837500000000001,0.188375,1
K02524.01,41.75436520969031,40.9905002,138.6193388659095,132.4136,0.1528333333333333,0.3056666666666666,1
K02525.01,61.93099606315133,57.2932309,149.73421406895756,146.23112,0.101625,0.20325,1
K02597.01,8.005124423077449,8.00504749,138.70501718332952,138.71228,0.1383333333333333,0.1383333333333333,1
K02597.02,12.129633337218728,12.13070414,139.97429009999618,139.89855,0.160125,0.160125,1
K02597.03,5.613442051319267,5.61357653,131.83849634999618,131.81669,0.10893749999999995,0.1210416666666666,1
K02600.01,1.332530991193823,1.33255087,353.27017019003296,132.059,0.13368749999999993,0.1485416666666666,0
K02375.01,40.859483944393475,40.8792243,158.7151086266709,163.41583,0.40862499999999996,0.291875,0
K02376.01,18.82726266979866,18.8262877,360.591720319853,134.70322,0.10743333333333326,0.0976666666666666,1
K02378.01,4.7670796144039445,4.76702759,132.68180143853075,132.69368,0.06709999999999991,0.0838749999999999,1
K02448.01,13.629979071259235,13.62801048,353.3990018464006,135.45073,0.16213083333333325,0.1473916666666666,1
K02450.01,16.832737172642638,16.83203175,140.50639297541468,140.53041,0.1679583333333333,0.1679583333333333,1
K02451.01,13.374886074209511,13.37499553,132.30512226628557,142.38153,0.040974999999999956,0.0682916666666666,0
K02452.01,4.35368760434901,4.35370136,134.0987565280879,134.09426,0.06376666666666664,0.0797083333333333,0
K02526.01,145.33677275719182,134.96694,206.26929852801072,205.9674,0.3839583333333333,0.7679166666666666,0
K02527.01,1.3857926383691093,1.385787741,132.71886600201202,135.49119,0.0685375,0.0685375,1
K02528.01,12.023025224592686,12.02295362,136.20202729206812,136.20687,0.03694541666666662,0.0527791666666666,1
K02529.01,16.79621328590455,16.79716262,134.07292305665578,134.0417,0.14362499999999997,0.1595833333333333,1
K02529.02,63.98780538484455,64.0019669,132.77134388998914,132.61779,0.2755666666666666,0.1968333333333333,1
K02601.01,2.6221315279589863,2.622134451,131.8772660023934,131.87323,0.17756249999999993,0.1972916666666666,0
K02602.01,11.476253700614103,11.47685263,139.66544872651474,139.63194,0.1492833333333333,0.1148333333333333,1
K02379.01,40.007396453221624,40.0088894,141.76483715382795,141.74475,0.09039999999999995,0.1506666666666666,0
K02381.01,6.58693945810398,6.58738839,172.9377966769184,133.35768,0.1784249999999999,0.1982499999999999,0
K02382.01,0.7597047420271381,0.759706632,121.1388806775918,131.7692,0.049939999999999894,0.0453999999999999,0
K02383.01,4.370225898313168,4.37033233,131.94512743398556,131.92696,0.1185416666666666,0.1185416666666666,1
K02454.01,1.080656901855728,1.08070294,170.78777886296612,131.86686,0.1821625,0.140125,0
K02455.01,4.742521968046378,4.74254518,133.14528069560615,133.13916,0.03836249999999991,0.0426249999999999,0
K02456.01,18.137129230176388,18.13559979,138.25115635882426,138.31557,0.11777499999999999,0.084125,0
K02457.01,3.704385176150247,3.70429015,121.08012611781501,132.21478,0.12637499999999996,0.1404166666666666,1
K02530.01,40.520339022805594,37.3331165,148.96397604940162,162.90453,0.2866125,0.3184583333333333,1
K02532.01,7.971020129566921,7.9709719,134.04837176821104,134.0507,0.048348749999999975,0.0537208333333333,1
K02533.01,6.0340138410462165,6.03355539,137.0602383935856,137.121,0.33496666666666663,0.4187083333333333,1
K02533.02,9.049649742476072,9.49361221,137.17660297691893,136.1777807,0.38033333333333325,0.2716666666666666,0
K02534.01,3.0256445082783463,3.02558494,134.35127422361688,134.36744,0.11252999999999996,0.1250333333333333,1
K02605.01,0.9336910655801273,0.933746783,169.8624849615974,131.51962,0.19502083333333325,0.1772916666666666,0
K02606.01,6.167011296698914,6.09740316,124.71968785836297,133.32402,0.270375,0.193125,0
K02608.01,2.7613162234262254,2.7612237,120.54661248577982,131.6081,0.1533749999999999,0.1533749999999999,1
K02609.01,5.597314551110766,5.59727625,131.86467174568415,131.86798,0.0691249999999999,0.0691249999999999,0
K02385.01,50.5910844358528,50.5715805,160.90946893973216,161.11366,0.21735000000000002,0.15525,0
K02387.01,2.0323258186783058,2.032319072,132.31876123970105,132.32157,0.0698416666666666,0.0698416666666666,1
K00028.01,4.1010158331207185,4.100870416,123.00258675374502,168.1460533,0.20384025,0.33973375,0
K02458.01,4.35404431600443,4.35407371,132.86747973016514,132.85695,0.09101249999999991,0.1011249999999999,1
K02458.02,2.936623288432,2.936587946,133.02461639683182,133.03618,0.07106999999999994,0.0789666666666666,1
K02460.01,11.323647596740944,11.32269749,136.0111092629375,136.05511,0.10257916666666661,0.1465416666666666,1
K02461.01,13.713114673323352,13.71218522,354.87001968959106,135.51875,0.11169583333333326,0.1015416666666666,1
K02462.01,12.145076216776676,12.14684625,131.65447431701693,131.55623,0.2582083333333333,0.2582083333333333,1
K02463.01,7.4670078125384345,7.46718958,121.47748832215663,136.39348,0.1513749999999999,0.1513749999999999,1
K02535.01,48.899245069598805,48.8882668,153.66550828445082,153.8341,0.3503499999999999,0.2694999999999999,1
K02536.01,51.14527018571848,51.1319346,136.98027132098215,137.1568,0.22571249999999993,0.2507916666666666,1
K02537.01,128.0993880161945,133.516435,213.99015350851522,134.8898,0.04575,0.0915,0
K02538.01,39.838957552533046,39.8312536,155.47006039412707,155.6409,0.14245,0.10175,1
K00249.01,9.549362007568881,9.549277089,137.5551691412139,175.757183,0.07256333333333326,0.0659666666666666,1
K00252.01,17.602818620588803,17.60461401,135.36746715125827,170.4984,0.18579999999999997,0.1548333333333333,1
K02611.01,1.228718026054645,1.228721184,132.27346684569918,133.49967,0.04771249999999999,0.043375,0
K02615.01,4.69488078123132,4.69505576,133.95877641760964,133.93643,0.11467499999999994,0.1274166666666666,1
K02616.01,0.5691149429170542,0.569115976,120.63637067183038,132.01945,0.0760499999999999,0.0844999999999999,0
K00242.01,7.2579639879653195,7.258450123,138.400216028254,138.344691,0.19099,0.2387375,0
K02388.01,6.0964885151482004,6.0959841,134.97503544895173,135.0254,0.3030416666666666,0.4329166666666666,0
K02389.01,22.92460343307703,22.9221181,133.59645022256805,133.66805,0.205,0.3416666666666666,1
K02390.01,16.10478021536355,16.10474503,135.01039806681467,135.01186,0.21419999999999997,0.238,1
K02392.01,7.426771293461567,7.42697378,133.114984127661,133.099,0.12022499999999997,0.1335833333333333,1
K02464.01,0.8746230877092581,0.874629873,132.25843947991763,132.25706,0.07425,0.07425,0
K02465.01,5.460879448210662,5.46091846,131.6716095170945,131.66849,0.0742083333333333,0.0742083333333333,0
K02466.01,3.1732295379171083,3.17323012,133.70454214737174,133.69979,0.07160249999999997,0.0795583333333333,1
K02466.02,13.298547104039482,13.2970695,140.86242048070505,140.94606,0.1641499999999999,0.1367916666666666,1
K00246.01,5.398557157854172,5.398752862,125.29839450059673,173.858666,0.12863624999999995,0.1429291666666666,1
K00246.02,9.605410128157851,9.60505976,126.74561012559673,136.37863,0.11273625,0.1252625,1
K02539.01,5.266564413795204,5.26648126,131.6881706800107,131.6902,0.09001666666666663,0.0818333333333333,0
K02540.01,2.6759832660881595,2.67596808,353.1336417723713,133.70492,0.07578749999999998,0.0842083333333333,0
K02541.01,7.417777415803084,7.41683033,123.03925950792578,137.96389,0.21215833333333334,0.3030833333333333,1
K02541.02,20.483992757371237,20.4853893,126.4631178412591,146.9183,0.38358749999999997,0.4262083333333333,1
K02542.01,0.7273291539854138,0.727331746,131.64646876117112,132.37007,0.0346791666666666,0.0346791666666666,1
K02543.01,1.3020151265996363,1.302017467,131.93954929055204,131.93696,0.057050000000000003,0.05705,1
K02617.01,8.630452398297255,8.63050092,174.09533425423942,139.57438,0.1179,0.131,1
K02618.01,12.491857039759147,12.49117388,136.28904464033812,136.31491,0.09493333333333329,0.1186666666666666,0
K02619.01,3.276493276845824,3.27645723,354.77317296933785,131.97924,0.08321249999999997,0.0924583333333333,1
K02620.01,16.05714186112466,16.0573291,132.39821839321615,132.39054,0.1182,0.14775,1
K02621.01,8.44321748195886,8.44326557,355.79214702767064,136.26748,0.12573749999999997,0.1397083333333333,0
K02393.01,4.603125739235003,4.60300256,133.20149722964214,133.22313,0.11186666666666661,0.1118666666666666,1
K02393.02,0.7666901505077324,0.766691517,132.1968688963088,132.19667,0.04739249999999997,0.0526583333333333,1
K02395.01,16.93349438623468,16.9329284,132.12924814484543,132.15407,0.06597499999999987,0.0507499999999999,0
K02397.01,12.001595034663302,12.00089667,142.00461028916513,142.04182,0.1360833333333333,0.1360833333333333,1
K02398.01,1.1690071882394715,1.169010526,121.22028714033114,131.738567,0.034174583333333314,0.0488208333333333,0
K02399.01,1.9169444914753415,1.916940872,132.4672983059044,132.46734,0.053411249999999966,0.0593458333333333,1
K02467.01,5.056852362090611,5.05661302,134.3745433500219,134.39648,0.1145083333333333,0.1635833333333333,1
K02468.01,24.326945254560258,24.3344939,147.61756199995534,147.41892,0.3824916666666666,0.2732083333333333,1
K02469.01,131.13992866740927,131.187921,172.65425499952437,172.3923,0.4027916666666666,0.2877083333333333,1
K02470.01,2.1749427047639878,2.17489806,131.94298671496588,134.11887,0.1724625,0.191625,0
K02471.01,25.886014778243535,25.8859397,157.038400605325,157.04329,0.17055,0.1895,1
K02544.01,28.617892593790764,28.6253502,186.88856085300475,158.11827,0.265475,0.189625,1
K02545.01,6.981182677674351,6.98141327,125.81538625526198,132.7883,0.24476249999999997,0.2719583333333333,1
K02546.01,1.3196721582660367,1.319677953,132.06011005536027,132.06143,0.0824166666666666,0.0824166666666666,0
K02547.01,8.943394915598581,8.94337724,137.2989111078845,137.30234,0.0925875,0.102875,1
K02622.01,0.3286850297601538,0.328686504,131.7879466811871,132.77146,0.0358,0.0358,0
K02623.01,5.576530897648282,5.57654782,125.2755843460937,136.42668,0.13773749999999996,0.1530416666666666,1
K02624.01,119.42915019980221,115.6863392,452.26565055777496,246.98666,0.27125,0.19375,1
K02625.01,3.8137647023965724,3.81371423,132.56039516889095,132.57465,0.0822083333333333,0.0822083333333333,1
K02626.01,37.013830846489704,38.0970717,145.47369309710962,140.00353,0.12562083333333332,0.1794583333333333,1
K00243.01,2.637479715124259,2.637574744,131.6030220174656,134.212775,0.18191,0.2273875,0
K02402.01,16.302633035069253,16.3012727,133.731502153568,133.79446,0.149025,0.1655833333333333,1
K02403.01,13.323670999783493,13.32354078,120.70100962930552,134.03671,0.1452375,0.161375,1
K02472.01,2.6075644002149065,2.607545159,131.82843267695154,131.83453,0.0579833333333333,0.0579833333333333,1
K02473.01,3.2441452313839085,3.24417541,353.5509690615774,132.94014,0.0746999999999999,0.0829999999999999,1
K02473.02,66.42651308240987,73.45736853,390.5342690615774,373.2353172,0.132,0.22,0
K02473.03,14.51317960485928,14.5123622,361.4691398949107,143.8154,0.17345833333333333,0.1734583333333333,1
K02475.01,6.855519687115044,6.85567248,136.02952952301982,136.01953,0.0850499999999999,0.0944999999999999,0
K02476.01,2.2860797837586935,2.28607282,133.54827236691685,133.557,0.29325,0.3258333333333333,0
K02549.01,3.548001642373975,3.54789928,133.7648241639921,133.78212,0.09536666666666664,0.1192083333333333,0
K02552.01,3.65687160113967,3.65690909,134.9607470115555,134.95269,0.0774,0.086,1
K02553.01,84.34590572855521,88.0712769,171.17314733451283,214.51304,0.22526666666666664,0.2815833333333333,1
K02627.01,8.383657309182041,8.38395796,134.43742552264013,134.41408,0.19499999999999995,0.2166666666666666,1
K02628.01,1.6818847321969748,1.68189051,133.08303527276306,133.07951,0.11219999999999994,0.1246666666666666,1
K02629.01,8.590079464828477,8.59000355,131.97096998583595,131.97492,0.22266666666666665,0.2783333333333333,0
K02631.01,45.00553477712559,44.9977604,160.13121724394676,160.2298,0.24214999999999998,0.4035833333333333,1
K02631.02,3.7497988257527877,3.95383243,122.71712974394677,133.4182993,0.13825,0.09875,0
K02632.01,7.128214203375742,7.12815163,122.6215285633107,136.88006,0.20707499999999998,0.2300833333333333,1
K02405.01,0.8729547093523555,0.872952088,121.01927430513886,131.49734,0.042288749999999924,0.0604124999999999,0
K02406.01,7.010983480549179,7.01074295,138.37549061221765,138.4027,0.09985708333333328,0.0907791666666666,1
K02407.01,17.29651116542148,17.2922631,135.60484437058648,135.75448,0.20539166666666664,0.2934166666666666,1
K02408.01,84.86030070000001,94.289223,175.92540619842174,166.50826,0.15382499999999996,0.1709166666666666,1
K02477.01,14.026655605678869,14.02634692,135.16034463646736,135.17539,0.048029999999999934,0.0533666666666666,1
K02478.01,12.4315016704681,12.425866431,141.04419763971111,141.5137911,0.6071416666666667,1.2142833333333334,0
K02479.01,25.532675988329014,25.5433704,140.9035115417832,140.58705,0.39265416666666664,0.3569583333333333,1
K02481.01,35.97869635800725,33.8542586,137.0373134714606,132.1329,0.317225,0.5287083333333333,0
K02482.01,49.327153739632735,45.0909201,160.15893118489325,133.55146,0.0959375,0.191875,1
K02483.01,15.052426788122377,15.0539886,135.6112810068375,135.53329,0.16582499999999992,0.1842499999999999,1
K02841.01,174.3968593690072,159.388788,211.86206887716472,226.9313,0.2459333333333333,0.3513333333333333,1
K02842.01,1.565405617290099,1.565412613,630.7155350934822,132.91281,0.03470499999999989,0.0315499999999999,1
K02842.02,4.6963527583333295,5.14892346,633.8278730101489,133.31971,0.03204333333333328,0.0400541666666666,1
K02842.03,3.1307881622268705,3.036208739,632.2850900934823,134.06146,0.03496499999999991,0.0388499999999999,1
K02917.01,0.730936299403827,0.730943372,352.9786867850092,131.49862,0.11264999999999993,0.1251666666666666,0
K02918.01,0.5155521523496684,0.515552803,352.82488147559854,131.651719,0.05211791666666662,0.0744541666666666,0
K02918.02,0.5155523979739771,0.51554111,352.82452001726523,131.6708765,0.050749999999999997,0.03625,0
K02919.01,2.522583153469827,2.522590567,131.64702239006684,131.64534,0.04100833333333331,0.0585833333333333,1
K02920.01,6.739737912121057,6.73968289,132.27994459329386,132.29296,0.15686249999999993,0.1742916666666666,1
K00276.01,41.75449709605469,41.74598855,126.79465600540075,210.399151,0.15374999999999991,0.1921874999999999,1
K02702.01,82.40533001402099,75.378004,189.90382196031226,167.11715,0.16859999999999997,0.2809999999999999,0
K02703.01,232.64094446347238,213.258526,209.98553229172126,268.13424,0.29129999999999995,0.3236666666666666,1
K00260.02,109.36920099810807,100.2830675,140.16154013712017,245.04318,0.226325,0.45265,1
K00260.03,21.867961795047712,21.86965714,140.34540659545348,140.29513,0.20691374999999992,0.2299041666666666,1
K00260.01,10.495572585293957,10.49566303,130.8193609704535,172.79335,0.17758499999999994,0.1973166666666666,1
K02704.01,4.871134444469309,4.871223664,542.8355076716414,133.64255,0.05305333333333327,0.0663166666666666,1
K02704.02,2.9840972706509987,2.984157711,541.9552135049747,133.11908,0.04738874999999994,0.0526541666666666,1
K02704.03,8.118399789556934,8.15275885,539.5936118383081,134.19046,0.058199999999999995,0.07275,1
K02705.01,2.8867855493170174,2.8867624,541.5815718335837,131.66592,0.03704625,0.0411625,1
K02763.01,0.49843580321933295,0.498434645,131.57064754876905,131.57053,0.0397916666666666,0.0397916666666666,0
K02765.01,2.755098443784417,2.75505467,171.98468026498733,133.42201,0.128475,0.14275,0
K02766.01,1.5721866175413066,1.572181216,131.76782070133632,131.77456,0.180475,0.3007916666666667,0
K02767.01,1.2880761384797945,1.28805834,131.98265182711552,131.9914,0.1424583333333333,0.1424583333333333,0
K02844.01,2.7228534277721184,2.72288246,131.91846752716336,131.90948,0.1003333333333333,0.1003333333333333,0
K02845.01,1.5740892788620495,1.574090323,131.86110662970688,131.86116,0.05265333333333329,0.0658166666666666,1
K02846.01,0.947744115066432,0.947738312,353.2058336238456,132.38567,0.07034999999999986,0.0502499999999999,0
K02848.01,13.786824306090057,13.7872627,131.0034288267066,144.77403,0.21551249999999997,0.2394583333333333,1
K00271.03,14.697736363268955,14.4359459,120.83810065434172,141.51253,0.19914999999999997,0.14225,1
K00271.01,48.63174686944161,48.6303805,123.90261315434171,172.54736,0.26551874999999997,0.2950208333333333,1
K00271.02,29.38201015609207,29.39337161,121.21447357100838,209.06737,0.4402812499999999,0.2935208333333333,1
K02849.01,5.959524737379428,5.95958637,135.015371154829,135.00822,0.10871249999999993,0.1207916666666666,1
K02922.01,0.49758877905164434,0.497581917,131.65522538980755,131.6572,0.0790833333333333,0.0608333333333333,0
K02924.01,2.2795225545633033,2.279523364,133.35866431876377,133.3576,0.0675083333333333,0.0675083333333333,1
K02926.01,12.284469740015274,12.2854718,746.2195195834961,131.90073,0.1248333333333333,0.1248333333333333,1
K02926.02,5.53626560230362,5.53609368,740.8374908334961,131.88286,0.07647333333333328,0.0955916666666666,1
K02926.03,20.964105172080068,20.9569985,746.6561883334961,139.07664,0.1455416666666666,0.1455416666666666,1
K02926.04,40.96074695619006,37.6333868,742.0441529168294,158.8156,0.16837499999999997,0.1870833333333333,1
K02707.01,58.02326660902352,58.0337426,138.85256607596975,138.7412,0.27919999999999995,0.2326666666666666,1
K02707.02,14.507565078980424,14.4252635,138.7853077426364,136.75608,0.20334166666666656,0.1564166666666666,1
K02707.03,26.676422219719196,26.6757818,149.97391607596975,149.99527,0.10109999999999997,0.1123333333333333,1
K02708.01,0.8683902379155967,0.868386354,170.27212952498337,132.06741,0.048858333333333254,0.0444166666666666,1
K02768.01,11.836623364337203,11.8288843,137.26889777207333,137.6991,0.11123333333333327,0.1390416666666666,1
K02768.02,14.7508928228987,14.7512034,137.17142693873998,137.1559,0.07291666666666663,0.0520833333333333,1
K02768.03,11.832179483550034,11.83271013,137.62612277207333,137.5928634,0.20506666666666665,0.2563333333333333,0
K02769.01,1.4803321824817726,1.480323978,131.74568930464625,131.7553,0.076375,0.076375,0
K00041.02,6.407812191797872,6.88707073,122.95923342917744,133.17797,0.24201125,0.1861625,1
K00041.03,38.439971767404685,35.3331932,123.08710009584411,153.98249,0.29829999999999995,0.2485833333333333,1
K00041.01,12.816768679298464,12.81590421,122.89381092917745,122.94682,0.23946,0.2660666666666667,1
K00267.01,166.35441834972272,165.75597,219.15748454472117,207.3074,0.21124999999999997,0.3520833333333333,0
K02850.01,1.1143057077950298,1.11431205,131.76305659096963,131.75649,0.088,0.088,0
K02851.01,3.4205937359670116,3.42064689,354.65371121568296,132.30629,0.06626249999999999,0.073625,1
K02852.01,0.6756494770550133,0.675650404,352.6215672400743,131.68114,0.0760875,0.0760875,1
K02928.01,17.72927872828169,17.7337356,144.15713551193062,143.9223,0.3242166666666666,0.2315833333333333,0
K02929.01,10.0643155686233,10.06478627,135.27812418256553,135.24121,0.10724999999999994,0.1191666666666666,0
K02930.01,1.1297674596425378,1.12976597,132.52498665327892,132.526,0.1161,0.129,0
K00277.01,16.227703116801266,16.23191704,123.1501821355349,171.67758,0.3419625,0.310875,1
K00277.02,13.85117070016771,13.84984567,127.7109902605349,141.64914,0.27293625,0.3032625,1
K02709.01,15.412176904207875,15.4126766,360.7673327243351,144.9757,0.11339999999999999,0.14175,0
K02710.01,1.1105977186618905,1.110599919,131.57457060493707,131.57274,0.061842916666666636,0.0562208333333333,0
K02711.01,9.02414092132509,9.02436414,133.55751726294764,133.54199,0.1254583333333333,0.1254583333333333,1
K02711.02,18.0503268682741,17.3408735,133.47347559628096,138.96694,0.1415833333333333,0.1415833333333333,1
K02771.01,0.8142805873918639,0.814280672,121.0631506149107,131.64736,0.0969166666666666,0.0969166666666666,0
K02773.01,0.8788643185205909,0.878855771,132.3705648883433,131.49524,0.05048083333333326,0.0458916666666666,0
K02774.01,2.4943096341199222,2.49432176,540.1876121356726,133.61066,0.08725874999999995,0.0969541666666666,0
K02776.01,1.006529108884415,1.00652785,131.71544581992373,131.71627,0.04940624999999998,0.0548958333333333,0
K02777.01,1.9956442896819742,1.99566293,132.86619353471747,132.8585,0.1880833333333333,0.1880833333333333,0
K02854.01,0.7551082920567104,0.755111225,131.80956707092724,131.80687,0.1318333333333333,0.1318333333333333,0
K02856.01,25.87364426687748,25.8730914,143.27190057793516,143.28644,0.19068749999999993,0.2118749999999999,1
K02857.01,20.267710986452283,20.2642023,135.16633292863483,135.27919,0.23319999999999996,0.1943333333333333,1
K02857.02,7.440762747963152,7.44136102,137.81256626196816,137.74695,0.132825,0.18975,1
K02931.01,89.89400574180915,99.2532336,185.04706467772965,148.53067,0.24026666666666663,0.3003333333333333,1
K02932.01,3.849302070303741,3.84933401,353.8529226930672,134.43526,0.07663333333333328,0.0957916666666666,0
K02936.01,6.480050336666541,6.4802138,132.87416723380449,132.8598,0.1362499999999999,0.1362499999999999,1
K02713.01,21.387526457132967,21.3910125,141.41202970751613,141.29764,0.20486666666666659,0.1463333333333333,0
K02714.01,14.387014706961434,14.3832267,140.36130699366197,140.57648,0.27926666666666666,0.3490833333333333,1
K02714.02,43.151062766333474,47.3186631,140.53810699366196,170.06035,0.26162499999999994,0.4360416666666666,1
K02714.03,187.63949272139223,184.262741,134.12391949366196,255.2287,0.44774999999999987,0.4974999999999999,1
K02715.01,11.128903262748391,11.12827427,540.1230486800526,139.54417,0.0979425,0.108825,1
K02715.02,2.226519357268881,2.226496196,540.8145974300526,133.37195,0.06402374999999991,0.0711374999999999,1
K02715.03,5.564231205892179,5.72084599,540.150382013386,134.66576,0.10289999999999996,0.1143333333333333,1
K02778.01,2.215742330983703,2.21571296,353.3875428873709,131.82107,0.06829124999999994,0.0758791666666666,1
K02779.01,34.47161568175635,34.4585495,147.5257539783642,147.82493,0.3407249999999999,0.3097499999999999,1
K02780.01,3.3517842692761715,3.35184041,171.87838720765637,131.64441,0.0827291666666666,0.0827291666666666,1
K02781.01,1.6157779999573711,1.615758517,121.97986629835667,131.68535,0.0867,0.07225,0
K02859.01,3.4462041545216353,3.4462125,132.23449128113757,132.22894,0.07878749999999994,0.0875416666666666,1
K02859.02,2.0054037407413077,2.005414293,133.24481419780423,133.24526,0.07252499999999998,0.0805833333333333,1
K02861.01,1.8685827530819545,1.868564038,132.50579115272694,132.51442,0.0496666666666666,0.0496666666666666,0
K02946.01,15.141264132235792,15.1408916,355.6937849215246,143.74584,0.16346249999999993,0.1816249999999999,1
K02948.01,11.391919358461195,11.39169531,130.15384766401016,141.55983,0.18749999999999994,0.2083333333333333,1
K02951.01,2.4435863793860757,2.44358543,120.58210517779861,132.80194,0.0771666666666666,0.0771666666666666,1
K02952.01,1.759287804733732,1.7592691,353.73662083067734,132.07552,0.0992083333333333,0.0992083333333333,0
K02716.01,0.9628651210198631,0.962864171,170.6402858263293,132.12548,0.0700083333333333,0.0700083333333333,1
K02716.02,6.459915462626125,6.46004728,174.74566499299596,135.96779,0.07421249999999997,0.0824583333333333,1
K00261.01,16.239605327684675,16.23847733,122.25902927737732,171.019564,0.08270625000000001,0.1654125,1
K02785.01,4.768107229750329,4.76831033,540.1984564557739,134.86116,0.12136124999999998,0.1348458333333333,1
K02786.01,44.61444662117888,44.616751,164.48392867986038,164.45238,0.2610333333333333,0.3262916666666666,1
K02787.01,1.7144230983658633,1.714410345,131.8600290135329,131.86549,0.1389999999999999,0.1389999999999999,0
K02789.01,3.4016645979326237,3.40165617,132.06396087585796,132.06195,0.07356374999999991,0.0817374999999999,1
K02790.01,14.008989809495453,14.00948631,132.98481386385473,132.96947,0.141625,0.141625,1
K02863.01,1.703354095916756,1.703359172,132.4654984509233,132.46185,0.07177499999999992,0.0797499999999999,0
K02864.01,3.7788583947436893,3.77881664,122.85461804508473,134.208,0.19396666666666665,0.2424583333333333,0
K02865.01,1.3115346367853844,1.311558909,131.55241504014228,131.53283,0.07196249999999997,0.0799583333333333,1
K02866.01,1.2912335227523364,1.291233083,131.99216099642504,131.99105,0.06956249999999994,0.0772916666666666,1
K00273.01,10.573901106985273,10.573751447,122.18993401989931,175.067739,0.0719124999999999,0.0719124999999999,1
K02961.01,3.7847272339502016,3.7847507,122.15920458077602,133.50785,0.13401666666666662,0.1218333333333333,1
K02963.01,18.2199407711394,18.2206024,141.41078131138323,141.37607,0.2128749999999999,0.2128749999999999,1
K02964.01,47.466541866114504,47.4497134,173.32207142837385,173.4565,0.4447916666666667,0.4447916666666667,1
K02964.02,37.36087893265854,35.080928,146.31757142837384,164.4576,0.14416666666666664,0.2883333333333333,0
K02717.01,0.9299073179358011,0.929906166,121.09080745057051,132.25126,0.072625,0.072625,1
K02718.01,0.7845155695909604,0.784513087,170.42556351030123,131.98751,0.08002499999999999,0.080025,0
K02719.01,4.115801356278647,4.11585514,134.1281660910052,134.11726,0.04952666666666664,0.0619083333333333,1
K02721.01,33.863030218472744,33.878639,160.40524917659462,160.21869,0.38712499999999994,0.2580833333333333,1
K02791.01,27.576422983687706,27.5722144,145.28706715896368,145.39543,0.1971,0.219,1
K02792.01,2.1282309468997354,2.12821621,121.83689866293172,132.48055,0.1310833333333333,0.1310833333333333,1
K02794.01,0.7033998325773516,0.703399912,170.3470971793878,131.65929,0.02400416666666662,0.0342916666666666,0
K02795.01,2.5355771361548998,2.5355023,352.77157104256116,132.20054,0.2096791666666666,0.2995416666666666,0
K02867.01,1.3325563259094126,1.332560553,121.39505540387897,132.05303,0.1105,0.138125,0
K02867.02,17.327592185276846,18.936061,135.84930540387896,139.0725,0.4639583333333333,0.9279166666666666,0
K02868.01,10.652060015788496,10.65275054,359.8453723106126,136.08994,0.10064999999999996,0.1118333333333333,1
K02869.01,3.3003917681467474,3.30040818,169.87679533279007,133.56723,0.1859166666666666,0.1859166666666666,1
K02870.01,5.6290346207107405,5.62950902,356.4585846455296,136.8607,0.1908083333333333,0.2725833333333333,0
K02942.02,24.27845717032583,24.2758992,370.83349815858327,152.43133,0.1338749999999999,0.1912499999999999,1
K02943.01,54.43223799301524,54.4099612,175.11313828266145,175.40307,0.5045083333333332,0.3880833333333333,1
K02944.01,9.122217569239957,9.12209336,357.74934332844754,138.83306,0.108675,0.181125,0
K02945.01,19.948690519285996,19.94752741,144.2141724082303,144.2469,0.08048333333333327,0.0731666666666666,1
K02722.01,6.124599806060508,6.12479773,134.95688150759352,134.93803,0.12997499999999995,0.1444166666666666,1
K02722.02,12.249598309523549,11.24284815,134.93185025759354,136.32084,0.12369583333333331,0.1767083333333333,1
K02722.03,4.028667561885263,4.02877097,133.78652734092685,133.76774,0.11898749999999997,0.1322083333333333,1
K02722.04,8.057647577839578,8.92114318,133.75763150759354,137.49071,0.1147125,0.163875,1
K00262.01,7.81241456365483,7.81285862,125.77250423379732,172.6138,0.1536749999999999,0.1707499999999999,1
K00262.02,9.376220301431752,9.37663713,127.60698110879733,136.95319,0.0876375,0.0876375,1
K00269.01,18.010810127767247,18.01164974,131.0934905122186,185.09162,0.22455666666666665,0.2806958333333333,1
K02798.01,0.916150130699096,0.916142298,132.01781658973334,132.02221,0.0481458333333333,0.0481458333333333,1
K02799.01,0.5979333936511086,0.597933473,131.95549338786503,131.95386,0.07192499999999993,0.0799166666666666,0
K02800.01,2.696350352749988,2.69636494,132.98828039920667,132.99372,0.12973333333333328,0.1621666666666666,0
K02801.01,6.992195652452602,6.99205021,124.05396976591094,138.05147,0.1888874999999999,0.2098749999999999,1
K02871.01,12.10049905810552,12.0999065,143.00895129608378,143.04424,0.1186,0.14825,1
K02871.02,5.363817865169341,5.36375016,134.63591379608377,134.65014,0.1225,0.1225,1
K02872.01,3.1731477449767875,3.17319407,133.39077841921787,133.38365,0.1046666666666666,0.1046666666666666,0
K02873.01,5.244392365076456,5.24368302,132.57707116478423,132.7109,0.31712916666666663,0.4530416666666666,0
K02955.01,0.5912789736843961,0.591280187,131.74784824197855,131.74406,0.04370999999999994,0.0485666666666666,0
K02956.01,3.9375699728046674,3.93766786,123.48769855328065,135.27724,0.1939583333333333,0.1939583333333333,1
K02960.01,1.4659476691138607,1.465943491,120.59523373972928,132.32801,0.056737499999999934,0.0630416666666666,0
K00279.01,30.821841645992354,28.45489091,121.62641795747098,176.706265,0.2379795833333333,0.3399708333333333,1
K00279.02,15.416850382829413,15.4130812,121.3265125408043,136.94324,0.3317899999999999,0.2764916666666666,1
K00279.03,7.707280995502344,7.5143967,121.45069879080431,136.1851,0.26352083333333326,0.2027083333333333,1
K02723.01,1.9527162774132738,1.952711161,133.1602428834379,133.160986,0.03269999999999997,0.0363333333333333,1
K02724.01,0.6207336467868463,0.620739667,132.11054913121154,132.10051,0.07224583333333331,0.1032083333333333,0
K02725.01,0.5874724263595286,0.587470828,132.08591984715173,131.49788,0.06095499999999996,0.1015916666666666,0
K02726.01,0.9349233395973423,0.934924739,120.95731426311318,132.17846,0.09404999999999988,0.0854999999999999,0
K02727.01,25.707750895520437,25.7054557,156.6064346103572,156.66709,0.20196666666666663,0.2524583333333333,0
K02802.01,3.8482536888357664,3.84822189,131.91540389292516,131.9185,0.0838749999999999,0.0838749999999999,1
K02803.01,2.377525637941278,2.37752442,121.50956136368193,133.39854,0.0961249999999999,0.0961249999999999,1
K02804.01,2.6283441165088988,2.62838097,131.63169119954804,131.62343,0.11973749999999996,0.1330416666666666,0
K02805.01,1.877882094628,1.877878538,120.99199201321949,132.26131,0.08962499999999997,0.0995833333333333,1
K00274.01,15.0915582057218,15.0896415,130.58215841518327,175.95371,0.25286916666666664,0.1806208333333333,1
K00274.02,22.801438958703724,22.8030252,130.6319067485166,153.37541,0.23839999999999995,0.1986666666666666,1
K02877.01,5.3086806942970926,5.30873978,134.26031663912306,134.25061,0.1131749999999999,0.1257499999999999,1
K02878.01,3.895173667764853,3.89524296,131.8677427105903,131.85929,0.06333749999999999,0.070375,1
K02880.01,0.7409290563204549,0.740926358,170.43636630987126,131.91163,0.0423458333333333,0.0423458333333333,1
K02965.01,1.352547355035009,1.352564873,121.24004520584903,132.04752,0.1445416666666666,0.1445416666666666,0
K02966.01,7.727399101594649,7.72768833,174.86412560041202,136.19387,0.0858333333333333,0.0858333333333333,0
K02967.01,33.57298773,37.3033197,379.46160089345,133.3072,0.19482499999999997,0.3247083333333333,1
K02969.01,31.98875180799311,31.9729501,133.47770458064653,133.88218,0.5097083333333333,0.3920833333333333,0
K02729.01,14.885623542604366,14.8877665,142.05524032880106,141.95432,0.24904999999999994,0.2075416666666666,1
K02730.01,4.521566947093793,4.52158614,133.21891229838204,133.21804,0.13013249999999993,0.1445916666666666,1
K02731.01,2.0077482720162734,2.007750531,132.57825283004544,132.57843,0.0863124999999999,0.0863124999999999,0
K02732.01,7.031960108474961,7.03146295,134.399227569868,134.4525,0.2467499999999999,0.2467499999999999,1
K02732.03,54.45093271845826,54.2811949,157.718002569868,140.71639,0.29883750000000003,0.229875,1
K02732.02,13.610635058414553,13.61165024,144.223121319868,144.16808,0.2538999999999999,0.3173749999999999,1
K02808.01,0.5960863260194751,0.596087893,121.09445192030194,131.82296,0.03281208333333326,0.0298291666666666,0
K00270.01,12.580999078561055,12.58229808,137.34276061353157,175.02129,0.2125,0.265625,1
K00270.02,33.67184594315954,33.67280658,162.0710545718649,162.03676,0.30850124999999995,0.3427791666666666,1
K02809.01,7.126953560087129,7.12684695,137.42034980764038,137.42807,0.11921249999999996,0.1324583333333333,0
K02810.01,0.6617592593105246,0.661749944,131.84616690826803,131.86076,0.10279999999999997,0.1713333333333333,0
K02810.02,391.0394411158772,354.95118,247.118816908268,156.9947,0.59675,0.5425,0
K02811.01,1.3547646678794902,1.35477049,131.64713546038894,131.64321,0.06067499999999994,0.0674166666666666,0
K02882.02,0.4933964262997042,0.493393859,352.61173433493394,131.57378,0.04244624999999991,0.0471624999999999,0
K02883.01,11.95296609919136,11.95401876,355.5013017111762,140.26226,0.13279999999999992,0.1106666666666666,1
K02884.01,2.4888303481428213,2.48883033,132.11672567194634,132.11766,0.16004999999999994,0.1778333333333333,0
K02885.01,20.23667586581543,20.2340219,141.27070562838227,141.38622,0.21431666666666663,0.1530833333333333,0
K02886.01,0.8818486830405037,0.88184263,353.0255738140683,131.68869,0.0546541666666666,0.0546541666666666,1
K02675.01,5.448216484604113,5.448321078,121.60954825928762,132.49088,0.07404333333333328,0.0925541666666666,1
K02675.02,1.089670844437089,1.116127169,121.58760805095429,131.84982,0.08271874999999995,0.0551458333333333,1
K02676.01,196.1263656854575,195.613824,165.69139864966297,167.73974,0.6934958333333332,0.9907083333333332,0
K02678.01,3.8330452702266102,3.833087643,123.97738200846959,131.63482,0.056624999999999946,0.0629166666666666,1
K02733.01,5.620232631926979,5.62006198,132.93394559052413,132.95381,0.09169999999999992,0.1146249999999999,1
K02734.01,3.825949160696817,3.8259005,354.09719555612395,132.20163,0.05266625,0.0752375,1
K02735.01,0.558837181287973,0.558841234,131.58460256841443,131.57991,0.03629083333333326,0.0329916666666666,1
K02736.01,9.33619786052835,9.33648141,140.70079705753895,140.67893,0.09543375,0.1060375,1
K02812.01,76.60858457186401,76.6139446,153.82631276653933,153.79301,0.3406666666666666,0.4258333333333333,1
K02815.01,1.5453837838907818,1.545388842,132.6316965690627,132.63059,0.11388749999999995,0.1265416666666666,0
K02816.01,1.2895844228869608,1.289590179,131.89333228574557,131.89057,0.05642083333333331,0.0564208333333333,1
K02817.01,0.6340023511234545,0.634003002,169.93614599519012,131.89476,0.03452624999999991,0.0383624999999999,1
K02887.01,1.568634713879784,1.56859048,131.585836393801,131.64081,0.2414791666666666,0.4829583333333332,0
K02888.01,0.6234414302991166,0.623441939,120.76974827557542,131.990423,0.04098791666666662,0.0585541666666666,0
K02889.01,5.243354872983816,5.24364571,132.75084341841975,132.7242,0.35383333333333333,0.7076666666666667,0
K02890.01,8.988944876596397,8.98826122,138.77633633494477,138.83733,0.18599999999999994,0.2066666666666666,1
K00258.01,4.157779695507402,4.15743922,122.55338227560836,172.50464,0.1994166666666666,0.3988333333333332,0
K02681.01,127.93893244715186,135.4978256,177.2817584270721,233.6923,0.16922499999999996,0.2820416666666666,1
K02681.02,22.251272733507108,22.2508509,171.67030634373876,149.43326,0.058166666666666644,0.0727083333333333,1
K02737.01,0.5266164356296992,0.526615152,120.96439567010968,131.49908,0.048500833333333264,0.0440916666666666,0
K02738.01,0.6904053827205111,0.690405794,131.72956248475086,131.7301,0.06527624999999994,0.0725291666666666,0
K02739.01,10.107307869942439,10.10773789,135.13324898286663,135.1032,0.1435499999999999,0.1594999999999999,1
K02740.01,1.844843012924206,1.844857057,132.1680803173307,132.16167,0.06208875,0.0689875,0
K02819.01,18.011346762582832,18.0116764,139.20759212608985,139.19459,0.2002,0.25025,0
K02820.01,3.009122145999973,3.00912491,131.6280313951852,131.62696,0.08354999999999996,0.0928333333333333,1
K02822.01,4.446059399496871,4.44589508,354.0100810449706,131.74309,0.07938666666666663,0.0992333333333333,1
K02891.01,2.0231284043750764,2.023126394,132.07369329273703,132.07328,0.04789124999999991,0.0532124999999999,0
K02892.01,10.636365342370912,10.63609504,139.77757793241528,139.7996,0.1305,0.145,0
K02894.01,10.310769216487271,10.3108232,172.44535350176434,141.5114,0.21063749999999995,0.2340416666666666,1
K02895.01,1.069838981530493,1.069842837,132.44611769111555,132.4449,0.19781249999999995,0.2197916666666666,0
K02896.01,1.0774686829515272,1.077467951,120.80767890770987,131.58234,0.06161458333333331,0.0880208333333333,0
K02896.02,360.2219111046278,346.36642,401.2555903660432,365.2864,0.31124999999999997,0.6224999999999999,0
K02684.01,2.8736638269933032,2.8736467,121.08635946002664,132.58652,0.04905833333333331,0.0700833333333333,0
K02685.01,2.84651920500985,2.846517614,540.297885552053,133.24348,0.1409333333333333,0.1761666666666666,0
K02686.01,227.54287227358242,211.032819,321.60436855921625,279.12891,0.20763749999999995,0.2966249999999999,1
K02687.01,1.7168225448304493,1.716828304,121.73241241377471,132.03204,0.0861666666666666,0.0861666666666666,1
K02687.02,8.167068167918801,8.16733851,128.06115824710804,136.20356,0.12513749999999993,0.1390416666666666,1
K02741.01,0.7551046631058903,0.755103143,121.24286253409001,131.81388,0.10818749999999998,0.1202083333333333,0
K00263.01,20.723332724131318,20.71927223,143.14107813210148,184.73851,0.18511166666666665,0.1682833333333333,0
K02743.01,11.875225689586001,11.87457664,140.16941467233875,140.21259,0.08248749999999988,0.0824874999999999,1
K02744.01,117.70982613643207,109.6469948,166.45957875571276,190.67271,0.16419999999999996,0.2736666666666666,1
K02745.01,15.646772061934657,15.64588656,146.01189901788936,146.04926,0.14846249999999994,0.1649583333333333,1
K02823.01,0.9337525166520207,0.93375241,352.80775435329025,131.5113,0.1852666666666666,0.2646666666666666,0
K02824.01,1.7033569564567723,1.70336496,353.89531366617086,132.45889,0.0710208333333333,0.0710208333333333,0
K02825.01,0.7641817949689708,0.764174368,131.66850820287814,131.68497,0.12707500000000002,0.09775,0
K02826.01,1.8537068531658252,1.85373924,540.4995230076499,132.66885,0.08323333333333327,0.0756666666666666,0
K02827.01,7.063084301097092,7.06321927,132.54239933651817,132.52395,0.09041249999999998,0.1004583333333333,1
K02897.01,0.5843119158675625,0.584310213,132.01159036462246,132.013258,0.06358624999999994,0.0908374999999999,0
K02898.01,25.380735726641607,25.384175,137.85970174684314,137.77326,0.1937,0.149,1
K00275.01,15.794634785234265,15.79196594,129.31740032263053,176.81888,0.2728949999999999,0.3032166666666666,1
K00275.02,83.46352070953819,82.2001239,203.89480907263055,208.79417,0.265675,0.4427916666666667,1
K00259.01,73.94600655507692,79.99623328,163.67562476661908,207.126264,0.36947749999999996,0.2639125,0
K02688.01,5.424799981098756,5.424749327,540.5783887253212,133.728952,0.0474583333333333,0.0474583333333333,1
K02690.01,3.606953027241396,3.606940379,123.95085928642474,134.77442,0.03472666666666664,0.0434083333333333,1
K02746.01,69.22465934035918,69.2002312,145.67402671635443,145.95159,0.331275,0.236625,0
K02747.01,6.264177863586636,6.26404774,132.81737367016675,132.82928,0.08962499999999997,0.0995833333333333,1
K02748.01,23.205640579660976,23.1985852,142.41728206066693,142.62801,0.32736666666666664,0.4092083333333333,1
K02748.02,5.777036517086519,5.77721259,137.18473831066692,137.16696,0.09232499999999998,0.1025833333333333,1
K02749.01,0.9050386437190334,0.905037231,121.3552352098276,132.21703,0.05381624999999997,0.0597958333333333,0
K02828.01,59.510400233823,59.4969009,384.854705453644,146.95193,0.27019999999999994,0.2251666666666666,1
K02829.01,10.613502949936908,10.61345333,125.07085504472953,135.6898,0.032763333333333276,0.0409541666666666,1
K02830.01,40.54021388210978,40.5289885,167.8082606476994,168.01669,0.4418333333333333,0.4418333333333333,1
K02831.01,0.5719406762921565,0.571940563,120.84808508187314,131.71371,0.03386624999999994,0.0376291666666666,0
K02901.01,0.6335187675724537,0.633514386,131.5596400657818,131.56236,0.04796999999999991,0.0532999999999999,0
K02903.01,17.418190577882132,17.4166143,141.03259985111444,141.10369,0.14262499999999997,0.101875,0
K02904.01,16.35804617885791,16.3583482,124.91339584391496,141.25354,0.369675,0.41075,1
K02905.01,35.997819371900285,36.0054414,144.45285377316685,144.34331,0.2038749999999999,0.1359166666666666,0
K02906.01,13.90637393259406,13.9093544,143.04066213201241,142.8769,0.19731249999999997,0.281875,1
K02692.01,1.2576865496023502,1.257689465,132.50474357880168,132.503649,0.0349958333333333,0.0349958333333333,0
K02693.01,4.081468883705617,4.081411554,121.60913231324353,133.85992,0.08714624999999995,0.0968291666666666,1
K02693.02,11.42014579327436,11.41941928,130.66838877157687,142.11859,0.12403125,0.1378125,1
K02693.03,6.834430835755843,6.83440674,123.19053668824353,136.86023,0.07575333333333328,0.0946916666666666,1
K02751.01,24.402667122112724,24.4004378,135.5635416505014,135.62326,0.14934999999999996,0.1244583333333333,1
K00264.01,4.029835241178732,4.029810359,122.3304080729044,170.69131,0.1388166666666666,0.1388166666666666,0
K02752.01,1.2876257554318598,1.287622419,120.84159406698883,132.43069,0.02736666666666664,0.0342083333333333,0
K02753.01,0.9351162986993659,0.935115863,132.20358261424974,132.20193,0.06064499999999997,0.0673833333333333,1
K02832.01,3.575500315665738,3.57551429,132.8620787068415,132.86125,0.0984999999999999,0.0984999999999999,1
K02834.01,123.45369256349097,136.205112,213.25413250367072,234.72601,0.11599999999999996,0.2319999999999999,1
K02835.01,6.309184402898943,6.30922043,171.8555624985673,133.99677,0.04969125,0.0552125,1
K02836.01,2.9419071577448013,2.94194296,133.11367603932518,133.1044,0.07709999999999995,0.0856666666666666,1
K02907.01,1.1469460442682413,1.146934644,170.11086325646198,132.2666,0.0718625,0.0718625,0
K02908.01,1.2453525613045118,1.245353252,352.6257505196654,132.21522,0.12553333333333325,0.0896666666666666,0
K02910.01,15.36190919510917,15.3626052,360.67068889558186,145.5732,0.14009999999999995,0.1556666666666666,1
K02694.01,0.8433795093865608,0.843379985,131.9672704061759,131.966174,0.05427749999999997,0.0603083333333333,1
K02694.02,6.566053200868784,6.56606941,134.49550082284256,134.49512,0.06151666666666664,0.0768958333333333,1
K02754.01,1.3415536508111263,1.34155642,132.74031828841433,132.73743,0.0685916666666666,0.0685916666666666,1
K02755.01,8.482667543449475,8.48299282,124.51067275891366,132.96583,0.0939375,0.104375,1
K02756.01,0.6650275406778631,0.665025941,131.66190296391935,131.65962,0.06578249999999994,0.0730916666666666,1
K02757.01,253.030810094655,234.635652,172.62065068669284,172.64615,0.3192291666666666,0.2902083333333333,1
K02837.01,13.323741426543812,13.32191461,129.31444172557653,142.7235,0.18121249999999994,0.2588749999999999,1
K02838.01,7.7001368242934545,7.69994466,126.67922697023695,134.39282,0.16619999999999993,0.1846666666666666,1
K02838.02,4.774721758213839,4.77466043,120.8243603035703,135.16338,0.1426499999999999,0.1584999999999999,1
K02839.01,2.1645546413711862,2.164570593,352.6191860785997,131.83142,0.05359166666666659,0.0535916666666666,1
K02911.01,12.425132367266379,12.4258343,141.5287891170688,141.5311,0.5857729166666666,1.1715458333333333,0
K02912.01,0.8732227278759989,0.873227249,353.16059839050905,132.23359,0.02980499999999994,0.0331166666666666,0
K02913.01,2.888797910412104,2.88878583,120.78138420531104,132.33651,0.11163749999999995,0.1240416666666666,1
K02697.01,7.374413250357848,7.37453336,124.19785294713117,131.55947,0.09362499999999996,0.1560416666666666,0
K02698.01,79.17518043,87.9724227,194.6688680484048,168.29785,0.548925,0.6099166666666667,1
K02699.01,0.5688747769346367,0.568874717,132.05024047302814,132.048771,0.04566375,0.0507375,1
K02701.01,22.02354044369043,22.023514,135.18272810610517,135.18349,0.05634999999999994,0.0804999999999999,0
K02760.01,56.57987170341559,56.5732318,146.51964923645068,146.57984,0.15705,0.1745,1
K02761.01,1.8468593313906474,1.846861455,353.52850819781577,131.90493,0.06226875,0.0691875,0
K00265.01,3.5681586177675544,3.568099612,123.34320323054892,169.74278,0.12049124999999995,0.1338791666666666,1
K02762.01,133.01168363262408,132.9955503,258.312273819622,258.3961,0.15491666666666665,0.3098333333333333,1
K00301.01,6.002527451810135,6.002548291,123.69606989633667,171.71419,0.156105,0.17345,1
K00301.02,12.003694262393708,11.44865823,129.77456114633668,141.38705,0.1651,0.206375,1
K00302.01,24.8529494907067,24.85466504,124.32647602692094,173.99971,0.3060666666666666,0.3825833333333333,1
K00302.02,49.716405518519494,53.34418038,124.1890676935876,170.0739545,0.22624999999999992,0.1508333333333333,0
K00303.01,62.22756737927644,60.92818866,166.51036017001482,173.37212,0.15833999999999993,0.2638999999999999,1
K00304.01,8.511685777171234,8.512037736,123.87323300307135,174.909816,0.10019625,0.0910875,1
K00359.01,5.937304835368552,5.93720557,135.9364208955455,171.57597,0.14239166666666664,0.2034166666666666,0
K00360.01,5.937309133821697,5.93719982,135.9393962733591,135.95338,0.14812499999999998,0.1645833333333333,0
K00061.01,1.6334443527894515,1.63345402,121.42925340520459,181.8556,0.09542499999999995,0.1590416666666666,0
K00361.01,3.2475082146759426,3.247548814,132.31880022221029,171.27807,0.09429749999999999,0.104775,1
K00362.01,14.019325047784603,14.022451457,129.02980240989956,177.5952096,0.2695396666666666,0.3369245833333333,0
K03005.01,1.3124645124733076,1.312459403,132.22383371164236,132.22569,0.04863333333333328,0.0607916666666666,0
K03008.01,2.997869303413876,2.99792926,260.6844239279816,131.76579,0.1649249999999999,0.1832499999999999,1
K03010.01,65.91450513628477,60.8660974,228.4016771890637,179.28674,0.1832083333333333,0.1832083333333333,1
K03011.01,2.115519841551699,2.11547854,354.12219468547545,132.0118,0.16797916666666662,0.1527083333333333,0
K03087.01,5.548655104760996,5.54867998,122.83193156567152,133.9285,0.1749375,0.194375,0
K03087.02,1.2217217934608438,1.22174063,121.03450656567152,132.0174,0.310125,0.310125,0
K03088.01,3.484126418180058,3.48412874,134.55179293517708,134.5504,0.05925,0.05925,1
K00285.01,13.74800031502337,13.74883059,124.3243918644004,179.279158,0.22862999999999994,0.2540333333333333,1
K00285.02,27.489538979885406,26.723169,138.21429103106706,147.93696,0.42505,0.3542083333333333,1
K00285.03,53.44072613728952,49.3567907,121.29238269773374,134.29533,0.3194916666666667,0.4564166666666667,1
K00305.01,4.603497097751154,4.603575293,135.02711551604878,171.840124,0.08812124999999991,0.0979124999999999,1
K00306.01,24.30651103935796,24.30784323,129.79857045518307,178.36629,0.1085583333333333,0.1085583333333333,1
K00307.01,19.671829944838105,19.67409703,136.99184654367988,176.27119,0.1720354166666666,0.1563958333333333,1
K00307.02,5.210919876439306,5.21104597,121.13129550201322,131.53797,0.1393625,0.1393625,1
K00046.01,3.487682081891186,3.487688776,132.56762316233696,170.932217,0.143872875,0.15985875,1
K00046.02,5.812976087528443,6.02977241,133.70760957900362,132.48162,0.14853749999999993,0.1650416666666666,1
K00365.01,88.20844160660393,81.737872,149.13406900633836,211.678818,0.41826874999999997,0.2788458333333333,1
K00367.01,31.826840091277965,31.578651216,151.7844848651431,177.206237,0.12412808333333325,0.0886629166666666,1
K00368.01,119.99788634203416,110.32167272,155.50410198079743,197.365128,0.44541333333333333,0.5567666666666666,0
K00369.01,5.885427170218987,5.88527364,121.44304519591314,174.42554,0.0813791666666666,0.0813791666666666,1
K00369.02,10.104050613164986,10.10463142,125.49489477924648,135.55718,0.11844999999999997,0.0987083333333333,1
K03012.01,1.0864901162042524,1.086486129,121.0963396040929,131.96598,0.03842208333333326,0.0349291666666666,0
K03014.01,87.23858315476237,86.1160885,372.26214732876804,134.8808,0.2524166666666666,0.2524166666666666,1
K03015.01,3.61453827778491,3.61460332,122.25984111887527,133.09123,0.1344583333333333,0.1344583333333333,1
K00282.02,8.457442659424377,8.45744892,122.14941030256722,139.06689,0.12334874999999994,0.1370541666666666,1
K00282.03,82.51908619056918,87.5177787,127.14569821923388,201.15451,0.1381249999999999,0.1062499999999999,1
K00282.01,25.367831858384505,27.50871575,122.30531446923389,182.103494,0.2470458333333333,0.2470458333333333,1
K03090.01,3.82226188494197,3.82223397,445.56679173663457,132.14965,0.07214999999999994,0.0801666666666666,1
K03090.02,15.036489884685443,15.0367776,449.4424167366346,133.6558,0.07604999999999992,0.1267499999999999,0
K03091.01,17.06836199947161,17.067644,145.54753688039304,145.56929,0.225975,0.2510833333333333,1
K03092.01,5.785173278361472,5.78542702,356.96775285992413,137.09181,0.0946249999999999,0.0946249999999999,0
K03093.01,29.60240145286287,29.6099055,137.50541268353214,137.3316,0.40262083333333326,0.3097083333333333,1
K03095.01,3.42392578408677,3.42390809,132.87512566120768,132.88326,0.0664875,0.073875,1
K00308.01,35.603708097097716,35.5969684,151.8054361269694,187.52765,0.3345499999999999,0.2787916666666666,1
K00309.01,1.6331064955568835,1.633107509,121.20399704181614,170.19649,0.055912500000000004,0.062125,0
K00311.01,65.49908317399027,66.1544958,186.07421069131675,175.64641,0.23149999999999998,0.289375,0
K00312.01,11.578680798246952,11.57890926,129.28462027107963,175.58603,0.1133624999999999,0.1133624999999999,1
K00312.02,16.39776050556135,16.39926461,132.03594172941297,131.96806,0.1421166666666666,0.1421166666666666,1
K00370.01,42.86694732309097,42.88247951,161.00978132566394,203.6483,0.5685808333333332,0.4061291666666666,1
K00370.02,21.43953295563125,22.95062278,139.4169073673306,151.53259,0.26141499999999984,0.1867249999999999,1
K00063.01,9.434626758676671,9.43414171,121.20662776846522,177.84346,0.05856666666666664,0.1171333333333333,1
K00371.01,533.409746484735,498.391282,630.5104080403005,244.08166,0.357875,0.255625,0
K00371.02,9.0576308772855,9.0584662,124.25786637363387,133.2317,0.18596666666666664,0.2656666666666666,0
K00372.01,117.7391472904267,125.6291479,206.4573453040726,253.35079,0.41745,0.3795,1
K03018.01,45.126807184286264,45.1178526,156.83014848054847,156.99133,0.2024208333333333,0.1557083333333333,0
K03019.01,4.179429845593608,4.17939037,133.83897035183816,133.84818,0.09926249999999993,0.1102916666666666,1
K03021.01,0.8038302372042653,0.803835923,131.8064420518658,131.80207,0.04656666666666664,0.0582083333333333,0
K03022.01,2.762607144873276,2.76263737,133.0027184409673,132.99574,0.0834625,0.075875,1
K03022.02,5.525233791978136,5.05368985,132.99922469096728,135.11296,0.06284999999999993,0.1047499999999999,1
K03097.01,11.920799921129186,11.9216035,125.59050904203535,137.47581,0.16696666666666665,0.2087083333333333,1
K03097.02,6.802801126830187,6.80257947,124.41816737536868,138.0478,0.1919999999999999,0.1919999999999999,1
K03097.03,8.702596670724802,8.70312154,122.80306320870201,140.15531,0.14020416666666663,0.2002916666666666,1
K03098.01,1.3325792587911627,1.332557603,170.69662062977045,132.05691,0.15107499999999996,0.2517916666666666,0
K00043.01,11.321432873846446,11.32029599,131.7319152861097,177.08388,0.17199749999999997,0.1911083333333333,0
K00313.01,18.738196491796455,18.73577127,121.34287822377988,177.634372,0.17707666666666663,0.1264833333333333,1
K00313.02,8.435881931510755,8.43639829,120.87774030711321,179.88704,0.1487337499999999,0.1352124999999999,1
K00314.01,13.781615460893534,13.78109471,122.70334081774114,177.852785,0.0966166666666666,0.0966166666666666,1
K00314.02,23.088210218628326,23.08902241,124.85237831774113,171.007634,0.07797166666666663,0.0708833333333333,1
K00314.03,10.313274326283862,10.31282204,123.19902165107446,133.53528,0.07551749999999997,0.0839083333333333,1
K00373.01,135.1426165527038,135.1879934,191.18825044003648,190.93292,0.47770125,0.3674625,1
K00374.01,169.86719113526485,172.7046083,200.4881196811121,236.92574,0.33095416666666666,0.4727916666666666,1
K00375.01,963.7566271817492,988.8811177,249.74924024379922,239.224189,0.19834666666666664,0.2479333333333333,1
K00376.01,43.75049190848958,44.14599042,150.27703376441636,211.531127,0.21259374999999991,0.1417291666666666,0
K00376.02,1.4116258163029616,1.411627439,131.6810608477497,178.263426,0.0450583333333333,0.0450583333333333,0
K00377.01,19.117514037694797,19.270825843,140.60343317758856,182.5436,0.13760333333333327,0.1720041666666666,1
K00377.02,35.04425480418989,38.90787517,134.33301901092187,175.425847,0.0943145833333333,0.1886291666666666,1
K00377.03,1.5929734095399435,1.59295975,132.69995776092188,182.08924,0.07242374999999997,0.0804708333333333,1
K03023.01,4.39062229289582,4.39049637,120.9286260453234,134.12735,0.1254666666666666,0.1254666666666666,0
K03025.01,13.184071826458057,13.1829329,260.4175213158509,141.82648,0.13477499999999998,0.14975,1
K03026.01,3.5157369309722952,3.51575492,134.3006993202371,134.29974,0.05178749999999994,0.0575416666666666,1
K03099.01,14.048956627153302,14.0498182,140.54799579805317,140.50396,0.14535,0.121125,0
K03101.01,14.254848587944569,14.2563272,133.49031000832716,133.40971,0.15986666666666666,0.1998333333333333,1
K03106.01,0.9689856100067606,0.968980781,353.3486713045702,132.41921,0.07584999999999995,0.0632083333333333,1
K03107.01,8.590907853898027,8.589562,355.2807968293707,132.0335,0.2059375,0.411875,0
K00315.01,35.59543844602294,35.58349688,153.27755946158297,189.03562,0.09971249999999998,0.1661875,1
K00316.01,15.771933906775,15.77111067,137.56069819323685,184.90347,0.1896525,0.210725,1
K00316.02,149.77577233272845,157.0659976,208.80518152657015,481.26942,0.3387041666666666,0.3387041666666666,1
K00316.03,7.885782903179923,7.305706326,137.54496985990352,131.77905,0.08299666666666662,0.0592833333333333,1
K00378.01,4.943835624709197,4.94402197,134.2205461348507,173.75192,0.11847500000000002,0.16925,0
K00379.01,6.717176980632489,6.71725648,123.98940813725925,170.99733,0.09452624999999995,0.1050291666666666,0
K03027.01,6.070278997789461,6.07032548,135.31992697917775,135.30933,0.06146249999999989,0.0558749999999999,1
K03028.01,1.3325785514699697,1.33256952,353.24163467091654,132.03835,0.1214583333333333,0.1214583333333333,0
K03030.01,7.1950021732869756,7.19552624,359.13651050043933,136.03008,0.1364999999999999,0.1706249999999999,0
K03108.01,7.362879897442841,7.36272124,136.84936030917467,136.86143,0.06089874999999989,0.0553624999999999,1
K03109.01,10.675494341697924,10.6761592,140.61351693522042,140.59136,0.17227499999999996,0.1914166666666666,1
K03110.01,4.484975960679776,4.48494315,135.01547100532707,135.01836,0.10319999999999993,0.1146666666666666,1
K00317.01,22.19879687072431,22.20809549,140.00553690600734,206.35965,0.42774083333333324,0.3055291666666666,1
K00318.01,38.561827759385274,38.5833679,136.544284397179,174.84868,0.5679208333333332,0.5162916666666666,1
K00320.01,4.791896302692333,4.79179893,123.41816329848994,173.51679,0.07320750000000001,0.1220125,0
K00321.01,2.4262732147090564,2.426304127,121.93672164525213,170.455517,0.09983999999999997,0.1109333333333333,1
K00321.02,4.852572933923699,4.62334491,121.93520289525213,132.37083,0.10063,0.1257875,1
K00389.01,3.7412705504225094,3.741231778,134.2851029658686,171.70626,0.0925875,0.102875,0
K00390.01,1.1683127002139322,1.168310132,132.04751096276885,170.604205,0.049124999999999974,0.0545833333333333,0
K00391.01,25.94912216512212,25.9525478,154.9732198253907,174.84275,0.4443333333333333,0.8886666666666666,0
K00392.01,33.415224590578156,33.4160553,137.93071026987775,171.33696,0.2868333333333333,0.3585416666666666,1
K00392.02,12.61330755505961,12.6119685,138.04411443654442,138.1189,0.21239999999999992,0.2654999999999999,1
K03032.01,0.6364242610461438,0.636424848,131.69004943218803,131.68872,0.043404166666666626,0.0394583333333333,1
K03033.01,8.559500067177693,8.55935323,137.21413433873946,137.22854,0.14343333333333327,0.1792916666666666,0
K03035.01,21.336730560606956,21.3419702,134.328589180012,134.094,0.5365,0.4470833333333333,0
K03113.01,2.460498595777353,2.46050095,133.61772222091085,133.61605,0.06978749999999995,0.0775416666666666,1
K03115.01,5.866023273239385,5.8660127,136.35204458712468,136.35647,0.1660416666666666,0.1660416666666666,1
K03116.01,23.907880544056813,23.9107056,150.63187881361662,150.5394,0.2497999999999999,0.2081666666666666,1
K00048.01,23.83490071654215,23.836808884,149.99951523886224,173.7759431,0.27630808333333323,0.2511891666666666,0
K00322.01,5.88904500071153,5.888835386,132.33540440391548,173.582863,0.14245499999999997,0.1582833333333333,0
K00323.01,5.835969748662402,5.83599485,123.18814521703281,169.87446,0.07732499999999995,0.0859166666666666,1
K00324.01,1.0890738548042418,1.089077863,121.13548688844202,171.230501,0.1028166666666666,0.1028166666666666,0
K00325.01,7.86300051161947,7.86335883,131.7119361996753,171.00299,0.11434333333333328,0.1429291666666666,0
K00380.01,8.09738872689629,8.0970583,122.20130322674792,170.81044,0.18996666666666664,0.2374583333333333,0
K00381.01,6.33757532163762,6.337614357,125.830643092553,170.189414,0.0725833333333333,0.0725833333333333,0
K00382.01,3.900247882760351,3.900140077,121.64674465451861,172.37193,0.10995833333333332,0.1570833333333333,0
K00384.01,5.080105027560832,5.0800579,123.61983071472896,174.42853,0.19526249999999998,0.2169583333333333,1
K00385.01,13.144831323513907,13.14496741,122.27569510575155,174.8467,0.1364962499999999,0.1516624999999999,1
K00283.01,16.091228057273916,16.09196369,122.35432754635677,170.598832,0.09647666666666664,0.1205958333333333,1
K00283.02,25.51891439915007,25.5172744,128.8552040046901,154.4165,0.15783333333333327,0.1972916666666666,1
K03036.01,147.68059315162927,161.239891,248.5187335609512,189.1791,0.5098333333333334,1.0196666666666667,0
K03038.01,1.4951331734792124,1.4951513,132.66232026064247,132.66025,0.11433333333333329,0.1429166666666666,1
K03039.01,20.357322665548875,20.3504704,142.4855082158826,142.7588,0.27093749999999994,0.3010416666666666,1
K03120.01,4.135899290440021,4.13592927,133.54262317402885,133.53763,0.0990416666666666,0.0990416666666666,1
K03122.01,8.053166577135693,8.05337912,126.91841441485981,134.9588,0.2242499999999999,0.2242499999999999,1
K00286.01,23.636459958450367,23.6272223,126.10138066028313,173.65096,0.4608333333333333,0.3291666666666666,0
K00326.01,8.97328578291532,8.97349999,135.15053762328748,171.03075,0.10469333333333328,0.1308666666666666,0
K00326.02,116.67197583913978,108.546946,135.05947553995415,151.1275,0.25223333333333325,0.3152916666666666,0
K00327.01,3.2542620286663513,3.254277742,120.59524129293376,172.66256,0.11213624999999997,0.1245958333333333,1
K00327.02,91.35254605034896,91.3514816,189.59656691793379,189.60082,0.3265125,0.3627916666666667,1
K00328.01,2.2508195200226893,2.250826647,120.80758589845408,170.321819,0.0448,0.064,0
K00386.01,31.164608833360738,31.1588249,142.63925505023815,173.90355,0.30218416666666664,0.2158458333333333,1
K00386.02,81.01588330365828,76.7324556,155.1707710919048,200.6722,0.1820875,0.260125,1
K00066.01,0.4362849683924001,0.436282594,120.96096994626642,170.702041,0.040798333333333305,0.0582833333333333,0
K00387.01,13.900951292148934,13.89963233,127.20367373312436,182.864454,0.16404208333333326,0.1491291666666666,1
K00388.01,6.1491434532283815,6.14955931,132.69653633836953,169.55182,0.2088525,0.2320583333333333,1
K03045.01,44.878580848906076,44.8702042,365.369961196215,141.11446,0.22744583333333326,0.1749583333333333,1
K03124.01,4.880520903476783,4.8807805,133.70555979368936,133.705,0.2741666666666666,0.3916666666666666,0
K03125.01,4.453305583591097,4.45342418,124.20062210673491,133.09066,0.15225,0.15225,1
K03126.01,2.2139396300611724,2.21396685,132.57899589070504,132.56407,0.16402499999999992,0.1822499999999999,0
K03127.01,9.705874779511364,9.705693,140.36909482918816,140.3709,0.25673333333333326,0.3209166666666666,1
K00049.01,8.313723749058358,8.31377304,134.42676263169773,175.99137,0.11115,0.1235,1
K00329.01,8.588897805538501,8.58969597,132.0764493037138,174.9625,0.211775,0.3529583333333333,0
K00330.01,7.974945299042027,7.97420583,134.58814465960106,174.52718,0.20063624999999993,0.2229291666666666,1
K00330.02,1.993538119690033,1.88899036,132.65919715960104,132.09517,0.20335,0.14525,1
K00331.01,18.683433656064544,18.68405716,133.49445599679905,170.83245,0.23109666666666664,0.2888708333333333,1
K00393.01,21.41897580235388,21.41624083,133.35640174405222,176.24991,0.23603333333333326,0.2950416666666666,1
K00394.01,12.284335061290756,12.28351275,125.18763930669941,174.36652,0.12113333333333327,0.1514166666666666,0
K00069.01,4.726666705580458,4.72674037,120.75871766429546,134.926396,0.1219458333333333,0.1219458333333333,1
K00395.01,6.774716980057465,6.77449545,137.1145237204548,171.0118,0.08471999999999999,0.1059,0
K00397.01,27.675775787074112,27.677680103,146.15801534971163,173.796579,0.045216666666666655,0.0904333333333333,0
K03047.01,0.6052224968932037,0.605223042,352.6615564168354,131.75593,0.0374416666666666,0.0374416666666666,0
K03048.01,4.732821015010975,4.73292061,131.5920892311813,131.579,0.058199999999999995,0.07275,1
K03049.01,22.477035787116538,22.4765952,136.81167727827196,136.82336,0.11456666666666664,0.1432083333333333,1
K03129.01,25.507652824648908,25.503628,139.26471005079165,139.3578,0.14673749999999997,0.1630416666666666,0
K03130.01,14.863531936498623,14.8638496,142.9808321082037,142.95729,0.07889583333333332,0.1127083333333333,1
K03130.02,5.652645365003323,5.65245733,136.95128419153704,136.97891,0.06014166666666662,0.0859166666666666,1
K03131.01,10.931215054537866,10.9294815,174.19686928849038,141.5034,0.1227708333333333,0.2455416666666666,1
K00332.01,5.458708669781562,5.45849914,122.94009969438306,172.08857,0.15167999999999998,0.1685333333333333,1
K00333.01,13.283710430308076,13.28536452,130.08122736211462,169.86052,0.23561249999999995,0.2617916666666666,1
K00334.01,8.488136617368811,8.4879444,125.97334052130412,176.92505,0.1343333333333333,0.1343333333333333,0
K00335.01,46.541269019502344,46.56675437,149.96388875801634,196.31173,0.45680833333333326,0.3262916666666666,0
K00336.01,19.516303249815717,19.5148412,136.16126057995453,132.60757,0.1161,0.129,0
K02970.01,4.820312552481761,4.82051088,121.34638345194213,135.78541,0.13455,0.1495,1
K02973.01,5.765647240808811,5.76556718,134.95793115766955,134.96501,0.07844999999999994,0.1307499999999999,0
K03052.02,15.612190167114624,15.6112238,144.8254744142096,144.8735,0.1452375,0.161375,1
K03053.01,39.56547969595674,42.5217006,199.13200029442896,136.1274,0.11922916666666665,0.2384583333333333,1
K03055.01,0.5667960647115109,0.566805887,131.8829631528858,131.8203886,0.30518249999999997,0.2179875,0
K03056.01,6.699613285228742,6.69958851,134.14252335907042,134.1468,0.10616249999999997,0.1179583333333333,1
K00287.01,14.170409819089116,14.170972781,133.0005876441942,175.60775,0.17103166666666664,0.1554833333333333,0
K03135.01,1.3325555084408178,1.332562831,170.70099859773322,132.05088,0.18200000000000002,0.26,0
K03136.01,2.391596815165545,2.39161966,133.08887329983403,133.07956,0.0794166666666666,0.0794166666666666,1
K03140.01,5.688676702867213,5.68879083,131.68210918402647,131.6672,0.09562499999999992,0.1062499999999999,1
K03141.01,2.3194083368463088,2.31941571,131.940227753601,131.93925,0.05966249999999994,0.0662916666666666,1
K00337.01,19.780825804047776,19.7830259,138.22544424077105,177.72013,0.25161583333333326,0.2287416666666666,1
K00051.01,10.431918728263469,10.431146765,133.8757128692443,133.936337,0.12951,0.1618875,0
K00338.01,7.010603664678034,7.0106324,125.49969488805105,174.57542,0.11507999999999993,0.1278666666666666,1
K00338.02,2.8042684890866054,3.10762684,122.6928807213844,132.63359,0.1082125,0.098375,1
K00339.01,1.9803578548023268,1.980356674,132.51247475641412,170.139601,0.09278624999999997,0.1030958333333333,1
K00339.02,12.833540840339895,12.8344771,138.37915767308078,138.32626,0.14422500000000002,0.16025,1
K00339.03,37.62365715780226,35.8656484,136.51758058974744,135.92374,0.1673958333333333,0.3347916666666666,1
K02975.01,185.63434882213414,175.329014,210.2667053481189,230.9292,0.156725,0.2612083333333333,0
K02977.01,2.788190705137239,2.7881793,131.83741430423473,131.84558,0.12738749999999993,0.1415416666666666,1
K02977.02,4.138303619792361,4.13827684,133.22199763756805,133.2285,0.1437083333333333,0.1437083333333333,1
K02978.01,2.618499134628851,2.61846258,134.0235758415623,134.02945,0.13143749999999993,0.1460416666666666,0
K03057.01,31.843605223489565,29.72722,353.0651505504752,134.6581,0.14375,0.14375,1
K03057.02,10.614313157255284,10.61368712,353.08902555047524,140.85316,0.1166,0.14575,1
K00284.01,18.009972086475106,18.01019956,125.39616870460982,179.42137,0.1172,0.1465,1
K00284.02,6.4151747628371725,6.41491277,124.70128245460981,169.64044,0.12610875,0.1401208333333333,1
K00284.03,6.415145574484245,6.17817366,124.70990495460981,168.8626,0.1358375,0.1358375,1
K00284.04,99.25803278999999,110.2867031,122.41194578794315,239.22128,0.12912083333333332,0.1844583333333333,1
K03058.01,7.539181493756107,7.53887442,353.9316556869161,135.3319,0.1049,0.131125,0
K03059.01,0.5363342779988334,0.53633519,131.7160399621932,131.71447,0.0439458333333333,0.0439458333333333,0
K03144.01,8.073590487827289,8.07394097,540.0795079414941,540.04161,0.08183333333333329,0.1022916666666666,1
K03145.01,4.53695534540259,4.53702121,173.02559397069865,132.1846,0.06798749999999995,0.0755416666666666,1
K03146.01,36.43511672419943,39.859505,138.36795805825318,154.7616,0.19967499999999994,0.3327916666666666,1
K00340.01,24.54534596550492,23.6731242,150.07504434988041,160.628756,0.4198483333333333,0.5997833333333333,0
K00341.01,7.1710176084604145,7.170710381,126.44433900327722,176.666844,0.1217708333333333,0.1217708333333333,1
K00341.02,4.699572725738808,4.699652821,121.22989108661056,177.61519,0.106375,0.106375,1
K00343.01,4.761681013869705,4.761705895,122.72202173875648,170.335759,0.12397874999999994,0.1377541666666666,1
K00343.02,2.0241651864311088,2.024143568,121.90757236375649,170.496204,0.09477374999999993,0.1053041666666666,1
K00343.03,45.23592383199539,41.8085031,160.8068744470898,148.70814,0.16243749999999996,0.3248749999999999,1
K02979.01,1.371288781082055,1.371288853,131.93623842619516,131.93796,0.04842666666666664,0.0605333333333333,0
K00280.01,11.873688662967629,11.87290814,121.49516329413294,180.895933,0.08447333333333328,0.1055916666666666,1
K02980.01,1.6386540574583226,1.638652525,353.5157257694823,132.29025,0.08133333333333329,0.0813333333333333,1
K02981.01,9.067224193909688,9.06687613,361.3920253529795,134.75185,0.11269999999999991,0.1408749999999999,1
K02982.01,4.022293831146445,4.0223109,135.17673532240454,135.17298,0.0355416666666666,0.0355416666666666,1
K03060.01,6.912803780998114,6.9131732,124.63850082217846,138.4219,0.15766666666666665,0.1970833333333333,1
K03061.01,7.328463336648369,7.32851947,132.1403492907453,132.12857,0.045412499999999974,0.0504583333333333,1
K03063.01,18.608482328139257,18.6052046,353.5784774248769,149.0376,0.2845416666666666,0.2845416666666666,1
K03064.01,1.332528941579662,1.332562787,353.27410130978626,132.05138,0.15699999999999997,0.2616666666666666,0
K03147.01,39.44446846406501,39.4420781,169.088093833385,169.1411,0.2343,0.292875,1
K00288.01,10.276088275551919,10.27532513,125.8359789944264,177.27227,0.21031,0.2628875,1
K03148.01,11.504880032659015,11.50528603,135.13089312507392,135.1016,0.10489999999999991,0.0874166666666666,0
K00289.01,26.628344397144847,26.62941953,138.75728434335954,191.99627,0.2951587499999999,0.3279541666666666,1
K00289.02,291.61520698716043,296.6375817,169.4380241350262,403.672042,0.7528125,0.684375,1
K00052.01,2.9879046869961132,2.98786272,132.14908289883397,168.011233,0.09680249999999996,0.1075583333333333,0
K00344.01,39.32290466316823,39.30944096,131.76681760012303,171.334861,0.2644583333333333,0.2404166666666666,1
K00345.01,29.880909428408657,29.88487723,143.39267729860345,173.194404,0.20905500000000002,0.19005,1
K00346.01,12.925816895268404,12.92489803,131.97217128940952,170.78679,0.14522624999999986,0.1117124999999999,1
K02985.01,0.5758850054740955,0.575884418,132.00840184459497,132.00778,0.06047416666666662,0.0863916666666666,0
K02986.01,0.5625536749170027,0.562555067,131.7516718367216,131.74958,0.0725083333333333,0.0725083333333333,0
K02987.01,0.9937106644316835,0.993703494,121.20793865189754,132.142,0.04141041666666658,0.0318541666666666,0
K02989.01,6.331203388236122,6.33125228,137.15110319730084,137.14149,0.0896,0.112,1
K03066.01,24.220854548676773,24.2204192,170.63111531104002,146.42459,0.12266249999999994,0.1362916666666666,1
K03067.01,30.949423644334512,30.9597053,156.34264882637444,139.43903,0.3161666666666666,0.2258333333333333,0
K00290.01,2.683394061367739,2.683395376,123.12585307793832,171.42605,0.06971999999999995,0.0774666666666666,0
K00291.01,31.522981093234428,31.51779463,122.01758387529493,185.1533,0.28627499999999995,0.3180833333333333,1
K00291.02,8.130008222620475,8.12999858,125.96970387529493,134.10067,0.0805949999999999,0.0895499999999999,1
K00044.01,60.87117489473583,66.46746217,163.7111606123686,160.47651,0.40966249999999993,0.8193249999999999,0
K00292.01,2.586663526484357,2.586639524,122.68885289787805,171.842572,0.0844875,0.093875,1
K00347.01,2.671951848633152,2.671942657,121.7576884678764,169.853908,0.07169624999999999,0.0796625,0
K00348.01,28.50266450186122,28.51117639,159.05738094595787,187.363955,0.2679891666666666,0.1914208333333333,1
K00349.01,14.38781544539247,14.38682567,127.2453172554443,170.455049,0.12493249999999999,0.0892375,1
K00351.01,298.43754588,331.5972732,398.28652279216806,140.498929,0.5401499999999999,0.6001666666666666,1
K00351.02,227.4675175896994,210.6013843,241.6408094588347,147.056867,0.299805,0.499675,1
K00351.03,55.15564927749801,59.7371443,171.1654132088347,158.95974,0.3666941666666666,0.3333583333333333,1
K00351.05,8.720210730995003,8.71980135,139.4948232088347,139.52134,0.12484666666666663,0.1560583333333333,1
K00351.06,7.008683265423881,7.00821787,137.6354644588347,137.67164,0.14294999999999997,0.1588333333333333,1
K00351.04,91.98706610457717,91.9401253,134.0410644588347,134.3,0.5746875,0.383125,1
K00351.07,119.49125860591336,124.922516,218.63928112550138,129.7295,0.29855,0.4975833333333333,1
K02990.01,11.201522497117708,11.20058855,137.45286638081112,137.51003,0.15206666666666663,0.1900833333333333,1
K02991.01,1.5017765904394629,1.50179931,131.5736706172803,131.55611,0.12281249999999996,0.1364583333333333,0
K00042.01,17.835862197233176,17.83367834,127.63529048786828,181.233943,0.11277999999999996,0.1879666666666666,1
K00281.01,19.55911148882731,19.55662003,130.27758264509885,189.04354,0.33695833333333325,0.3369583333333333,1
K02994.01,2.033864965646462,2.03387483,131.92495798423653,131.91927,0.11613749999999995,0.1290416666666666,1
K03070.01,5.075302366560172,5.07538255,133.9379463925589,133.92978,0.05666666666666664,0.0708333333333333,0
K03071.01,23.955136612844985,23.9553986,146.67161682687976,146.66221,0.12015,0.1335,1
K03074.01,1.0242474193048614,1.02425556,540.17508324913,131.49437,0.07711375,0.1101625,0
K00293.01,4.639603832283454,4.63958598,121.17862521826775,172.21917,0.10379999999999996,0.1153333333333333,0
K00294.01,34.43326283902015,34.4359387,124.2244135841523,193.038,0.21825,0.2425,1
K00295.01,5.3175231732519475,5.317440164,124.01006736023547,171.875619,0.10999125,0.1222125,1
K00295.02,10.635104560273604,10.10575764,129.32443486023547,135.50958,0.1090808333333333,0.0839083333333333,1
K00296.01,28.864700697325425,28.86236571,120.708045280622,178.48498,0.2251375,0.2251375,1
K00053.01,3.3888365391124955,3.388887193,131.6043710672555,172.259054,0.08158333333333329,0.1019791666666666,0
K00352.01,27.075308705285046,27.08239734,137.8287192227957,191.80728,0.2714779166666666,0.2088291666666666,1
K00352.02,16.007009198471884,16.00747237,142.66123693112903,142.63787,0.05807083333333325,0.0527916666666666,1
K00353.02,28.972395190577235,30.6528935,137.79088544558041,135.04211,0.29108333333333325,0.2079166666666666,1
K03646.02,0.5128580131260175,0.512869432,906.9668216653718,132.01554,0.10037499999999996,0.1672916666666666,0
K03646.01,14.322730893351242,14.323889947,915.8960546653718,135.225964,0.181398375,0.20155375,0
K02995.01,5.195110819426564,5.19492747,173.1571487692544,131.62458,0.1319583333333333,0.1319583333333333,1
K02996.01,15.932342675603861,15.9314412,141.75900105265472,141.81212,0.12174999999999996,0.1014583333333333,1
K02997.01,1.3324860740105935,1.33251589,539.8477934039267,132.0842,0.15809999999999996,0.1756666666666666,0
K02998.01,28.227140543080527,28.227413,197.95284948635987,141.49504,0.21682499999999993,0.2409166666666666,1
K02999.01,0.545546381113631,0.545544979,131.72425570714984,131.72408,0.08955833333333325,0.0814166666666666,0
K03075.01,4.7656217766091435,4.76559056,123.9678843971597,133.50531,0.09166666666666659,0.0916666666666666,1
K03078.01,2.9862153847372785,2.98618134,133.46685838448872,133.46926,0.1360791666666666,0.1237083333333333,1
K03081.01,25.91480863044652,25.9200092,138.30164989792024,138.1757,0.3271916666666666,0.2337083333333333,0
K03082.01,2.045151995110235,2.04516705,171.2223230551191,132.36168,0.1510416666666666,0.1510416666666666,0
K00297.01,5.651667983668111,5.65178922,121.42843624261728,172.27915,0.11599875,0.1288875,1
K00298.01,19.965875546070354,19.96367208,138.30030872215107,178.30806,0.15401749999999986,0.1100124999999999,1
K00299.01,1.5416700723569734,1.541676547,121.21280060691171,170.543719,0.07169249999999996,0.0796583333333333,1
K00045.01,6.397530392530642,6.397185875,132.70985033418785,174.365353,0.19546,0.244325,0
K00300.01,2.976061747561518,2.976020742,121.05996496128421,171.65845,0.12433333333333327,0.1554166666666666,0
K00354.01,15.960306685731187,15.95995611,139.584189669563,171.52098,0.16180874999999997,0.1797875,1
K00354.02,7.979959227508151,7.37867551,131.62336425289632,135.82271,0.16744999999999993,0.1395416666666666,1
K00355.01,4.9032800009877455,4.903321801,133.67823959440958,172.900587,0.10832625,0.1203625,1
K00356.01,1.8270875883927802,1.82708193,132.15404172784264,170.52583,0.07365037499999999,0.08183375,1
K00358.01,22.850251766760444,22.845241036,137.21008566655806,172.8026986,0.2208625,0.2208625,0
K03000.01,18.39608017550694,18.3980827,145.01143407859786,144.9175,0.16642499999999993,0.1849166666666666,0
K03002.01,11.629459268201009,11.62904159,121.17646854661596,132.82099,0.111375,0.12375,1
K03003.01,13.654490296613767,13.6550963,137.55001551058032,137.52651,0.1715416666666666,0.1715416666666666,0
K03004.01,20.06842643085339,20.0708757,137.03296076193652,136.9462,0.238275,0.26475,1
K03084.01,1.5404071852196235,1.540411479,131.99195186105348,131.99239,0.0709583333333333,0.0709583333333333,0
K03085.01,3.7479141732500945,3.74785358,134.17301042825977,134.18012,0.1392375,0.1547083333333333,0
K00520.03,25.514704000235167,25.75274977,132.1636895988249,136.43851,0.16145499999999988,0.1153249999999999,1
K00520.01,12.758826023215386,12.75934489,132.0803458488249,170.32152,0.13458374999999997,0.1495375,1
K00520.02,5.432920329710008,5.433132902,132.9678308488249,138.36644,0.10004999999999989,0.1000499999999999,1
K00520.04,46.78197246569946,51.1658019,132.0917283488249,172.30921,0.1352458333333333,0.1932083333333333,1
K00521.01,10.16098310317226,10.161023528,141.52098849695318,172.000736,0.11860124999999994,0.1317791666666666,1
K00523.01,49.40342664759459,49.41121127,148.94100668974787,198.238709,0.24190833333333325,0.2199166666666666,1
K00523.02,36.84428010513814,36.8567758,139.17937127308122,138.90683,0.4372083333333332,0.3122916666666666,1
K00574.02,10.067952996358716,10.39986173,141.12995504421767,141.51366,0.15477916666666663,0.1407083333333333,1
K00574.01,20.13296710275059,20.13490007,151.30023296088433,171.36734,0.1581749999999999,0.1581749999999999,1
K00090.01,0.8282097120225097,0.828206212,120.81055814815598,135.722038,0.072375,0.072375,0
K00575.01,24.315603272670867,24.31574009,134.77669045209416,183.40875,0.15503999999999996,0.1722666666666666,1
K00576.01,184.29292669492682,199.443024,231.53438393334835,240.85148,0.24696666666666664,0.3087083333333333,0
K00577.01,39.685483369504155,39.6766071,178.44880683896272,178.55555,0.294,0.21,1
K00577.02,0.6381636280879921,0.638162933,170.03978413062939,131.74826,0.05643458333333326,0.0513041666666666,1
K04260.03,371.06909483468155,358.66044,446.6042553814598,296.9516,0.5577333333333333,0.6971666666666666,0
K04260.01,414.1147689043083,371.63327,317.4212387147931,296.9495,0.43516666666666665,0.6216666666666666,0
K04260.02,107.23417241138694,101.889228,165.6834887147931,213.9353,0.15808333333333324,0.1129166666666666,0
K00421.01,4.454196533799958,4.454194254,132.73200061814066,172.8202233,0.10569624999999988,0.0960874999999999,1
K00423.01,18.999377685586488,21.0871953,145.14377028645163,202.858405,0.3457364166666666,0.2469545833333333,1
K00424.01,1.5756200857845843,1.575631524,132.58116818300644,170.393276,0.1080008333333333,0.1080008333333333,0
K00070.04,5.544160087519759,6.09855603,132.65555212410808,135.92906,0.09938333333333328,0.1242291666666666,1
K00070.05,18.481557010792585,19.5776073,149.25405212410806,135.2032,0.12682499999999994,0.1409166666666666,1
K00070.01,11.089160296804947,10.854095934,141.8437654574414,138.608031,0.11015666666666661,0.1573666666666666,1
K00070.02,3.696144729074502,3.696121272,134.49903129077475,134.5014,0.09236249999999999,0.102625,1
K00070.03,77.65763951893675,77.6114427,196.9575471241081,164.7292,0.2691975,0.2991083333333333,1
K00477.01,16.545036107747283,16.54295261,136.48670992445824,169.65031,0.2086283333333333,0.1604833333333333,1
K00478.01,11.023157556839099,11.023474798,138.06689010776526,171.114662,0.061725,0.061725,1
K00479.01,34.19682864809765,34.18884323,159.03949599778056,193.38946,0.3107883333333332,0.2219916666666666,1
K00480.01,4.301725898809891,4.30165843,133.58252506386663,172.311001,0.07895624999999994,0.0877291666666666,1
K00481.01,7.650076412267853,7.650243513,133.73648486953545,171.972352,0.10319999999999993,0.1146666666666666,1
K00481.02,1.5539973675233618,1.55400389,132.5349915362021,169.830304,0.06624000000000001,0.0736,1
K00481.03,34.26192714008612,34.25951418,148.9381465362021,183.23718,0.17903624999999992,0.1989291666666666,1
K00524.01,4.592406869765968,4.592393816,135.2614288573814,172.004723,0.0947833333333333,0.0947833333333333,1
K00085.01,5.859640717130454,5.859935955,126.21547162363069,132.040528,0.1674375,0.1674375,1
K00085.02,1.9533191651752113,2.154911236,122.26962474863069,133.498613,0.16976375,0.1305875,1
K00085.03,8.79063225411743,8.13121389,126.12899412363069,137.99254,0.15894749999999996,0.1766083333333333,1
K00526.01,2.104713084496737,2.104721971,133.16448619627997,171.044219,0.06580125,0.0731125,1
K00527.01,10.637385957758159,10.63624422,139.7058904591908,171.69616,0.2316874999999999,0.2106249999999999,0
K00578.01,6.412896875957218,6.412512953,137.77850533950766,169.879804,0.1975387499999999,0.2194874999999999,1
K00579.01,2.0200073995428665,2.019997006,131.6856600813271,170.07102,0.06777374999999994,0.0753041666666666,1
K00579.02,3.7630256978166194,3.763041531,132.59653862299373,132.59298,0.06004124999999999,0.0667125,1
K00580.01,6.5209380452669174,6.521209629,136.6176713027868,175.7111,0.1165624999999999,0.1165624999999999,1
K00581.01,6.996746928036063,6.996926239,133.95300966187793,175.914281,0.10265249999999998,0.1140583333333333,1
K00581.02,157.43581921241147,151.863949,245.83642382854458,143.31451,0.1786875,0.357375,1
K00425.01,5.428343919413201,5.428344915,131.7563017299979,169.753676,0.0788791666666666,0.0788791666666666,0
K00427.01,24.614866839130595,24.61480613,142.50813013767535,191.741225,0.09975749999999994,0.1108416666666666,1
K00427.02,42.964764001242756,42.949522,153.52398138767538,153.73786,0.3158983333333332,0.2256416666666666,1
K00427.03,123.05940914347275,117.033521,191.83048680434203,245.65151,0.19897499999999999,0.28425,1
K00081.01,22.128397847642823,23.8761144,128.12366349671294,143.07006,0.5431591666666665,0.3879708333333332,0
K00482.01,4.9928359223167735,4.99270186,134.58023448978807,169.55323,0.07751999999999995,0.1291999999999999,0
K00483.01,4.7984730421326,4.79860021,134.88620644136714,173.257466,0.11394,0.1266,1
K00528.01,9.576577051054453,9.57665962,138.38702541572434,176.683759,0.1260112499999999,0.1400124999999999,1
K00528.02,90.97916988296089,96.6781852,171.88068541572434,140.18339,0.11866041666666663,0.2373208333333333,1
K00528.03,19.153511943946032,20.55280311,138.368543957391,145.02837,0.1284091666666666,0.0917208333333333,1
K00529.01,2.0231183348761945,2.023123903,132.076643231619,170.513161,0.0492875,0.0492875,0
K00530.01,10.940286093037852,10.94026745,137.48368229130637,170.30551,0.08810249999999993,0.0978916666666666,1
K03138.02,19.535265545500877,19.5352551,558.4453276069928,148.20374,0.0422083333333333,0.0422083333333333,1
K03138.01,8.688754263308093,8.68910764,541.6530561486595,133.23559,0.0484458333333333,0.0484458333333333,1
K00582.01,5.94490535860798,5.945043548,134.82025648394367,170.472237,0.10126499999999994,0.1125166666666666,1
K00582.02,17.83479608239428,17.73842886,140.758594192277,148.99011,0.08764291666666661,0.1252041666666666,1
K00582.03,9.939524443848603,9.93962361,131.5909164839437,131.58267,0.1001,0.143,1
K00092.01,65.70192361741168,65.7045275,137.47780439676578,137.44275,0.15172666666666662,0.1379333333333333,1
K00428.01,6.872992761988783,6.8731664,138.16872352653937,172.518826,0.31427458333333325,0.2857041666666666,1
K00429.01,8.599777280608123,8.600099313,138.1411488263646,172.529281,0.15028874999999992,0.1669874999999999,1
K00430.01,12.376356165163807,12.37646897,142.28041065905964,179.404945,0.10153124999999999,0.1128125,1
K00431.01,18.86795482966447,18.87022157,141.05811230468044,178.71167,0.18319,0.13085,1
K00431.02,44.03251966192792,46.9026431,159.81540480468044,154.30327,0.09816,0.1636,1
K00484.01,17.20547737993438,17.20522898,140.63813603659915,175.05878,0.13757999999999995,0.1528666666666666,1
K00485.01,17.906507885841982,17.90766147,139.78554581563753,175.55977,0.15738333333333332,0.2248333333333333,0
K00486.01,22.17826591991961,22.18332255,147.47769805047244,169.49619,0.29962333333333324,0.2140166666666666,1
K00487.01,7.658788517759068,7.65880048,134.74483307943106,173.03964,0.11410124999999995,0.1267791666666666,1
K00488.01,9.379295376875938,9.3789167,138.90867609038844,176.45197,0.12535124999999994,0.1392791666666666,1
K00532.01,4.221690036423482,4.221626193,135.6907591549062,173.699895,0.10206333333333328,0.1275791666666666,1
K00533.01,16.547371730298426,16.54967098,138.69542183648412,171.69398,0.21903999999999996,0.1825333333333333,1
K00533.02,3.3099595352080726,3.52467888,131.96813516981746,131.63994,0.15525,0.1035,1
K00534.01,6.40030044565434,6.400157105,135.60377099887327,174.02214,0.07501499999999998,0.08335,1
K00534.02,2.735915567523328,2.735900074,132.79045849887325,171.0964,0.07259625,0.0806625,1
K00583.01,2.4370220907494784,2.437029217,131.74595796921236,170.73808,0.12001874999999994,0.1333541666666666,1
K00584.01,9.927405969869191,9.9267215,135.93165817884824,175.68671,0.1601166666666666,0.1601166666666666,1
K00584.02,19.852566963802957,21.22349325,136.01135317884825,170.37387,0.14413,0.2059,1
K00584.03,6.617666785809336,6.47027706,135.99066526218158,136.50567,0.1392916666666666,0.1392916666666666,1
K00585.01,3.722134819650903,3.722158895,134.34551687571528,171.560055,0.07477875,0.0830875,1
K00432.01,5.263451837278286,5.263415218,132.24039893599755,174.351207,0.08042249999999998,0.0893583333333333,1
K00433.01,4.030543875866949,4.030466786,134.80508295006877,171.092308,0.11555833333333332,0.1155583333333333,1
K00433.02,317.96574726298536,328.240201,444.92319295006877,199.203375,0.6136300000000001,0.5113583333333334,1
K00434.01,22.263882577342745,22.264806569,137.48484590694602,173.103028,0.29313666666666666,0.3664208333333333,0
K00489.01,2.2170237377191504,2.217038096,131.7951170670273,171.69587,0.06965624999999998,0.0773958333333333,0
K00489.02,8.867981929299583,8.874603,138.45462227536063,140.2954,0.07200000000000001,0.12,0
K00490.01,4.3931852703616086,4.393157678,133.32626220078626,172.867528,0.09170624999999998,0.1018958333333333,1
K00490.02,1137.6625211702424,1071.232624,180.95775136745291,420.286557,0.94374,0.6740999999999999,1
K00490.03,7.405901323846452,7.40611676,134.09484553411957,134.07481,0.10809749999999997,0.1201083333333333,1
K00490.04,21.96694351660809,21.803708,137.6819976174529,139.07199,0.1123,0.140375,1
K00082.01,16.14738201467278,16.145671932,134.681460971181,134.754877,0.10860499999999994,0.1551499999999999,1
K00082.02,10.311810822718515,10.31174786,123.761110971181,134.07991,0.1193175,0.132575,1
K00082.03,25.7774803856182,27.4536146,128.993707221181,145.02866,0.14051249999999993,0.1561249999999999,1
K00082.04,6.874416960400927,7.07136119,127.21377597118101,139.98763,0.12636250000000002,0.114875,1
K00082.06,20.62396535754973,22.4098677,134.06618222118098,147.38366,0.12301249999999987,0.0946249999999999,0
K00082.05,5.156006577299331,5.28691996,123.74716972118101,135.85427,0.11820416666666662,0.1074583333333333,1
K00535.01,5.852655993531775,5.852968845,136.0995318989068,171.181624,0.1915541666666666,0.1915541666666666,1
K00536.01,81.03807577772379,81.1701587,179.553492083249,178.58702,0.522375,0.34825,1
K03191.02,352.67434172833936,371.17573,169.8072529589407,458.7146,0.3075,0.3416666666666666,0
K03191.01,408.22100089183056,377.88909,411.34867795894064,143.4845,0.1928958333333333,0.3857916666666666,0
K00537.01,2.8202397882332795,2.820190603,134.1142900970872,170.787705,0.09577499999999994,0.1064166666666666,1
K00538.01,21.219527562038145,21.21712312,150.35986269751632,171.64936,0.22087499999999993,0.2454166666666666,1
K00539.01,211.06555227429038,200.0,293.0574146820866,171.27413,0.1514583333333333,0.3029166666666666,0
K00586.01,15.781365308041677,15.77980122,144.32987117209848,175.96934,0.21866541666666658,0.1682041666666666,1
K00587.01,14.034908551726778,14.03490255,143.53991136261405,171.60491,0.13642499999999996,0.1515833333333333,1
K00588.01,10.356302786107587,10.35586478,134.23144217677532,175.68106,0.10661625,0.1184625,1
K00094.01,20.846356185571505,22.342964828,148.4775915435877,132.741641,0.22213499999999992,0.2776687499999999,1
K00094.02,10.423333894074755,10.423677439,138.0332690435877,138.009041,0.21773749999999986,0.2177374999999999,1
K00094.03,56.148883832503856,54.31996151,146.57295508525436,161.239869,0.17887083333333334,0.3577416666666667,1
K00094.04,3.7432852881604854,3.743166733,131.5965659185877,131.61967,0.12296,0.1537,1
K00590.01,11.388486070341939,11.38840217,140.38733901006583,174.55377,0.13855874999999993,0.1539541666666666,1
K00590.02,50.69524831869218,50.6985408,141.3656813017325,141.31813,0.22394999999999998,0.2488333333333333,1
K00435.01,20.54665745716713,20.5498184,137.9505709809675,178.946396,0.25430166666666665,0.2311833333333333,1
K00435.05,61.65845366781185,62.3026877,158.2942151476342,179.09948,0.21901250000000003,0.312875,1
K00435.06,10.274047904853607,9.91937693,137.91099014763418,136.87361,0.2343249999999999,0.1802499999999999,1
K00435.03,30.821186326126064,33.0405509,158.47954493930084,161.22146,0.19607583333333323,0.1400541666666666,1
K00435.04,4.1098820210961255,3.93276627,133.77247077263416,134.64964,0.1715175,0.1225125,1
K00438.01,5.931034406708463,5.931196562,133.2985065488619,174.796908,0.08332999999999992,0.1041624999999999,1
K00438.02,53.37492655528221,52.6615266,139.29164967386188,183.52054,0.15795999999999993,0.1316333333333333,1
K00072.01,0.8374923835014926,0.837491225,120.6850715105713,131.574858,0.0748333333333333,0.0748333333333333,1
K00072.02,41.04003627388933,45.29422297,154.13420901057128,138.678725,0.14229166666666665,0.2845833333333333,1
K00491.01,4.66247384133838,4.66229074,132.328578340112,169.65558,0.12433333333333327,0.1554166666666666,0
K00492.01,29.901347834843833,29.9111886,135.12478590676676,194.71129,0.38754333333333324,0.2768166666666666,1
K00493.01,2.908441417876803,2.908453928,132.31610909316436,170.12474,0.07397541666666661,0.1056791666666666,0
K00494.01,25.69996951419387,25.69581456,137.29842304511084,188.78889,0.21802624999999998,0.1677125,1
K00540.01,25.699156567239665,25.70280003,147.1095086911519,194.82512,0.18458999999999998,0.13185,0
K00541.01,13.645229341339363,13.64617478,139.46126748676906,180.34991,0.12786750000000002,0.142075,1
K00007.01,3.2136349698658004,3.213668926,123.61717981769456,123.611878,0.1493381249999999,0.1659312499999999,1
K00542.01,41.87326747697646,41.8854433,137.03488701784536,178.6919,0.30997083333333325,0.2817916666666666,1
K00542.02,13.962385567871545,13.81733587,136.77588076784536,135.03413,0.21304999999999993,0.1775416666666666,1
K00597.03,52.82881280344317,52.8148051,164.70711746557282,164.90456,0.3045416666666666,0.3045416666666666,1
K00597.01,17.309684315604102,17.30795548,142.24853579890615,176.94326,0.19172249999999993,0.2130249999999999,1
K00597.02,2.0922628650754067,2.09227115,133.0660799655728,133.06258,0.1002583333333333,0.1002583333333333,1
K00598.01,8.308069496731925,8.30783912,137.92710961330735,171.17201,0.11818499999999996,0.1313166666666666,1
K00598.02,33.23191552371069,34.0963441,137.93257377997404,153.82654,0.11363333333333331,0.1623333333333333,1
K00599.01,6.4544853497656405,6.45442931,134.47907091719915,173.21478,0.100395,0.11155,1
K00600.01,3.595848272082719,3.595769013,134.39966203346552,170.36915,0.1183837499999999,0.1315374999999999,1
K00439.01,1.9021926609933477,1.902208647,132.4094761088779,170.449657,0.08245387499999994,0.0916154166666666,1
K00439.02,5.706720714073756,5.40534383,134.29564502554456,131.8513595,0.08699999999999994,0.0966666666666666,0
K00441.01,30.549533472773046,30.5528972,143.43374127110275,173.90269,0.17563333333333328,0.2195416666666666,0
K00495.01,4.804341813068467,4.804469031,136.02345034154067,169.63529,0.10087874999999993,0.1441124999999999,0
K00496.01,1.616884949466489,1.616883373,132.61468067360366,169.80396,0.054416666666666634,0.0680208333333333,1
K00497.01,13.192424321496695,13.19322809,136.06766618357995,175.6096,0.18763499999999997,0.2084833333333333,1
K00497.02,4.397582234531959,4.42535097,131.6583053502466,134.56312,0.18979999999999997,0.146,1
K00543.01,4.302126952536551,4.302139338,134.71991845880135,173.438922,0.07608374999999999,0.0845375,1
K00543.02,3.1378364651064876,3.137845914,133.5609911671347,133.55689,0.07162499999999997,0.0795833333333333,1
K00544.01,3.747794076794202,3.74782314,134.19615597971637,171.66634,0.12832499999999994,0.2138749999999999,0
K00545.01,1.0917397064170795,1.09173174,132.16078577644424,170.37724,0.0821625,0.0821625,0
K00546.01,20.69052327150159,20.68420772,149.30671772467807,170.19034,0.34891458333333325,0.2683958333333333,1
K00546.02,10.341043151977052,9.82578495,139.22271772467806,131.42495,0.24061583333333325,0.2187416666666666,1
K00591.01,2.9926736611597504,2.9926465,131.8893376665442,170.80128,0.06787499999999994,0.0754166666666666,0
K00592.01,39.74768348198947,39.7529915,135.79352711543055,175.46244,0.2068375,0.2068375,1
K00593.01,9.997239894345729,9.99760285,131.82032972792993,171.78828,0.11474333333333328,0.1434291666666666,1
K00593.02,84.9747541016856,90.4117992,171.82370285292993,208.5028,0.14804166666666665,0.2960833333333333,1
K00593.03,49.99059425091391,51.0674355,151.7599320195966,147.60941,0.12757499999999994,0.1822499999999999,1
K00442.01,13.542098979911263,13.54057461,144.5143028402841,171.67762,0.2047512499999999,0.1861374999999999,1
K00442.02,1.7323364251391797,1.732346403,132.80404013195076,134.53123,0.08302124999999998,0.0922458333333333,1
K00442.03,6.770112303202617,7.0257409,137.8406922152841,133.62713,0.13095833333333323,0.0935416666666666,1
K00443.01,16.215661096714516,16.21774917,147.681017503103,180.0425,0.22583916666666662,0.2053083333333333,1
K00444.01,11.723562238371555,11.72291212,142.11626750855174,177.3196,0.15773999999999994,0.1752666666666666,1
K00498.01,8.653027442966454,8.661374,136.6578457112893,177.5427,0.09906666666666664,0.1238333333333333,0
K00499.01,9.66844434229298,9.66857386,135.8681719274973,174.53483,0.09245999999999997,0.1027333333333333,1
K00500.01,7.053414283983415,7.053527145,134.16520763273044,176.474146,0.0899325,0.099925,1
K00500.02,9.521165694430474,9.521644639,139.43727513273043,177.484839,0.09820416666666662,0.0982041666666666,1
K00500.03,3.173858253782403,3.072146607,133.05758888273044,134.030017,0.08585499999999999,0.07805,1
K00500.04,4.760725111889558,4.645382149,134.64575763273044,134.58939,0.0844625,0.0844625,1
K00500.05,0.9867898456932384,0.986785834,132.18039263273045,133.171292,0.05939499999999996,0.0494958333333333,1
K00547.01,25.303212133665046,25.30291816,137.45207761020492,188.060148,0.16838624999999996,0.1870958333333333,1
K00547.03,12.652541225212836,12.3860474,137.39248490187157,132.8175,0.16275,0.1085,1
K00548.01,21.29915348602923,21.30020491,147.1379206731842,189.70595,0.1702166666666666,0.1702166666666666,1
K00087.01,294.47425716712286,289.864067,279.2148824243551,133.69719,0.44129166666666664,0.3152083333333333,1
K00549.01,10.298212504745473,10.29767658,131.692782082956,131.73374,0.16622499999999996,0.2770416666666666,0
K00549.02,0.6355965386035484,0.635587392,132.12957999962265,133.41665,0.09791666666666665,0.1958333333333333,0
K00595.01,211.67323727919552,199.99763493,334.9121566793212,250.97231,0.0714583333333333,0.1429166666666666,0
K00596.01,1.6826885283825639,1.682695938,131.75525344407967,170.453117,0.052001249999999936,0.0577791666666666,1
K00445.01,235.96730137484656,260.20717331,166.24701137062667,258.34887,0.3294999999999999,0.2745833333333333,0
K00446.01,16.708594126751333,16.70920628,141.35881907783244,174.75417,0.10144499999999995,0.1127166666666666,1
K00446.02,28.54873918328893,28.55158187,156.9762244944991,185.47672,0.172925,0.172925,1
K00447.01,4.0450059125743545,4.045057186,132.24242605885826,172.68365,0.07488499999999998,0.1248083333333333,0
K00448.01,10.139376879709495,10.13958818,137.9087229285762,178.45074,0.09917249999999994,0.1101916666666666,1
K00448.02,43.571471693060424,43.5859419,151.29101167857618,194.6107,0.1950583333333333,0.1950583333333333,1
K00502.01,5.9105343716408525,5.91037674,135.66742698260163,171.15166,0.12828749999999994,0.1425416666666666,0
K00503.01,8.222388009922332,8.22241355,131.84611006043144,172.95657,0.10162499999999994,0.1129166666666666,1
K00550.01,13.023435123549161,13.02363236,139.46749871249546,178.52482,0.14900249999999998,0.1655583333333333,1
K00551.01,11.636881353567057,11.6370303,132.30499838261753,178.84448,0.125145,0.13905,1
K00551.02,5.687941611157468,5.68798675,133.96490463261753,133.95607,0.08505749999999997,0.0945083333333333,1
K00552.01,3.055149457610363,3.055171082,134.4412542387523,171.099046,0.0699916666666666,0.0699916666666666,0
K00601.01,5.404343861576989,5.40426917,134.3495026749565,172.18553,0.09493124999999994,0.1054791666666666,1
K00601.02,11.678921584866687,11.67894236,131.51294879842314,131.5119,0.047403749999999974,0.0526708333333333,1
K00601.03,1.2084703800797398,1.208462378,132.4642464249565,133.67712,0.0643333333333333,0.0643333333333333,1
K00602.01,12.915023463780113,12.91385906,138.46864001320708,177.27535,0.2236874999999999,0.2236874999999999,1
K00449.01,258.8855267054644,252.0792347,219.67082902822852,240.234923,0.14927999999999994,0.1658666666666666,0
K00450.01,27.045226398191744,27.04627886,144.94243063031988,171.95525,0.08886666666666664,0.1110833333333333,0
K00451.01,3.7234633599791866,3.723560726,134.96183858254435,172.17977,0.1001875,0.143125,0
K00452.01,3.7060508278214317,3.705991661,132.86833032931088,169.94286,0.19371749999999993,0.2152416666666666,1
K00074.01,5.18891866928821,5.188671659,120.65439583488462,125.879388,0.16844666666666663,0.2105583333333333,0
K00453.01,2.2360842908475727,2.236100588,131.64097164886954,169.64852,0.05437541666666663,0.0776791666666666,0
K00504.01,40.59716282123955,40.606895,158.781264798684,199.25748,0.3357666666666666,0.2398333333333333,1
K00505.01,13.768050757883312,13.76710058,133.45922297461345,174.81089,0.13339791666666662,0.1212708333333333,1
K00505.02,6.195619430061942,6.1954595,134.70467609961344,134.71507,0.1107,0.123,1
K00505.03,3.2506229070405497,3.25058201,133.6914027662801,133.69472,0.08451374999999994,0.0939041666666666,1
K00505.04,8.34813895653935,8.34819209,136.84616984961346,136.84111,0.1063125,0.118125,1
K00505.05,86.92809877370149,87.0912594,188.47532609961343,187.31231,0.2916666666666666,0.2916666666666666,1
K00553.01,2.3990417121871745,2.399069173,133.0797269521654,171.45413,0.1357333333333333,0.1357333333333333,0
K03337.02,83.85183831946316,91.172033,149.59294408058474,154.9657,0.22253333333333333,0.2781666666666667,0
K00555.01,3.701739552006599,3.701765401,131.734986343525,172.44778,0.09772875,0.1085875,1
K00555.02,86.45059870825628,86.4943704,182.15953613519167,181.88967,0.4669374999999999,0.3112916666666666,1
K00088.01,5.179597597449201,5.17968868,120.94222519810128,136.46144,0.1086633333333333,0.1552333333333333,0
K00398.01,50.16156746361539,51.84688984,136.09011691854332,170.08076,0.09951875,0.1990375,1
K00398.02,4.180147572154478,4.180048081,131.89983858520998,173.719249,0.1019958333333333,0.1019958333333333,1
K00398.03,1.7293763454364948,1.729367077,132.0863869185433,133.81929,0.0726749999999999,0.0726749999999999,1
K00399.01,5.266881664825209,5.26640614,134.1867845067785,173.833637,0.13561124999999993,0.1506791666666666,0
K00400.01,44.1603397724361,44.18938922,166.53974761682815,209.98968,0.25556625,0.2839625,0
K00454.01,29.01165008087486,29.00789166,141.45239729814105,170.55349,0.20947500000000002,0.209475,1
K00455.01,47.89125921824525,47.878243,145.1761709103834,193.20518,0.25412499999999993,0.1694166666666666,0
K00456.01,13.699124771462753,13.69942266,144.09217547468728,171.48036,0.16278374999999998,0.1808708333333333,1
K00456.02,4.566325749299532,4.309381978,134.96570151635396,134.03552,0.1690325,0.1207375,1
K00457.01,4.92136768856778,4.9213639,134.92493436564254,174.299322,0.07052249999999997,0.0783583333333333,1
K00457.02,7.06410573405581,7.064252021,135.39518894897586,135.379512,0.06355708333333325,0.0577791666666666,1
K00506.01,1.5831613207719895,1.583160478,131.967697152394,169.965242,0.04475624999999994,0.0497291666666666,0
K00507.01,18.494453722110197,18.49234792,136.4341241094377,173.49816,0.20267333333333323,0.1447666666666666,1
K00508.01,7.93005056431087,7.930583519,137.84243745563435,169.516944,0.1503458333333333,0.1503458333333333,1
K00508.02,15.862514628212544,16.6658994,137.73308787230104,180.20215,0.15725249999999993,0.1747249999999999,1
K00556.01,9.501521582138421,9.50150926,137.66443215548,175.67002,0.1713,0.2855,0
K00557.01,15.657055572788462,15.65563866,139.41476578068276,170.78358,0.18014791666666663,0.1637708333333333,1
K00558.01,9.178562024458518,9.17858526,136.37201006919568,173.08746,0.08229375000000001,0.0914375,1
K00559.01,4.3314066159164595,4.33144839,134.71642814521002,173.69466,0.09674999999999999,0.1075,0
K00560.01,23.671524303485434,23.67513153,132.04644030128068,179.27676,0.25171249999999995,0.193625,1
K00401.01,29.201085043103532,29.19899219,156.18733375181463,185.440631,0.19210124999999997,0.2134458333333333,1
K00401.02,160.05445551268937,160.0191598,251.0761954184813,251.28261,0.342,0.228,1
K00401.03,54.27658409659414,55.3291399,142.6106204184813,186.31545,0.144125,0.28825,1
K00005.02,7.1702631704726185,7.05185637,121.0464931685627,133.3669015,0.123,0.15375,0
K00402.01,17.1723282904737,17.177328207,145.1751325126491,170.54643,0.4154691666666666,0.3195916666666666,0
K00459.01,19.449596023251825,19.44639139,150.53865755818725,170.10238,0.21132416666666665,0.1509458333333333,1
K00459.02,6.4821395804112605,6.91986988,137.69174734985393,134.11594,0.12844874999999997,0.1427208333333333,1
K00509.01,4.166915198297899,4.16696628,132.22088582778298,169.715517,0.10325624999999995,0.1147291666666666,1
K00509.02,11.464142910994632,11.46347165,137.34235874444963,137.38521,0.11912083333333326,0.1082916666666666,1
K00509.03,41.674784991857486,39.6034,161.29162332778296,168.07114,0.21623333333333328,0.2702916666666666,1
K02876.02,0.5352280710638242,0.535224793,131.72820186281513,131.73629,0.1252575,0.139175,0
K00510.01,2.940279197269729,2.940304817,131.68877213001193,169.90496,0.09075333333333327,0.1134416666666666,1
K00510.02,6.389208378443366,6.38899658,137.11805754667859,175.4761,0.13136999999999993,0.1459666666666666,1
K00510.03,14.626322056466847,14.62709685,136.25862921334524,136.23467,0.13656666666666664,0.1707083333333333,1
K00510.04,38.22055076097321,35.1184432,137.6329375466786,152.12282,0.1529999999999999,0.1912499999999999,1
K00561.01,5.378967358341813,5.378868001,131.94970631313927,169.61512,0.1020825,0.113425,1
K00563.01,15.287287795473015,15.28467725,144.93169453851334,175.62345,0.22788,0.2532,1
K03372.02,73.33285948497868,73.506021,424.9924309839792,163.5692,0.28669999999999995,0.2389166666666666,0
K03372.01,28.865062773342533,26.7575866,360.1228393173125,137.28717,0.3173083333333333,0.2440833333333333,1
K00564.01,21.057890166962174,21.05349939,150.81574992419937,171.92457,0.2685187499999999,0.2983541666666666,1
K00564.02,126.44891567620733,127.905412,255.816297840866,246.46401,0.30156249999999996,0.6031249999999999,1
K00564.03,6.217019692508534,6.21716039,131.73368034086602,131.71857,0.14762999999999993,0.1845374999999999,1
K00403.01,21.057512873783605,21.05647572,150.05192118121397,171.133613,0.07221666666666662,0.0515833333333333,0
K00404.01,31.815119511578036,31.80514278,154.43947413691734,186.38905,0.38106499999999993,0.3175541666666666,0
K00405.01,37.607132924850646,37.60936976,132.141642585555,190.724991,0.22871666666666662,0.2858958333333333,0
K00406.01,49.27934230157622,49.26678528,133.438094686363,191.187887,0.32487,0.23205,0
K00407.01,3.6136236467913263,3.613757526,131.6967521300524,171.422542,0.1970933333333333,0.2463666666666666,0
K00408.01,7.381952629674817,7.381980206,136.1660551582162,173.072659,0.11682000000000001,0.1298,1
K00408.02,12.562471601538725,12.56096618,141.5832976582162,166.79483,0.18823499999999999,0.1568625,1
K00408.03,29.51991518595318,30.8261043,151.11517099154952,153.01503,0.3449833333333332,0.2464166666666666,1
K00408.04,3.6909383890814556,3.42806306,132.4795251582162,132.36268,0.12084999999999997,0.1007083333333333,1
K00408.05,95.98024567566003,93.803766,180.3426751582162,170.55916,0.17185,0.12275,0
K00460.01,17.58662836283419,17.58751692,140.94140849481886,176.077382,0.18238749999999992,0.1823874999999999,1
K00461.01,11.343123623771588,11.34436822,138.8882659668617,172.84392,0.20842499999999997,0.2315833333333333,0
K00462.01,1.5763376197794776,1.576341127,133.04738313056328,170.88145,0.11711999999999997,0.1301333333333333,0
K00463.01,18.47813181349682,18.47762694,148.29268755840627,185.269061,0.08891666666666663,0.0808333333333333,1
K00464.01,58.84713393919122,58.36205791,185.0934591906748,196.555405,0.13200625,0.2640125,1
K00464.02,5.350084913668354,5.350156114,131.56873981567477,195.761347,0.08492624999999991,0.0943624999999999,1
K00511.01,8.005763533272068,8.00579096,138.48122122357148,170.50325,0.11455875,0.1272875,1
K00511.02,4.002952821618036,4.26374378,134.46174622357148,133.72073,0.12309375,0.0946875,1
K00089.01,84.62998035177763,84.6877524,151.0931864341136,150.57084,0.62655,0.4177,1
K00089.02,200.88263973528876,207.5829306,184.0822001841136,289.88311,0.4417875,0.294525,1
K00565.01,2.3405267749134353,2.340523247,132.74862683679922,170.19754,0.1315,0.1315,0
K00566.01,25.851665765102272,25.85499978,192.66868904246274,192.57484,0.17754458333333326,0.1614041666666666,1
K00567.01,10.688048645921631,10.68758211,137.83096792404731,169.93115,0.126795,0.1408833333333333,1
K00567.02,21.378709427456187,20.30303506,148.439132090714,176.8028,0.28148749999999995,0.1876583333333333,1
K00567.03,29.015012074023318,29.02235217,140.4792560490473,198.37025,0.23486749999999984,0.1677624999999999,1
K04772.03,40.0231820037978,39.0930875,384.6476188850512,147.6774,0.1658708333333333,0.2369583333333333,0
K04772.02,9.017929575708818,9.0194714,356.4552563850512,139.9234,0.14799999999999996,0.2466666666666666,1
K00409.01,13.248221196371013,13.24931848,139.8395125706135,179.52171,0.1869124999999999,0.1869124999999999,1
K00465.01,367.5987327241882,363.706662,166.9714213840242,204.02069,0.3207375,0.356375,0
K00467.01,18.006921480345373,18.00932214,146.51959389535162,182.441015,0.10335625,0.2067125,1
K00468.01,22.18475105786328,22.18431824,152.39741591244317,174.597325,0.1266541666666666,0.1266541666666666,1
K06048.02,0.7942377514774958,0.80489537,121.21583866708482,132.0521644,0.04983333333333329,0.0383333333333333,0
K06048.01,1.985574398657068,1.985586627,122.01603950041816,132.9336782,0.08438766666666664,0.1054845833333333,0
K06245.03,257.8633562245308,276.32360146,225.99693046023333,162.1955353,0.41235,0.41235,0
K00512.01,6.5103088743799855,6.51003001,133.82275785108385,172.91588,0.12410624999999997,0.1378958333333333,1
K00513.01,35.1994371798547,35.18105723,134.70351182406932,170.09969,0.4401249999999999,0.3143749999999999,1
K00514.01,11.75486074748454,11.75560012,140.85370080502122,176.07519,0.1175,0.1958333333333333,0
K00515.01,17.79671996365566,17.79421914,133.89664128014545,169.605214,0.20958999999999994,0.1746583333333333,0
K07625.01,6.125854584584593,6.12601169,122.60080593181227,134.83637,0.0722083333333333,0.0722083333333333,0
K00568.01,3.3835153847939092,3.383540239,132.4245657387567,169.63859,0.05845833333333329,0.0584583333333333,1
K00568.02,2.3589359123999576,2.358952404,132.69409073875673,132.68957,0.0730124999999999,0.0663749999999999,1
K00569.01,20.731727989344677,20.72904234,143.88531453142534,185.43113,0.16371833333333324,0.1169416666666666,1
K00569.02,1.6329143697073298,1.632916419,132.91679619809202,134.54956,0.0649958333333333,0.0649958333333333,1
K00410.01,7.216928991425776,7.216951388,132.98177861326175,176.283024,0.0787841666666666,0.0787841666666666,0
K00411.01,15.853969460299856,15.85238672,142.4418163527064,174.22654,0.17263333333333328,0.2157916666666666,0
K00412.01,4.147049624473966,4.147021189,132.9990908912926,170.325835,0.1208208333333333,0.1208208333333333,1
K00413.01,15.230239098918524,15.22895514,146.04314326248874,176.56001,0.11901541666666664,0.1081958333333333,1
K00413.02,24.674110033128414,24.67458244,146.78898617915542,146.77261,0.12242999999999998,0.1360333333333333,1
K00470.01,3.750787127108318,3.750832927,133.6521272883948,171.151696,0.08917791666666663,0.0810708333333333,1
K00471.01,21.3438269049091,21.34736612,150.51728330958267,171.73531,0.24406666666666665,0.1743333333333333,1
K00471.02,7.116065907696781,7.81100952,136.12982705958265,132.30566,0.12116249999999999,0.134625,1
K00472.01,4.243653527329123,4.243748097,135.38395324413727,173.563074,0.1260112499999999,0.1400124999999999,1
K06612.02,2.40444337018603,2.404483552,121.13689870727356,133.170974,0.016038749999999873,0.0123374999999999,0
K06612.01,40.369921988796904,38.49536985,127.2424882906069,152.84943,0.64358,0.5363166666666667,0
K00516.01,13.54130456962889,13.54204116,144.06306333698703,171.09767,0.1389166666666666,0.1389166666666666,0
K00517.01,2.7523778188893417,2.752359689,132.72141239058496,171.259808,0.07770749999999994,0.0863416666666666,1
K00518.01,13.980714869285794,13.98177862,140.09077523681853,181.975114,0.135575,0.12325,1
K00518.02,43.99922584260383,44.0003975,166.7819252368185,210.76222,0.19168124999999994,0.2129791666666666,1
K00518.03,245.84231688862087,247.354914,367.2738960701518,364.15832,0.1807708333333333,0.3615416666666666,1
K07626.01,454.4317430650002,462.12069,322.93710690266926,307.6255,0.26049999999999995,0.4341666666666666,0
K00570.01,12.39905446103083,12.39894005,135.57873923192906,172.78184,0.1243083333333333,0.1775833333333333,0
K00571.01,7.2673968734182015,7.26731094,137.9693195033513,174.31292,0.08509124999999998,0.0945458333333333,1
K00571.02,13.341806582888806,13.3430025,136.94026596168464,176.90387,0.14841125,0.1141625,1
K00571.03,3.8867493825872272,3.886795001,133.33514158668464,133.32959,0.073225,0.073225,1
K00571.04,22.404708703798097,22.40777833,153.8914697116846,153.79858,0.19180583333333323,0.1370041666666666,1
K00571.05,130.80155593328965,129.945392,247.03897242001796,176.82285,0.12054166666666664,0.2410833333333333,1
K00414.01,20.351622015148962,20.35509657,144.51088068389163,175.3437299,0.244413125,0.22219375,0
K00414.02,5.922142081743917,5.92240377,132.3891588088916,173.81802,0.12303333333333329,0.1537916666666666,0
K00416.01,18.209870109627097,18.20795835,149.34044788521766,185.84306,0.07909374999999995,0.1581874999999999,1
K00416.02,88.30397050389365,88.2553729,153.34719788521767,153.77974,0.264775,0.189125,1
K00473.01,12.70706640312789,12.70636123,142.47893764434468,180.63164,0.10977083333333326,0.0997916666666666,1
K00474.01,10.945824955238281,10.94577783,132.9302753685138,176.71834,0.11601374999999993,0.1289041666666666,1
K00474.02,27.365843447992457,28.9869016,138.37395391018046,134.7812,0.12077666666666664,0.1509708333333333,1
K00474.03,98.49768864050651,94.886902,154.92072328518046,214.82879,0.17307499999999998,0.2884583333333333,1
K00474.04,5.472762896652395,5.03505665,132.95177120184712,132.65597,0.10523333333333325,0.0751666666666666,1
K06707.02,24.723832789260353,24.7222403,146.43324333620512,146.4611,0.151,0.18875,0
K00519.01,11.902891693505623,11.90352088,142.66674335357982,178.34161,0.14323333333333327,0.1790416666666666,1
K00519.02,34.0459352444032,34.0350605,134.1904475202465,134.42752,0.3905416666666666,0.2789583333333333,1
K00084.01,9.286883306182734,9.286964466,126.71531548104755,135.9945,0.15422458333333328,0.1402041666666666,1
K07627.01,0.9674400474383814,0.967427812,352.8258402868748,132.258305,0.2944149999999999,0.2453458333333333,0
K00572.01,10.64118938484106,10.64021008,137.16511362833575,179.77776,0.20392875,0.2265875,1
K00572.02,5.320307321908081,4.93883135,131.8774221700024,135.95465,0.1828333333333333,0.1828333333333333,1
K00573.01,5.9966932020050505,5.996533443,136.5029839530985,172.50558,0.1242337499999999,0.1380374999999999,1
K00573.02,1.9988217226377196,2.06190864,132.53709645309848,133.19888,0.11516749999999987,0.0822624999999999,1
K00418.01,22.425207705045587,22.418319842,142.78943660769906,172.797099,0.312025,0.222875,0
K00419.01,20.13125586799498,20.131477716,149.13906196690772,189.390784,0.1366916666666666,0.1366916666666666,0
K00420.01,6.0103430861739255,6.010383339,132.01541689994647,174.084883,0.10055375,0.0914125,1
K00006.01,1.3340921151629221,1.334101467,121.70018788368876,133.703081,0.09640125,0.0876375,0
K00475.01,8.1806632689279,8.1808949,135.81679124636923,176.69885,0.10329749999999992,0.1147749999999999,1
K00475.02,15.314218276415934,15.31296388,141.10257874636926,171.79412,0.1417854166666666,0.1288958333333333,1
K00476.01,18.426358175505086,18.42794957,141.64476349015308,178.43963,0.15851333333333328,0.1219333333333333,1
K06765.02,8.82480021875789,8.8249556,131.7233606622023,131.7064,0.11159999999999999,0.124,0
K00725.01,7.305288504289966,7.30497811,133.08549190716445,169.64592,0.1324575,0.189225,0
K00726.01,5.115717397122001,5.115750935,132.34186808563868,173.26599,0.07401916666666661,0.1057416666666666,0
K00727.01,1.2137571263542668,1.213745575,131.73360452330823,170.582782,0.16285208333333331,0.2326458333333333,0
K00729.01,1.4238047136235532,1.423799421,132.65148124339464,169.67436,0.05574749999999994,0.0619416666666666,0
K00730.01,14.787031027915985,14.78767172,132.44234581838325,176.79399,0.22946624999999998,0.2549625,1
K00730.02,9.84704186422852,9.84824649,138.45614519338324,138.38845,0.21551624999999994,0.2394624999999999,1
K00730.03,19.725102697100294,19.7243672,135.0377118600499,135.05923,0.18005,0.3000833333333333,1
K00730.04,7.394381829746363,7.38443269,132.38394581838324,137.47412,0.19117,0.2389625,1
K00627.02,3.8759038807591053,4.16536757,133.5503392635848,132.04068,0.1372291666666666,0.1372291666666666,1
K00627.01,7.752269646351516,7.75192755,137.3777642635848,176.17197,0.13279874999999994,0.1475541666666666,1
K00628.01,14.485584075060503,14.48584765,131.56501404318806,175.00624,0.10454999999999992,0.1306874999999999,1
K00629.01,40.703871587495854,40.6992062,131.79249513797606,172.57123,0.2652749999999999,0.2947499999999999,1
K00630.01,4.5324820847364355,4.532402495,135.65292016543984,171.92667,0.09100000000000001,0.13,0
K05449.02,25.928176861183648,25.273355,139.77366391307402,134.5501,1.0056666666666665,1.4366666666666663,0
K05449.01,0.7627223778876643,0.762724045,131.65365999640736,131.650802,0.0579885833333333,0.0828408333333333,0
K00631.01,15.46170358306666,15.458056682,127.22740225085217,173.782454,0.18323666666666666,0.3664733333333333,1
K00685.01,3.173962267835056,3.173914037,132.82708290265384,170.92525,0.13525874999999998,0.1502875,1
K07124.02,354.0020859583581,379.11996,352.3087906743285,267.6893,0.15041666666666664,0.3008333333333333,0
K07124.01,32.739234644552106,35.026564845,142.69995673682857,160.6019871,0.1087953749999999,0.1208837499999999,0
K00111.03,51.761662047221755,51.75530504,167.49144500361612,271.08808,0.3098125,0.3098125,1
K00111.01,11.427395057314259,11.427550984,126.19302437861612,137.613711,0.1727775,0.191975,1
K00111.02,23.665889637218573,23.66834635,132.79387583694944,132.71421,0.2429041666666666,0.2429041666666666,1
K00111.04,103.51852662211638,103.62650922,219.2816731286161,426.3726042,0.25837499999999997,0.2870833333333333,0
K00731.01,7.060994435940799,7.06115081,134.57182681524117,169.86425,0.10345416666666661,0.1477916666666666,0
K00632.01,7.238365708512878,7.23858162,120.58483477836248,171.21912,0.09099708333333333,0.1299958333333333,1
K00633.01,174.1056166307292,161.4746786,294.1890393409909,170.60338,0.3964499999999999,0.4404999999999999,1
K00634.01,6.2782128273165085,6.277827312,134.87716098857638,172.5786,0.28947,0.3618375,0
K00635.01,16.721293835936432,16.71987303,137.8975358604166,171.40143,0.15202916666666663,0.1382083333333333,1
K00636.01,12.012644044098138,12.011661094,128.49077078369794,176.6358115,0.1572983333333333,0.1572983333333333,0
K00688.01,3.2758922673083797,3.275821982,134.20644731531704,170.25357,0.11410124999999995,0.1267791666666666,1
K00689.01,15.871672609326096,15.87360981,182.47593544072134,182.40408,0.1909158333333333,0.1468583333333333,1
K00690.01,1.3608410369616457,1.360834768,120.71645473043418,169.709729,0.04962,0.062025,0
K00107.01,7.2565425513528306,7.256962446,126.80649852704946,134.023923,0.18525749999999994,0.2058416666666666,1
K00691.01,29.664600504867607,29.66631669,159.74548845370333,189.36948,0.31545,0.3505,1
K00691.02,14.836044378353797,16.2254975,144.72433845370333,144.02673,0.3505125,0.269625,1
K00732.01,1.2602571034994359,1.260258822,132.60083553626768,170.408984,0.06972749999999991,0.0774749999999999,1
K00732.03,5.040856758719594,5.25449393,136.40504928626768,132.55624,0.06412499999999995,0.1282499999999999,1
K07629.01,0.5421173661940536,0.542122617,131.99109130899765,131.98408,0.0534583333333333,0.0534583333333333,0
K00733.01,5.924936998215274,5.924993927,134.17097945880374,169.71629,0.09624666666666663,0.1203083333333333,1
K00733.02,11.349931284412433,11.34934848,134.28533779213706,134.31805,0.1295875,0.1295875,1
K00733.03,2.962533464473764,3.13295351,134.15849945880373,135.67494,0.10178208333333327,0.0925291666666666,1
K00733.04,17.774269946214933,18.64349986,146.04300945880374,141.62687,0.09245499999999995,0.0770458333333333,1
K00637.01,26.956416276024036,26.94927489,141.1181586512358,177.968689,0.49031124999999987,0.4457374999999999,0
K00638.01,23.63508016398516,23.6421965,149.07522570295794,172.58844,0.27180833333333326,0.2090833333333333,1
K00638.02,67.064739751934,67.0930642,146.91362570295794,146.57047,0.4278166666666667,0.3055833333333333,1
K00639.01,17.981769220885358,17.97979816,128.22674335902505,182.24179,0.20935499999999993,0.2326166666666666,1
K00640.01,30.99690588451904,30.99664113,129.78577917511706,191.78502,0.10943249999999995,0.1215916666666666,1
K00692.01,2.462323884331372,2.462344253,132.4519371638152,171.84315,0.06792374999999998,0.0754708333333333,1
K00692.02,4.822988759897567,4.822969318,134.43330528881518,134.43535,0.03281999999999994,0.0364666666666666,1
K00693.01,27.408928463592396,28.7796446,138.4527997725853,193.30374,0.2435125,0.347875,1
K00693.02,15.661336460787924,15.66057688,146.31093518925198,146.3487,0.2629499999999999,0.2921666666666666,1
K00694.01,17.42129876618555,17.42115972,131.98124636257918,184.245906,0.1874025,0.208225,1
K00734.01,24.550758899778693,24.5434566,138.6430887797744,187.92215,0.3928058333333333,0.3021583333333333,1
K00642.01,4.35037057613542,4.350413063,123.58778912453494,171.43565,0.073725,0.073725,0
K00643.01,1.376390232778108,1.376384817,171.10318794472033,169.72919,0.06543749999999998,0.0727083333333333,0
K00644.01,45.95180369120707,45.977861823,169.41092316950022,240.597609,0.43454249999999994,0.3103875,0
K00695.01,29.905432228250643,29.90721859,145.42322141233308,175.29337,0.2019791666666666,0.2019791666666666,1
K00696.01,7.033371378647287,7.03380109,132.0074347381921,174.15772,0.21395,0.2674375,0
K00697.01,3.0321397734758833,3.032147946,171.73690655234458,171.734281,0.14485124999999996,0.1609458333333333,1
K00108.01,15.96438011108837,15.96532718,126.25943875153969,142.178033,0.17188875,0.1909875,1
K00108.02,170.79632787931436,179.609803,290.49958187653965,295.330361,0.573125,0.573125,1
K00698.01,12.718017799651602,12.718711489,173.0280914167425,172.995345,0.12449899999999993,0.1037491666666666,0
K00736.01,18.791946635426022,18.79418506,140.28701713963457,177.79426,0.19195166666666663,0.1371083333333333,1
K00736.02,6.264703436691984,6.73893544,133.9441567229679,135.28218,0.1172083333333333,0.1172083333333333,1
K00736.03,367.96397368351046,345.98207283,455.45864630630126,392.1763832,0.17325000000000002,0.12375,0
K00737.01,14.499684217104475,14.49839316,139.1128391391847,182.679596,0.17115541666666662,0.1555958333333333,0
K00738.01,10.339794732587956,10.3392408,139.32734619445984,170.38549,0.128125,0.128125,1
K00738.02,13.287021192623433,13.28689997,132.25028369445982,172.11932,0.15044791666666665,0.1367708333333333,1
K00645.01,8.503755835675776,8.50339249,136.82233212895107,170.86894,0.11088374999999995,0.1232041666666666,1
K00645.02,23.77584265008544,23.7832097,132.37229087895108,179.75013,0.3307916666666666,0.3307916666666666,1
K00646.01,3.0415148071644005,3.041547148,133.99359604424313,170.4878722,0.14794908333333323,0.1344991666666666,0
K00647.01,5.169624859354386,5.16949729,123.77291984215401,170.31339,0.16920749999999996,0.1880083333333333,1
K00699.01,5.413647285022127,5.41460536,136.7909934971377,174.65563,0.7038958333333333,1.4077916666666666,0
K00700.01,30.866748201962857,30.86436512,142.01683153430773,172.93477,0.14778499999999992,0.1231541666666666,1
K00700.02,9.360150844591352,9.36059705,125.20879299264107,171.97292,0.10689666666666664,0.1336208333333333,1
K00700.03,15.433474931375954,14.6672293,126.5805157009744,145.42058,0.18709999999999993,0.1559166666666666,1
K00700.04,74.87608314707414,68.1609897,125.2570782009744,187.03346,0.16514166666666663,0.2359166666666666,1
K00739.01,1.2870820714671665,1.287076693,132.48696196848704,169.815491,0.0622583333333333,0.0622583333333333,1
K00740.01,17.672173454417585,17.6717714,133.3364531777622,186.3704,0.12825749999999997,0.1425083333333333,1
K00741.01,23.353131803311804,23.355341391,138.89215547966236,169.8339432,0.15355733333333327,0.1919466666666666,0
K00649.01,23.458470655060975,23.44970494,135.7606404500538,182.92295,0.432835,0.3606958333333333,1
K00102.01,1.7351292643458738,1.73513619,131.59228764476,135.060047,0.08527874999999993,0.0947541666666666,1
K00102.02,4.337824772683214,4.06844957,133.32490139476002,132.27614,0.09449666666666665,0.1181208333333333,1
K00650.01,11.95452886874273,11.95474513,130.9119006623759,178.721694,0.08037374999999994,0.0893041666666666,1
K00651.01,42.557085379439435,42.55930625,161.6101068191036,204.130006,0.08793166666666662,0.1256166666666666,0
K00651.02,346.46091557726237,320.18471858,374.4416034857702,423.2096375,0.24874999999999994,0.4974999999999999,0
K00652.01,16.079569855399303,16.080657264,134.57378183515772,182.7601,0.08371124999999993,0.1195874999999999,1
K00701.01,18.163489572084227,18.16407304,144.508462644479,180.812425,0.09785,0.1223125,1
K00701.02,5.715027674145439,5.71489692,136.62002618614568,170.921904,0.08839499999999995,0.0982166666666666,1
K00701.03,122.35263570200208,122.3858681,150.59646368614568,150.41158,0.3264708333333333,0.2967916666666667,1
K00701.05,11.430134128363665,12.4418003,136.61030118614568,134.6507,0.08929999999999996,0.1488333333333333,1
K00701.04,281.8721624160505,267.282521,272.767609519479,589.71975,0.2596,0.3245,1
K07521.02,7.334356756619061,7.334073405,122.42759567490981,137.1334748,0.07964833333333332,0.1137833333333333,0
K07521.01,36.034789630058704,37.878483588,132.61518484157648,138.128618,0.220775,0.44155,0
K00702.01,1.2747741077572627,1.274840187,131.68926414792236,169.86973,0.3090208333333333,0.6180416666666666,0
K00703.01,1.3686154635040002,1.368617188,120.68079342974784,169.95175,0.0676458333333333,0.0676458333333333,0
K00653.01,1.125958939313769,1.125963085,132.47994250868078,169.634,0.056377499999999935,0.0626416666666666,0
K00654.01,8.594766276658872,8.59481851,137.25486226818506,171.62781,0.12202499999999997,0.1355833333333333,1
K00654.02,10.221902067048783,10.22215697,135.91043976818506,135.89017,0.059694999999999956,0.0497458333333333,1
K00655.01,25.67847178346182,25.6721559,140.5768131246371,192.09679,0.32299041666666656,0.2484541666666666,1
K00655.02,141.19359943075222,151.8851881,140.76621999963712,176.41272,0.2518958333333333,0.5037916666666666,1
K07544.02,1.0657281774745893,1.065731229,121.38494214464528,132.039287,0.051038749999999924,0.0729124999999999,0
K07544.01,2.3978906766143124,2.403704619,120.58193235297863,131.5641527,0.044634999999999966,0.0371958333333333,0
K00704.01,18.397808573484024,18.39629744,148.2908634971166,185.13946,0.13918999999999992,0.1159916666666666,1
K00705.01,1.0126805129189225,1.012672041,131.70247173442556,170.189232,0.10170666666666664,0.1271333333333333,0
K00706.01,29.897067492453985,28.714216138,133.17886752817415,182.608668,0.37889999999999996,0.2526,0
K00707.01,21.77378924537995,21.77568158,146.15322048667315,189.63828,0.2984549999999999,0.3316166666666666,1
K00707.02,43.55799300726718,41.0283424,145.95458715333982,172.57481,0.28598499999999993,0.4085499999999999,1
K00707.03,32.6721833519893,31.7848157,156.77943402833984,135.87105,0.40368625,0.3669875,1
K00707.04,13.177632929127128,13.17555999,143.58365986167314,143.6789,0.22225666666666663,0.2778208333333333,1
K00707.05,5.4438276853306204,5.66815821,135.21258798667316,131.88743,0.30665,0.2044333333333333,1
K04453.02,0.8344160383546277,0.83442282,131.78525986652363,131.7827,0.0780416666666666,0.0780416666666666,0
K04453.01,358.11821035054356,357.13089,221.10778069985696,157.7985,0.32599999999999996,0.5433333333333332,0
K00656.01,1.9066151679704246,1.906633332,122.4013189149127,170.064102,0.08990624999999994,0.1284374999999999,0
K00657.01,4.069436117188053,4.069425638,134.3896779358406,171.017743,0.07648499999999997,0.0849833333333333,1
K00657.02,16.28218378989463,16.28247625,131.96357501917393,180.79815,0.10960124999999994,0.1217791666666666,1
K00658.01,3.1627215104990256,3.162692075,131.68294992430748,169.64186,0.07323374999999996,0.0813708333333333,1
K00658.02,5.370627318269112,5.370639542,134.64501950764082,172.23815,0.07920374999999995,0.0880041666666666,1
K00658.03,10.740435496395573,11.32977062,134.7082274243075,133.96755,0.12816666666666665,0.1602083333333333,1
K00708.01,17.404941547491966,17.40665216,136.25967181366045,171.00688,0.25739999999999996,0.286,1
K00708.02,7.693861593633038,7.69363627,138.01225514699377,176.5035,0.188715,0.2096833333333333,1
K00109.01,6.415326213651998,6.41496453,126.41566218239736,132.86482,0.13005,0.1625625,0
K00659.01,23.20099195336787,23.20579353,134.49437057645443,180.7628,0.27026874999999995,0.1801791666666666,1
K00660.01,6.079807438200114,6.07972016,121.93444640428748,170.58389,0.2671049999999999,0.2967833333333333,1
K00661.01,14.402773895792272,14.40090414,131.70386093762264,174.98964,0.1910424999999999,0.1736749999999999,1
K00661.02,25.666188064907185,25.6613816,155.00617468762263,155.13806,0.2601083333333333,0.1857916666666666,1
K00709.01,21.382521364521548,21.3851584,136.09607173308777,178.78285,0.23811083333333322,0.1700791666666666,1
K00710.01,5.374656395574663,5.37493289,122.59962108343986,170.93379,0.14837625000000002,0.1648625,1
K00710.02,8.585736402902798,8.58600968,120.80359691677319,137.95984,0.12541124999999997,0.1393458333333333,1
K00710.03,3.886851609479641,3.88688862,120.84575650010652,132.4955,0.13811249999999997,0.1534583333333333,1
K00603.01,2.191987582778314,2.192009479,132.2244514627292,171.671953,0.08590458333333331,0.1227208333333333,0
K00604.01,8.255059763752536,8.254912972,137.23311831863634,174.43554,0.22940666666666662,0.2867583333333333,0
K00605.01,2.628110588199146,2.628117322,132.92616467762844,169.718913,0.06858374999999994,0.0762041666666666,1
K00606.01,3.1706702494148584,3.170626881,133.99341597958087,172.047171,0.10195875,0.1132875,0
K00662.01,10.214265018339042,10.21418792,129.83910783637006,170.70466,0.21825374999999994,0.2425041666666666,1
K00663.01,2.7556069598134845,2.755637216,121.25095661735877,170.845854,0.06959624999999994,0.0773291666666666,1
K00663.02,20.304066407692765,20.30652862,132.13615703402544,172.6581,0.16341499999999998,0.116725,1
K07622.01,35.4824451438681,36.2671673,142.698121794579,155.0813,0.0430208333333333,0.0860416666666666,0
K00103.01,14.910240505108412,14.91095177,126.454958682643,141.336726,0.12468749999999992,0.1385416666666666,1
K00711.01,44.72373110647948,44.6996563,174.3875532467887,174.82144,0.36335249999999997,0.2595375,1
K00711.02,3.6193073882916775,3.619309734,131.8233532467887,135.44164,0.11438999999999999,0.1271,1
K00711.03,134.06050260003093,124.5245224,219.7052707467887,254.17788,0.44247499999999995,0.40225,1
K00712.01,2.178147692186995,2.178150857,132.02732349691493,171.2325,0.0804583333333333,0.0804583333333333,0
K00713.01,2.1781607224298836,2.178150567,132.0237560245731,171.232233,0.10227291666666662,0.1461041666666666,0
K00608.01,25.343362551922798,25.33709016,142.0618424695844,192.91451,0.36239999999999994,0.4026666666666666,0
K00609.01,4.3970209257723445,4.396999852,132.4463038603717,172.023406,0.0703125,0.078125,0
K00610.01,14.283522850017071,14.28228147,137.93835517302387,180.84677,0.1440183333333333,0.1107833333333333,1
K00008.01,1.160156552402924,1.16015259,121.69719735112146,121.704645,0.0559708333333333,0.0559708333333333,0
K00664.01,13.138184429514594,13.13747785,130.77693186501946,170.22786,0.18245624999999996,0.2027291666666666,1
K00664.02,7.78212146538079,7.78199862,125.80177561501947,133.58871,0.1644583333333333,0.1644583333333333,1
K00664.03,23.343536009022465,23.4433748,141.46012561501948,152.00588,0.21629999999999996,0.2403333333333333,1
K07623.01,2.2227447039675328,2.2227289,120.7736812685525,131.895,0.09813749999999995,0.1090416666666666,0
K00665.01,5.868116162454787,5.868066282,123.37486628318435,170.324046,0.1546725,0.1718583333333333,1
K00665.02,1.4670230762225356,1.61189046,121.91201378318435,133.5704,0.15395999999999999,0.1283,1
K00665.03,2.9341076556666987,3.07155284,123.36201315818434,133.30255,0.1535062499999999,0.1705624999999999,1
K00110.01,9.941565234208886,9.940666412,125.20602237105476,135.21559,0.17917166666666662,0.1628833333333333,1
K00714.01,4.181936828093151,4.182001885,135.1629868670447,172.789576,0.0925375,0.0925375,1
K00715.01,1.621680111068809,1.621668852,133.0557479143737,170.358337,0.05839,0.0729875,0
K00717.01,14.708340932294977,14.70749512,131.63225508673793,175.79267,0.1312749999999999,0.1312749999999999,1
K00717.02,0.9003673525529576,0.900375925,121.42203633673793,133.11787,0.05237499999999991,0.0523749999999999,1
K00612.01,20.738750002055788,20.73989406,131.77536506998484,173.21912,0.10501666666666665,0.1312708333333333,1
K00612.02,47.43559583794681,47.4277116,168.99173694498484,216.55737,0.30729416666666665,0.2194958333333333,1
K00612.03,121.20404543140167,122.0804953,237.63471923665145,155.02532,0.2026999999999999,0.1689166666666666,1
K00613.01,5.074549171614455,5.07442951,136.01640493484942,171.55916,0.13546666666666665,0.1693333333333333,0
K00614.01,12.875323872962172,12.874712426,144.2337218867577,170.022499,0.06559874999999993,0.0937124999999999,1
K00615.01,184.61313681829208,176.2432946,231.70675924173418,192.50359,0.2941341666666666,0.2100958333333333,0
K00666.01,22.24626153169145,22.24814617,151.9424725153505,174.13676,0.15556124999999998,0.1728458333333333,1
K00667.01,4.305156479461682,4.305219002,170.46486192201652,170.453154,0.10066874999999993,0.1118541666666666,0
K00668.01,13.778892830632588,13.779711352,131.53513413692517,178.6879965,0.22279570833333331,0.3182795833333333,0
K00104.01,2.508044371302201,2.508057497,122.46479573309824,135.000657,0.05566999999999993,0.0463916666666666,1
K00669.01,5.0747108991726675,5.07437786,135.99339670244817,171.56544,0.17330833333333331,0.2475833333333333,0
K00718.01,4.585512906052349,4.585466941,133.16960314988262,169.86095,0.12913875,0.1434875,1
K00718.02,22.70952436596323,22.71443351,147.46664544154928,147.29684,0.3297395833333333,0.2536458333333333,1
K00718.03,45.425473683175504,47.903427,147.35096419154928,141.98347,0.23216249999999997,0.2579583333333333,1
K00719.01,9.033888848384509,9.034190783,134.90299915009433,171.015329,0.08396374999999986,0.0645874999999999,1
K00719.02,27.102422439544338,28.1224393,143.91241373342768,146.91763,0.0869583333333333,0.1739166666666666,1
K00719.03,45.907342483143644,45.9029768,166.47830415009435,166.55667,0.2085041666666666,0.2085041666666666,1
K00719.04,4.517078706971483,4.159816554,134.88292519176102,133.78616,0.0677541666666666,0.0677541666666666,1
K00616.01,1.4333360199622562,1.433339604,169.85617879578277,169.85606,0.05124375,0.0569375,0
K00617.01,37.7740863492551,37.86511904,149.08081307081818,198.599331,0.09933,0.1241625,0
K00618.01,9.070921793139457,9.07098164,132.99147288080093,178.3435,0.10088624999999997,0.1120958333333333,1
K00619.01,2.879285610676946,2.879243323,133.26969118692148,170.710636,0.1094708333333333,0.1094708333333333,0
K00620.01,45.15609370490973,45.15535633,159.09654270382052,159.10544,0.2410208333333333,0.2410208333333333,1
K00620.02,142.73923272994688,130.17802962,257.59064707882055,212.032638,0.4931150000000001,0.352225,1
K00620.03,85.31123935493491,85.3162004,210.0329864538205,295.31588,0.08003625,0.1143375,1
K00670.01,9.488872078958236,9.48965527,134.02328803457817,171.92604,0.16440416666666663,0.1494583333333333,1
K00671.01,4.228719453960903,4.22865217,132.66994255990357,170.74053,0.12478124999999997,0.1386458333333333,1
K00671.02,7.466290725534317,7.46662068,132.80224985157022,132.7755,0.16125,0.16125,1
K00671.03,16.914771276880476,16.25951967,136.89982068490357,144.53203,0.12846666666666665,0.1605833333333333,1
K00671.04,11.132153058211259,11.1317901,134.40702693490357,134.42272,0.15191249999999995,0.1687916666666666,1
K07637.01,2.8589033906931824,2.85889907,134.16185923859763,134.16649,0.0610416666666666,0.0610416666666666,0
K07631.01,0.9833178010920712,0.983304511,132.47671997444743,132.48478,0.08899999999999991,0.0741666666666666,0
K00720.01,5.690388712879215,5.69059163,134.2393257962862,174.04885,0.1065416666666666,0.1065416666666666,1
K00720.02,10.041075864799058,10.04157214,137.11517662961955,137.08442,0.1107375,0.1107375,1
K00720.03,17.072302462449436,18.36974658,134.19369662961955,131.86573,0.0857208333333333,0.1224583333333333,1
K00720.04,2.8452793656077837,2.79590004,134.21892579628621,132.72971,0.09423333333333325,0.0856666666666666,1
K00097.01,4.8851215681613285,4.885488596,124.56113619393533,134.2768785,0.10753437499999993,0.2150687499999999,1
K00623.01,10.348825054535508,10.34973276,132.72668360080883,174.06193,0.1869124999999999,0.1869124999999999,1
K00623.02,15.676747090477448,15.67750191,132.46421193414216,179.47311,0.20655749999999998,0.2295083333333333,1
K00623.03,5.5993335649248195,5.59931543,132.2825190174755,171.47391,0.14603999999999995,0.1622666666666666,1
K00623.04,25.19909718826693,25.2100146,154.62472943414215,154.41122,0.19112916666666666,0.2730416666666666,1
K00672.01,16.08660128009738,16.08786246,140.70070573828997,172.81384,0.1289583333333333,0.1289583333333333,1
K00672.02,41.74873272477405,41.74938613,153.8581278216233,153.84636,0.21036749999999996,0.2337416666666666,1
K00672.03,0.5668324736090204,0.56680081,131.79834282162332,131.81737,0.21067666666666662,0.1504833333333333,0
K00673.01,4.4174856368182915,4.41746257,122.19438004946885,170.79073,0.11118749999999995,0.1235416666666666,1
K00105.01,8.981149664216284,8.981014925,127.65634426205395,136.649307,0.09238999999999992,0.0769916666666666,1
K00674.01,16.34683782805264,16.33888067,177.58490083531845,177.917586,0.35099624999999995,0.3899958333333333,1
K07632.01,39.13061500335103,39.1307086,165.73677536613468,165.7408,0.08606249999999992,0.0956249999999999,0
K00721.01,13.72256568157796,13.72462702,139.563068683882,180.64807,0.26159249999999995,0.2906583333333333,1
K00722.01,46.42692473292446,46.40626,146.42537798336227,192.99633,0.38068874999999996,0.2928375,1
K00624.01,17.793389194449322,17.79001678,146.71427582592275,182.43745,0.25734333333333326,0.1838166666666666,1
K00624.02,53.37065258551713,49.5674085,146.8536374925894,169.54227,0.1667499999999999,0.1667499999999999,1
K00624.03,1.3118432541499643,1.311842968,131.79939832592277,133.11058,0.06703499999999997,0.0744833333333333,1
K00098.01,6.790086252191483,6.790120801,124.5053052530605,138.088199,0.27700291666666665,0.2518208333333333,1
K00675.01,1.6554688334548886,1.655467295,171.20404031005322,169.54872,0.1351,0.1351,0
K00676.01,7.359666948463291,7.972510087,134.0971925369814,171.585057,0.0619875,0.123975,1
K00676.02,2.4532399352982024,2.453236139,131.6374962869814,170.892059,0.06259124999999997,0.0695458333333333,1
K00677.01,11.970077742711126,11.9710626,135.23315210458117,171.08425,0.1380349999999999,0.1150291666666666,0
K00678.01,6.040316699386911,6.0404622,124.28909157983033,172.59327,0.07424999999999991,0.0824999999999999,1
K00678.02,4.138483912542787,4.13852825,123.75187491316366,132.01882,0.08553749999999993,0.0950416666666666,1
K00723.01,3.9369362767885034,3.936993144,134.2288557227965,169.650592,0.07076249999999999,0.078625,1
K00723.02,28.087841035137195,28.08185982,138.5980469727965,194.91696,0.28305,0.1887,1
K00723.03,10.08923862417099,10.08881066,132.69409530612984,173.083353,0.08124416666666663,0.0738583333333333,1
K00724.01,6.971012565473591,6.97106919,132.88167235705419,174.70305,0.14671874999999998,0.1630208333333333,0
K00625.01,38.131053781606504,38.13853099,142.4463212982727,180.43748,0.22526583333333322,0.1609041666666666,0
K00626.01,14.587104079323828,14.58649856,128.42938689522506,172.22185,0.15093374999999992,0.1677041666666666,1
K07639.01,1.0116577707644,1.05569286,131.89122362189457,131.5576,0.07519166666666662,0.0537083333333333,0
K00679.01,31.79943414870777,31.80475991,158.57011779917747,190.25413,0.32621249999999996,0.3624583333333333,1
K00679.02,15.901620663155956,16.2580276,142.57588446584413,139.6381,0.2921875,0.265625,1
K00680.01,8.60177953839767,8.600153929,134.5128220688838,177.642421,0.18753124999999995,0.3750624999999999,1
K00009.01,3.719897096607104,3.719809197,122.0252517134117,135.068298,0.10300791666666663,0.1471541666666666,0
K07633.01,0.7397537516823165,0.73975345,131.81879291678197,131.81739,0.15749999999999997,0.175,0
K00106.01,1.6122525975983568,1.612249049,120.55843135356172,131.85204,0.10587499999999997,0.1764583333333333,0
K00681.01,42.53373450408573,44.258173075,165.8713762009175,188.495537,0.18956599999999996,0.3159433333333333,0
K04062.01,2.753405154,3.05933906,909.1335366800118,131.7541,0.07943833333333325,0.0722166666666666,0
K04063.01,0.6246784287897802,0.624677585,120.62403516133595,131.8663,0.1004583333333333,0.1004583333333333,0
K04064.01,0.7597618697121583,0.759763198,131.78875034875014,131.78816,0.1284583333333333,0.1284583333333333,0
K04065.01,342.0482448493614,372.37369,186.35497076449332,138.0835,0.5137499999999999,0.5137499999999999,0
K04066.01,113.901471,126.55719,145.6674023158494,145.69736,0.2356375,0.336625,1
K04135.01,12.429387288518715,12.435190544,133.73853795684627,140.8323906,0.14364374999999996,0.1596041666666666,0
K07646.01,83.18138758055262,85.112898,203.5721414549916,171.8254,0.14600833333333324,0.1042916666666666,0
K04137.01,0.504424390818012,0.504426087,131.8957980678434,131.894825,0.04747166666666662,0.0678166666666666,0
K04067.01,9.733256203371187,9.6887216,916.4917250158032,131.8295,0.10833333333333328,0.0833333333333333,1
K04068.01,19.595729925118683,19.597317,135.34382955594634,135.26526,0.16904999999999995,0.1878333333333333,1
K04069.01,13.061899117892972,13.06243545,144.21758706357463,144.18426,0.10813333333333328,0.1351666666666666,1
K04070.01,0.7936653722150645,0.793663156,131.789242294884,131.79065,0.037785,0.03435,0
K04138.01,2.8140379462990652,2.81401302,121.80859501824068,133.0785,0.2417083333333333,0.2417083333333333,0
K04139.01,3.7402429896205174,3.74031708,134.71400128397732,134.70305,0.09975,0.09975,1
K07650.01,0.851672231145232,0.851678507,131.6265602093577,131.62317,0.09294999999999988,0.0844999999999999,0
K04140.01,186.09734807723117,205.30627,223.26124985876748,186.434,0.1965,0.3275,0
K04141.01,0.9780424307426036,0.978046982,120.93116356342554,131.68639,0.07623291666666662,0.1089041666666666,0
K04142.01,1.3325484602479087,1.332566763,443.87732384775495,132.04547,0.1667083333333333,0.1667083333333333,0
K04071.01,1.8912663061556858,1.89131005,132.6856468997832,132.66204,0.1658708333333333,0.2369583333333333,0
K04072.01,0.692980246637334,0.692978457,120.71247447458894,131.80142,0.047358333333333294,0.0473583333333333,1
K04073.01,91.81904148906969,87.140633,159.84639168113088,169.262,0.3772916666666666,0.7545833333333333,0
K04074.01,171.38222276136077,185.53285,178.04714037676536,310.2503,0.6554166666666666,1.3108333333333333,0
K04075.01,0.8851522396547287,0.885131111,131.8565843776407,131.8742,0.15477916666666663,0.1407083333333333,0
K04143.01,1.8544556741816263,1.85447373,132.50552652385636,132.50369,0.09993749999999994,0.1110416666666666,0
K07642.01,0.5026144236088784,0.502622858,131.6216777944252,131.61123,0.11568749999999996,0.1285416666666666,0
K02298.02,33.4070437247482,31.8055128,146.19324582307718,150.6791,0.21552916666666655,0.1657916666666666,1
K04146.01,3.5047503169601066,3.50472344,133.71834724593612,133.72225,0.0729899999999999,0.0810999999999999,1
K04076.01,124.78148294949528,124.827797,208.96348287177707,208.79191,0.32394999999999996,0.2699583333333333,1
K04077.01,0.7862634937009142,0.786260569,132.1670598579123,132.166816,0.11389999999999999,0.1898333333333333,0
K04078.01,0.5979314978500765,0.597934463,131.96081551368187,131.95507,0.07806249999999995,0.1301041666666666,0
K04079.01,375.2629571951907,360.76458,138.58543446072105,148.5386,0.5305,0.8841666666666665,0
K04147.01,2.152961435687917,2.15292788,121.58502562507061,132.36514,0.1267916666666666,0.1267916666666666,0
K04148.01,2.6157661071868645,2.61585431,132.4490835487382,132.42844,0.271625,0.271625,0
K04150.01,31.322374250761726,31.3351094,137.19064176747787,136.97538,0.30355,0.2529583333333333,1
K04080.01,1.0610053070654584,1.061002863,132.5216877666553,132.52463,0.0817499999999999,0.0817499999999999,0
K04081.01,374.5854360736231,363.35755,487.94364954055175,135.9933,0.4135416666666667,0.8270833333333334,0
K04082.01,0.9248197211047955,0.924821319,132.09092287721344,132.09187,0.1080833333333333,0.1080833333333333,0
K04083.01,4.469891556597646,4.4697452,132.9774278979718,133.00892,0.1554583333333333,0.2220833333333333,0
K04084.01,214.80311459252277,214.881456,213.61013547191408,213.4044,0.31936666666666663,0.3992083333333333,1
K04154.02,122.93559371031276,122.906853,195.74997622569728,195.9104,0.33270833333333333,0.6654166666666667,0
K04154.01,341.4616813268001,368.71479,318.83133039236395,318.8424,0.4115,0.6858333333333333,0
K04155.01,12.421686280370272,12.422216754,141.84716874862775,141.8461927,0.3822758333333332,0.2730541666666666,0
K04156.01,4.849972297579219,4.85018974,135.3436594661418,135.31157,0.16554999999999997,0.2365,1
K07651.01,396.9499276701374,383.43595,483.28073539576735,483.2484,0.2764749999999999,0.4607916666666666,0
K04157.01,3.823111292305717,3.82315697,121.6091123510013,133.06936,0.06964999999999993,0.0994999999999999,1
K04158.01,0.8423379789176547,0.842336445,131.7366533359388,131.73901,0.0632916666666666,0.0632916666666666,0
K04085.01,0.9144645305266469,0.914468919,132.12398936652679,132.120912,0.06737499999999996,0.1122916666666666,0
K04086.01,1.540394079947906,1.54039744,132.00059186736652,131.99974,0.08190416666666663,0.0744583333333333,0
K04087.01,99.1593500484379,101.1107014,219.44711349024294,215.5204,0.2676333333333333,0.3345416666666666,1
K04088.01,0.9079444166219932,0.907943645,132.13429364785557,132.133484,0.04785999999999996,0.0797666666666666,0
K04163.01,94.42475570132291,94.446856,166.33380600331338,166.1513,0.21880833333333333,0.3125833333333333,0
K04164.01,0.9256600652927782,0.92565941,121.00042434247528,132.11002,0.062,0.062,0
K04165.01,0.5371151041679489,0.537110149,120.80876374043284,131.55982,0.044939999999999994,0.0749,0
K04166.01,9.842501764103401,9.84262076,134.03170627420732,134.02155,0.0667416666666666,0.0667416666666666,1
K04167.01,2.9919745575552987,2.99194823,134.1459983537297,134.1641,0.20120833333333324,0.1829166666666666,0
K04019.01,358.8023040641993,360.33012,184.3194538215204,159.4314,0.379,0.6316666666666666,0
K04020.01,0.5668048128680478,0.566803149,131.79639919195722,131.79596,0.0684583333333333,0.0684583333333333,0
K07652.01,15.345837173425327,15.3466028,143.85511219652818,143.8142,0.18622499999999995,0.2069166666666666,0
K04089.01,0.5311052179225043,0.531106622,131.9092903058703,131.906467,0.07573249999999998,0.1262208333333333,0
K04090.01,1.332528167394176,1.332547503,132.06765621197593,132.05767,0.1695375,0.188375,0
K04091.01,225.52879223277574,225.585245,272.92560990345845,272.79566,0.27915,0.46525,1
K04092.01,24.50029941309325,24.4972683,133.8199754298476,133.92177,0.2036249999999999,0.2262499999999999,1
K07643.01,4.202357130146651,4.20253859,123.9413496682501,132.3097,0.2245416666666666,0.2245416666666666,0
K04093.01,0.535581215903858,0.535578808,131.80754364519913,131.80805,0.052421249999999996,0.0748875,0
K04151.01,0.8948995033861638,0.89486317,353.2440777531142,132.21767,0.1549916666666666,0.1107083333333333,0
K04153.01,4.626058729609153,4.62602867,134.67749003159312,134.68092,0.02947083333333326,0.0267916666666666,1
K07647.01,7.047029437714751,7.04716175,132.7561992247244,132.7504,0.06732499999999997,0.1122083333333333,0
K04023.01,115.37737221565258,119.0192648,236.80985952436689,341.26197,0.3374999999999999,0.3374999999999999,0
K04024.01,8.406687914682488,8.40693068,133.44463404614604,133.42739,0.07775,0.07775,1
K04025.01,0.9744852478756816,0.974479091,132.36691748939433,132.37246,0.085525,0.07775,0
K04094.01,3.5701041264549507,3.57017774,123.74402265037145,134.4442,0.16773749999999993,0.1863749999999999,0
K04095.01,1.1060149612206993,1.10601182,131.82935479910313,131.83599,0.0966375,0.107375,0
K04096.01,6.873349752503441,6.873655305,136.1672126410668,132.4527832,0.1328062499999999,0.1475624999999999,0
K04097.01,2.7906431313669326,2.790643481,121.99103733747991,133.1555,0.03149208333333326,0.0286291666666666,1
K04159.01,0.9719153282481782,0.971915957,132.16331472500278,132.16504,0.06008625,0.0667625,1
K04160.01,3.0319712871800335,3.03196812,121.85635262333619,133.98825,0.0717916666666666,0.0717916666666666,1
K04161.01,1.1900274036314271,1.2940561,132.3303731244395,131.861,0.048499999999999925,0.0404166666666666,0
K04162.01,0.5393411848007277,0.53936593,120.68648308812361,131.97457,0.24905833333333327,0.2264166666666666,0
K07640.01,0.6437007025934618,0.643703667,131.6660390249438,131.984908,0.0300375,0.033375,0
K04026.01,0.7351479788871312,0.735146413,121.20220996204509,131.49953,0.12632499999999997,0.2105416666666666,0
K04027.01,0.8273593210861384,0.827351796,121.15891257445874,131.92381,0.0911874999999999,0.0911874999999999,0
K04028.01,0.6189515682403196,0.618952198,131.588902840168,131.590434,0.07060999999999998,0.1176833333333333,0
K04029.01,1.3172444854270522,1.31723412,120.93303670647857,132.13735,0.18209999999999998,0.3035,0
K04099.01,4.9506254286441305,4.95060632,132.80510095748394,132.80914,0.06446249999999999,0.071625,1
K04100.01,387.3382782028415,379.08202,227.27410646931037,287.504,0.705625,1.41125,0
K04101.01,374.659988573124,366.31509,300.62461576155704,312.1401,0.25854166666666667,0.5170833333333333,0
K04168.01,0.5365370532665362,0.536544193,170.13601402868196,132.03219,0.13374166666666662,0.1215833333333333,0
K04169.01,1.0051964933798045,1.005205893,132.46279990335188,132.45541,0.0679166666666666,0.0679166666666666,1
K04170.01,46.91331212089996,43.796785,152.8639717536436,158.9316,0.39249999999999996,0.7849999999999999,0
K04171.01,0.9523749508053108,0.952371227,132.33822739960243,132.34095,0.09814999999999997,0.1635833333333333,0
K04172.01,1.089066414219314,1.089088292,132.0316159772111,132.0149343,0.10849416666666663,0.0774958333333333,0
K04030.01,7.759654421957103,7.7553808,359.0939785015402,134.5191,0.5580250000000001,0.9300416666666668,0
K04031.01,0.7309530904040766,0.730949487,132.22774599975511,132.22503,0.0986249999999999,0.0986249999999999,0
K04032.01,3.9511934646930262,3.95116635,122.36774471035476,134.22411,0.09622499999999994,0.1069166666666666,1
K04032.02,2.892217646865817,2.89223998,121.29576971035475,132.86232,0.09453749999999994,0.1050416666666666,1
K04032.03,5.992630891380834,5.99273265,125.76809346035475,131.75079,0.0993825,0.110425,1
K04032.04,5.101209732294909,5.10110666,122.21670096035476,132.42955,0.1107083333333333,0.1107083333333333,1
K04033.01,0.9895842885090866,0.991552822,121.31522191843148,131.90235,0.0709374999999999,0.0472916666666666,0
K04102.01,1.891230275065698,1.89124187,132.70842896648256,132.7082,0.16556249999999997,0.1839583333333333,0
K04103.01,191.64531401532116,184.77271,182.96049157258352,217.3573,0.27906666666666663,0.3986666666666666,1
K04104.01,431.79059981226027,392.49728,553.8533590980775,203.1308,0.394875,0.43875,0
K04034.01,6.967466673520771,6.96704926,124.27631694113732,138.24776,0.13987499999999992,0.1554166666666666,1
K04035.01,8.807313911210878,8.8109721,1008.8842858722103,136.4718,0.2812833333333332,0.2009166666666666,0
K04036.01,178.05157148829682,168.81133,263.0145688747524,211.43982,0.38394999999999996,0.27425,1
K04038.01,2.1568680618027947,2.15681538,133.2488806922452,133.27151,0.19181250000000002,0.213125,0
K04106.01,0.7085594303832868,0.708563091,132.1074992574805,132.10298,0.13222916666666665,0.2644583333333333,0
K04107.01,356.8114021955322,366.24282,182.60119433211014,307.2714,0.394,0.6566666666666666,0
K04108.01,1.3324932430085412,1.33256418,353.28873985827914,132.0473,0.15669999999999992,0.1958749999999999,0
K04110.01,12.430434591730828,12.4258833,128.71189253491292,141.5008,0.5172916666666666,1.0345833333333332,0
K04039.01,1.387842078236292,1.387838134,132.1170397881876,132.11351,0.08444999999999997,0.0938333333333333,0
K04040.01,0.6783443291007806,0.678349364,132.16941095264903,132.16318,0.07729999999999998,0.1288333333333333,0
K04041.01,1.0220061549566293,1.022028468,132.37991995897892,132.3717,0.22164999999999999,0.3694166666666666,0
K04042.01,0.7041818877592709,0.72359699,170.3956818343456,131.57754,0.027625000000000004,0.05525,0
K04111.01,1.8912764108570255,1.8913182,132.67910207061317,132.66252,0.16402499999999992,0.1822499999999999,0
K07649.01,512.0771706041445,494.165759,454.1385021475112,472.0427,0.06530416666666662,0.0932916666666666,0
K04112.01,2.435864133243942,2.43585046,120.71745940790228,132.89661,0.087,0.087,0
K04113.01,1.3325610928524847,1.33255441,170.69027708430764,132.05269,0.1594999999999999,0.1594999999999999,0
K04114.01,329.15357025500833,359.1015,146.14924928353213,415.3142,0.2387708333333333,0.4775416666666666,0
K04115.01,0.9418487433909727,0.941840589,131.79657337046206,131.80464,0.1475833333333333,0.2108333333333333,0
K04044.01,1.728522291251485,1.728521892,131.8203134603981,131.81736,0.12603749999999994,0.1400416666666666,0
K04045.01,1.8912494936749396,1.89125855,121.35157894839818,132.6891,0.20306249999999998,0.225625,0
K04046.01,8.653728823484341,8.65312868,177.5165695956521,136.65308,0.11253333333333329,0.1406666666666666,0
K04046.02,85.64313592802633,94.22498,192.95900292898543,196.1757,0.4676041666666666,0.9352083333333332,0
K04047.01,1.3985095449087406,1.39862757,121.54136379402432,132.65615,0.5614583333333332,0.4010416666666666,0
K07671.01,0.9185206599317269,0.918510251,131.8197576143434,131.82791,0.11857083333333326,0.1077916666666666,0
K04116.01,0.7832584860066657,0.783258387,352.63084468536914,131.74358,0.1050775,0.095525,0
K04117.01,4.242598339736904,4.24263096,135.03588794554437,135.0304,0.09682499999999997,0.1075833333333333,1
K04118.01,1.2313831857556177,1.231363214,169.95867952237984,131.80615,0.1452525,0.2420875,0
K04119.01,0.7551058900042014,0.755101928,131.80465882525465,131.81199,0.1268333333333333,0.1268333333333333,0
K04048.01,4.564496453824243,4.56447463,133.07580870944332,133.0783,0.21383333333333326,0.2672916666666666,0
K04049.01,1.0278987057144866,1.027904857,352.4209480351919,132.444316,0.04777791666666662,0.0682541666666666,0
K04050.01,370.54350459450905,367.95566,231.28033648107368,236.4537,0.546925,0.9115416666666666,0
K04051.01,177.0420941068415,163.692336,185.37912287821536,238.76817,0.2569874999999999,0.2855416666666666,1
K04052.01,1.10652261927505,1.106529843,132.3074467413343,132.30528,0.182525,0.26075,0
K07672.01,112.93093525727829,111.741576,204.2326375853612,166.3408,0.11170833333333333,0.1595833333333333,0
K04121.01,217.4994195741061,198.088873,183.23682213094497,319.73002,0.39775,0.3314583333333333,1
K04122.01,1.0820178867212278,1.08193721,132.55908755661756,131.5344,0.25935,0.1995,0
K04124.01,2.4313951214560205,2.43142974,133.84638304604925,133.83385,0.09043333333333328,0.1130416666666666,0
K04053.01,1.4197700995833866,1.41975831,121.56044510896876,132.92,0.06549583333333325,0.0595416666666666,1
K04054.01,169.0829835285038,169.135056,201.97460739469838,201.8055,0.4465499999999999,0.3721249999999999,1
K04055.01,0.73094675560299,0.73095491,121.25630074448964,132.2174,0.0919166666666666,0.0919166666666666,0
K04056.01,3.9513894469603064,3.951383138,132.06554066522193,132.06462,0.02645499999999996,0.0440916666666666,1
K04125.01,1.1113492983960676,1.111362442,132.3049836383674,132.30056,0.26,0.26,0
K04126.01,8.105476417267726,8.10503551,135.8413939975894,135.88389,0.16721249999999993,0.1857916666666666,1
K04127.01,8.826944580315685,8.82715783,360.43069511228134,139.73416,0.0757125,0.084125,1
K04128.01,153.00018954268506,143.196381,254.77605021234132,227.3054,0.5212,0.4343333333333333,0
K04057.01,9.10591241671209,9.089151782,127.32142959087948,132.0565248,0.18600166666666662,0.1328583333333333,0
K04058.01,1.7999624415840658,1.87886973,132.65877268936796,133.07604,0.22609999999999986,0.1614999999999999,0
K04059.01,0.9791838709387248,0.979161676,132.2047522485693,132.21831,0.15935833333333327,0.1225833333333333,0
K04061.01,0.8559301365706944,0.855922327,132.06704042525058,131.64426,0.07569999999999996,0.0630833333333333,0
K07674.01,23.694101665857456,25.9528725,139.64632698607247,154.8736,0.46627499999999994,0.5180833333333332,0
K04130.01,0.9523666827152282,0.952374508,132.34504373087654,132.33436,0.10019999999999991,0.1252499999999999,0
K04131.01,0.9367374260760719,0.936751792,120.9751097442851,132.2026,0.1886,0.23575,0
K04131.02,235.66641545657598,241.0122,263.09849307761834,263.077,0.02479166666666665,0.0495833333333333,0
K04132.01,407.51875686750185,393.34331,475.2580215465483,264.7706,0.5135541666666665,0.3950416666666666,0
K04133.01,0.6213633544461086,0.621361411,131.6740859498094,131.67283,0.04871166666666663,0.0442833333333333,0
K04134.01,249.20815968352204,250.23760741,261.1974081154374,260.3057733,0.3454166666666666,0.6908333333333332,0
K04342.01,0.594307247842079,0.594310785,131.76405420610794,131.7595,0.03331333333333328,0.0416416666666666,0
K04343.01,25.788603397199125,27.2106807,156.48565344391275,132.3793,0.3066875,0.438125,1
K04344.01,4.319701496250246,4.31978105,134.16851155681456,134.1491,0.2101166666666666,0.3001666666666666,0
K04409.01,14.265189016174205,14.2651545,128.95589208132603,143.22024,0.13503749999999995,0.1500416666666666,1
K04411.01,11.179338629863981,11.17931581,131.64164606548232,131.64123,0.11636249999999995,0.1292916666666666,1
K04412.01,1.2849725763856437,1.284991846,121.18753967790023,132.74087,0.0758,0.09475,0
K07653.01,334.418995338135,324.18028,124.16911474804772,445.8295,0.37812499999999993,0.7562499999999999,0
K04206.01,0.5309564891642996,0.530959357,131.7440753530264,131.73991,0.11077916666666664,0.1007083333333333,0
K04275.01,0.9968576273585087,0.996864568,132.10287336068967,132.09898,0.050325,0.04575,0
K07661.01,0.673688311005755,0.673684895,131.6165946760924,131.61938,0.0435375,0.048375,0
K04276.01,58.72395841708601,56.644452,136.88361525647366,138.762,0.34481249999999997,0.6896249999999999,1
K04277.01,1.71030084014495,1.710319812,121.35050230097211,131.60513,0.1242916666666666,0.1242916666666666,0
K04278.01,5.629618137962693,5.62978034,356.4169056760705,136.8349,0.21926250000000003,0.243625,0
K04279.01,1.0508158276502864,1.050852976,907.1569222226445,132.138232,0.09792999999999999,0.06995,0
K07664.01,1.5051216438381718,1.540398683,121.21231263980549,131.99063,0.09144333333333325,0.0653166666666666,0
K04347.01,3.057052091896263,3.0570982,134.5105883468003,134.50122,0.13391249999999993,0.1487916666666666,1
K04348.01,369.54605422270396,365.25921,171.7592944921141,236.672,0.687,0.5725,0
K04349.01,373.9864291200256,372.72688,174.30605870899458,175.6195,0.3719041666666666,0.5312916666666666,0
K04413.01,9.929854902116965,9.9398272,356.070800284469,140.8334549,0.24032166666666666,0.1716583333333333,0
K04414.01,0.866349845554741,0.866346,131.62533498408493,131.6286,0.06703333333333328,0.0837916666666666,0
K04415.01,0.8851438530351614,0.885129679,169.92949689925416,131.88274,0.11835,0.1315,0
K04416.01,54.272393232889925,56.898749,141.60807912691016,160.0479,0.19077499999999997,0.14675,0
K04417.01,0.43815232774350943,0.438153876,131.51638067982765,131.5167,0.04628333333333328,0.0578541666666666,0
K04417.02,0.8763055081823575,0.87630504,131.95594863257114,131.95622,0.041624999999999995,0.04625,0
K04210.01,427.4389247705531,398.40957,142.18485956722859,178.4393,0.38286666666666663,0.4785833333333333,0
K04211.01,0.696292403078125,0.696286519,131.87898984882648,131.87824,0.07984999999999998,0.1330833333333333,0
K04211.02,0.6962849618370807,0.696290095,131.88091484882648,131.52676,0.07997916666666666,0.1599583333333333,0
K04212.01,5.791661556020056,5.79179934,133.37264299129802,133.35814,0.11579999999999999,0.14475,1
K04280.01,1.3976990230562223,1.39772545,353.1884268273943,132.3377,0.15483749999999993,0.1720416666666666,0
K04281.01,415.98720653814,383.00806,219.63122737759886,281.6723,0.364125,0.4045833333333333,0
K04282.01,0.8475860213531825,0.847588864,131.55853130952076,131.55971,0.08422499999999997,0.0935833333333333,0
K04283.01,366.44857587145543,331.81534,140.62051753719408,347.0408,0.21999999999999997,0.44,0
K04350.01,1.756476727109077,1.75649346,121.47435241471534,132.01087,0.1428749999999999,0.1428749999999999,0
K04352.01,1.8911553508844332,1.8912501,908.1097728593668,132.6923,0.19119999999999998,0.3186666666666666,0
K04354.01,0.9960224311796355,0.996023763,132.15469892272534,132.16613,0.15784999999999993,0.2254999999999999,0
K04355.01,37.40894134328952,36.616669,133.0559338590753,156.001,0.1795833333333333,0.3591666666666666,0
K04355.02,20.562546339610865,21.131609,122.78718385907533,139.7493,0.2845833333333333,0.5691666666666666,0
K04355.03,75.35431696760978,81.675841,191.52053802574198,158.9694,0.2402083333333333,0.4804166666666666,0
K04355.04,30.83218457098475,28.5463574,122.93889219240866,159.2763,0.348375,0.3870833333333333,0
K04355.05,71.94739591607299,72.563291,143.486675525742,202.0235,0.18013333333333323,0.1286666666666666,0
K04420.01,0.5667922333694069,0.566795467,131.88545524383883,131.84,0.2748666666666666,0.1963333333333333,0
K04213.01,3.675225341964857,3.67515329,131.65976879827002,131.681,0.2656124999999999,0.2951249999999999,0
K04214.01,0.7158277348336953,0.715825886,120.60921772726194,132.06428,0.05554999999999989,0.0504999999999999,0
K04215.01,26.537523897652214,26.5487294,137.50427543421617,137.24401,0.16599999999999998,0.3319999999999999,1
K04216.01,0.49229200401581596,0.492291661,352.44707666211417,132.393012,0.033525,0.03725,0
K07654.01,1.6475366568981409,1.6911935,122.06029280117102,132.93323,0.23697499999999996,0.3949583333333333,0
K04284.01,2.4280190934408292,2.42803503,133.59891768266937,133.5931,0.126875,0.126875,0
K04285.01,369.30657760207447,372.94844,185.9298824259159,217.8357,0.34697500000000003,0.5782916666666666,0
K04288.01,6.283540719853224,6.28384079,120.67358623806021,133.20513,0.17879166666666663,0.1787916666666666,1
K04288.03,4.543613557187619,4.32744048,121.83499873806021,132.7835,0.11347499999999999,0.189125,0
K04356.01,178.312518018729,174.510276,311.25125690313405,201.47056,0.3901916666666666,0.2787083333333333,1
K04422.01,14.344192467739935,15.705388,123.25820765561738,135.0768,0.2841416666666666,0.2029583333333333,0
K04422.02,0.7378700832240376,0.71059239,120.81531598895073,132.08465,0.16399999999999998,0.205,0
K04423.01,7.649029497195068,7.65270746,136.33939410731628,134.46038,4.32774875,3.3290375,0
K04424.01,2.2716285172751207,2.27164952,131.83306520330535,131.82601,0.15202499999999994,0.1689166666666666,1
K04425.01,3.8483779818307675,3.84835742,133.22999200224666,133.25649,0.33933333333333326,0.4241666666666666,0
K04217.01,0.9535926825909766,1.0388961,121.16328667035425,132.37849,0.2179375,0.198125,0
K04218.01,307.13650877614526,293.76887,386.4062995172158,257.9779,0.29249999999999987,0.1949999999999999,0
K04219.01,1.74195785159972,1.87885327,133.23171037232717,133.08861,0.20637499999999998,0.1375833333333333,0
K04220.01,0.7854728121047316,0.785473311,131.86264376361763,131.861548,0.0579625,0.0579625,0
K04221.01,5.243947587933735,5.2438982,352.9388299283565,132.6882,0.2627,0.328375,0
K04289.01,402.89830579446493,441.877824,167.25350391430035,251.778,0.16617499999999996,0.2769583333333333,0
K07655.01,2.975922405472367,2.9761504,132.99443819519797,132.9276,0.15197499999999997,0.2532916666666666,0
K04290.01,4.837817759768536,4.83809469,541.5668561490868,135.1562,0.050233333333333255,0.0456666666666666,1
K04291.01,330.54230515498557,361.91436,281.9001900464962,241.7138,0.5063333333333332,0.3616666666666666,0
K04292.01,9.327662715830717,9.3281912,132.90098165180441,132.85459,0.16629166666666662,0.1662916666666666,1
K04359.01,0.6289911021857929,0.629001455,120.87866621735661,131.55662,0.05788749999999989,0.0526249999999999,0
K04360.01,2.7160514613448496,2.71603664,132.3512707802951,132.35962,0.06539999999999994,0.0726666666666666,1
K04362.01,364.51661153859004,374.59003,326.0391306677859,303.4857,0.37975,0.6329166666666666,0
K07665.01,323.6113357596592,319.30633,320.0010142195961,221.3106,0.3650833333333333,0.2808333333333333,0
K04429.01,1.7525000789842158,1.75254087,132.75862258804418,132.73775,0.10244999999999993,0.1707499999999999,0
K04222.01,3.385609260751278,3.38557445,133.96997242098226,133.97411,0.06263333333333329,0.0782916666666666,1
K04223.01,2.865799330451802,2.754024,908.7594234170439,133.731,0.12104166666666662,0.1729166666666666,0
K04224.01,1.975212204514881,1.975208831,131.62923266124434,131.63127,0.050433333333333275,0.0630416666666666,0
K04225.01,0.9608462599332104,0.960843605,132.2565786004786,131.7739,0.0670833333333333,0.1341666666666666,0
K04293.01,4.20615914077365,4.206109,132.24298870837106,132.2382,0.1505,0.215,0
K04294.01,0.9625924875381567,0.962590772,169.9617992589171,132.421278,0.03665958333333331,0.0523708333333333,0
K04295.01,13.400352968548196,13.3997555,131.8144492726456,131.84235,0.13252499999999998,0.14725,1
K07656.01,0.7769527624152132,0.776950288,352.6919441857352,132.0396,0.04829999999999994,0.0536666666666666,0
K04297.01,5.937488754352825,5.93725628,135.90165068569738,135.9371,0.1516249999999999,0.1516249999999999,0
K04364.01,4.563787205481715,4.56383697,132.26972910516128,132.26068,0.10408749999999989,0.0946249999999999,1
K04365.01,57.193140197213765,55.119831,176.788820873671,153.6508,0.2547458333333333,0.1959583333333333,0
K04365.02,23.700610448300907,25.6416117,134.31189795700436,152.9007,0.32083333333333325,0.2291666666666666,0
K04365.03,70.53363326983994,75.681309,170.892314623671,167.6921,0.2904999999999999,0.4841666666666666,0
K04439.01,1.3325336318277456,1.33258455,132.05287804298686,132.0268,0.16829166666666664,0.2404166666666666,0
K04440.01,366.89342379931463,350.81029,458.78136135965747,147.6369,0.4704166666666666,0.4704166666666666,0
K04441.01,0.3418425958957173,0.341842017,131.65951903450656,131.660336,0.043327499999999936,0.0481416666666666,1
K07666.01,0.5709493633010738,0.570953851,131.57695238811414,131.5725,0.04989999999999996,0.0415833333333333,0
K04227.01,4.292520175014716,4.29258258,354.99295229618446,131.77675,0.11508749999999998,0.127875,0
K04228.01,0.9608384362585417,0.960842633,131.78187173026785,131.777663,0.06610249999999998,0.1101708333333333,0
K04229.01,14.585880243375964,14.5893928,136.2709496433267,136.1407,0.6475,0.6475,0
K04230.01,5.495445841301509,5.49548533,172.11354811604002,133.63966,0.09228749999999994,0.1025416666666666,1
K04299.01,0.980504571113219,0.980505042,131.60867836886922,132.097771,0.04103166666666662,0.0586166666666666,0
K04300.01,3.582736570275014,3.58273837,353.4983797571464,134.95108,0.0634583333333333,0.0634583333333333,1
K04301.01,15.603041169996416,15.604841,132.10423521959194,131.9989,0.17036249999999994,0.1892916666666666,1
K07657.01,57.07565775770138,62.060783,401.105544177012,134.4944,0.5875625,1.175125,0
K04368.01,12.423691451650996,12.4252735,141.63061324234954,141.5658,0.6053833333333333,0.8648333333333333,0
K04368.02,39.28280540830539,39.2820405,139.90689657568288,139.9224,0.11146666666666664,0.1393333333333333,0
K04369.01,355.5570848747839,361.54561249,422.8286752212241,190.4475347,0.5266666666666666,1.0533333333333332,0
K04431.02,371.5670700158286,355.79978,479.96672350392464,346.7189,0.2488333333333333,0.2488333333333333,0
K04432.01,369.89450100000005,410.99389,198.318272681142,190.8191,0.2502083333333333,0.5004166666666666,0
K04433.01,2.1782101355974746,2.17823752,132.0065457480352,132.00513,0.06588749999999993,0.0941249999999999,0
K04434.01,1.4047243301787073,1.404674486,131.5404080402708,131.55621,0.16853333333333329,0.2106666666666666,0
K04231.01,22.769623989717772,24.9097436,136.46075973979228,143.0403,0.22493333333333324,0.1606666666666666,0
K04232.01,2.6157724042767234,2.61576515,131.9805492473341,131.97896,0.10413749999999998,0.1157083333333333,1
K04233.01,368.32068000000004,409.2452,314.3253234308608,265.2465,0.48975,0.5441666666666667,0
K04234.01,6.94286977329294,6.94245216,135.90481267234182,135.95819,0.1309125,0.1454583333333333,1
K04304.01,9.406578603031514,9.4061364,137.67546438517826,137.7073,0.18307499999999993,0.2034166666666666,1
K04305.01,0.9350912641977075,0.935086665,131.99307924590207,131.52593,0.03266666666666662,0.0466666666666666,0
K04306.01,1.4894281905875568,1.489457454,121.59930036122842,131.99809,0.1261666666666666,0.1261666666666666,0
K04370.01,1.18116967367406,1.181165291,132.4215420438731,132.42522,0.03376666666666664,0.0422083333333333,0
K04371.01,66.37407651904617,66.373298,174.0399078163884,174.01595,0.3922874999999999,0.3566249999999999,1
K04372.01,6.245913468212063,6.24564633,137.13222462452435,137.16241,0.08196666666666665,0.1024583333333333,1
K04373.01,0.9458197322103747,0.945829261,131.6160018770444,132.09286,0.05002083333333331,0.0714583333333333,0
K04436.01,0.9731532126288631,0.973160836,132.25906897720114,132.25412,0.039599999999999996,0.036,0
K04437.01,4.059468803215776,4.05943749,120.99876884656763,133.1883,0.12168749999999996,0.1352083333333333,0
K04438.01,6.398791221373783,6.39903778,121.94403204577422,134.7133,0.1181249999999999,0.1312499999999999,0
K04236.01,0.7397570193136195,0.739761008,131.8129400064342,131.80913,0.189725,0.3162083333333333,0
K04237.01,0.9507446135720468,0.950735805,131.7749550551657,131.7794,0.05240583333333326,0.0476416666666666,0
K04238.01,383.3311937070501,369.819993,179.47924873801372,179.3674,0.5058,0.843,0
K04239.01,2.1781039305406362,2.17815935,132.03727393816425,132.02414,0.076625,0.076625,0
K04308.01,0.7204572859227902,0.720460644,131.65670347966625,132.012909,0.05205083333333332,0.0743583333333333,0
K04309.01,3.79481819152342,3.7948721,354.506807572129,134.40039,0.0571,0.071375,0
K04375.01,0.6384382983056704,0.638437699,131.59254441904355,131.592552,0.01766333333333324,0.0126166666666666,0
K04376.01,1.8912861022589367,1.8912851,908.1033753087452,132.676,0.15454999999999997,0.2575833333333333,0
K04378.01,337.4076440585065,343.42046,293.4176830158526,327.4112,0.5092083333333333,0.4629166666666666,0
K07658.01,3.4715307887469877,3.47148164,133.71565756070018,133.7138,0.13647083333333332,0.1949583333333333,0
K04444.01,5.943835501144941,5.94373492,135.24814787424418,135.25897,0.06926249999999996,0.0769583333333333,1
K04445.01,236.767340529354,244.60373,261.5674888523389,230.282,0.27174999999999994,0.4529166666666666,0
K04446.01,87.98733238955576,85.7567919,152.7396362928019,162.71914,0.1186458333333333,0.2372916666666666,1
K04447.01,2.1866060399959095,2.18660188,131.94454210358523,131.94832,0.059437499999999935,0.0660416666666666,1
K04240.01,3.134021565119742,3.1339356,171.13616049305043,133.5458,0.16788749999999994,0.1865416666666666,0
K04241.01,2.5531165422751756,2.55315031,354.581514886373,132.44849,0.0770416666666666,0.0770416666666666,1
K04243.01,1.3325417395122208,1.33254212,121.40451649588836,132.0554,0.1603333333333333,0.1603333333333333,0
K04310.01,10.77710476938016,10.7769944,140.27626372212558,140.2902,0.09809999999999999,0.109,1
K04311.01,0.9189200556927963,0.918921494,131.67872623715124,131.68016,0.043197916666666634,0.0392708333333333,0
K04312.01,7.849850393983581,7.84931877,134.83774443609857,134.8747,0.12489999999999993,0.1561249999999999,1
K04313.01,67.70657060587703,67.7125988,149.91350821012128,149.82165,0.08971666666666663,0.0640833333333333,0
K04314.01,12.926573955045356,12.4285576,179.9296337098009,133.7175,0.6990000000000001,0.5825,0
K04379.01,1.275510520887822,1.275511306,132.44853109440024,132.44654,0.0787083333333333,0.0787083333333333,0
K04380.01,5.781481224378397,5.78159956,125.22785078168539,136.77178,0.08332499999999997,0.0925833333333333,0
K04381.01,8.480333735918352,8.4805019,135.840692966718,135.8339,0.24339583333333328,0.3477083333333333,0
K04382.01,2.9464705354575713,2.94648935,132.42624147327749,132.42208,0.1314583333333333,0.1314583333333333,1
K04173.01,1.2279909679113907,1.227986164,131.84122915799855,131.84491,0.0646249999999999,0.0646249999999999,0
K04174.01,2.1154791379160796,2.11548883,170.09997369409865,132.00942,0.1669999999999999,0.1669999999999999,0
K07659.01,379.38327827503656,358.96247,464.679096201821,295.9933,0.489375,0.97875,0
K04175.01,2.1781849497313135,2.17815196,132.00648841058904,132.02208,0.08149999999999999,0.101875,0
K04176.01,370.8129454688419,342.315407,489.05342370233336,157.0157,0.31190000000000007,0.5198333333333334,0
K04177.01,1.0890510806251672,1.089077224,132.04775556240423,132.02477,0.1127083333333333,0.1127083333333333,0
K04244.01,1.2880556399992955,1.288066288,353.5410918107353,133.273187,0.16154000000000002,0.2692333333333333,0
K07663.01,2.1518626998221206,2.31894284,120.55977639158439,132.9696,0.13302499999999998,0.2217083333333333,0
K04246.01,7.139946235918644,6.98472143,126.6161480473734,135.99731,0.17025,0.1135,1
K04248.01,0.5625643169838379,0.562563871,121.04947491280092,131.73458,0.07292083333333325,0.0662916666666666,0
K04315.01,0.9337257678453343,0.93373458,260.4088457705198,131.53478,0.20001666666666662,0.1818333333333333,0
K04316.01,1.3325525798639606,1.33251948,630.4445201365578,132.0885,0.12443333333333328,0.1555416666666666,0
K04317.01,185.57673266955626,168.84663,229.74384006324107,231.2295,0.36562500000000003,0.40625,0
K04319.01,161.79278036942645,160.4122022,258.2330875819239,262.40022,0.1435,0.205,0
K04383.01,4.3419011886531464,4.34195312,134.1915249083487,134.18767,0.09742499999999991,0.1082499999999999,1
K04384.01,118.00201398259887,122.358116,216.04159859393252,134.3477,0.2243333333333333,0.4486666666666666,1
K04385.01,7.297615907972639,7.298142,356.8382481292057,137.85674,0.1386,0.126,1
K04385.02,425.05966713167675,386.370512,452.88148562920566,452.874,0.41276249999999987,0.4586249999999999,1
K04386.01,18.499408754973846,18.5010898,149.24225184142665,149.17569,0.10596666666666663,0.1324583333333333,1
K04179.01,0.5699636273667028,0.569961046,120.96318065549094,131.80273,0.06025,0.06025,0
K04180.01,1.1216334270193125,1.121634781,132.31387081218952,132.31311,0.0385,0.048125,0
K04181.01,1.3325457229990392,1.33256979,132.0745031661207,132.05279,0.1372083333333333,0.1372083333333333,0
K04181.02,169.2989636363749,164.689421,298.2845052494539,287.2483,0.10774166666666661,0.0769583333333333,0
K04182.01,0.5366547082122358,0.536650896,131.70776973343447,131.709931,0.0979583333333333,0.1959166666666666,0
K04249.01,381.5256061447143,397.73699,337.6310034441881,222.0316,0.29400000000000004,0.49,0
K04250.01,2.1781524814690765,2.17818699,132.02160741877358,132.00477,0.11191666666666658,0.1119166666666666,0
K04252.01,15.571204967039938,15.5714121,136.59259886540846,136.58529,0.07646666666666664,0.0955833333333333,1
K04320.01,20.65768394914444,20.6579443,145.66270331532994,145.6348,0.329925,0.3665833333333333,1
K04321.01,0.7609308320932152,0.760941405,131.64092935123736,131.62978,0.0812625,0.073875,0
K07669.01,130.28389155889278,137.665706,229.50609525669188,240.44616,0.2177,0.1555,0
K04322.01,411.90262008783935,370.90237,473.041286092099,205.0559,0.2199583333333333,0.4399166666666666,0
K04322.02,346.9752598232233,321.55087,398.6204902587656,241.849,0.21986249999999996,0.2442916666666666,0
K04387.01,1.5404033907596997,1.54038914,131.99689924149675,132.00494,0.07713749999999989,0.0701249999999999,0
K04388.01,71.82169285832931,71.76236302,169.41326790078392,170.095082,0.7358749999999998,1.2264583333333332,0
K04183.01,0.9523725558016412,0.952378454,120.91188887466583,131.85999,0.0810833333333333,0.1621666666666666,0
K04184.01,6.079998903886128,6.08003714,124.72536135786069,136.88262,0.049049999999999996,0.0545,1
K04185.01,3.0352023115565325,3.035206175,132.3307859271473,132.3291,0.02318249999999997,0.0257583333333333,1
K07660.01,374.4443797589526,358.96844,265.07432401399535,295.8289,0.4522916666666666,0.9045833333333332,0
K04186.01,2.2131579777883714,2.21316437,132.71468515190688,132.71281,0.1614166666666666,0.1614166666666666,0
K04254.01,0.5309598213204093,0.530967987,120.5958056947664,131.72336,0.10569999999999999,0.0755,0
K04255.01,6.305662521160225,6.30558387,131.519250149876,131.53058,0.09821250000000001,0.109125,1
K04256.01,4.206309222057739,4.2058608,355.13765877541266,132.2913,0.21554166666666663,0.3079166666666666,0
K04324.01,8.479170466920888,8.4803326,127.46743211630292,135.8598,0.29589999999999994,0.2465833333333333,0
K04326.01,0.750744634192258,0.750744255,131.8068887755031,132.18261,0.04480249999999998,0.0746708333333333,0
K04327.01,0.9916369631703488,0.991659646,131.5538188246747,131.53686,0.08306249999999994,0.0922916666666666,1
K04392.01,122.7812139525024,118.609553,237.06348724328424,172.0788,0.47375,0.9475,0
K04394.01,0.6163848946681081,0.616386349,120.55363105857552,131.64315,0.03051,0.0339,0
K04396.01,86.23451289158349,88.91323139,123.50749975913551,145.6230854,0.14599999999999994,0.1216666666666666,0
K04396.02,45.51995508721283,46.0771501,128.21483309246884,143.6839655,0.18937499999999982,0.1262499999999999,0
K04396.03,45.522247425029626,42.62423329,128.21652059246884,156.1855401,0.08575,0.06125,0
K04187.01,7.071635480575012,7.07162308,136.46011558136394,136.46253,0.09701249999999995,0.1077916666666666,0
K04188.01,6.963799601482876,6.96352699,126.02498811921949,133.01717,0.133,0.133,1
K04189.01,63.21568692344339,64.2729088,444.90115240203113,186.7353,0.35396666666666665,0.5056666666666666,1
K04190.01,3.4326695987914837,3.4327371,122.63945288306257,132.92055,0.15003749999999996,0.1667083333333333,1
K04191.01,13.844554282014984,13.8452726,137.00576321166636,136.9596,0.09581249999999997,0.1064583333333333,0
K07695.01,0.7218253287746869,0.687506554,131.7523102268571,131.85964,0.08405833333333323,0.0600416666666666,0
K04258.01,0.5668102627559168,0.566801617,121.03754657047247,131.80435,0.16041666666666662,0.1145833333333333,0
K04261.01,1.450883588694699,1.450889836,132.2354033485064,132.2306,0.0730416666666666,0.0730416666666666,1
K04328.01,381.8356675277421,407.59415,287.8998623109007,273.5955,0.3649999999999999,0.3041666666666666,0
K04330.01,374.3069452087451,358.101884,212.09183167974294,425.6837,0.37292499999999995,0.266375,0
K04397.01,0.44785740730832435,0.447861451,131.53730432931974,131.9752,0.04626374999999987,0.0355874999999999,0
K04192.01,18.051496777759862,18.0541469,147.92029911704265,147.7943,0.13378749999999998,0.191125,1
K07689.01,1.0153047873693868,1.01530474,131.51919832793124,131.517946,0.1825458333333333,0.3650916666666666,0
K04193.01,88.2554961309856,94.180473,137.5717645114984,200.2662,0.2448333333333333,0.3060416666666666,0
K04194.01,1.538179438135498,1.538185321,352.45325882790917,132.49067,0.0631124999999999,0.0701249999999999,1
K04195.01,1.3325646896376186,1.332567643,132.04744315796603,132.04299,0.16065,0.1785,0
K04262.01,1.089070112937597,1.089076495,132.02877369719516,132.02703,0.09475,0.09475,0
K04263.01,1.6627108369383408,1.662710314,170.687764817202,132.44469,0.07625,0.07625,0
K07696.01,489.2595699742917,472.071079,604.5182566393271,310.7718,0.3119458333333333,0.2399583333333333,0
K04265.01,2.182380906765396,2.18242002,132.4097926512507,132.39594,0.15386249999999999,0.1709583333333333,0
K04266.01,0.5040002144684332,0.503999678,131.63068289247263,131.631544,0.02484625,0.0225875,0
K04332.01,2.665846561716543,2.66588544,131.60604693296418,131.6037,0.1876499999999999,0.2084999999999999,0
K04335.01,7.617190098633343,7.61758198,137.53121598243442,137.50008,0.10339583333333331,0.1477083333333333,1
K04336.01,41.80867175127325,41.477908,142.89797181023042,144.9193,0.6095833333333333,0.4354166666666666,0
K04400.01,2.2092540665641107,2.20923119,131.89675203772225,131.90288,0.08969999999999995,0.0996666666666666,1
K04401.01,243.01479282005278,260.54832,235.9361079935797,218.5525,0.388,0.6466666666666666,0
K04402.01,382.3358226682158,370.47678,440.1152702721494,307.4992,0.3268749999999999,0.6537499999999999,0
K04403.01,5.883549006544491,5.88350251,136.9327531931681,136.9451,0.1065,0.1065,1
K04196.01,0.6624535044656353,0.662457501,131.5787939965477,131.90556,0.04453749999999993,0.0636249999999999,0
K04197.01,1.332572933934866,1.33258458,353.2499695087169,132.03624,0.1476749999999999,0.1342499999999999,0
K04199.01,0.5399163540638312,0.539915033,131.5488303239224,131.55207,0.047775,0.047775,1
K04200.01,408.3742377331243,372.54353,185.49588250701788,137.9147,0.4547916666666666,0.9095833333333332,0
K04267.01,2.2082687215685244,2.20829637,131.63654178735385,131.63091,0.13021249999999998,0.118375,1
K04268.01,0.8499105058020704,0.849906734,131.66675048411116,131.6741,0.04278749999999994,0.0475416666666666,1
K04269.01,26.662458352799764,26.6565737,131.44794876499455,131.59433,0.2683416666666666,0.2064166666666666,1
K04270.01,371.03940864418115,373.72257,178.05036079343387,178.1825,0.4736666666666666,0.5920833333333333,0
K04337.01,8.184992228726427,8.18504859,134.57860090937442,134.554,0.15576666666666664,0.1947083333333333,1
K04338.01,10.784107104063938,10.78438513,141.4293266649904,141.40685,0.046933333333333285,0.0586666666666666,0
K04339.01,0.5667989067060764,0.566804221,352.88998779580936,131.82656,0.1932916666666666,0.1932916666666666,0
K04340.01,2.022708197183777,2.022658,131.79784392772692,131.838,0.18107916666666657,0.1392916666666666,0
K04404.01,348.98811613675696,316.57747,374.17009245281645,236.5015,0.427,0.61,0
K04406.01,0.5194365859218857,0.519437968,352.5524421042411,131.78909,0.05322499999999999,0.0887083333333333,0
K04408.01,1.1050879562399998,1.105095798,132.56155362911676,132.55178,0.09839999999999996,0.1093333333333333,0
K04201.01,240.49712315533895,245.01902,280.02851416382725,268.1105,0.3923333333333333,0.3566666666666667,0
K04202.01,140.39305187097463,153.979362,274.1520729874796,165.491,0.1880833333333333,0.3761666666666666,1
K07684.01,10.277609431043903,10.2239787,127.3533878810505,135.4415,0.11337499999999993,0.0755833333333333,0
K04203.01,2.1808215750808,2.18079098,121.47463625853453,132.39262,0.454875,0.5054166666666666,0
K04204.01,20.924258822945287,20.9254083,134.94612756745514,134.8986,0.22610000000000002,0.282625,1
K04271.01,0.6410834757965115,0.641069613,132.12524273434678,132.14101,0.0645624999999999,0.0430416666666666,0
K07690.01,2.2430259881515258,2.2430415,171.57299392223683,133.4408,0.15125,0.15125,0
K04272.01,1.111739354312995,1.21475168,121.650115249947,131.7581,0.14437499999999995,0.2887499999999999,0
K04617.01,27.47155737216087,27.4784659,148.76238986334647,148.6101,0.40625,0.3125,1
K04618.01,220.37995800000004,244.86662,146.73651977085484,141.9596,0.43999999999999995,0.44,0
K07697.01,1.3062520135919815,1.30627214,352.8684998474382,132.0858,0.2143333333333333,0.2143333333333333,0
K04619.01,61.916251449383545,62.366706,121.61032207651814,142.3899,0.26999999999999996,0.18,0
K04620.01,0.9337641430834941,0.933732791,131.51418437587105,131.53707,0.11459999999999997,0.1273333333333333,0
K04621.01,49.489432890286714,53.106597,140.84548904527264,145.2776,0.16998333333333324,0.1214166666666666,0
K04690.01,360.7531230045841,360.15417,224.46267662065162,188.796,0.26679166666666665,0.5335833333333333,0
K04692.01,1.4285668593355783,1.42856815,132.8135426490995,132.81461,0.08883333333333329,0.0888333333333333,0
K03194.01,10.813214676160046,10.81315417,120.84454824644054,131.65931,0.03718749999999993,0.0531249999999999,0
K04479.01,368.84742751106296,359.08368,467.79732876862994,415.3834,0.3264583333333333,0.6529166666666666,0
K04481.01,3.747764281856052,3.74784374,134.20980225208714,134.19157,0.1524166666666666,0.1524166666666666,0
K04483.01,1.7102791765446606,1.71028117,131.63198723740854,131.62619,0.09787499999999992,0.1087499999999999,0
K04550.01,153.67358278919843,140.251943,171.63942102509452,175.137,0.21919999999999992,0.2739999999999999,1
K07691.01,0.5708264104496277,0.570828503,131.59089547107067,131.58958,0.053375,0.038125,0
K04552.01,123.3276927370167,134.4665,155.57884910834866,265.424,0.26349999999999996,0.2195833333333333,0
K04553.01,0.9093191839661213,0.909314811,120.80552641369839,131.72281,0.0918874999999999,0.0918874999999999,0
K04622.01,197.62534855597485,207.24785,155.66086269651834,213.03458,0.2309625,0.256625,1
K04623.01,204.3221680569398,186.55347,300.2610588355125,173.0531,0.28270833333333334,0.5654166666666667,0
K03179.01,5.990819699690934,5.99078221,122.55256715856588,134.53899,0.06371249999999994,0.0707916666666666,1
K04624.01,14.078569645991406,14.0801852,123.34587140415671,137.3331,0.14175,0.14175,0
K04625.01,2.4408419297098427,2.440839436,353.515046147625,133.8407,0.028233333333333308,0.0403333333333333,1
K04693.01,23.631684782102123,23.6223571,122.95188935021261,146.9643,0.25695,0.2855,1
K04695.01,3.289338539514412,3.28931936,133.8934436541126,133.90141,0.056029166666666616,0.0800416666666666,0
K04696.01,1.0820715078311305,1.08195208,132.55323168610857,131.5252,0.28040833333333326,0.2002916666666666,0
K04697.01,0.5125839386520323,0.512583041,352.6970623267277,131.77571,0.06865833333333327,0.0624166666666666,0
K04484.01,2.297908295398497,2.29794819,133.80764787905517,131.49826,0.10649999999999998,0.1183333333333333,1
K04485.01,331.304229,368.11581,180.6352516124066,227.4962,0.2816666666666666,0.5633333333333332,0
K04486.01,367.09938493238,368.52466,229.538852426199,236.3783,0.2975,0.4958333333333333,0
K03158.02,4.545842687656513,4.54586982,122.43791969211051,131.52442,0.0731666666666666,0.0731666666666666,1
K03158.03,6.189391647848826,6.18943952,122.40938219211051,134.78,0.08743499999999992,0.0971499999999999,1
K03158.04,7.743193892350422,7.74347801,127.38097052544384,135.09417,0.10454249999999995,0.1161583333333333,1
K03158.05,9.740209457646417,9.74048508,125.1592165671105,134.87916,0.06372374999999994,0.0708041666666666,1
K03158.01,3.8717695548521434,3.60011712,123.47434469211052,133.25983,0.10981666666666663,0.0998333333333333,1
K03164.01,0.5211501442100038,0.542498653,120.86718429253507,132.0117,0.26606249999999987,0.1773749999999999,0
K04556.01,19.525667987520468,21.5819776,150.33925071145626,146.0691,0.28612499999999996,0.5722499999999999,0
K04628.01,3.0871851415211227,3.08723626,132.9229953919476,132.90519,0.09806249999999997,0.1089583333333333,0
K04629.01,0.5925543611482135,0.592562969,352.93689645867363,131.9017,0.07717249999999998,0.1286208333333333,0
K04701.01,31.97882889655694,31.97181,133.78859861867207,133.8728,0.4092333333333332,0.5115416666666666,0
K04702.01,5.813329693524639,5.81289843,137.31574231625262,131.5613,0.11605416666666661,0.1657916666666666,0
K04488.01,5.949241260287388,6.44173995,134.60818893394736,136.77753,0.047687499999999924,0.0681249999999999,0
K04489.01,0.6311111385549514,0.631106722,121.16425350959923,131.89801,0.033139999999999996,0.041425,0
K04490.01,181.07370119739352,176.17377,159.51826455614693,144.8337,0.30374999999999996,0.6074999999999999,0
K04491.01,126.13336052278851,114.336052,224.21555407880248,216.7966,0.2932708333333333,0.5865416666666666,1
K04492.01,0.6393804387469582,0.63938062,131.8942296027209,131.894673,0.030167499999999958,0.0502791666666666,0
K04559.01,0.5668093896148365,0.566801045,131.78936601608513,131.79795,0.08020374999999988,0.0729124999999999,0
K04560.01,0.9928022459428438,0.992799002,353.1018176325131,131.70842,0.08719499999999994,0.1453249999999999,0
K04561.01,1.5218384219851866,1.5184181,907.9559447780109,132.138,0.16578333333333323,0.1184166666666666,1
K04562.01,0.9680746099207923,0.96807117,132.44103377017225,132.44697,0.055899999999999915,0.0698749999999999,0
K04562.02,0.968079417828504,0.968065631,132.44199627017224,131.97214,0.06644999999999997,0.0738333333333333,0
K04631.01,3.55668930838577,3.55661906,122.7981486574899,133.4975,0.20234999999999997,0.2248333333333333,0
K07692.01,0.5625672572196185,0.56256804,121.0342829756768,131.72497,0.0702499999999999,0.0702499999999999,0
K03182.01,8.79901883423762,8.79991878,124.26277659543634,132.88614,0.8659166666666664,1.7318333333333331,0
K04703.01,347.1311278619429,349.03703,317.26161245012656,331.8869,0.1388333333333333,0.1983333333333333,0
K04704.01,173.26637250101894,177.8135,200.52346621334934,205.1936,0.2846666666666666,0.4066666666666666,0
K04706.01,96.97039863039323,101.952048,181.67395930536458,206.3499,0.12481249999999997,0.2496249999999999,1
K04493.01,2.4179708998074014,2.41795911,132.495438298279,132.5063,0.12498749999999989,0.1136249999999999,0
K04494.01,185.75578195381948,183.854867,197.18206990799092,211.4887,0.3124166666666667,0.6248333333333334,0
K04564.01,289.05442972520706,293.60581,300.39922150355926,373.1896,0.369,0.46125,0
K04565.01,2.787564353155508,2.78801663,121.40617444774146,132.5612,0.7953916666666667,0.7230833333333333,0
K04566.01,3.9465390358324695,3.94660745,132.25626182839903,132.24892,0.10143749999999997,0.1127083333333333,1
K04635.01,4.9945586758775296,4.99473798,136.21477241467412,136.1785,0.1270833333333333,0.1270833333333333,0
K04638.01,372.44420000548575,368.48518,174.9338338239414,174.9473,0.2815,0.4691666666666666,0
K04639.01,158.5064807096951,169.894419,278.5517742655774,201.4552,0.13677083333333329,0.1052083333333333,0
K04639.02,30.917634794473386,29.6990126,130.08098884891078,135.6251,0.10785833333333325,0.0770416666666666,0
K04707.01,26.190436063138897,26.190289,143.2135339225478,143.22089,0.09845,0.0895,0
K04708.01,208.1017699169892,203.511886,208.04614382251225,329.4945,0.1376625,0.1529583333333333,0
K04500.01,8.701830875457443,8.70179611,355.7883289009784,138.24633,0.1143,0.127,1
K04500.02,41.0029608885853,44.9851885,354.7917289009784,150.5703,0.08675,0.1735,1
K04568.01,0.9337453862494349,0.933747395,121.2484988168754,131.51671,0.21990833333333326,0.1999166666666666,0
K07682.01,52.9860861,58.873429,1376.1321756372106,153.9076,0.5100374999999999,0.7286249999999999,0
K04569.01,13.954275365062077,14.1166583,140.42301997810858,136.3632,0.18999999999999995,0.3799999999999999,0
K04571.01,47.3174179567157,47.3128645,146.27072661250105,146.3073,0.3337833333333333,0.4768333333333333,1
K04640.01,6.108353452255257,6.1082945,131.86856687576386,131.8756,0.1455416666666666,0.1455416666666666,1
K04641.01,119.70706013820825,119.72007,175.98960261514108,175.8762,0.2765,0.395,0
K04642.01,1.2783416472399838,1.27839331,132.10698373103213,132.0902,0.3700083333333332,0.2642916666666666,0
K03184.01,7.548255925378944,7.545922037,126.77360518018612,134.4902954,0.1680374999999999,0.1680374999999999,1
K03184.02,10.566727337230716,11.3220104,120.73474726351947,142.7143,0.3418333333333332,0.2441666666666666,1
K04722.01,0.5867586122589272,0.58675746,131.75455938609585,131.75424,0.037699999999999984,0.0628333333333333,0
K04723.01,370.7449513199606,373.74856,311.3357728503279,305.2558,0.5870833333333333,1.1741666666666666,0
K04724.01,22.369284880746847,20.8822079,539.716806370668,151.6953,0.09491666666666665,0.1898333333333333,0
K04725.01,7.281726942605573,7.28171395,137.29823475053848,137.30085,0.06461249999999993,0.0717916666666666,1
K04726.01,8.038202997140784,8.0386699,135.3572848349975,135.3098,0.13308749999999991,0.1478749999999999,0
K04501.01,6.674468176815859,6.67410577,357.1434020029701,136.9407,0.1518749999999999,0.1518749999999999,0
K04502.01,347.7911021177144,374.92478,337.95940360689417,265.3585,0.37604166666666666,0.7520833333333333,0
K04572.01,4.606834408193765,4.60690612,135.20161861480673,135.19221,0.1566,0.174,0
K04573.01,1.5017848391662192,1.50178705,131.5673162159556,131.56426,0.11009999999999996,0.1223333333333333,0
K03167.01,0.49966423073992955,0.499664962,120.63964612365585,131.62724,0.07389708333333325,0.0671791666666666,0
K04574.01,17.448096230108476,17.4453935,362.4612854979829,135.7609,0.239625,0.26625,0
K04645.01,1.4725858384740897,1.4725859,132.92112774250813,132.92731,0.1230416666666666,0.1230416666666666,0
K04646.01,2.9759730652948506,2.97607935,132.9897617561354,132.953,0.21110833333333326,0.1919166666666666,0
K04712.01,1.4443690698615093,1.44438449,132.762970434677,132.75645,0.10139999999999993,0.1126666666666666,0
K04506.01,5.604654546930238,5.60473115,131.63910879061254,131.62861,0.1202083333333333,0.1202083333333333,1
K04507.01,140.24122063326163,132.778041,176.4693887775188,188.4972,0.1640333333333333,0.2343333333333333,0
K04576.01,181.5553763203869,184.568,186.95370646472685,173.6314,0.27270833333333333,0.5454166666666667,0
K04578.01,2.4888178181950447,2.48882685,132.10778772584283,132.12332,0.1743499999999999,0.1452916666666666,0
K04579.01,357.67487745057247,367.19796,246.57221492780127,134.1748,0.39799999999999996,0.6633333333333333,0
K04648.01,17.66032368877625,17.6604653,172.71426085661963,137.3914,0.10638749999999998,0.1182083333333333,0
K04650.01,1.7000057271169846,1.69999106,131.62194195694596,131.6296,0.12333749999999993,0.1370416666666666,0
K04652.01,4.206142057881599,4.2059745,132.24586929418638,132.2828,0.30022499999999996,0.3335833333333333,0
K04718.01,0.5668029077303531,0.566803216,121.06551870541405,131.80982,0.19395833333333323,0.1385416666666666,0
K04719.01,383.6167808868972,365.13981,400.6455532687611,156.6413,0.09291666666666665,0.1858333333333333,0
K04720.01,35.32202508664205,37.809539,354.8494265300999,158.4002,0.18867499999999995,0.3144583333333333,0
K04721.01,343.067886,381.18654,290.90232634430816,136.2434,0.24324999999999994,0.4054166666666666,0
K04510.01,5.176010422089008,5.17624997,133.78052262445806,133.7381,0.19728749999999998,0.2192083333333333,1
K04511.01,380.3928690390111,370.62071,325.79456886651064,311.1842,0.26208333333333333,0.5241666666666667,0
K04512.01,0.5894561793427554,0.589458602,352.86865865480536,131.82156,0.04138999999999993,0.0344916666666666,0
K04513.01,3.9179260252649786,3.91794676,132.86640082818897,132.86384,0.1062083333333333,0.1062083333333333,1
K04584.01,0.614706351826624,0.614701901,352.75841799398484,132.08465,0.0394583333333333,0.0394583333333333,0
K03185.01,0.9814392517894068,0.934181579,120.98270993489322,132.39492,0.23000833333333326,0.1642916666666666,0
K04654.01,364.53749795581456,379.65261,341.9586710389576,284.965,0.3966666666666666,0.7933333333333332,0
K04727.01,1.2151778910317181,1.215181097,120.57376492709501,131.50904,0.0701458333333333,0.0539583333333333,0
K04728.01,20.92003234010496,21.5324915,140.45621396032112,131.87749,0.2597499999999999,0.1731666666666666,0
K04729.01,3.7477202557237024,3.74779583,134.22178259238254,134.2022,0.10523333333333329,0.1315416666666666,0
K04731.01,0.9183863141588671,0.91842238,261.0946861410471,131.5859,0.1416,0.236,0
K04514.01,376.30100871119913,373.43233,430.3955320162597,297.3505,0.34375,0.6875,0
K04515.01,443.66573497722226,397.73781,401.5537727451059,171.6552,0.43599999999999994,0.5449999999999999,0
K04516.01,5.357487236559079,5.35745121,120.90026863573563,131.62784,0.09720000000000001,0.108,0
K04517.01,2.1613367015426967,2.16132662,131.89530595264088,131.90236,0.16826249999999998,0.1869583333333333,0
K04585.01,6.762151431585051,6.76289308,135.75196635665776,135.6771,0.2326499999999999,0.2584999999999999,1
K04589.01,1.0984419198775852,1.09844642,121.4583925165208,132.4402,0.07003333333333325,0.0636666666666666,0
K07675.01,27.216827774330465,25.94947,363.6485320794196,148.9734,0.3924999999999999,0.6541666666666666,0
K04658.01,1.8788617993413121,1.8789138,121.81352752660338,133.06338,0.14263333333333328,0.1782916666666666,0
K04659.01,41.87608143739631,41.8681996,146.78930121879958,146.9767,0.26505416666666665,0.2409583333333333,1
K04660.01,0.514769921799535,0.514771509,131.96208548993525,131.94435,0.07849999999999996,0.0523333333333333,0
K04661.01,8.617567046372887,8.61742738,133.49628951686262,133.50863,0.10173749999999994,0.1130416666666666,1
K04448.01,37.60864057998249,35.945188,138.1481659138998,146.6937,0.37720833333333326,0.3429166666666666,0
K04449.01,5.007373553265645,5.00749378,124.69281117770147,134.69035,0.108675,0.12075,0
K04450.01,194.01496069503366,196.436796,261.56388478561536,173.692,0.17824999999999994,0.3564999999999999,1
K04518.01,0.5667897891533448,0.566810643,131.85229155271253,131.80277,0.202475,0.144625,0
K04521.01,258.8370267980529,262.477098,184.09887462938119,173.1293,0.2665666666666666,0.2423333333333333,0
K04522.01,2.210330016923071,2.21030572,171.1410724735336,133.57674,0.1038333333333333,0.1038333333333333,0
K07694.01,5.993656310384558,5.99321872,355.34518171071034,133.6359,0.147,0.1633333333333333,0
K04592.01,0.7054427672944352,0.70544189,131.6986204946045,131.6954,0.06644999999999997,0.0738333333333333,0
K04593.01,0.9813972684476561,0.981399749,131.63338833167367,132.12493,0.03156874999999995,0.0210458333333333,0
K04662.01,0.9337197990935554,0.933728755,121.26595922617263,131.54241,0.2181499999999999,0.1817916666666666,0
K03188.01,12.61188114805932,12.607591424,123.9975679778911,136.8554856,0.60680625,1.2136125,0
K04664.01,0.7345737706041151,0.734573766,131.60065913251532,131.59872,0.048562499999999974,0.0539583333333333,0
K04665.01,298.99199468310024,289.86046,240.2754204446045,258.5572,0.23131249999999995,0.4626249999999999,0
K04454.01,378.3683554797085,370.50684,355.39847684844074,150.8212,0.6066,0.5055,0
K04455.01,1.3325764820091353,1.332580225,170.68640853903707,132.03999,0.0857083333333333,0.0857083333333333,0
K04524.01,7.991095730744536,7.99144696,136.30400730147133,136.25855,0.1516249999999999,0.1516249999999999,1
K03159.01,2.90249846550936,2.9039446,120.93266357992754,133.8526,0.658875,0.43925,0
K07686.01,68.44789312317974,68.538296,196.0658473525853,186.21716,0.21157499999999987,0.1511249999999999,0
K04525.01,373.04007964340803,369.7985,172.38248602464563,173.3282,0.26175,0.5235,0
K03172.02,6.558248502326677,6.5588346,120.73042599066623,133.8215,0.08849166666666661,0.1264166666666666,0
K03172.01,6.558281722802816,6.5583706,120.7172176573329,133.83031,0.08214999999999997,0.1369166666666666,0
K04594.01,0.6430102641772689,0.643007769,131.68226965539134,131.68588,0.02299999999999992,0.0287499999999999,0
K04596.01,1.0619338731050063,1.061937837,131.7193835203515,131.7269,0.077,0.09625,0
K04668.01,15.072693987793901,15.07277287,143.97168247201137,143.96955,0.03896999999999999,0.032475,0
K04669.01,1.716595808068628,1.71659304,131.6928122283274,131.6976,0.038466666666666635,0.0480833333333333,0
K04458.01,332.12684182571184,358.818895,443.2551295495116,416.5775,0.06257499999999996,0.1042916666666666,0
K04459.01,188.96995663458927,181.3537,182.6162319847564,190.4847,0.7420416666666666,0.6745833333333333,0
K04461.01,3.7477775603951784,3.74786694,122.9525961857672,134.17739,0.13619999999999996,0.1513333333333333,0
K07683.01,0.9132429985825083,0.913244995,121.22694168040564,132.18552,0.02260041666666663,0.0205458333333333,0
K04527.01,2.976030186442665,2.97599368,132.97102144637736,132.9759,0.15086249999999993,0.1676249999999999,0
K04529.01,0.5841515792965736,0.584148495,131.84292150852318,131.84461,0.0674666666666666,0.0674666666666666,0
K04598.01,0.8241845865890283,0.824180121,131.68942391126393,132.10276,0.0591458333333333,0.1182916666666666,0
K04598.02,0.8241848532415107,0.824181335,131.68810641126393,131.68906,0.07252,0.1036,0
K04599.01,0.5797707683204936,0.579770948,131.79190876030995,132.081304,0.034589999999999996,0.0432375,0
K04600.01,0.9222500784657225,0.92225589,120.73337462583208,131.8088,0.1232875,0.176125,0
K04671.01,0.7551493783765866,0.75499096,170.32498107620654,131.8315,0.12424999999999993,0.1035416666666666,0
K04672.01,359.1105538391413,353.40191,375.5219420783599,403.2834,0.3618875,0.278375,0
K04673.01,1.4286002289697117,1.428596987,121.35927788408114,132.79165,0.09808791666666662,0.0891708333333333,0
K04465.01,2.216998896580757,2.21701025,120.72718752581613,131.80305,0.0895,0.0895,0
K07677.01,38.768320349999996,43.0759115,134.7498821558329,160.13883,1.8947916666666664,3.789583333333333,0
K04531.01,368.9850072723253,372.62637,326.4355423107238,307.8836,0.3858333333333333,0.7716666666666666,0
K04532.01,1.020868253593229,1.02087831,131.66953232711796,131.66089,0.1012083333333333,0.1012083333333333,0
K04533.01,1.2613427097094319,1.26132769,132.42251565385698,132.4274,0.0518333333333333,0.0518333333333333,0
K03161.01,5.869793372267481,6.09406648,124.9354583502189,133.65981,0.1303125,0.086875,0
K04534.01,1.1578217572977452,1.1578141,132.4268775082964,132.43684,0.1355416666666666,0.1355416666666666,0
K03174.01,0.5667930842815369,0.566800926,131.87967630564958,131.81666,0.25707499999999983,0.1836249999999999,0
K04604.01,21.93371668446962,24.1876477,128.86998591377136,145.8464,0.0774083333333333,0.1105833333333333,0
K04606.01,2.449296594656589,2.44926655,132.80710801813655,132.82121,0.0996,0.1245,0
K04675.01,2.178153868472977,2.17812826,132.0217548222709,132.03068,0.108375,0.108375,0
K04677.01,1.3326047554207623,1.33259494,132.02798762441398,132.0286,0.1159583333333333,0.1159583333333333,0
K04678.01,2.050460255408416,2.05048377,133.29433049429525,133.2849,0.13762499999999991,0.1529166666666666,0
K04679.01,1.1954754035303516,1.19550618,121.56756869474304,132.3006,0.12513749999999993,0.1390416666666666,0
K03157.01,0.6497474294750717,0.683082998,120.98036845982136,131.73271,0.2571916666666666,0.1837083333333333,0
K04468.01,0.791773083722102,0.791771167,170.3161946582599,131.523083,0.061157499999999955,0.1019291666666666,0
K04469.01,0.894168001328417,0.894172544,131.51227758597042,131.51006,0.031132499999999938,0.0345916666666666,0
K04470.01,1.6820643725770494,1.68207624,132.12879085824616,132.12513,0.05696249999999993,0.0632916666666666,0
K04535.01,9.847621423295342,9.8480917,136.83022116859712,136.80247,0.10263333333333328,0.1282916666666666,0
K04536.01,0.5668202175057737,0.566800593,121.06027388621155,131.8233,0.228025,0.162875,0
K04537.01,0.9696022782146309,0.969602551,131.93346976231555,131.93121,0.0648,0.072,0
K04538.01,9.258130196258815,9.25801294,123.61253061680779,132.88335,0.10702499999999994,0.1189166666666666,0
K04539.01,25.95270707456505,25.9554044,148.88358427287795,148.7989,0.212275,0.3537916666666666,0
K04607.01,3.747797331782411,3.74788208,134.18740397069126,134.1709,0.15686249999999993,0.1742916666666666,0
K04608.01,0.9347806562234222,0.93479255,132.36204651531443,131.88578,0.11459499999999996,0.1909916666666666,0
K04609.01,340.0269270680438,361.43653,464.50302972699427,421.747,0.18916666666666665,0.3783333333333333,0
K04610.01,0.8962806589145559,0.89628253,131.5497797448977,131.54972,0.06402916666666662,0.0582083333333333,0
K04611.01,1.6749890003131627,1.67495622,121.73633076078161,131.8099,0.13722499999999999,0.12475,0
K04681.01,8.234878220407644,8.2344072,120.95440954192306,137.4733,0.09359999999999992,0.1169999999999999,0
K03193.01,32.603190637756775,32.6122381,568.6552995923225,144.55067,0.16835,0.12025,0
K04683.01,0.9670719147184849,0.967073359,132.09276532364584,131.604602,0.06218749999999998,0.1036458333333333,0
K04684.01,3.556453637601014,3.5564279,133.52377790326247,133.5377,0.26242499999999996,0.2915833333333333,0
K04471.01,0.9429986788970661,0.942997994,131.77205025594031,132.24469,0.0485749999999999,0.0485749999999999,0
K04472.01,0.5668124998988345,0.566796775,131.86576780303773,131.83811,0.3191416666666666,0.2279583333333333,0
K04473.01,13.648301148381503,13.6471211,132.1889618675904,132.2552,0.3124124999999999,0.3471249999999999,1
K04474.01,16.471525711433667,16.473474,175.7257593424621,142.68604,0.19254583333333328,0.1750416666666666,1
K04475.01,3.7478317751644292,3.74788322,134.17858991308952,134.17324,0.11499999999999999,0.14375,0
K04540.01,0.7054560939210492,0.705455349,131.67666412827015,131.67764,0.0925875,0.102875,0
K07724.01,439.80617700000005,488.67353,653.9944308938445,519.7805,0.30874999999999997,0.5145833333333333,0
K04542.01,1.0890456846275711,1.08906057,132.05527675429678,132.0391,0.09143333333333328,0.1142916666666666,0
K04543.01,1.4892499430045203,1.48922187,540.4111171863635,132.3722,0.09409999999999992,0.0784166666666666,0
K03162.01,0.7167102905002584,0.716709761,120.58308453309411,132.05103,0.02613374999999991,0.0290374999999999,0
K04612.01,4.108456277644536,4.1083812,541.6152628138033,134.8932,0.12296249999999999,0.136625,0
K04613.01,1.9622695809921078,1.962282625,131.54205410953338,131.53585,0.0604166666666666,0.0604166666666666,1
K03178.01,0.5236285909208079,0.523629052,120.63884889553533,131.63487,0.1864958333333333,0.1434583333333333,0
K04615.01,1.04586074614428,1.04588635,170.67406736676807,131.9887,0.16525833333333326,0.1180416666666666,0
K04616.01,52.275626674429645,51.31346091,149.7095418269911,162.7018814,0.24624999999999989,0.1641666666666666,0
K04687.01,388.38004302364334,419.92898,324.7843259805313,134.7701,0.303125,0.60625,0
K04688.01,1.2352037765457966,1.23521458,131.9616571880111,131.9681,0.05355,0.03825,0
K04689.01,1.0852442712280566,1.085229874,353.4748438461027,132.10036,0.03531666666666658,0.0271666666666666,0
K04476.01,1.5403435318067213,1.540379557,132.0236153182172,132.00637,0.0844166666666666,0.0844166666666666,0
K04477.02,9.328425989325115,9.32867952,135.8912786175934,135.87513,0.05895,0.0655,1
K04478.01,6.38667119525449,6.38671206,131.5369921605476,131.52991,0.04003333333333328,0.0500416666666666,1
K04544.01,174.60883269270465,158.348345,162.7222562319347,260.2924,0.26375000000000004,0.4395833333333333,0
K04547.01,0.9337181322912208,0.93376962,131.5439807106684,132.4211,0.20483749999999992,0.2926249999999999,0
K07725.01,346.81886340067695,322.48381,140.46850564493434,189.1585,0.6705416666666665,0.9579166666666664,0
K04905.01,0.7394078469963629,0.739404894,132.06682558082343,131.69907,0.05843333333333328,0.0730416666666666,0
K04908.01,25.489688420246477,25.949641315,145.84552226056218,148.9825267,0.3395320833333333,0.4850458333333333,0
K07702.01,1.710505734062771,1.71051215,121.4009250615644,131.65812,0.04815,0.0535,0
K03296.01,62.89312693443906,62.869463,165.6514778712787,166.0137,0.22806666666666664,0.2850833333333333,1
K03297.01,77.42280635118756,84.8062818,243.92640806858418,192.37227,0.1875125,0.375025,0
K03298.01,29.96242137322769,29.9632816,359.70409911661426,149.94353,0.09749999999999998,0.1083333333333333,1
K03299.01,17.99302993981509,17.99643716,355.6325959077575,134.910537,0.13879999999999998,0.1735,0
K04765.01,10.811883871749925,10.8118317,137.132456014122,137.13426,0.1094583333333333,0.1094583333333333,1
K04767.01,1.2085268251612187,1.208528832,353.14023403839906,131.97963,0.06123333333333326,0.0556666666666666,0
K07718.01,197.96694961351253,208.18711785,144.00761984114484,146.5337609,0.14819000000000002,0.10585,0
K04835.01,0.9319883930115719,0.93198504,132.09171140938923,131.62897,0.051179999999999996,0.0853,0
K04836.01,0.6081851753598496,0.60818508,131.62399993663797,131.62275,0.0265125,0.037875,0
K04910.01,3.3748212287847115,3.37487541,132.49496444753626,132.48977,0.14139583333333328,0.1285416666666666,0
K03223.01,0.9628170878036436,0.962825082,132.22366268553506,132.21375,0.11859999999999998,0.1186,0
K04911.01,289.35698518648974,309.494217,148.858036645613,375.9225,0.28574999999999995,0.5714999999999999,0
K03300.01,24.239381480144683,24.2382519,185.065497666091,136.62118,0.11262499999999992,0.1126249999999999,0
K03300.02,24.24133745740622,24.2416103,179.268841416091,155.0323,0.1712333333333333,0.2140416666666666,0
K03302.01,69.3769116292768,69.3788597,154.20815777199607,154.19137,0.09517499999999998,0.158625,0
K03303.01,29.340488782141815,29.3493852,148.731233360325,148.46564,0.25159166666666666,0.1797083333333333,1
K04769.01,496.19812695765813,449.57274,567.1301924750172,153.3061,0.583,0.3886666666666666,0
K04770.01,245.45742010785366,245.059374,357.3142375319884,301.678,0.397875,0.397875,0
K03214.01,11.49530914013388,11.49500229,129.7559394112297,141.27511,0.28507499999999997,0.31675,1
K04841.01,0.7087274333995203,0.708726708,170.35675813589273,132.08629,0.040787500000000004,0.031375,0
K04842.01,315.4692553381945,283.72675,298.75887346312606,392.671,0.38725,0.6454166666666666,0
K04843.01,386.2763403593674,373.60683,371.6639341354852,246.5809,0.2552666666666667,0.3646666666666667,0
K03226.01,4.294008106017089,4.29388808,120.60672303192518,133.51002,0.135675,0.15075,0
K03304.01,13.544171703441899,13.5437884,135.25724761685444,135.27623,0.2378166666666666,0.2378166666666666,0
K03305.01,65.61590354548785,65.6491001,372.02579387730634,174.79319,0.456125,0.3040833333333333,1
K03306.01,25.156455632370363,25.1593389,354.38969438560787,153.0404,0.2165833333333333,0.2165833333333333,1
K03308.01,31.965886539962522,31.7787564,133.552992929166,136.76929,0.2360458333333333,0.3372083333333333,1
K03308.02,5.327752858492508,5.32784157,133.557599179166,133.55005,0.1956666666666666,0.1956666666666666,1
K03205.01,1.3325584120849232,1.332568744,121.39137358348978,132.04697,0.14081249999999998,0.1564583333333333,0
K04845.01,0.8142782397097397,0.814278961,131.65110013775413,131.64806,0.09565416666666662,0.0869583333333333,0
K04847.01,2.189090239882732,2.1890751,132.08445889246875,132.09378,0.09854166666666661,0.0985416666666666,0
K03227.01,2.4265265336271304,2.42649862,121.55807681205721,133.70347,0.0839166666666666,0.0839166666666666,0
K03230.01,8.804189615923848,8.80854183,125.67972650137881,134.02712,0.7240916666666666,1.4481833333333332,0
K03230.02,3.5233558016415754,3.796383639,121.89353504304547,135.2015074,0.5419437499999998,0.3612958333333332,0
K07719.01,202.3788424283632,219.74735,208.78790520242765,239.9455,0.5619999999999999,0.9366666666666666,0
K03231.01,18.571789270683293,19.7639874,128.237820065009,134.17,0.5646208333333333,0.5132916666666667,0
K03232.01,6.059291459820534,6.05919881,121.54623527765466,133.67437,0.045499999999999916,0.0568749999999999,1
K03311.01,31.831229155336768,31.827649,134.52366359507772,134.59995,0.10243749999999989,0.0682916666666666,1
K04777.01,0.8240014280871168,0.824000125,131.80481392685766,131.80421,0.024937499999999998,0.035625,1
K04777.02,48.882349955075696,48.5023669,144.48213892685766,168.2091,0.061425,0.043875,0
K04778.01,0.7721580158627356,0.772152075,120.62013127095335,132.2074,0.05191666666666662,0.0741666666666666,0
K04779.01,1.0846870570969056,1.08469871,353.0259066622232,131.7376,0.169875,0.169875,0
K03216.01,5.660281556638252,5.660274452,123.14663949613639,134.46727,0.0378208333333333,0.0378208333333333,0
K04851.01,1.235124260356429,1.23512429,120.8817188910959,132.00059,0.17583333333333334,0.1758333333333333,0
K07713.01,1.3812688240690383,1.381257093,131.83362590860924,131.84079,0.0515625,0.046875,0
K03234.01,2.4181171175925598,2.41810158,122.71022434365308,132.38894,0.09826666666666664,0.0893333333333333,1
K03237.01,33.4124873195965,33.4203001,125.89074226193918,159.1401,0.2874625,0.221125,1
K03238.01,52.509362579999994,58.3437362,146.5331666830306,169.90401,0.5620499999999999,0.93675,0
K03239.01,0.979505789009667,1.070982122,121.69465730660824,131.98355,0.07320833333333324,0.0522916666666666,0
K03314.01,23.817742948981316,23.81578356,451.396831755529,141.84883,0.12530333333333327,0.1566291666666666,0
K03315.01,31.169365822823046,31.1748311,159.2030772799931,159.10049,0.22108333333333322,0.1579166666666666,1
K07726.01,0.4748092372050262,0.474811162,352.51893421808745,132.20477,0.05844999999999995,0.0487083333333333,0
K03316.01,48.729481612476015,47.0568476,147.2469167882885,161.05864,0.3046866666666666,0.2176333333333333,1
K04781.01,367.1789405900328,367.73299,457.880709579878,302.3576,0.2539499999999999,0.4232499999999999,0
K04781.02,498.4083481261276,524.14139,562.564084579878,344.9169,0.29007499999999997,0.4834583333333333,0
K04783.01,0.7434956534216579,0.743495989,131.8133802016279,132.18904,0.0657708333333333,0.0939583333333333,0
K04784.01,1.4058885803780876,1.405887031,132.01082359182072,132.01147,0.05426666666666662,0.0493333333333333,0
K04855.01,1.4573010599543623,1.45728997,131.58685550485714,131.5882,0.134325,0.14925,0
K03240.01,1.245338392440998,1.245331397,121.01484598088025,132.22902,0.1069166666666666,0.1069166666666666,0
K03241.01,8.214265120787909,8.21429932,126.79487211500701,135.00609,0.11621249999999998,0.129125,0
K03242.01,1.549487580878086,1.54945486,121.58612181778909,132.47682,0.3628083333333333,0.2790833333333333,0
K03243.01,8.429516506741013,8.42943991,123.85490396376916,132.29198,0.1017083333333333,0.1017083333333333,0
K03245.01,10.601655102521544,10.60052083,122.31520780993426,132.98523,0.1503,0.187875,1
K03324.01,21.86013753289059,21.8634638,145.3261892087431,145.2419,0.1475833333333333,0.1475833333333333,1
K03325.01,87.10593306219225,86.4392931,166.60499272840923,144.58294,0.353925,0.27225,0
K03326.01,14.774462530539264,14.77820911,365.9414127197056,144.09725,0.20231249999999995,0.2247916666666666,0
K03327.01,17.040622775966053,15.60862948,359.49800917964996,144.30211,0.3905825,0.2789875,0
K04785.01,375.7429293039034,389.14115,504.47032934196164,309.5721,0.3304166666666666,0.3304166666666666,0
K04786.01,384.49945976968644,365.78863,372.64987444135676,187.5436,0.37216666666666665,0.5316666666666666,0
K04787.01,2.482695344758885,2.4826619,121.35911841438717,133.78028,0.0705,0.088125,0
K04788.01,2.1781544772605437,2.17811908,132.00783862608444,132.02334,0.0611666666666666,0.0611666666666666,0
K04789.01,1.112067967984019,1.11205787,132.00455922400965,132.01568,0.06687083333333325,0.0607916666666666,0
K04858.01,219.28340422931095,224.447413,250.00251894874157,293.1378,0.145425,0.20775,0
K04860.01,21.866690237469868,21.8660922,138.49493253657073,138.517,0.06766666666666664,0.0845833333333333,0
K03217.01,5.4713470427902,5.09506,125.39784966216615,132.4511,0.262625,0.23875,0
K03246.01,0.689970285916995,0.689967868,120.5926111498156,131.63498,0.0487,0.0487,1
K03247.01,1.8913379679136197,1.89132292,121.28401261799574,132.6489,0.23362500000000003,0.233625,0
K03249.01,0.9183768400093864,0.918420801,120.62004899186016,131.58576,0.16192916666666662,0.1472083333333333,0
K03250.01,0.5737040393712325,0.573709256,121.04686148831199,131.93854,0.05599499999999994,0.0622166666666666,0
K03318.01,13.838187103415768,13.8353959,452.43983943637625,134.3082,0.18603749999999997,0.2067083333333333,1
K07720.01,48.73545505063761,46.9434911,144.75277187642217,176.32544,0.0684,0.057,0
K03319.01,19.59125209336084,19.5906103,144.63698344948335,144.65969,0.2529374999999999,0.2810416666666666,1
K03319.02,8.240312173699582,8.23983041,137.71665011615002,137.75528,0.2107124999999999,0.2341249999999999,1
K03319.03,3.545581720772181,3.54553077,132.36683136615002,132.37486,0.1553624999999999,0.1726249999999999,1
K04791.01,430.1000338979756,427.65334,428.49445834273536,136.2622,0.5585,0.4654166666666666,0
K04863.01,0.9628112940162018,0.9628348,132.21329342586878,132.1907,0.1035374999999999,0.0941249999999999,0
K04865.01,1.5701882891749406,1.57017249,353.4927515490552,132.1034,0.0940416666666666,0.0940416666666666,0
K04866.01,0.5668097426820672,0.566798364,131.81637616573616,131.81891,0.1585999999999999,0.1321666666666666,0
K03252.01,3.2229108293784097,3.22452656,121.78456525040063,132.50118,0.3007666666666666,0.2148333333333333,0
K03254.01,1.3325576030087642,1.33256944,121.3977232198559,132.05502,0.14587499999999998,0.1620833333333333,0
K03255.01,62.84443023468798,66.6504521,184.46441660235052,171.18229,0.21539999999999995,0.2393333333333333,1
K03256.01,55.68747168460373,55.7002642,152.9367826509231,152.6957,0.21424999999999994,0.1785416666666666,0
K03321.01,10.882263151507082,10.882416555,354.1511532768244,132.677164,0.11390416666666665,0.2278083333333333,0
K03322.01,25.197701863481385,25.19830439,354.52908727392787,142.2240343,0.1514975,0.216425,0
K07721.01,0.5072760925407273,0.50727675,131.77321215372788,131.77681,0.08699999999999994,0.0966666666666666,0
K04795.01,1.3163903952012388,1.316398648,132.30411165275183,132.2998,0.04383749999999997,0.0487083333333333,0
K04796.01,448.33690228467384,419.4596,684.5799236062271,275.458,0.281875,0.56375,0
K04867.01,14.198309925738727,14.2005007,132.06081598579442,135.7279,0.2398,0.218,0
K04868.01,1.3183469842086584,1.318347743,132.79119730374333,132.7886,0.0362916666666666,0.0362916666666666,0
K04869.01,6.093395179923939,5.5834987,136.70746546662463,132.562,0.15525,0.1035,0
K04870.01,1.124004939985,1.12401084,131.6458295562941,131.64952,0.1271666666666666,0.1271666666666666,0
K03218.01,1.2137459519951033,1.21374652,120.81328370177305,131.735,0.1404583333333333,0.1404583333333333,0
K03257.01,45.455722376843646,45.4333769,172.71540076183146,172.93877,0.31755,0.264625,0
K03260.01,61.39779837642479,56.6746666,169.8942431910731,160.44836,0.18386666666666665,0.2298333333333333,1
K03328.01,63.89604664148746,63.9005941,189.46530543159597,189.47344,0.17247708333333334,0.3449541666666667,0
K03330.01,16.294618685133177,16.2951259,144.8224922108702,144.80425,0.107275,0.15325,1
K03331.01,18.160916151883423,18.173045009,362.58084843344426,355.230984,0.36371000000000003,0.4546375,0
K03332.01,14.124112582991337,14.12678065,364.0354126083653,137.90377,0.19767666666666664,0.2470958333333333,0
K04798.01,377.33423632136305,358.56462,143.09141843607563,151.8698,0.2425,0.485,0
K07722.01,1.3375564432712768,1.337561836,132.14907660142867,132.14597,0.0656249999999999,0.0656249999999999,0
K04800.01,2.2375863326616896,2.23755641,171.09774036940811,133.0574,0.12185833333333325,0.0870416666666666,0
K04872.01,1.0352588371293456,1.035268597,132.35945421369127,131.73249,0.02123624999999997,0.0235958333333333,0
K04873.01,368.5778428670531,359.3259,230.88693746969295,431.3267,0.40983333333333327,0.4098333333333333,0
K04874.01,0.5667877054084894,0.566805268,131.8767336515766,131.8224,0.21705833333333324,0.1550416666666666,0
K03261.01,12.270978672866365,12.27057043,137.54745291081358,137.57434,0.1375916666666666,0.1250833333333333,1
K03262.01,13.226102211180201,13.2274753,137.77547199635438,137.71768,0.23834999999999998,0.2648333333333333,1
K07707.01,0.5595216654606935,0.559517155,132.06708235464464,132.07411,0.02979999999999996,0.0248333333333333,0
K03265.01,29.461315610622666,29.47316279,376.46668690799686,154.89251,0.40204374999999987,0.2680291666666666,0
K04732.01,0.5807247201456488,0.580725004,131.73295934121455,131.73303,0.07766249999999994,0.0862916666666666,0
K03200.01,2.1108091494309433,1.94468659,121.52533163872243,133.2347,0.45549999999999996,0.7591666666666665,0
K04733.01,7.280687203789483,7.28116667,358.50829368353436,132.7518,0.09053333333333327,0.1131666666666666,1
K04734.01,412.0410032763216,383.10017,538.4026068736135,286.3372,0.5133333333333333,0.3666666666666667,0
K04802.01,0.605557378207273,0.605556082,132.0317592895747,132.02856,0.0516625,0.0516625,0
K04803.01,4.361178472647902,4.36125889,132.5540710147499,132.53228,0.08152499999999997,0.0905833333333333,1
K04805.01,1.19087683286156,1.19087362,131.72030888958065,131.71838,0.074375,0.074375,0
K04806.01,1.06476456924485,1.06484622,131.63593382567592,131.5817,0.19174166666666662,0.1369583333333333,0
K04807.01,0.9698170248484554,0.969824139,132.28887238237928,132.28429,0.039150000000000004,0.032625,0
K04876.01,199.96452200760172,190.60563,172.54686860046698,229.5171,0.29854166666666665,0.5970833333333333,0
K04879.01,8.48065129453398,8.480305,135.8318380710021,135.8796,0.18054166666666668,0.2579166666666667,0
K04880.01,399.3120528945881,410.11676,297.8718221116219,328.2965,0.29104166666666664,0.5820833333333333,0
K03266.01,55.779198307491626,54.5091549,164.81389455896374,140.82739,0.17083333333333328,0.2135416666666666,1
K03267.01,14.196044299660588,14.1959621,137.00998135599005,137.01221,0.1502083333333333,0.1502083333333333,1
K03268.01,11.524357070291499,11.52482874,180.20613302292853,134.08163,0.043099999999999986,0.0718333333333333,0
K03269.01,46.840464832701244,46.84008579,149.89492620811626,164.134422,0.1591583333333333,0.1591583333333333,0
K04736.01,0.9928066038153708,0.992798625,353.09829234876025,131.70889,0.10227291666666662,0.1461041666666666,0
K04738.01,175.76340888701696,186.72243,282.47883461500396,308.6018,0.33375,0.5562499999999999,0
K04739.01,110.54965827065514,118.4039,214.87496187757432,195.109,0.27964999999999995,0.2330416666666666,0
K04740.01,172.61120899163186,182.281992,188.74696006826795,159.6829,0.22069999999999995,0.3678333333333333,0
K04809.01,9.594225144576962,10.0102876,354.45097126229217,131.8186,0.11104166666666665,0.2220833333333333,0
K03211.01,1.3669315958561832,1.366964704,121.28250527909601,132.195909,0.11590499999999988,0.0965874999999999,0
K04812.01,0.7795827765437572,0.77957913,169.92387782991594,131.7173,0.1330875,0.102375,0
K03219.01,0.5445649121396339,0.544561598,121.05015861708483,131.94532,0.0668874999999999,0.0668874999999999,0
K04882.01,18.728146993294864,17.4453133,360.67457729317204,135.7562,0.21416666666666662,0.2141666666666666,0
K04883.01,3.0044501100278964,2.9788702,133.08134315344157,133.5035183,0.5425,0.3875,0
K04884.01,1.9751564289964882,1.97515457,132.6698558939619,132.6578,0.13164999999999993,0.1097083333333333,0
K03270.01,21.995112897557103,21.993112,131.64042498831938,131.68608,0.2154,0.359,0
K03271.01,19.549099686615918,19.5489666,149.78696214617455,149.78882,0.06674999999999993,0.0741666666666666,1
K03273.01,27.683999328813037,27.6853358,132.73558135217107,132.70397,0.15536666666666663,0.1942083333333333,0
K03274.01,35.633164266017374,35.6225528,141.20236457235063,141.4514,0.28262499999999985,0.2018749999999999,1
K04741.01,7.140073047085255,7.1403113,138.02861229454032,137.9994,0.22091249999999996,0.2454583333333333,0
K07709.01,2.6949165805861974,2.69487041,131.5815546197928,131.59964,0.09573749999999999,0.106375,0
K04742.01,115.86103643013556,112.303136,200.2169572916166,230.4383,0.2934499999999999,0.2445416666666666,1
K04743.01,48.54028045596619,49.5387264,144.94460184088223,132.50072,0.13055,0.09325,0
K04744.01,3.3915398406056956,3.39155966,134.12462767442943,134.1211,0.16125,0.16125,0
K04814.01,1.33246627517222,1.33254897,539.8297862318116,132.0549,0.11561249999999998,0.1284583333333333,0
K04816.01,18.224632101035972,18.2260472,133.6337127352925,133.5798,0.10686666666666661,0.1526666666666666,0
K04817.01,0.6305426738034202,0.630539713,131.98714527482483,131.99124,0.04351749999999996,0.0725291666666666,0
K04887.01,1.0183730222518712,1.018347376,121.48029677986118,131.69633,0.201025,0.18275,0
K04888.01,0.6592993875964577,0.659299289,131.9586960659575,131.738727,0.02302666666666664,0.0287833333333333,0
K04889.01,106.54733993281488,101.97435125,235.62309922372984,163.8034772,0.05849999999999995,0.0974999999999999,0
K03275.01,37.30741028390267,37.32483952,161.69042788932776,143.0389,0.4354749999999999,0.2903166666666666,0
K03276.01,25.9837987424506,25.951984,154.32745946724566,148.92323,1.2007916666666665,0.8577083333333333,0
K03277.01,42.92189389276741,42.9136635,139.74837903123392,139.88848,0.26134999999999997,0.2177916666666666,1
K03278.01,88.14308776187734,88.1804682,209.32486755111765,209.15533,0.25165,0.2097083333333333,0
K04745.01,193.70160799794792,177.668663,221.7415186293233,264.2428,0.19370833333333332,0.3874166666666666,1
K04746.01,0.9804258849829848,0.98041685,131.77876988655692,131.78321,0.04212083333333326,0.0382916666666666,0
K04747.01,94.23255738253536,92.263742,145.94321105547442,146.4247,0.25097916666666664,0.3585416666666666,1
K04748.01,6.647630492454209,6.64754478,170.36122413373892,137.13371,0.06536666666666664,0.0817083333333333,1
K07710.01,1.2352922261507717,1.23517588,1001.4917677813678,131.9561,0.2966166666666666,0.2281666666666666,0
K04821.01,243.13502822969778,256.52387,160.56038971643622,366.9377,0.18895833333333334,0.3779166666666667,0
K03212.01,2.9998196041381293,3.0001191,121.00726593950242,132.9097,0.3580416666666666,0.2754166666666666,0
K03220.01,81.42281330288877,81.4160138,160.81947152371197,160.86387,0.41343749999999996,0.590625,1
K04894.01,8.589041473399933,8.5900471,132.0600230819932,131.9816,0.20200833333333323,0.1442916666666666,0
K07723.01,363.1487948397422,357.82544,203.26511766815145,255.208,0.18999999999999995,0.3799999999999999,0
K03279.01,30.828721990158353,30.8278245,358.91965950658806,143.1448,0.158025,0.1755833333333333,1
K03280.01,47.62886539371014,47.1607932,151.66920061732102,150.25797,0.21682916666666655,0.1667916666666666,1
K03282.01,49.28779452237807,49.2768448,156.86105297147674,157.02073,0.20512916666666658,0.1577916666666666,1
K03284.01,33.62546226761004,35.2330694,138.55488888871025,135.36477,0.1530833333333333,0.1530833333333333,1
K03285.01,45.38496110416415,45.3965379,364.05062473365643,136.9486,0.19129999999999991,0.1594166666666666,0
K07698.01,457.92687780000006,508.807642,368.3417492562446,368.34861,0.1498333333333333,0.1872916666666666,0
K04751.01,366.1062579443584,362.69427,149.7198041433348,154.1124,0.28291666666666665,0.4041666666666666,0
K04752.01,403.1143574828028,370.35639,705.5721234917844,425.9854,0.31875,0.53125,0
K04753.01,0.7297071589949932,0.729724346,121.10751124541144,132.04276,0.1461958333333333,0.1124583333333333,0
K04824.01,0.8214861645100512,0.821472455,132.28754163686182,132.3003,0.11151249999999989,0.1013749999999999,0
K04825.01,1.2901817508549012,1.29019586,132.12010429746113,132.11311,0.1558749999999999,0.1558749999999999,0
K04897.01,8.481007548485472,8.48032079,135.770525046096,135.85214,0.14477499999999996,0.2412916666666666,0
K04899.01,206.79597549826684,227.6258,269.7897952219005,143.8206,0.19729166666666664,0.3945833333333333,0
K03286.01,18.139847517808008,18.1373788,354.375102459787,136.8106,0.16016666666666657,0.1601666666666666,1
K03287.01,51.10394469947396,51.1104797,143.9003004814371,143.77855,0.25706666666666667,0.3213333333333333,1
K03288.01,48.00790553628669,47.9869119,160.27076128444338,160.65401,0.31161666666666665,0.2225833333333333,1
K01192.02,350.8121088109506,359.047933,274.2442077655419,295.76934,0.6238874999999999,0.6932083333333333,0
K03289.01,29.809604076868197,29.8042694,359.206391576257,150.6786,0.1812416666666666,0.1294583333333333,0
K07699.01,1.0030607367476267,1.003049079,132.35859216098572,132.372429,0.19914249999999994,0.3319041666666666,0
K04757.01,0.9331600801129424,0.933157032,132.35662398932632,132.35981,0.06534999999999996,0.1089166666666666,0
K04758.01,37.11100981632276,37.1083458,166.21618250321225,166.2453,0.1713333333333333,0.1713333333333333,0
K04828.01,1.0209676665137697,1.02104719,131.61816843806278,131.5654,0.213,0.26625,0
K04829.02,13.321835596872415,12.083457,910.9617380585079,134.475,0.11786666666666663,0.1473333333333333,0
K04830.01,370.97207919396175,401.5907,167.21812125572256,172.2086,0.36924999999999997,0.6154166666666666,0
K03221.01,58.81727765341938,53.912783631,174.13356319076388,132.2733337,1.10126,1.8354333333333333,0
K04901.01,1.2313922033083347,1.23142395,120.68467214884237,131.7651,0.1275166666666666,0.0910833333333333,0
K04903.01,424.760099599017,386.828262,546.0227911781908,177.56829,0.126125,0.2102083333333333,0
K03291.01,15.876218175662048,15.8733803,135.52554668886506,135.62779,0.28002,0.3111333333333333,0
K03292.01,42.397874703930455,42.3991752,142.47286408825352,151.96105,0.42297499999999993,0.302125,0
K03293.01,25.939786169463353,25.95198823,362.77037193019424,154.88102,0.4258916666666666,0.6084166666666666,0
K03294.01,25.947785991716465,25.9522401,155.0137640446256,148.91634,0.4336041666666667,0.8672083333333332,0
K03295.01,14.127163760279283,14.12809896,137.1675753968054,137.11989,0.1162999999999999,0.0969166666666666,0
K04760.01,13.6906247329277,13.6917833,133.85585459605352,133.78898,0.1749166666666666,0.1749166666666666,0
K04761.01,26.376708274200066,25.95633,146.98716286154254,154.7054,0.6584999999999999,1.0975,0
K03204.01,0.51828377495757,0.572937573,120.95198703136761,131.69432,0.1502666666666666,0.1073333333333333,0
K03213.01,14.152191655779976,14.15849823,134.2521667794957,134.0065,0.9657499999999999,1.9315,0
K04831.01,212.85459458077779,207.471349,175.1128871356073,254.0825,0.15560416666666665,0.3112083333333333,0
K04832.01,12.133500305527683,12.3748247,121.85114479689011,138.0615,2.625291666666666,3.7504166666666663,0
K03501.01,14.54417464482591,14.541781166,740.415919595771,144.269401,0.30383666666666664,0.3797958333333333,0
K03502.01,12.424445634345894,12.4261177,141.6184659911375,141.51156,0.59449375,1.1889875,0
K03503.01,21.19071700255005,21.1876185,148.7554023740252,148.8101,0.1845,0.15375,1
K03503.02,31.778926500501623,31.8245304,138.2972773740252,144.5289,0.191125,0.17375,1
K03504.01,12.417422264379004,12.42560404,179.39138193244287,141.5345371,0.5985049999999998,0.9975083333333332,0
K03505.01,30.963899717416293,30.9604688,156.06167266478235,156.1377,0.31233333333333335,0.6246666666666667,0
K07717.01,1.04160685857173,1.041619932,121.43554155440341,131.836717,0.23688583333333335,0.3384083333333333,0
K03588.01,2.5447211264966336,2.544594443,539.6107147888574,135.040236,0.14729595833333328,0.1339054166666666,0
K03589.01,57.32170168560351,56.40651043,388.4192996514798,138.309825,0.6144399999999999,0.7680499999999999,0
K03590.01,7.9641340684093205,7.964400574,912.0889359211386,131.563644,0.18650416666666664,0.1865041666666666,0
K03591.01,6.399135351439533,6.399101307,137.897471558996,134.702264,0.15813,0.1976625,0
K07778.01,0.5667896376576519,0.56678228,352.89904964622286,131.8571,0.15749999999999992,0.1968749999999999,0
K03592.01,8.4809371745844,8.480303653,132.6662944812617,135.854594,0.3120445833333333,0.3120445833333333,0
K03365.01,22.131187707214064,22.1270885,144.82551470700633,144.93039,0.24223333333333327,0.1863333333333333,1
K03366.01,10.678089270141609,10.6784787,140.1774748330573,140.159,0.08651249999999992,0.0961249999999999,0
K03369.01,42.55005138872213,42.559265547,388.99807869072936,161.57039,0.21039124999999997,0.1402608333333333,0
K03435.01,24.215322718594507,24.2157996,375.63560457942975,133.4661,0.16346249999999993,0.1816249999999999,0
K03436.01,44.26307905784296,44.2018402,145.73809970481503,163.21471,0.2886916666666666,0.2062083333333333,1
K03437.01,15.033617060197358,15.0330623,131.8685621847551,131.89493,0.23722499999999994,0.2635833333333333,1
K03506.01,12.140535836693976,12.62530918,123.74084568975258,140.0602,0.18450833333333327,0.1317916666666666,0
K03510.01,128.7944092321796,124.93576738,195.17019211187562,177.686517,0.37803999999999993,0.3150333333333333,0
K01803.02,13.618149287959222,12.720298433,138.4877225120323,140.3669017,0.07174708333333331,0.1024958333333333,0
K01803.03,6.809109667889115,6.238315363,133.94093522036562,134.3054225,0.08336666666666664,0.1042083333333333,0
K03511.01,129.31419309092436,119.67980316,192.03407365560219,176.106325,0.6706833333333333,1.3413666666666666,0
K03512.01,6.399450862952411,6.399107136,137.86804201312137,134.7016363,0.15224445833333333,0.2174920833333333,0
K03513.01,8.480102146314424,8.480304281,132.72423780235138,135.854534,0.3419895416666666,0.3108995833333333,0
K03593.01,126.50191620835135,117.6813778,121.49618167596304,147.206961,0.4784662499999999,0.5316291666666666,0
K03594.01,16.113783538071857,17.72722648,1003.1431067105016,144.070402,0.10343999999999999,0.1724,0
K07779.01,1.7102244519619851,1.71024931,353.9729121927253,131.6423,0.08262916666666663,0.1180416666666666,0
K03595.01,101.25710967434394,100.40132734,373.18401193760553,216.083194,0.5683766666666666,0.4059833333333333,0
K03596.01,10.654244236558398,11.320287875,914.6922448374252,131.803042,0.2612019583333333,0.2009245833333333,0
K03597.01,1.2190216811384325,1.219034103,735.5270580364377,132.100694,0.07144083333333331,0.1020583333333333,0
K03370.02,5.942339028577035,5.94228603,133.79863123201946,133.804,0.09037500000000001,0.090375,1
K03373.01,57.01770225044666,57.0599992,169.48091342788985,164.25706,0.46643749999999995,0.3109583333333333,0
K03438.01,14.557737590556815,14.5565618,140.9905459331242,141.03671,0.22769999999999999,0.18975,1
K01731.02,0.8379218637219427,0.837898153,260.999773415162,131.98187,0.0876666666666666,0.0876666666666666,0
K07747.01,0.6030759089497671,0.603086711,131.6729903039307,131.664075,0.06340249999999985,0.0452874999999999,0
K03439.01,37.835065396303314,41.7084063,153.4294720278673,153.53793,0.24987083333333332,0.3569583333333333,1
K03440.01,33.02045469960306,33.0257179,194.10730467611927,161.01,0.22619999999999998,0.2513333333333333,1
K03441.01,27.753817752156234,25.366990665,177.37096818542307,138.8144224,0.2233349999999999,0.2481499999999999,0
K03514.01,417.43796874047143,428.32173928,308.034338350657,276.530352,0.8458166666666666,1.691633333333333,0
K03515.01,75.57065356874644,82.137609997,121.83942413103671,196.1225133,0.15297599999999995,0.2549599999999999,0
K07766.01,3.0602227471417045,3.06026014,132.76858998077992,132.762,0.11664583333333327,0.1060416666666666,0
K03516.01,24.078611985950968,24.0612744,908.1125497147144,138.38747,0.4154958333333333,0.8309916666666666,0
K03517.01,68.10484256865479,66.36099916,187.8093853799168,168.379642,0.4179458333333333,0.8358916666666666,0
K03518.01,8.93907955691066,8.939461148,736.4407658397465,133.013944,0.2837706666666666,0.2579733333333333,0
K03520.01,131.60321562328042,135.58607679,180.3433332234455,177.9285627,0.161653625,0.23093375,0
K03599.01,6.308882671314629,6.30828538,540.4387631046876,134.379945,0.07251795833333331,0.1035970833333333,0
K03600.01,4.328214003,4.80912667,908.8163835467013,134.07939,0.1983275,0.3305458333333333,0
K03601.01,2.3235189027286096,2.33211505,907.811651733435,132.19683,0.17308841666666663,0.1236345833333333,0
K03602.01,249.60493723184928,249.36211832,336.17987305636814,279.658296,0.31334625,0.3481625,0
K07736.01,0.6647255373351494,0.664727127,121.00084156444109,131.63516,0.05203333333333328,0.0650416666666666,0
K03374.01,9.509335424735962,9.5084871,140.48384502862868,140.5602,0.14573333333333327,0.1821666666666666,1
K03375.01,45.29329159183247,47.0563327,392.76586118294216,173.9653,0.18026249999999994,0.2002916666666666,1
K03376.02,195.6775550776347,179.85022331,325.0821471653602,225.3762426,0.14749999999999994,0.1229166666666666,0
K03376.01,29.97879672535234,29.9756697,135.38363466536032,135.45089,0.1244583333333333,0.1244583333333333,0
K03443.01,97.36461261084537,96.169569,162.12091344743354,170.2581,0.28109999999999996,0.3123333333333333,1
K07748.01,1.5508230866923747,1.55090374,131.6446924943972,131.61966,0.17663333333333323,0.1261666666666666,0
K03445.01,82.34394323793808,82.303914,158.59747278245092,159.0461,0.57765,0.6418333333333333,1
K03521.01,133.78168624583137,131.97827736,190.63230280548743,179.588119,0.268117875,0.29790875,0
K07768.01,0.789179018031454,0.789171236,132.11610858176383,132.12333,0.07225,0.07225,0
K01806.02,16.830344645309356,17.9346606,143.77772682424984,138.21679,0.20833333333333326,0.2604166666666666,1
K01806.03,8.415437069473834,8.37159554,135.33074349091652,137.68075,0.21883333333333332,0.2188333333333333,1
K01806.01,2.404499051550499,2.404556949,131.69939682424985,131.67616,0.21851083333333332,0.3121583333333333,0
K03522.01,231.30820012229873,241.07074582,258.42308894190126,223.9933126,0.4944314999999999,0.4120262499999999,0
K03523.01,102.54678242092679,106.17593813,184.3121108266888,234.6409876,0.3472266666666667,0.4340333333333333,0
K03524.01,202.4115675938477,184.6467208,263.15700249478164,151.98458,0.4746725,0.7911208333333333,0
K03525.01,6.282180755350088,6.282033445,357.73774019138557,131.590793,0.2792566666666666,0.3490708333333333,0
K03603.01,5.518275836204086,5.519188936,738.8917900325326,134.470023,0.2972958333333333,0.2972958333333333,0
K03604.01,4.8174657909732,4.818863794,909.9976719138446,131.677655,0.20875,0.2609375,0
K03605.01,193.3606259939835,178.26802035,160.16321985681049,255.351351,0.17105112499999992,0.2443587499999999,0
K03606.01,2.1652037956283765,2.181555909,908.2556994943953,133.48675,0.2576810833333332,0.1840579166666666,0
K03607.01,0.89528013839961,0.895276162,260.5380675568211,131.6225645,0.07629499999999997,0.1271583333333333,0
K03608.01,255.97241369089383,244.83274973,322.6704934691006,285.7025679,0.25491725,0.18208375,0
K03379.01,30.44853724313033,30.4544418,140.92269225712346,140.76863,0.25859999999999994,0.2873333333333333,1
K03380.01,10.26640242733616,10.26558924,136.42594615988,136.49645,0.1454625,0.161625,0
K03382.01,18.923126736646037,18.9257333,145.61702813618345,145.5267,0.153725,0.2562083333333333,0
K03383.01,37.88679564131517,37.8862977,170.907030222164,133.03141,0.19567499999999993,0.2174166666666666,1
K03446.01,11.960870235700773,11.9615433,359.1957444502278,131.895,0.10429999999999999,0.130375,0
K03449.01,58.96205470495286,62.127677128,181.15781446751197,172.0663,0.3062529166666666,0.2187520833333333,0
K03450.01,31.968694827021753,31.9730649,133.9335553888157,133.8409,0.33269999999999994,0.3696666666666666,0
K03526.01,151.22571655576306,143.1188694,219.83901538866493,266.359224,0.4903179166666667,0.7004541666666666,0
K03527.01,78.91779331140319,76.81985465,140.24605846920787,188.1256603,0.30114524999999986,0.2151037499999999,0
K03528.01,154.92546572875378,165.40574995,169.17547511723265,141.5762383,0.28408958333333334,0.5681791666666667,0
K03529.01,66.33665559317281,71.661915163,410.8570462700187,172.9074598,0.264045,0.264045,0
K03530.01,9.451523224315052,9.44942685,359.1068504791859,136.026498,0.1333964583333333,0.2667929166666666,0
K07781.01,0.7158012385686993,0.715802309,170.34325078237603,131.690348,0.04545916666666662,0.0649416666666666,0
K03531.01,74.7834715883224,70.58284717,205.09003146043244,190.4997847,0.183576875,0.36715375,0
K03609.01,2.995140410675941,2.995357359,737.8783226033655,132.796981,0.2741254166666667,0.2741254166666667,0
K03610.01,3.8404096389273708,3.840485025,355.2921415867912,134.446386,0.07147999999999997,0.1191333333333333,0
K03610.02,1.920220774624357,1.92027188,353.3633474201245,132.5246606,0.1104166666666666,0.1104166666666666,0
K03611.01,9.89666066748232,10.443341795,908.4430421572,133.62903,0.22987825,0.16419875,0
K07737.01,4.675446932376955,4.75307877,123.67795062196198,134.5462132,0.13708333333333325,0.0979166666666666,0
K03612.01,19.372409404897603,19.515013291,923.2795343678233,136.215942,0.11484474999999997,0.1914079166666666,0
K03384.02,19.91520112605061,19.9158863,139.39528174662294,139.36828,0.23216249999999997,0.2579583333333333,1
K03385.01,51.10793387218576,54.061328105,155.64099466156514,181.788127,0.13073170833333334,0.1867595833333333,0
K03386.01,33.81807905630116,34.525990182,366.55216438671914,150.102207,0.09318625,0.1863725,0
K03387.01,14.281556764187316,14.2821417,136.35023918110903,136.32946,0.0861666666666666,0.0861666666666666,0
K03452.01,18.648239665714424,18.64532882,176.2550069432293,147.207512,0.07581104166666665,0.1516220833333333,0
K03454.01,20.751052309426747,20.882125422,365.48528467651494,146.5689626,0.20084124999999997,0.3347354166666666,0
K03456.01,30.861283663598936,30.8609783,200.03288850237703,138.31416,0.15809999999999996,0.1756666666666666,1
K07769.01,3.6528731326763753,3.652810043,353.95103350577483,134.7903032,0.056745,0.06305,0
K03457.01,15.65313545495107,15.65134872,122.9713969796136,132.81191,0.24239249999999998,0.1731375,0
K03532.01,286.62348809142685,286.1755875,323.53404224778456,314.101583,0.46965624999999994,0.6709375,0
K03533.01,163.38656727945983,152.15144795,210.36156533963273,215.015903,0.5596083333333332,1.1192166666666663,0
K07783.01,0.5426377000297841,0.542636318,131.95108043627533,131.95581,0.05745666666666663,0.0522333333333333,0
K03534.01,32.62542125258439,29.911334059,266.7267820978011,153.595491,0.1514408333333333,0.3028816666666666,0
K03535.01,5.2894102365,5.877122485,740.6309649898916,136.42083,0.2751320833333333,0.1965229166666666,0
K03618.01,10.639543933618421,10.636305846,910.7778100247516,139.783159,0.17240399999999992,0.2155049999999999,0
K03619.01,2.103268472710822,2.1032389,132.86181644579776,132.868177,0.18892416666666662,0.2698916666666666,0
K03620.01,45.39276365357146,46.698200933,153.67905878753479,167.6984656,0.0743852083333333,0.1487704166666666,0
K03621.01,4.382866469972438,4.39451798,907.1921344939182,133.62094,0.09842333333333328,0.1230291666666666,0
K03388.01,25.98095548994813,25.9518795,154.65415661615327,148.92549,0.4493541666666666,0.8987083333333332,0
K03390.01,56.033355618539325,56.048096688,159.40064490361542,159.1678042,0.10110675000000001,0.16851125,0
K07751.01,2.2516226209251347,2.25161215,122.53373170287261,131.54653,0.06999999999999999,0.0875,0
K03392.01,50.38922369165549,50.35545898,213.73016714116596,136.9113798,0.3219200833333332,0.2299429166666666,0
K03458.01,14.028713608524697,14.0328775,362.7431896700547,138.0603,0.22279999999999994,0.2784999999999999,1
K03459.01,13.221842767690097,13.2226149,144.3338134731773,144.295,0.14456666666666665,0.1807083333333333,1
K07770.01,3.85997109542538,3.54828691,132.2781392373415,131.83563,0.19139166666666663,0.1367083333333333,0
K03536.01,150.87930184881486,156.51657398,129.5550454237915,278.137378,0.40752999999999995,0.5094124999999999,0
K03537.01,1.3669487494506813,1.366946478,353.6495200139088,132.204582,0.126637875,0.14070875,0
K03538.01,294.0421235810324,313.09275066,441.4780626307409,424.715381,0.53792625,0.5976958333333333,0
K07782.01,0.5668071346164665,0.566813677,169.7722697710305,131.78895,0.09217499999999994,0.1024166666666666,0
K03539.01,158.42426299872102,157.32263943,212.30882449149664,222.900363,0.4567333333333333,0.9134666666666666,0
K03540.01,10.437999983841893,9.53040216,445.44659861324106,138.232917,0.34755525,0.24825375,0
K03627.01,4.2185963194900555,4.218512654,354.9684539446588,133.506768,0.12097966666666664,0.1512245833333333,0
K03627.02,8.437911218659053,8.529991199,359.1398735279921,137.654769,0.1498274999999999,0.1664749999999999,0
K03628.01,3.471464888093239,3.47140045,907.7807453094624,133.750744,0.03229166666666665,0.0645833333333333,0
K03629.01,1.9229988630272423,1.922862476,907.6236110406934,132.735702,0.1441416666666666,0.1441416666666666,0
K03393.01,52.68674361394456,54.6493679,371.55583368784505,176.0447,0.165875,0.33175,1
K07753.01,0.905664193662504,0.905675699,132.21073187628048,132.20066,0.070875,0.070875,0
K03464.01,15.976112251093092,15.9750417,135.65958054023977,135.71533,0.13308749999999991,0.1478749999999999,0
K03465.01,16.049921028421075,16.0505464,125.70519293028178,141.73408,0.10569999999999999,0.132125,1
K07771.01,0.8052704318155862,0.805267592,352.7332459066104,132.09128,0.04434999999999996,0.0369583333333333,0
K03466.01,11.078665372790041,11.082622625,741.2092300765163,746.1967676,0.1380383333333333,0.2760766666666666,0
K03541.01,460.0489742810662,421.42848194,260.2570953527975,262.2889053,0.2509637083333333,0.3585195833333333,0
K01823.02,1.0965840413207832,1.096587245,132.51503164082234,132.51421,0.08833708333333332,0.1261958333333333,0
K01823.01,4.386399462446671,4.468456599,135.79393309915568,138.741584,0.07688958333333329,0.0591458333333333,0
K03542.01,3.012431303683507,3.012476415,260.28712618369735,132.2466206,0.08297574999999996,0.1382929166666666,0
K03543.01,226.10767597917834,204.74104758,306.921101234822,202.871314,0.4278270833333333,0.8556541666666666,0
K07727.01,0.759737134180682,0.759740194,131.82421179271148,131.82001,0.1354999999999999,0.1354999999999999,0
K03544.01,4.664293194159274,4.664186517,740.0080285013229,133.670668,0.18626208333333324,0.1693291666666666,0
K03545.01,1.092066291500934,1.092066399,352.70112611744054,132.1028432,0.09920266666666663,0.1240033333333333,0
K03613.01,3.0536335589267996,3.053578643,353.7224239880652,133.878843,0.16144199999999997,0.134535,0
K03614.01,2.992424130629685,2.992662857,908.5132537246401,131.893219,0.08419333333333327,0.1052416666666666,0
K03615.01,4.6641394303218,4.664188563,133.68229936642214,133.670244,0.17292916666666663,0.1572083333333333,0
K07738.01,0.8966380411519554,0.954873008,131.54961118390742,131.851983,0.06633124999999995,0.0442208333333333,0
K03616.01,0.564935029439408,0.56493412,352.6762313650527,131.7871403,0.06440524999999998,0.1073420833333333,0
K03617.01,1.675000661251483,1.674984844,445.00756392353384,131.793034,0.12303349999999999,0.2050558333333333,0
K03398.01,7.159776531274424,7.31945294,123.46751256105999,137.22065,0.2643875,0.203375,1
K03398.02,34.69970548203712,35.8007112,149.33965839439333,144.92169,0.4109499999999999,0.3424583333333333,1
K07754.01,0.790031437288399,0.790049989,132.1352371495923,132.11148,0.1396999999999999,0.1164166666666666,0
K03399.01,14.154250971064723,14.15402615,356.47765440840016,144.17685,0.1200208333333333,0.1714583333333333,0
K03467.01,35.66515807766141,33.93754213,379.80452390599294,147.182401,0.27919249999999995,0.4653208333333333,0
K03468.01,22.036260170003644,20.7057153,142.23849490868258,139.9803,0.201625,0.40325,1
K07772.01,3.7231248923449636,3.7228679,134.55871850767502,134.635,0.3185666666666666,0.3982083333333333,0
K03546.01,4.28610565457648,4.286103033,355.3256001484596,134.590777,0.07706416666666663,0.1100916666666666,0
K03547.01,261.70008471,290.7778719,308.6344074573291,393.511387,0.25109375,0.5021875,0
K03548.01,5.019890759715895,5.017239915,540.1151340872112,134.490136,0.25440683333333325,0.1817191666666666,0
K07728.01,0.9379312027745226,0.937923475,132.3362630647161,132.34501,0.11864999999999996,0.1318333333333333,0
K03549.01,203.98456027919383,204.0329342,253.7356256833936,253.536626,0.36588125,0.7317625,0
K03550.01,2.148200904645617,2.148219541,352.96680698371324,132.76673,0.09803033333333327,0.1225379166666666,0
K03551.01,53.227971234768916,58.621578824,142.67164258999134,178.5674958,0.1777002083333333,0.3554004166666666,0
K03622.01,3.1257970817952256,3.125821128,123.54525161388749,134.479684,0.08311124999999996,0.0923458333333333,0
K03623.01,1.0320649802698971,1.032068851,170.02800873839604,131.8383,0.062253333333333306,0.0889333333333333,0
K07739.01,6.674820124902847,6.6751871,357.75399121224734,137.4528,0.10871666666666664,0.0988333333333333,0
K03624.01,1.4502037853778151,1.450205839,261.056347709806,131.985523,0.10608791666666663,0.1515541666666666,0
K03625.01,3.224106940518216,3.224486463,907.3852072461506,131.855925,0.1923691666666666,0.1923691666666666,0
K03626.01,44.20547748495686,44.14579777,919.0531575997373,167.392037,0.18736666666666663,0.1703333333333333,0
K03400.01,33.46189856705883,33.3239576,160.5884143810894,132.58989,0.7753541666666666,1.5507083333333331,0
K07756.01,0.9410031698808964,0.94102954,120.63052408854777,131.9021,0.1839583333333333,0.1839583333333333,0
K01681.02,1.9928259897711753,1.992812339,131.70189360877245,131.70565,0.05164999999999999,0.0860833333333333,1
K03402.01,36.50658168150245,36.514374043,370.4264667211606,163.794463,0.3241275,0.27010625,0
K03403.01,39.83145371261012,39.818832,126.63473530706959,166.65072,0.31374583333333333,0.4482083333333333,1
K03403.02,6.158570427064956,6.15828666,123.13662905706958,135.4969,0.21096666666666666,0.2637083333333333,1
K03470.02,25.440301500454318,25.4337864,371.85779300705593,143.1302,0.2714166666666666,0.2714166666666666,1
K03471.01,64.6517937181145,67.451045,193.18868723489248,151.96756,0.33520125,0.3724458333333333,0
K03474.01,50.41221140567891,52.6095103,158.7324362496897,158.6253,0.170875,0.34175,1
K03552.01,15.205872535430299,15.873380595,745.4876677817006,143.859941,0.2010725,0.3351208333333333,0
K03553.01,65.5709134745878,65.583665567,182.1451350289991,182.6493381,0.27149199999999984,0.2088399999999999,0
K03554.01,359.1646516236823,394.67816267,443.3663977913566,346.1399939,0.32794829166666656,0.2522679166666666,0
K03555.01,115.86010803697111,111.31980522,167.36617159839358,226.648705,0.4793291666666666,0.9586583333333332,0
K03556.01,106.99427784192224,110.29512684,238.01816028003128,235.750948,0.4133474999999999,0.6889124999999999,0
K03334.01,91.45500759025664,95.178317934,176.02472359834246,224.596785,0.09003124999999998,0.1500520833333333,0
K03335.01,30.115471508539887,31.2543238,373.8070455848224,155.047,0.2359166666666666,0.2359166666666666,1
K03336.01,61.414041181019535,61.4911479,397.7928163737023,163.633663,0.5278541666666665,0.4060416666666666,0
K07757.01,11.04283614109944,10.828825742,136.21254908447986,134.9251984,0.039406250000000004,0.0303125,0
K03404.01,78.04823282555283,82.292865,182.8899012207237,212.0314,0.1468333333333333,0.2936666666666666,1
K03407.01,90.5376093120728,92.436978,184.45549524771548,163.5794,0.3484,0.268,1
K03409.01,11.082434902977443,11.08260553,125.5877293833726,136.6562,0.18170833333333328,0.2595833333333333,0
K03475.01,21.52139363833522,22.7832776,136.65062964869279,145.53344,0.24464999999999998,0.17475,0
K03476.01,23.737172550310856,23.737952838,360.67496311374066,147.006678,0.38995824999999995,0.3545075,0
K03477.01,21.467586722857508,21.4618453,132.0440498818818,132.2156,0.3310416666666666,0.2364583333333333,0
K03479.01,71.0515556593296,75.13194883,169.30100589826546,184.429462,0.43485208333333336,0.8697041666666667,0
K03479.02,1.7102744287658636,1.71029474,131.6166973565988,131.61307,0.0982,0.12275,0
K03557.01,232.89566538361004,243.82122131,192.61670550758157,159.4958018,0.31882666666666665,0.4554666666666667,0
K07730.01,0.7751119851528854,0.77459856,132.06062638278405,132.3192077,0.15808333333333324,0.1129166666666666,0
K03558.01,16.22529850860852,16.227548674,356.0536472717725,136.6397289,0.1059720833333333,0.2119441666666666,0
K03559.01,42.4704933,47.189437,169.95848946207468,148.044865,0.3370208333333333,0.4814583333333333,0
K03560.01,1.5018967698456083,1.501760172,631.6232211147985,131.5669078,0.14637974999999998,0.24396625,0
K03561.01,4.05307414045451,4.05325447,355.6737852732895,134.744552,0.11700499999999993,0.1671499999999999,0
K07740.01,1.5499975574993832,1.549979213,132.66781779273464,132.675027,0.1898625,0.3164375,0
K03338.01,10.994480775721625,10.99381963,127.76883611411564,133.253208,0.17365791666666663,0.1578708333333333,0
K03338.02,10.993137700179089,10.9938087,127.85728757244897,138.80624,0.2100125,0.2100125,0
K03410.01,16.58125179179471,16.5860329,133.5076143954255,133.28136,0.32280416666666667,0.2934583333333333,1
K03410.02,64.83401070593531,61.569765,180.14022272875883,182.0201,0.325,0.40625,1
K03412.01,16.751155029372416,16.7525077,131.65814777958687,131.59834,0.14547499999999988,0.1322499999999999,1
K03413.01,49.97988492292998,49.612757516,151.32532480506148,165.9984372,0.20638420833333332,0.2948345833333333,0
K03482.01,15.331302606806902,15.3317719,142.54874921723376,142.5217,0.20501249999999993,0.2277916666666666,1
K03484.01,92.086200474243,84.704139,361.9896612680247,152.1832,0.3031291666666666,0.4330416666666666,1
K07731.01,0.7551084803690332,0.755105584,121.24087551032264,131.8133513,0.1255935,0.2093225,0
K03562.01,98.18463955288216,101.26336282,226.3935256276761,214.125128,0.3728145833333333,0.7456291666666666,0
K03563.01,120.27993993999847,120.58167178,399.7038721721509,248.238772,0.27634666666666663,0.3454333333333333,0
K03564.01,1.558536994112656,1.558544209,352.8821627049067,131.567665,0.11242333333333328,0.1405291666666666,0
K03565.01,2.6377074240047165,2.63757408,353.10548392667766,131.575561,0.24844166666666662,0.2484416666666666,0
K03566.01,7.781725692000001,8.64636188,912.6357688393447,135.46223,0.2912023333333333,0.3640029166666666,0
K07741.01,125.26548281977243,125.288206,252.19239206664176,252.0979,0.2001458333333333,0.1539583333333333,0
K03567.01,113.55317550169863,112.46358893,217.2139136242268,197.557702,0.66306875,1.3261375,0
K03342.01,42.395201059708214,42.39930429,364.0105466318507,354.461453,0.38251875,0.7650375,0
K03344.01,11.6036996042989,11.6044881,139.10424188928855,139.05603,0.12783749999999994,0.1420416666666666,1
K03344.02,3.6390533088248107,3.63898953,131.77015647262186,131.78562,0.07506666666666664,0.0938333333333333,1
K03414.01,25.587776791454626,27.009807384,267.0473829754487,141.2897316,0.09015324999999991,0.0819574999999999,0
K03415.01,15.022247014574726,15.0219784,128.65880708590336,143.6989,0.1689333333333333,0.2111666666666666,1
K03417.01,99.69476542850812,91.078624,395.866850164092,213.7723,0.2576,0.4293333333333333,1
K03418.01,85.26344325637258,85.272459,182.45143373873682,182.3725,0.33275,0.5545833333333333,1
K03485.01,12.43286870051641,12.42592675,140.93157994903484,141.5292956,0.7292525000000001,1.2154208333333334,0
K03487.01,92.58048393095291,89.7398137,164.148959557213,205.26465,0.12238912499999995,0.1359879166666666,0
K03489.01,90.10047725817603,90.08255562,148.77757656752422,173.987561,0.4932525,0.8220875,0
K07732.01,0.7597787003506341,0.759768478,131.7831974750732,131.78573,0.1411999999999999,0.1176666666666666,0
K03490.01,44.14494827254764,42.2011587,146.8415897999077,172.4344,0.5299375,0.3532916666666666,0
K03568.01,16.44975956961829,15.65129028,745.3173637104202,132.81543,0.42269375,0.2817958333333333,0
K03569.01,9.014404239823858,9.014220178,261.7775785527035,131.549902,0.08062862499999993,0.1151837499999999,0
K07742.01,414.64156081089055,372.76888,382.4401508491593,377.6144,0.4847916666666666,0.9695833333333332,0
K03572.01,2.086079221801511,2.086076372,260.6659345600069,133.416141,0.08010666666666663,0.1001333333333333,0
K03345.01,38.11859367611589,38.1303324,159.56364023264348,159.3878,0.4081249999999999,0.2720833333333333,1
K03346.01,14.426130324854034,14.42735088,138.9190189857734,138.84024,0.1416625,0.202375,1
K03347.01,12.90244997915046,12.90235874,139.14566301197044,139.15105,0.09172499999999993,0.1019166666666666,1
K03348.01,36.430441993682486,36.4337867,132.95855821050222,132.90573,0.14626666666666663,0.1828333333333333,1
K03419.01,55.99820724921393,58.5850357,164.89317805761152,140.799676,0.2096441666666666,0.1497458333333333,0
K01792.02,1.5462380022324083,1.546222068,121.62223382764036,132.45951,0.33325,0.33325,0
K01792.03,9.110178984466463,9.10969334,123.91838070264036,133.06566,0.17726999999999998,0.2215875,1
K01792.01,83.50832468106162,88.40678718,158.5654540359737,176.274619,0.5128291666666667,0.5128291666666667,1
K03491.01,97.26218516040176,89.3313828,184.37752706703037,204.18503,0.297975,0.496625,0
K03492.01,22.297894051492758,22.2941485,124.05244101715351,146.4526,0.18596666666666664,0.1328333333333333,0
K03493.01,46.7161017980879,46.7162336,145.50106082474386,145.5064,0.2722124999999999,0.3024583333333333,1
K03573.01,45.215849522960156,43.56225858,165.99099189890904,153.270753,0.23045624999999986,0.1536374999999999,0
K03574.01,185.04943453287535,198.443477,168.4920057221225,155.615557,0.45730666666666664,0.4157333333333333,0
K03575.01,17.911625511417657,17.907664726,922.7639261559829,139.743761,0.20949449999999994,0.2327716666666666,0
K07743.01,2.404344400701094,2.4044122,133.2465950831899,133.2244,0.190625,0.190625,0
K03576.01,22.767070558213092,22.77196484,748.723070663933,140.4865,0.1739083333333333,0.3478166666666666,0
K03577.01,187.06409834277002,184.52015392,167.72733894650264,237.698721,0.319925,0.63985,0
K03349.01,82.20002046947539,82.175197,197.03347520500864,197.20187,0.361,0.361,1
K03350.01,28.31917683800505,29.015852933,367.64895320585055,138.402477,0.2699414999999999,0.2999349999999999,0
K03351.01,76.27094038766575,77.36241476,212.50505682393242,139.095626,0.25274375,0.5054875,0
K07761.01,500.34240874505275,495.71095,450.04988225164584,450.0348,0.13165833333333332,0.1880833333333333,0
K03352.01,10.35834075661716,10.35857039,138.32570868046315,138.30794,0.0966375,0.107375,1
K03423.01,30.254825235938064,30.2541186,136.62086404505143,136.63873,0.08002499999999994,0.0889166666666666,1
K03424.01,17.08199162159226,17.081202417,356.25541943584295,134.296431,0.15012854166666664,0.3002570833333333,0
K03425.01,20.02991880558746,20.034708,125.5951415821153,145.4541,0.3785833333333332,0.2704166666666666,1
K03425.02,3.157250285352908,3.15722086,122.22341241544864,131.69915,0.141075,0.15675,1
K03496.01,22.644609686097375,23.2385587,172.3126678193325,143.5274,0.3864666666666666,0.3513333333333333,1
K07734.01,128.23315503397725,118.314913,218.4903160088159,215.6117,0.27941666666666665,0.1995833333333333,0
K03497.01,20.358070654022573,20.35971899,134.3574324263866,134.29123,0.09863791666666663,0.0896708333333333,1
K03498.01,43.795903634599725,43.798566,158.94293339874937,172.58505,0.3733916666666666,0.2667083333333333,0
K03578.01,134.3824907324911,131.73630485,186.05901190982718,194.5833896,0.19817849999999995,0.2201983333333333,0
K03580.01,190.10840699740845,198.01379181,323.6303675064306,234.151682,0.2026402083333333,0.4052804166666666,0
K03581.01,10.994084433311953,10.9938268,737.9002168039718,138.805226,0.19029749999999995,0.2114416666666666,0
K03582.01,105.8800650547563,114.90862419,174.6546900752354,199.450746,0.25546566666666665,0.3193320833333333,0
K03353.01,11.55541889283017,11.55532445,134.12270104765582,134.12977,0.11663333333333328,0.1457916666666666,1
K03356.01,26.087281825505748,26.0841212,149.3596193013105,149.4437,0.23028749999999992,0.2558749999999999,1
K03357.01,53.69168855583156,52.802767576,147.8409115108495,167.270294,0.11705,0.2341,0
K03427.01,39.208366034052524,39.206808648,195.5468152631375,142.4611109,0.23426287499999998,0.2602920833333333,0
K03428.01,69.65520440891316,64.6589166,165.85372049381746,170.17972,0.19275,0.32125,1
K07777.01,27.67875769463947,27.6760342,144.91975013636628,144.9833,0.21169999999999992,0.1764166666666666,0
K03429.02,8.74189970813141,8.74192361,353.9767597205026,135.42727,0.15881249999999997,0.1764583333333333,1
K03429.03,26.21596029461669,26.936878,354.188368053836,157.7573,0.2070416666666666,0.2070416666666666,0
K03499.01,12.42871528494486,12.4281308,352.6093246753578,141.4385,0.39608333333333323,0.2829166666666666,0
K03499.02,0.9628295227662478,0.96283264,352.69183717535776,132.20087,0.11051249999999994,0.1227916666666666,0
K03500.01,66.37524885,73.7502765,122.20239178171946,188.52221,0.2772708333333333,0.5545416666666666,1
K03583.01,217.5514160378664,210.30644361,257.0677574587137,285.127394,0.3900545833333332,0.2786104166666666,0
K03584.01,8.268381086682032,8.268081087,172.23096475834672,135.0563298,0.1301636249999999,0.1446262499999999,0
K03585.01,3.5646068369519295,3.564614021,171.07100068957143,131.86235,0.17210199999999992,0.1434183333333333,0
K07745.01,507.988298303438,533.47707,373.8408812190559,245.3651,0.4939583333333334,0.9879166666666668,0
K03586.01,5.8770156485805325,5.877122413,126.2063794835735,136.420718,0.14013374999999995,0.1557041666666666,0
K03587.01,1.0365885504290016,1.036592635,352.8843072439235,132.089146,0.0702184583333333,0.1003120833333333,0
K03360.01,99.63540329782658,91.4999978,181.81379984876557,182.769045,0.4079541666666667,0.8159083333333333,0
K03361.01,67.93171482414203,65.9407869,134.16893147336967,231.97155,0.25919999999999993,0.3239999999999999,1
K07763.01,422.7548964283314,406.45737,214.66613720147546,230.8834,0.3980833333333333,0.3980833333333333,0
K03362.01,31.79820637964787,30.47639859,133.6472610505784,156.24007,0.5990933333333333,0.7488666666666666,0
K03363.01,14.533260323137187,14.53260546,140.4304320519096,140.4685,0.1008833333333333,0.1008833333333333,1
K07808.01,356.93761558554473,361.526458,329.0529707879,339.3304,0.17367499999999997,0.2894583333333333,0
K03432.01,48.04033475192361,48.0506878,140.6782153441683,140.514,0.19997499999999996,0.3332916666666666,1
K03816.01,9.448656610913126,9.44942628,136.07166058398266,132.45174,0.1839366666666666,0.2627666666666666,0
K03817.01,0.9334916857811906,0.933489066,906.8960207053304,132.101834,0.04137699999999993,0.0591099999999999,0
K03818.01,1.9086184890673639,1.908525084,122.19814706021695,131.77571,0.24319166666666658,0.1737083333333333,0
K07788.01,0.7984660897987212,0.798467681,170.37298052738373,132.04627,0.025083333333333308,0.0358333333333333,0
K03819.01,0.8677340977611767,0.867721348,736.09511082691,132.161646,0.1219575,0.2032625,0
K03820.01,161.36096364032937,161.252567,188.75581455312653,189.10238,0.5906500000000001,0.9844166666666668,0
K03893.01,3.908571583542383,3.90863457,133.9436277048626,133.92971,0.0737666666666666,0.0737666666666666,1
K03894.01,1.6736615821173344,1.673662758,131.67590134175458,131.67166,0.06747708333333331,0.0963958333333333,0
K03895.01,5.937064962680629,5.93717724,907.7918512425078,135.95682,0.133875,0.223125,0
K03896.01,3.890222915012584,3.89043062,132.80380840853474,132.7665,0.21986666666666665,0.2748333333333333,0
K03897.01,16.745646859233158,16.8282542,132.245618244978,296.233,1.3032666666666666,1.6290833333333332,0
K03667.01,2.48955888836399,2.489549075,132.03923518550178,132.045037,0.11158124999999988,0.1014374999999999,0
K03668.01,4.469748764614122,4.469731089,133.01209963839932,133.011683,0.21904166666666663,0.2190416666666666,0
K03669.01,1.7317446067586284,1.731803197,352.8464096785978,132.887574,0.14200749999999995,0.2366791666666666,0
K03670.01,2.6483293507900583,2.64830047,352.83662561035857,133.034879,0.09898124999999994,0.1099791666666666,0
K03743.01,3.48463994136047,3.486318703,631.7365368347605,134.87329,0.1511466666666666,0.1162666666666666,0
K03744.01,1.6896376667854283,1.705780649,353.56379973887846,133.15662,0.09491416666666662,0.0677958333333333,0
K03746.01,2.929331684228023,2.929299629,907.0433468305051,133.71721,0.2367333333333333,0.2959166666666666,0
K03747.01,5.515945537719589,5.50811352,263.5781603028753,134.32603,0.15987833333333332,0.1229833333333333,0
K03747.02,21.014618820818292,19.226055,265.35691196954195,132.6309,0.09829999999999992,0.1228749999999999,0
K03821.01,0.5691122603748535,0.569115097,735.850580483439,132.020841,0.08757000000000001,0.14595,0
K03822.01,2.5290819109079834,2.529073751,133.39105841287423,133.390989,0.05491208333333331,0.0784458333333333,0
K03824.01,0.9163353367181865,0.916326699,352.6392041486359,131.80905,0.07856749999999998,0.1309458333333333,0
K03898.01,1.3067459215331387,1.306723495,353.36075673071235,132.53576,0.16515000000000002,0.27525,0
K03899.01,0.7967247995784627,0.7967202,1001.5128797724293,132.288291,0.106326,0.17721,0
K03900.01,351.4338921950302,359.102042,438.71269886326854,393.8542,0.9180708333333333,0.7062083333333333,0
K03901.01,159.61330208312773,160.130899,205.52377374580323,203.47424,0.45916666666666667,0.5739583333333333,1
K03902.01,2.6963016555879564,2.69634575,133.00290399229223,132.9969,0.1419375,0.1577083333333333,0
K03903.01,2.5537090304980357,2.553924603,354.2002308719831,131.94769,0.24587499999999998,0.4097916666666666,0
K03671.01,8.48752831451319,8.487871809,910.7937079999144,134.495278,0.15743587499999998,0.17492875,0
K03672.01,4.957355889,5.50817321,543.062492726319,134.32367,0.21492916666666662,0.1535208333333333,0
K03673.01,6.14417912085541,6.142812722,912.2195762390767,135.16085,0.22781624999999997,0.2531291666666666,0
K03674.01,168.04686743481295,175.06586091,264.70245098711695,179.043787,0.0941270833333333,0.1882541666666666,0
K03675.01,20.942784136496538,20.8392148,912.584594641118,133.49781,0.10688791666666664,0.0971708333333333,0
K03676.01,9.505317584745725,9.50158045,907.1620614214959,131.97492,0.1056270833333333,0.2112541666666666,0
K03748.01,2.0504159295178117,2.050435466,352.6971243862122,133.288776,0.23368916666666661,0.3338416666666666,0
K03748.02,2.050445265647213,2.02487934,352.6837189695455,131.9026,0.09455833333333324,0.0675416666666666,0
K03750.01,1.5071109624238563,1.507101452,353.63243759088544,132.092456,0.13001249999999995,0.2166874999999999,0
K03751.01,1.2748741962625023,1.274841686,907.9953431832774,131.623318,0.08975749999999996,0.1495958333333333,0
K03825.01,2.845867730553637,2.845746618,737.5622871986108,134.276987,0.32679749999999996,0.5446624999999999,0
K03826.01,2.3016242787948213,2.30120705,352.97202485562616,132.18748,0.5225,1.045,0
K03827.01,333.70724258357814,337.377514,278.73706231752425,336.53604,0.45509999999999995,0.5056666666666666,0
K03827.02,350.35267539600005,389.28075044,304.6533789841909,310.5901867,0.4173333333333333,0.5216666666666666,0
K03828.01,8.590998679235373,8.58965725,131.9232669920318,132.01852,0.26189625,0.3741375,0
K03904.01,8.568105175113917,8.56751264,136.00735887093373,136.06104,0.18163333333333326,0.2270416666666666,0
K03905.01,1.0619376007859391,1.061934313,131.72538163554154,131.72596,0.09315833333333332,0.1330833333333333,0
K03906.01,2.406574824908918,2.406574511,133.73976936183576,133.73667,0.08595499999999998,0.1432583333333333,0
K03907.01,29.108043322817288,28.64338839,144.3061080908833,141.22933,0.07143499999999986,0.0510249999999999,0
K07792.01,105.19506828364268,96.231257,231.78364268263803,217.00033,0.11403333333333325,0.1036666666666666,0
K03677.01,31.511270024484073,30.5528701,934.0840709521837,143.348399,0.1334175,0.2223625,0
K03678.01,167.69916979717016,160.88451966,258.1799711050788,277.504342,0.49853375,0.4532125,1
K03679.01,4.04561082214241,4.04506346,1003.907757771447,132.232226,0.1611109999999999,0.1342591666666666,0
K03680.01,151.29251231914074,141.2415405,152.38344285294974,256.205347,0.1972979166666666,0.2818541666666666,1
K03681.01,228.19254544858873,217.83184293,121.18101280876972,238.820035,0.443875,0.88775,1
K03681.02,10.514654372554956,10.51421162,124.01657947543639,134.56738,0.1615416666666666,0.1615416666666666,1
K03752.01,1.4332641637670953,1.433262145,132.81421682976898,132.822323,0.16425499999999993,0.2346499999999999,0
K03753.01,0.7820424150488364,0.782046543,735.4169763520974,131.674244,0.049684999999999986,0.0828083333333333,0
K03754.01,5.663438052705269,5.663604992,907.9109534843863,133.892182,0.07141499999999987,0.0595124999999999,0
K03755.01,18.07735757753109,18.076610347,914.6235026461609,146.256704,0.11773499999999995,0.1308166666666666,0
K03756.01,6.470421598815394,6.47173281,912.9978324443287,136.35537,0.23987999999999993,0.2998499999999999,0
K03830.01,1.0310988590191137,1.031100362,907.2626632117485,131.87473,0.08679708333333332,0.1239958333333333,0
K03831.01,0.5979300304358381,0.597933142,735.8682561950665,131.95669,0.08678324999999995,0.1446387499999999,0
K03832.01,5.365801377106164,5.36652724,354.97707246158757,134.86398,0.24403750000000002,0.348625,0
K03834.01,1.540410931399846,1.540392098,131.9943100676237,131.9989,0.1087070833333333,0.1552958333333333,0
K03835.01,47.147513390577906,47.1484324,128.1407967632116,175.2689,0.10449,0.1306125,1
K03908.01,59.40846388010754,59.3627946,124.55531825112375,184.14711,0.34929999999999994,0.5821666666666666,1
K03910.01,2.199096812118817,2.199076661,352.95781744597804,133.06147,0.15274999999999994,0.2545833333333333,0
K03911.01,1.7911200314794649,1.79110997,131.95254116094893,131.95636,0.07843874999999993,0.0871541666666666,1
K03912.01,7.771637627032113,7.77241144,132.66576957923522,132.58122,0.19769999999999993,0.2196666666666666,0
K03682.01,11.350021139483772,11.344347453,915.1425712491628,138.811996,0.2737991666666666,0.2489083333333333,0
K03683.01,227.2936045354589,214.3120439,122.03248857967161,336.330158,0.6110175,0.6789083333333333,1
K03684.01,0.8768216503954699,0.876826336,169.76834367784141,132.0647202,0.09024249999999995,0.1504041666666666,0
K03685.01,188.77536760913807,208.86909724,211.46145019742792,273.692419,0.20949041666666662,0.1904458333333333,0
K03685.02,7.259623128189301,7.2593226,131.6785647807613,131.71082,0.2558083333333333,0.2558083333333333,1
K03757.01,1.983924555867204,1.98663794,171.1732040379809,133.311523,0.29740625,0.1982708333333333,0
K03758.01,13.549785472583979,13.54208867,918.4045709377166,144.00206,0.3087875,0.2058583333333333,0
K03759.01,7.54933176452659,7.549303633,357.7758893775165,135.010802,0.06902291666666661,0.0986041666666666,0
K03760.01,0.7754416919202067,0.77544539,352.69056081068317,132.072938,0.05472833333333331,0.0781833333333333,0
K07810.01,294.14884935712143,308.255238,402.7472912931434,282.4555,0.298975,0.4982916666666666,0
K03836.01,3.467546105056463,3.46724809,355.7460624966956,133.90269,0.27525,0.45875,0
K03837.01,7.375578348266141,7.4413445,911.6766278212227,137.3429,0.1677316666666666,0.1198083333333333,0
K03838.01,4.618149280230208,4.618309224,172.82021697720117,135.85023,0.09187999999999996,0.1531333333333333,0
K03839.01,0.6777635313417169,0.677761275,131.61988310926293,131.625946,0.09271249999999998,0.1545208333333333,0
K03840.01,2.8458025035731795,2.845739012,353.39148772750883,134.279738,0.2983175,0.4971958333333333,0
K07789.01,164.50189170296528,175.358905,227.8618904605629,212.2454,0.11124999999999995,0.2224999999999999,0
K03914.01,12.429335777808458,12.42618005,141.2628006455597,141.50486,0.58739375,1.1747875,0
K03915.01,2.189047138889416,2.189090653,171.5023665839521,132.08535,0.130235,0.2170583333333333,0
K03916.01,5.339161971185668,5.33905606,132.12815098325234,132.14193,0.061556249999999965,0.0683958333333333,1
K07794.01,1.9949560875223749,1.99492332,352.87627655326435,133.4406,0.2457499999999999,0.2457499999999999,0
K03686.01,3.3515953320890848,3.351573993,908.4896778000042,134.28062,0.1198249999999999,0.1198249999999999,0
K03687.01,8.099749494013622,8.097050622,911.583039340691,138.423529,0.2364,0.2364,0
K03688.01,2.11919011024008,2.119107262,736.5143157277926,132.58903,0.18846000000000002,0.3141,0
K07800.01,0.8876961063286859,0.887691177,120.8262864691998,132.36711,0.05479999999999992,0.0684999999999999,0
K03762.01,233.19446205370627,240.7990472,245.50021543540618,334.14037,0.34720833333333334,0.6944166666666667,1
K03763.01,0.8885866549251084,0.888584158,906.9466069835497,132.100098,0.05625299999999994,0.0937549999999999,0
K03765.01,0.8659657737583308,0.865959015,443.7928346328155,132.053694,0.047644999999999986,0.0794083333333333,0
K03766.01,0.5942764809643382,0.594276199,352.9056780147594,131.835238,0.050469999999999966,0.0841166666666666,0
K03841.01,1.5275217364256213,1.527491117,353.7329773726784,132.259806,0.16486666666666666,0.3297333333333333,0
K07811.01,0.5667876139714305,0.566814046,131.8751541152522,131.79379,0.23619166666666658,0.1687083333333333,0
K03842.01,0.6149616070841055,0.61496383,540.053331185582,132.022402,0.04826325000000001,0.08043875,0
K03843.01,161.21972392489454,161.253747,511.6619986361004,189.0939,0.6330499999999999,1.0550833333333332,0
K03844.01,2.974012862692541,2.974163938,908.7688650771287,132.49312,0.06533624999999997,0.0725958333333333,0
K03845.01,15.841349419627988,15.84131693,145.45777371312874,145.4595,0.052954999999999995,0.07565,0
K03925.01,9.206408692944015,9.2075634,909.2426843240792,135.801,0.11216666666666664,0.1402083333333333,1
K03925.02,2.586977259347074,2.5903958,906.9009530740792,132.3011,0.0696,0.087,1
K03925.03,5.025250976321238,5.3235335,911.7400447407458,133.0952,0.05654166666666665,0.1130833333333333,1
K03926.01,0.8317375849823517,0.831741499,170.3389771695896,132.074741,0.06699583333333331,0.0957083333333333,0
K03927.01,4.447995404179536,4.44737112,133.741349583936,133.84048,0.4052083333333333,0.8104166666666666,0
K03690.01,12.88853926066944,12.893018017,812.9778577662854,141.611199,0.15126329166666663,0.1375120833333333,0
K03691.01,4.532245190749383,4.532416322,1003.6666222993811,135.6589,0.1369333333333333,0.1369333333333333,0
K03691.02,2.266285035204088,2.26631937,1001.3608756327144,133.3865546,0.15799999999999992,0.1316666666666666,0
K03692.01,1.1601492308081671,1.160153553,260.926744236544,132.145331,0.07215066666666664,0.0901883333333333,0
K03693.01,4.0327094378209996,4.032760214,355.110999074387,133.301891,0.1133083333333333,0.1133083333333333,0
K03694.01,3.7232420364530343,3.723552982,909.4722602065384,134.94613,0.17815999999999993,0.1484666666666666,0
K07801.01,2.213971691314478,2.21396079,132.57000837626956,132.5689,0.12944999999999998,0.1438333333333333,0
K03768.01,11.350807442765833,11.35501209,139.1246304003075,133.20478,0.4245791666666666,0.6065416666666666,0
K03769.01,1.1955258137018816,1.195515251,132.2957045162834,132.303851,0.14826583333333332,0.2118083333333333,0
K03771.01,5.800174493017574,5.80184753,909.3047617653663,131.77347,0.18127541666666666,0.1647958333333333,0
K03772.01,2.384261273767584,2.38404983,908.2350377142265,133.43927,0.12318374999999998,0.1368708333333333,0
K03846.01,5.24099931551387,5.24078259,136.5206738724614,136.54913,0.152775,0.21825,0
K03847.01,5.266451770412808,5.26641416,131.69525941916785,131.69998,0.09151499999999999,0.1016833333333333,0
K03848.01,1.8478834644419653,1.847892736,132.20119891401202,132.19915,0.07088999999999994,0.0787666666666666,1
K03849.01,0.6042623688636585,0.604358764,630.2888545892578,131.68577,0.03474333333333328,0.0434291666666666,0
K03850.01,10.47697644837323,11.3775281,139.04718286285248,132.5848,0.4305999999999999,0.5382499999999999,0
K03851.01,0.798198006467744,0.7981968,907.4164181197824,131.570334,0.05550874999999998,0.0925145833333333,0
K03917.01,0.6959455718945615,0.695954898,120.7710501249965,131.89905,0.05508749999999998,0.0612083333333333,0
K03918.01,0.9489610079466152,0.948951607,907.7521297269382,132.468516,0.10952249999999995,0.1825374999999999,0
K03919.01,19.370268876022198,19.37070781,147.683478548693,147.66803,0.0655258333333333,0.0936083333333333,0
K03921.01,1.2785612884692532,1.278555003,352.7151261387322,131.529071,0.04155375,0.0593625,0
K01972.02,1.2262205785857632,1.226223959,132.68659960750983,132.6827,0.09037083333333332,0.0903708333333333,1
K03695.01,2.2047670713679004,2.244600029,133.0122986063722,133.46529,0.11202333333333325,0.0800166666666666,0
K03696.01,175.64794262939617,181.8521773,262.96760621956,251.877795,0.2405208333333333,0.2405208333333333,0
K03697.01,206.25051764615543,223.1127475,150.40175576237607,140.947135,0.33631124999999995,0.3736791666666666,0
K03698.01,15.651811674246243,15.64064161,1010.6390098320928,140.08502,0.134425,0.26885,0
K03773.01,1.1039756682874207,1.103978,907.6709269937026,131.573418,0.04316666666666662,0.0308333333333333,0
K07802.01,44.51152855804073,43.8496474,149.61448791613435,157.7544,0.129325,0.092375,0
K03775.01,0.7521435214259573,0.752158047,907.2758980635818,131.793035,0.070797125,0.10113875,0
K03776.01,3.7970130351116547,3.796488133,355.2561480546089,135.15079,0.32275541666666663,0.4610791666666666,0
K03852.01,1.2330460561315515,1.233076007,132.50212649574362,132.49795,0.36475833333333335,0.5210833333333333,0
K03853.01,21.57909463223714,21.5135234,280.7157566523043,132.3356,1.6246458333333333,3.2492916666666667,0
K07784.01,20.66546482757094,19.4444573,371.7130564880143,147.9093,0.1606791666666666,0.2295416666666666,0
K03854.01,1.1910488933639956,1.1910489,132.07631178920818,132.076408,0.04006916666666662,0.0572416666666666,0
K03855.01,0.5462423740455149,0.546248198,907.2623613329793,131.585311,0.06148624999999992,0.0878374999999999,0
K03856.01,1.8119767005263958,1.811966339,132.27821168549121,132.27828,0.11059999999999992,0.1579999999999999,0
K03922.01,60.00740026125066,66.1539783,960.2622588274912,156.97153,0.27023333333333327,0.2456666666666666,0
K03923.01,157.36627286265946,158.3226379,144.87804887285026,251.75032,0.04558541666666665,0.0911708333333333,0
K03924.01,1.5924864117773667,1.592634161,907.966938618303,132.328769,0.22372000000000003,0.3728666666666667,0
K03700.01,2.990585208988166,2.990252395,907.5371733717974,133.110629,0.29423249999999995,0.3269249999999999,0
K03701.01,2.0804524756761276,2.08043378,131.81702413230173,131.827041,0.19269999999999998,0.3211666666666666,0
K03702.01,4.94348182899722,4.944046127,907.9739637462804,134.192012,0.1876391666666666,0.1876391666666666,0
K03703.01,4.464525443796478,4.464565251,909.1538898568731,132.311502,0.1675875,0.1675875,0
K03778.01,3.5396695811758367,3.539631353,263.73558804132733,132.774997,0.07045499999999999,0.06405,0
K03779.01,6.1960073138688365,6.195861785,357.2703988888943,134.23422,0.08692666666666664,0.1086583333333333,0
K07803.01,0.5668029392009358,0.566805514,131.8399667412735,131.8162,0.21835,0.1819583333333333,0
K03780.01,32.80174539339,27.961084,922.7342164996945,133.1759,0.12913666666666662,0.1614208333333333,0
K03782.01,177.5018937661715,186.5168116,209.11705160179872,169.64687,0.18647999999999987,0.1331999999999999,0
K03783.01,201.87615387898316,197.1455327,262.3290789746352,300.176978,0.07929374999999993,0.0881041666666666,0
K03857.01,0.5320945000504772,0.532087933,735.8876272842623,131.972409,0.08625699999999994,0.1437616666666666,0
K03858.01,3.2042435251828394,3.204222652,133.81802202194064,133.82223,0.06987999999999996,0.1164666666666666,0
K03859.01,0.6879043199387613,0.687898282,907.5436608483546,131.595979,0.09910024999999999,0.1651670833333333,0
K03860.01,2.1781631583606282,2.178154774,132.01985819741355,132.02433,0.1029641666666666,0.1470916666666666,0
K03861.01,1.024867004111404,0.99466172,132.18148711922947,131.63284,0.09193333333333324,0.0656666666666666,0
K03862.01,323.106192,359.00688,367.62059859729914,295.8649,0.67,1.34,0
K03862.02,125.11503923100211,119.686505,137.98964026396575,176.0608,0.6110416666666666,1.2220833333333332,0
K03928.01,1.1385486015229471,1.138548215,121.07671345897788,132.46205,0.0895083333333333,0.0895083333333333,1
K03929.01,114.85760953727733,121.0598037,192.20863819415922,159.3454,0.18153333333333324,0.1296666666666666,0
K07790.01,0.7213355183305747,0.721335207,131.5782987994719,131.57505,0.05658749999999991,0.0628749999999999,0
K03930.01,3.28289048671783,3.28274272,132.60608322132106,132.64464,0.2595833333333333,0.3708333333333333,0
K03931.01,1.2313501517249712,1.231361934,131.81777676173445,131.80783,0.15846249999999998,0.226375,0
K03705.01,2.080208257273346,2.080431782,737.2743471563236,131.827995,0.21874125,0.3124875,0
K03706.01,1.1577830861401592,1.157804607,907.0215838933173,132.448327,0.11652049999999999,0.1942008333333333,0
K03707.01,21.64062438006286,19.979098,917.2101056253586,137.14659,0.30811083333333333,0.4401583333333333,0
K03708.01,1.4332871689932198,1.433262401,736.2131870159332,132.822635,0.1555125,0.2591875,0
K03784.01,21.483624690000003,23.8706941,914.4167293907665,136.9568,0.08702999999999994,0.1450499999999999,0
K07804.01,0.5667967329263026,0.566769068,131.8260807322963,131.8681,0.1630958333333333,0.1254583333333333,0
K03785.01,6.28153105270565,6.2820426,125.36966018262102,131.58905,0.2647,0.330875,0
K03786.01,0.9743083448109542,0.97430309,352.58123346049,132.390205,0.061506666666666626,0.0878666666666666,0
K03863.01,48.2009625,53.556625,130.85312291786477,184.4892,0.3370833333333333,0.6741666666666666,0
K03864.01,1.2106962550341385,1.210693626,121.49505546686292,132.39306,0.05975,0.05975,1
K02061.02,1.090014525780824,1.090011003,131.57759604676977,131.58066,0.0625,0.0625,1
K02061.01,14.095956273969223,14.092583189,141.05659771343642,141.1447066,0.19037333333333323,0.1730666666666666,1
K03630.01,7.061174699940274,7.061149921,908.3601948973323,134.558528,0.11117166666666664,0.1389645833333333,0
K03631.01,2.6828245689217836,2.682767439,909.5660271173288,131.570648,0.1908929166666666,0.1908929166666666,0
K03632.01,3.710910939314008,3.711012492,132.50758270150087,132.488455,0.15305583333333328,0.1391416666666666,0
K03633.01,1.780902631408176,1.780982447,907.1517449727028,131.520134,0.10003291666666662,0.1429041666666666,0
K03634.01,1.8173501442164683,1.815632406,170.86379332335554,131.9113803,0.18187704166666654,0.1399054166666666,0
K03709.01,214.27828330051364,205.5833309,161.94059071088756,234.746256,0.12573541666666666,0.2514708333333333,0
K03710.01,4.308597107071499,4.309067482,541.9517951549823,134.71445,0.0920833333333333,0.0920833333333333,0
K07797.01,35.49559509358407,36.4721523,137.28455766904247,159.7848,0.155925,0.111375,0
K03711.01,108.09791681565333,111.0396205,161.93026919890974,161.93506,0.5364791666666666,1.0729583333333332,0
K03713.01,1.0234585087235528,1.023470248,907.4958313067655,131.703274,0.06942833333333331,0.0991833333333333,0
K03714.01,0.8752645778579654,0.875267982,352.60154420343014,132.03224,0.053459999999999994,0.066825,0
K03788.01,5.5527728689260325,5.55260695,120.95925078628206,132.08428,0.1544174999999999,0.1715749999999999,0
K03789.01,2.347676243731653,2.347479696,132.98837327581714,133.67205,1.53125,1.09375,0
K07805.01,1.1335770093268587,1.13353095,121.0674482199735,132.4414,0.14529166666666662,0.1320833333333333,0
K03790.01,0.8907495662085881,0.890745373,907.7230041695888,131.884401,0.056043749999999996,0.0800625,0
K03791.01,414.13430329196876,440.7843755,324.3544333279473,139.3535,0.4519375,0.903875,1
K03791.02,201.94960487406308,220.142913,153.1155520779473,245.94139,0.40683333333333327,0.8136666666666665,1
K03792.01,2.723861059414206,2.723858181,133.5755641281281,133.57632,0.05367374999999991,0.0596374999999999,0
K03793.01,0.635449124598743,0.635441862,907.2016279398813,131.966607,0.04956749999999993,0.0826124999999999,0
K03865.01,3.2551867527744176,3.255189932,134.60264046107966,134.6015,0.12428624999999988,0.1129874999999999,0
K03866.01,2.531198929305575,2.531140101,352.69463587256797,132.49471,0.4249791666666667,0.8499583333333334,0
K03867.01,0.9387516521693924,0.938750221,131.68436507261745,131.68256,0.0565333333333333,0.0565333333333333,1
K03868.01,2.992719991146918,2.992704682,133.28934042620767,133.29518,0.0524375,0.0524375,0
K03869.01,5.946297518805017,6.12810722,122.58049491705106,137.03456,0.16473333333333323,0.1176666666666666,0
K03635.01,2.115563448079191,2.115511511,354.098910334989,131.99137,0.24825499999999992,0.3546499999999999,0
K03636.01,2.4464324894527176,2.446736567,907.1696458798236,133.968534,0.2510049999999999,0.2091708333333333,0
K03637.01,21.38550395649489,21.3779536,1012.8879701447127,157.8164,0.5181666666666666,1.036333333333333,0
K03638.01,4.3504461457143755,4.350460215,908.9257184302121,132.27239,0.06318999999999995,0.1053166666666666,0
K03639.01,22.776463005454396,22.77194512,133.67907168307104,133.84261,0.21248958333333334,0.4249791666666667,0
K03715.01,8.863955712,9.84883968,635.4121245876639,135.993,0.11963541666666663,0.2392708333333333,0
K03716.01,10.231384867999383,10.23335969,129.55112409251421,139.7882155,0.37749999999999995,0.3145833333333333,0
K03716.02,10.232608716520359,10.23273611,129.49924909251422,139.5844258,0.09041666666666662,0.0645833333333333,0
K03717.01,247.17924697631864,227.6625222,196.99041238864473,232.241995,0.1606266666666666,0.2294666666666666,0
K03718.01,1.061003878610044,1.06100873,353.21524879199853,132.521276,0.08904999999999999,0.1113125,0
K03719.01,0.6233936068283256,0.623393802,443.6070922049304,131.599128,0.04094766666666662,0.0584966666666666,0
K03794.01,0.6535550688369978,0.65355361,132.0586894347746,132.058957,0.054333333333333275,0.0679166666666666,1
K07806.01,0.5667919923894296,0.566793534,121.06943727643403,131.8368,0.17677499999999996,0.1964166666666666,0
K03795.01,1.873195143308201,1.873380717,736.9416675312549,131.795634,0.2527075,0.4211791666666666,0
K03796.01,1.8733707913644895,1.87337894,120.54956469135395,131.796393,0.22831999999999997,0.3805333333333333,0
K03797.01,7.5005823850651545,7.50023955,122.3613508090764,137.38848,0.08505,0.1215,0
K03870.01,24.76253754113284,23.6270348,927.4122599782703,150.0362,0.3348625,0.478375,0
K03871.01,0.7167101353430588,0.716709897,132.05090351874483,132.050846,0.02488666666666664,0.0311083333333333,0
K03872.01,2.248026679732624,2.248063246,132.7626690663359,132.75441,0.14961624999999992,0.2137374999999999,0
K03873.01,63.568220847115924,63.3278636,160.944526309647,165.22656,2.353719999999999,1.9614333333333327,0
K03640.01,261.20451249361184,245.4382021,282.0545297926466,361.302835,0.42297499999999993,0.60425,0
K03641.01,162.44021060062929,178.4129899,281.5063684584419,218.225235,0.170905,0.122075,0
K03641.02,162.24343525729304,178.44973004,282.6446076251086,217.6718259,0.5894166666666666,0.5358333333333333,0
K03642.01,2.192127178478539,2.192004364,908.1622440773085,132.218114,0.128125,0.128125,0
K03643.01,3.900224327752526,3.900109346,907.5419481042829,133.380544,0.09759249999999997,0.1626541666666666,0
K03644.01,1.4709519754300233,1.471060209,170.5385984590177,132.27522,0.12748166666666663,0.1821166666666666,0
K03644.02,0.7354486438930049,0.73553763,169.81460262568436,131.5246162,0.09999999999999995,0.0833333333333333,0
K03720.01,196.79646739216818,213.3990406,261.2484203621174,274.209685,0.3794175,0.2710125,0
K03721.01,6.414025159092624,6.40802979,909.3863003026853,134.0732,0.14643999999999996,0.1220333333333333,0
K03723.01,0.9628388576807192,0.962835804,120.64252992555306,132.198475,0.12460999999999997,0.2076833333333333,0
K03724.01,4.640144034440981,4.639602084,909.8820150111015,135.09909,0.18761166666666657,0.1443166666666666,0
K03798.01,2.991935394624501,2.991885335,134.15961296784678,134.17581,0.21676374999999992,0.3096624999999999,0
K03799.01,1.3275024060166807,1.327471395,353.2589280345293,131.583734,0.13083499999999998,0.2180583333333333,0
K07807.01,0.5668036554566735,0.566792595,121.03354661936692,131.817,0.13185000000000002,0.109875,0
K03800.01,1.2605328709326495,1.247156944,735.4621490084767,132.36584,0.15621083333333324,0.1115791666666666,0
K03802.01,2.119104363799515,2.119100054,132.5907050014599,132.59118,0.2054075,0.3423458333333333,0
K03874.01,1.4665405172388617,1.466535757,131.98986966040934,131.992658,0.0342583333333333,0.0342583333333333,0
K03875.01,8.870326377141119,8.870415578,137.4884753032097,137.481093,0.04287999999999992,0.0535999999999999,0
K07786.01,1.4913072011817068,1.49131759,132.17093255374536,132.1676,0.1967083333333333,0.1967083333333333,0
K03876.01,18.664521299499253,19.57783279,134.6749963688867,131.71421,0.11583249999999985,0.0827374999999999,1
K03877.01,3.0447966574016743,3.04476607,132.42903934678853,132.43708,0.23919999999999997,0.3986666666666666,0
K03878.01,64.28371873303571,70.9672087,162.78088273828723,182.66991,0.4061341666666666,0.2900958333333333,1
K03645.01,4.454589554056908,4.45543346,738.240149851058,134.453921,0.12789999999999996,0.2131666666666666,0
K03647.01,19.402071955706155,20.427232317,921.3799200415922,135.862807,0.12991087499999993,0.1443454166666666,0
K03648.01,4.030363746987817,4.029803201,910.1158470168493,134.422433,0.12921125,0.1845875,0
K03649.01,1.3039246003020388,1.303858554,907.3850451361188,131.606872,0.12739912499999997,0.18199875,0
K03725.01,1.5705135404693868,1.570518376,121.34690115671539,132.340523,0.09343541666666662,0.1334791666666666,0
K03726.01,124.14779158737628,115.9943364,443.480518993161,139.57168,0.1508499999999999,0.1005666666666666,0
K03727.01,0.6234416322670802,0.623441636,352.6898818347962,131.6792187,0.042583625,0.06083375,0
K03803.01,14.543600239557188,14.5417471,137.50457223833746,137.58734,0.21025125,0.2336125,0
K03804.01,2.7709333327484544,2.81753381,907.5826671152024,132.8937,0.1257141666666666,0.0897958333333333,0
K03805.01,60.86895507041583,56.6993107,153.38781264089758,146.1473,0.38299083333333334,0.2946083333333333,0
K03806.01,161.23922853995143,161.252247,189.15280324623188,189.10948,0.7822333333333333,0.9777916666666666,0
K03879.01,0.8677142646343065,0.867719291,132.17064778324877,132.165597,0.13172916666666665,0.2634583333333333,0
K03881.01,0.8411326363207958,0.84112187,170.42535337205283,132.164939,0.051077499999999956,0.0851291666666666,0
K03882.01,0.8283248546437358,0.828326025,352.5101491271256,132.175806,0.03568024999999998,0.0594670833333333,0
K03883.01,1.2192291997658709,1.219324537,907.4598988505526,131.94673,0.11875249999999997,0.1979208333333333,0
K03650.01,2.40175427159382,2.401751509,354.67349305488034,133.711919,0.07813124999999992,0.0868124999999999,0
K03651.01,36.987737325491594,36.97709537,937.2693958527917,133.6264,0.17354333333333327,0.2169291666666666,0
K03652.01,17.74075483487209,16.371883638,920.8600503464156,140.020073,0.15788070833333326,0.1435279166666666,0
K03653.01,2.6170345398734995,2.617284592,737.016342783725,132.390683,0.2388625,0.3981041666666667,0
K03654.01,10.151343778828108,10.14873521,907.2516024057904,136.02501,0.14007499999999998,0.2334583333333333,0
K03655.01,2.8975643018324893,2.897436854,907.0917081344996,132.038502,0.09576291666666661,0.1368041666666666,0
K03728.01,5.546245802053146,5.546083089,122.39025970158005,133.50348,0.09056666666666664,0.1132083333333333,1
K03729.01,6.873691137997883,6.87366398,356.10115392427394,136.13966,0.23615,0.2951875,0
K03729.02,6.873998691621033,6.87366412,356.0666372576073,132.4575658,0.22229166666666664,0.2020833333333333,0
K03730.01,0.6684797639693134,0.668483494,906.9311176759514,132.156558,0.07037625,0.1005375,0
K03731.01,1.0702831354031785,1.070272827,353.37905506681903,131.835891,0.12496166666666664,0.1785166666666666,0
K07799.01,0.9771817704714979,0.977170246,121.48239963610783,132.23783,0.145175,0.145175,0
K03732.01,1.1359394260198048,1.135930136,352.7631595877399,132.396556,0.11258999999999994,0.1876499999999999,0
K03807.01,1.8019034490098778,1.801863222,171.21505785807562,132.48449,0.151025,0.30205,0
K03808.01,56.36858102670763,54.77145968,140.65436858270726,143.74319,0.7747312500000001,1.5494625,0
K03809.01,1.674691054740426,1.674690886,122.12363181695041,132.172107,0.05885541666666661,0.0840791666666666,0
K03884.01,2.112419125714089,2.112405306,131.9160481094045,132.97515,0.07538124999999993,0.1076874999999999,0
K03885.01,1.8709839778140462,1.870990236,353.4690839320375,132.68949,0.053759999999999995,0.0768,0
K03886.01,5.566406806966091,5.56648691,121.904684443662,133.03305,0.3188208333333333,0.4554583333333333,0
K07787.01,1.3325480577739084,1.33253834,170.70768912788645,132.066,0.1557083333333333,0.1557083333333333,0
K03887.01,1.2414854965997264,1.241483276,132.0972740177648,132.10028,0.05487499999999997,0.0914583333333333,0
K03656.01,3.0156999514368077,3.01551943,737.5310149770311,132.943637,0.09249625,0.1321375,0
K03657.01,2.1124186184487734,2.112395777,737.1214481099909,134.034448,0.09237999999999999,0.115475,0
K03658.01,2.25239072606263,2.252417903,354.3074494396702,132.436339,0.057653749999999934,0.0823624999999999,0
K03659.01,2.9003029363731985,2.900613144,1002.1867088643694,133.422871,0.12452333333333328,0.1556541666666666,0
K03660.01,191.7055243035969,174.7697122,256.51141754470154,172.472322,0.13748583333333325,0.0982041666666666,0
K03733.01,31.402438296907256,31.43284649,652.2143948568336,138.11259,0.11154375,0.2230875,0
K03734.01,9.726292770404028,9.72675447,139.52413475150627,139.47635,0.4087791666666667,0.8175583333333334,0
K03735.01,8.097587550273813,8.096939227,909.9244025891334,132.646466,0.15617875,0.1201375,0
K03736.01,0.642352991303605,0.64234865,735.7143525010996,131.911078,0.061786666666666615,0.0882666666666666,0
K03737.01,135.57804517209405,130.4194187,229.7491825760755,229.758424,0.24295833333333325,0.1735416666666666,0
K03812.01,1.7764100365697804,1.78526527,908.1498897053468,133.1265,0.36302583333333327,0.2593041666666666,0
K03813.01,4.8631832092970875,4.8591441,910.0901278512532,132.6666,0.17686166666666664,0.1607833333333333,0
K03814.01,5.950954588712344,5.95077813,135.04749566182377,135.06469,0.20999999999999996,0.2333333333333333,0
K03888.01,0.9552950313772146,0.955297055,132.17894332934452,132.179352,0.05076458333333331,0.0725208333333333,0
K03889.01,299.3790002760304,280.476576,280.46262087097335,299.3871,0.6716666666666666,1.3433333333333333,0
K03890.01,137.54303901,152.8255989,197.401877705055,197.41339,0.9453333333333334,0.9453333333333332,0
K03892.01,2.4166054272517896,2.41660149,121.86855188640062,131.53713,0.07387124999999994,0.0820791666666666,1
K03661.01,4.252065111249171,4.252082243,134.3006435749214,134.299947,0.1147625,0.1147625,0
K03662.01,14.187448415648115,14.180228311,915.5661406834313,143.127623,0.24561333333333327,0.1889333333333333,0
K03663.01,254.27282022000003,282.5253558,333.00496036865644,363.071925,0.6297958333333332,0.4498541666666666,1
K03664.01,1.8788989862109853,1.87887673,133.06796042926106,133.0741983,0.16522174999999995,0.2753695833333333,0
K03665.01,17.795258569470494,17.79391159,924.2971295351401,134.035628,0.1619775,0.179975,0
K03666.01,7.942417328426376,7.942583252,909.2198607604187,134.817062,0.264795,0.2942166666666667,0
K03738.01,15.861610563215994,15.85231085,919.1039956596624,142.52451,0.2841241666666666,0.2029458333333333,0
K03739.01,2.4146638907776414,2.415925551,169.94831094324587,133.610004,0.3258966666666666,0.4073708333333333,0
K03740.01,0.656196482977433,0.656201038,352.58868894858097,132.0994299,0.12188779166666662,0.1741254166666666,0
K03741.01,2.6172345726111574,2.617280959,121.92713137477125,132.391963,0.24152499999999996,0.4025416666666666,0
K03741.03,5.23475732883621,5.1117547,124.50973970810459,133.76122,0.19139166666666663,0.1367083333333333,1
K03741.04,10.468988758139645,9.6310258,129.7893522081046,132.7273,0.26274999999999993,0.2189583333333333,1
K03742.01,1.4125019096054794,1.412524016,353.47507397736393,131.704429,0.16766720833333332,0.2395245833333333,0
K01776.01,5.776400128155666,5.77676732,356.87442434967346,131.5416,0.2274,0.28425,0
K02027.01,3.6357836332621316,3.635723653,134.59581119071555,134.6084,0.0910916666666666,0.0910916666666666,0
K07848.01,369.17954926964825,369.181947,399.52598632066315,399.5169,0.12146249999999996,0.1349583333333333,0
K01859.01,45.406144003934166,45.3968385,136.78203412592046,136.93885,0.2611583333333332,0.1865416666666666,0
K01953.01,15.160610545378551,15.160166,136.53808529051938,136.55982,0.2196,0.244,0
K02088.01,2.630267065031943,2.63009438,132.1666427028623,132.22517,0.28064999999999996,0.46775,0
K02089.01,9.405561905809671,9.40527028,134.5263725620111,134.55181,0.0692,0.0865,0
K02112.01,4.157194164825482,4.15713766,123.89117751104375,132.21689,0.08286666666666662,0.0753333333333333,0
K02118.01,3.213712632510018,3.2136904,123.33598226027104,132.98252,0.0826875,0.091875,0
K02127.01,2.870644914535698,2.87066026,133.6696305046243,133.66393,0.0642083333333333,0.0642083333333333,0
K03964.01,0.9911293365609383,0.991105114,906.9306281203579,131.893383,0.05534249999999995,0.0922374999999999,0
K03965.01,12.426984775812688,12.425580393,141.99895839254995,141.5382062,1.9067066666666665,2.383383333333333,0
K03966.01,149.26317306652606,138.944022,261.8955787225349,153.90645,0.3979125,0.442125,1
K03967.01,12.429255677496036,12.4260454,141.23125615812577,141.5025,0.5785229166666666,1.157045833333333,0
K03967.02,12.43618379108048,12.4260002,140.50814157479243,133.9385,0.6290958333333332,1.2581916666666666,0
K03968.01,1.5064800894505965,1.50650136,120.94736076830468,132.98952,0.11672249999999994,0.1296916666666666,0
K01667.01,1.1799643624294625,1.179969562,121.58387313605965,133.381942,0.06581666666666663,0.0822708333333333,0
K01668.01,10.102178261806618,10.10176739,131.78266118068743,131.80667,0.062028749999999994,0.0886125,0
K01671.01,1.4803034073955867,1.480283464,132.8847998727927,134.37254,0.1035833333333333,0.1035833333333333,1
K01782.01,15.419330728175103,15.420409367,179.8260477310656,133.516609,0.05926749999999996,0.0987791666666666,0
K01821.01,9.976729464226846,9.97682072,131.77345616073012,131.76825,0.13077374999999994,0.1453041666666666,1
K01844.01,61.579651241386074,61.4913415,408.7955328740697,163.63194,0.6016875,0.401125,0
K01993.01,16.004261826323976,16.00351679,146.35720208463712,146.38812,0.1166958333333333,0.1667083333333333,0
K01865.01,1.863881940753649,1.86390886,121.02575999937633,132.19741,0.11034999999999996,0.1839166666666666,0
K02320.01,2.0374467566291425,2.03743942,131.56358649095438,131.55893,0.1034333333333333,0.1292916666666666,0
K02322.01,352.91043158565384,332.74984,249.11819884499138,386.9102,0.43079166666666663,0.6154166666666666,0
K02326.01,45.631159291486334,45.60304785,135.44387387987885,171.32001,0.3479166666666666,0.3479166666666666,0
K02330.01,2.468103469934717,2.4681015,132.07190041146512,132.07692,0.09433333333333328,0.1179166666666666,0
K02334.01,12.433431989888515,12.53449909,361.364305552145,134.95078,0.22574999999999995,0.2508333333333333,0
K02349.01,223.17934012799216,215.15218,163.0480755437306,171.913,0.41604166666666664,0.8320833333333333,0
K02359.01,3.1726005621887925,3.17275711,352.9377392436601,133.98944,0.2251666666666666,0.2251666666666666,0
K03969.01,0.7361951845152362,0.73619448,132.08334015424717,132.08341,0.04645,0.04645,0
K03970.01,10.184898793513678,10.18670759,132.66793357331588,132.51843,0.21869166666666667,0.3124166666666667,0
K03971.01,406.4061871166543,365.994154,508.3935515122727,217.68143,0.27231249999999996,0.5446249999999999,0
K03972.01,0.5402883100199201,0.54028956,131.8514256259126,131.85133,0.09047499999999997,0.1507916666666666,0
K01673.01,2.490458131338894,2.49047468,352.60771190458223,133.44225,0.08251124999999995,0.0916791666666666,0
K01674.01,2.1725215434991165,2.17257963,133.58226147776838,133.00429,0.03290416666666665,0.0658083333333333,0
K01676.01,3.3076341925343686,3.307669761,121.6539078281333,131.56743,0.0696666666666666,0.0696666666666666,0
K01678.01,3.1838440463411866,3.183961388,261.83270105304865,132.865355,0.1578125,0.1578125,0
K07837.01,48.49381650165243,48.507991,148.54409428656325,148.3182,0.41176666666666667,0.3743333333333333,0
K01679.01,0.7597641177552427,0.759766456,131.80089269245306,131.7904,0.1552541666666666,0.2217916666666666,0
K01785.01,1.219032770544931,1.219034472,132.1031939321876,132.100235,0.0806624999999999,0.0896249999999999,0
K01954.01,7.373402181730793,7.37339245,126.63516678040155,134.0101,0.072075,0.120125,0
K01742.01,4.708747209109558,4.70847097,131.76423311978567,134.153065,0.20167666666666664,0.2520958333333333,0
K01795.01,2.972025535941438,2.972047661,133.25620441811284,133.24987,0.03494166666666662,0.0499166666666666,0
K02391.01,0.9337452689916339,0.93374232,131.520153480116,131.52477,0.19109999999999994,0.2729999999999999,0
K02394.01,136.16108591410438,134.76308997,184.52018149219757,131.94463,0.2923333333333333,0.3654166666666666,0
K02396.01,0.4954346323017376,0.495434094,131.9726109044158,133.458716,0.052066666666666594,0.0520666666666666,0
K02446.01,8.479907310416305,8.48031302,127.41217161438053,135.86745,0.1996,0.2495,0
K03973.01,0.8822118135155145,0.882131829,131.76714581404931,131.900716,0.397285,0.283775,0
K03974.01,0.48945957002704776,0.489682339,630.577699985002,131.5738141,0.05831666666666664,0.0728958333333333,0
K03975.01,328.27640579999996,364.751562,230.88143088140077,135.47514,0.2720208333333333,0.5440416666666666,1
K03976.01,2.189170061643291,2.189098506,353.15839588803976,132.080937,0.128745,0.214575,0
K03977.01,0.7087991200654106,0.7088055,352.6114346783905,132.168239,0.09197249999999998,0.1532875,0
K01682.01,89.78440153580117,88.821421,160.55594655517373,160.4918,0.23374999999999999,0.3895833333333333,0
K01689.01,1.5077475232858513,1.507761203,132.9502828571309,132.942717,0.0903,0.129,0
K01690.01,1.50603781113204,1.506019633,133.01189081413594,133.02809,0.09029999999999996,0.1003333333333333,0
K07838.01,0.5725236696113585,0.572513875,131.7675292542017,131.776,0.07843333333333327,0.0980416666666666,0
K01691.01,35.15218007274131,35.14578122,382.4464751440144,136.493569,0.1220375,0.093875,0
K01694.01,3.690340215351956,3.690317047,131.53810586667157,131.542094,0.04020333333333331,0.0574333333333333,0
K01846.01,95.36101335000001,105.9566815,213.80647984770167,182.05127,0.1458083333333333,0.2916166666666666,1
K01966.01,2.9559596714308594,2.95600563,122.25271121613805,134.06322,0.10018874999999998,0.1113208333333333,0
K01796.01,11.80533027212572,11.805707539,121.27732826375289,133.050811,0.11100916666666658,0.0853916666666666,0
K07851.01,26.380466297573857,25.3710555,145.6733863900661,141.8015,0.12463333333333329,0.1557916666666666,0
K01827.01,8.58890413592709,8.58966893,175.01534413564767,132.01936,0.26107499999999995,0.2900833333333333,0
K02500.01,0.9337752392779091,0.933754669,132.422843248018,132.44306,0.18553333333333327,0.1686666666666666,0
K02502.01,83.96956517198446,86.79876649,173.20971883675168,199.89506,0.06229166666666665,0.1245833333333333,0
K02515.01,168.8751908490951,164.57506747,273.5198096890068,222.03648,0.39875,0.39875,0
K02568.01,1.7103576863736965,1.71030803,131.59163327428172,131.6107,0.1132499999999999,0.1132499999999999,0
K02570.01,72.7307454785201,79.9201319,153.1840964481233,197.21721,0.280125,0.18675,0
K02570.02,3.9960251607885486,4.4296786,133.28800894812332,133.1491002,0.0979999999999999,0.0816666666666666,0
K02575.01,210.207345558416,199.3113,287.265424829096,172.4242,0.3750833333333332,0.2679166666666666,0
K02584.01,152.56879243238,157.82131,172.67925366147398,137.7418,0.3105,0.5175,0
K03978.01,2.2861280431194553,2.28612573,133.52811467194692,133.53049,0.3101999999999999,0.5169999999999999,0
K03979.01,1.3325259218588228,1.33254971,132.06888736476913,132.05415,0.19541666666666657,0.1954166666666666,0
K03980.01,0.46933675879783243,0.469334634,131.73281388362605,131.736456,0.0369333333333333,0.0369333333333333,0
K03981.01,0.8492735786547491,0.849277809,352.9918686649652,132.17649,0.10456666666666663,0.1307083333333333,0
K01695.01,70.4226093348593,71.4523167,151.85664643366033,148.80814,0.13074999999999995,0.2614999999999999,1
K01696.01,1.752565849800046,1.752564549,132.71606410624204,132.71889,0.1459583333333333,0.1459583333333333,0
K07839.01,0.5668194783640872,0.566816802,170.31841622253822,131.77983,0.07428749999999994,0.0825416666666666,0
K01697.01,1.752554882639994,1.752553762,171.28371818906905,132.72735,0.14538749999999995,0.1615416666666666,0
K01698.01,2.0653404138225016,2.065351521,133.1639613093903,133.15601,0.110875,0.110875,0
K01699.01,2.2535225514567325,2.253551793,121.22490344575752,132.4798,0.1525,0.1525,0
K01981.01,1.0637816406949674,1.06378861,131.53196304495788,131.52465,0.04019999999999994,0.0446666666666666,1
K01926.01,122.22072778215193,123.11494773,173.31867301306852,172.26301,0.35916666666666663,0.7183333333333333,0
K01896.01,1.8545037966673787,1.854493861,132.4826117552128,132.49056,0.10591749999999997,0.1765291666666666,0
K07852.01,1.020711754046363,1.020713389,132.20372122335783,132.20309,0.032737499999999996,0.036375,0
K01763.01,2.1990758123458525,2.1990638,133.0635632575614,133.06948,0.11988749999999995,0.1332083333333333,0
K01807.01,126.6747643742189,132.1331011,224.0035016936467,149.17288,0.5565625,1.113125,0
K01999.01,1.1206445504738123,1.120646438,131.5927129045383,131.59197,0.044160000000000005,0.0736,0
K02653.01,1.7102721938697172,1.710279417,131.6202686547785,131.61739,0.08444999999999997,0.0938333333333333,0
K02661.01,65.90347633088703,65.238281,133.68187532863303,158.9557,0.21584999999999996,0.2398333333333333,0
K07817.01,0.5667886374228583,0.56679641,131.84161669837653,131.8085,0.1355666666666666,0.0968333333333333,0
K02663.01,9.88644627417078,9.88736642,129.69496914329943,139.52781,0.17625,0.17625,1
K02728.01,42.34793407425539,42.3520039,131.68013653964294,131.61246,0.29148749999999995,0.3238749999999999,1
K02742.01,0.7891593919830907,0.789160884,132.2940674060387,131.50545,0.03089333333333328,0.0386166666666666,1
K03982.01,2.399264276196233,2.399081606,907.9441293231155,133.06425,0.10959999999999996,0.1826666666666666,0
K03983.01,5.139827641959355,5.14072621,135.14371921010246,135.0222,0.5674999999999999,1.1349999999999998,0
K07829.01,0.5667608916475603,0.566798545,131.95859921994582,131.8431,0.3264999999999999,0.2176666666666666,0
K03984.01,1.4444591725631817,1.44445234,132.80236400086912,132.80685,0.03657374999999991,0.0406374999999999,1
K03985.01,3.5563765270559773,3.55653637,133.56229031655792,133.5172,0.2899999999999999,0.3624999999999999,0
K03986.01,9.608989567863592,9.60853601,358.7088262560003,137.74499,0.09179999999999999,0.153,0
K03987.01,0.9337578856910214,0.933747751,121.23360294571941,131.52218,0.19618,0.1634833333333333,0
K01703.01,3.1744434873893574,3.17463577,132.290323803816,132.24293,0.22891666666666666,0.4578333333333333,0
K07840.01,0.9022200799337085,0.902222843,120.89332253745248,131.7156501,0.11112833333333329,0.0854833333333333,0
K01709.01,22.466256437685953,22.4685309,148.57190885634273,148.4968,0.1264166666666666,0.1264166666666666,0
K01712.01,10.161201965148734,10.16104834,354.89009344598855,141.51593,0.11417999999999995,0.1268666666666666,0
K01714.01,2.7438904589799535,2.743978797,133.79356837055406,133.76412,0.1342083333333333,0.2684166666666666,0
K01719.01,1.332572930414984,1.332561398,132.04191497477598,132.0511,0.15386249999999999,0.1709583333333333,0
K07853.01,379.6718993720548,364.14397,421.04974582202505,376.4124,0.3202083333333333,0.6404166666666666,0
K01887.01,21.784204286584178,21.78769087,136.81800685007954,136.69645,0.22489999999999993,0.1874166666666666,0
K01804.01,5.9074771060337055,5.90741476,133.9272482781049,133.93511,0.042333333333333306,0.0423333333333333,1
K01774.01,2.3681665421303277,2.368173896,171.70052721090457,133.81015,0.0782,0.09775,0
K02015.01,5.738419668302127,5.73865933,136.94705602502694,136.91835,0.11815416666666662,0.1687916666666666,0
K01771.01,99.49042966448128,91.05641908,174.5868775561519,204.836321,0.30837583333333324,0.2803416666666666,0
K02793.01,4.496652425366953,4.49686066,736.8117359067755,134.20642,0.06489749999999997,0.0721083333333333,1
K02793.02,1.7667920458725108,1.766789509,735.5563638234422,133.08336,0.050043749999999936,0.0556041666666666,1
K02806.01,24.757071810905877,24.7543849,189.6462745615444,140.20732,0.127125,0.14125,1
K02814.01,0.47507130390945523,0.475068516,131.81514274364923,131.8191,0.042759999999999965,0.0356333333333333,0
K02818.01,1.7296161913821755,1.79683793,121.69232647457632,134.83029,0.16481249999999997,0.3296249999999999,0
K02843.01,184.03999403990855,187.51251276,365.46178752126735,178.10516,0.3689583333333334,0.3354166666666667,0
K03988.01,12.420462218084324,12.425484,129.4706471027351,133.99,0.5837874999999999,1.1675749999999998,0
K03989.01,1.2045306656664143,1.204529346,131.9340154712263,131.93613,0.0675,0.0675,0
K03990.01,2.158401886469899,2.15839583,131.9006003788608,131.89506,0.16854166666666665,0.3370833333333333,0
K07841.01,362.17453876900163,371.1495,402.30231741026114,415.4245,0.396375,0.660625,0
K01635.01,3.374741569858897,3.374684854,172.2586786305771,131.769948,0.20548687499999987,0.1868062499999999,0
K01636.01,2.6183716191669446,2.61841046,134.05160755352122,136.66312,0.11013333333333328,0.1376666666666666,0
K01636.02,15.710311378653834,14.5862195,136.67588880352122,135.2746,0.159425,0.113875,0
K01638.01,4.593533283865748,4.593594819,134.89859445870297,134.889552,0.07697374999999992,0.1099624999999999,0
K01639.01,114.77598986941605,125.0426,222.5749620853365,240.291,0.2622083333333333,0.3745833333333333,0
K01640.01,6.1702121545112565,6.17039154,354.56663067044735,354.54497,0.0881666666666666,0.0881666666666666,0
K01642.01,0.3648648237045523,0.364860478,131.6958854479129,132.07029,0.06753999999999989,0.0613999999999999,0
K01983.01,6.904899081636069,6.90522317,123.26216580099774,137.02059,0.11776666666666664,0.1472083333333333,0
K02139.01,4.2710903227722135,4.27121961,354.2274860423607,132.10466,0.09761,0.1220125,0
K07819.01,0.7693498703824051,0.769358923,120.81492880603881,131.57827,0.05761499999999994,0.0640166666666666,0
K02591.01,0.7551132936966011,0.755109106,131.8034603366395,132.56239,0.123625,0.123625,0
K02599.01,25.380635133499883,25.3239215,136.93915889458273,138.49766,3.2268958333333337,2.9335416666666667,0
K02612.01,4.612383855234915,4.61225043,124.62036944796391,133.86134,0.1122916666666666,0.1122916666666666,1
K02614.01,7.990416797369392,7.99022379,132.2485614685183,132.268,0.1227375,0.136375,1
K02630.01,4.173193663972326,4.1749166,121.88702773896355,134.1713,0.14081666666666662,0.2011666666666666,0
K07830.01,0.5667825140296844,0.56678694,352.8868550440305,131.82489,0.11427499999999999,0.081625,0
K03992.01,0.7309495334054399,0.73094701,132.22534571605095,132.22433,0.10557499999999999,0.1759583333333333,0
K03993.01,0.6869943820155174,0.686994057,131.65987760535654,131.661024,0.10281833333333332,0.1468833333333333,0
K03994.01,1.3242440766591792,1.324247867,132.8340689530652,131.51043,0.05534624999999997,0.0614958333333333,0
K03995.01,0.7806327334493298,0.780632043,121.25989160130216,132.190835,0.04115125,0.0587875,0
K03996.01,0.7309690582071432,0.730947169,132.1904350202909,132.22192,0.0915833333333333,0.1831666666666666,0
K01645.01,41.16434885411019,41.16676097,158.96223806538242,158.917777,0.11066499999999994,0.0922208333333333,0
K01652.01,1.083735389489196,1.083736642,121.1313837795352,134.1369208,0.04605766666666662,0.0657966666666666,0
K01653.01,2.455731114686104,2.45570369,120.74586466074989,133.03195,0.07749999999999996,0.1291666666666666,0
K01735.01,0.6423471554712193,0.64234875,120.99008891374682,131.910695,0.0570791666666666,0.0570791666666666,0
K01729.01,5.203919416014404,5.204286663,135.9334441897861,135.885314,0.156495,0.260825,0
K01730.01,6.3520388749652374,6.352090869,137.38373382872223,134.2069907,0.12959033333333328,0.1619879166666666,0
K02142.01,1.877363382461905,1.877350712,132.26539587656802,132.26591,0.0655425,0.072825,0
K02157.01,2.115501539952738,2.11552348,131.98833853797288,134.09961,0.16779999999999995,0.2796666666666666,0
K02161.01,2.845814515571717,2.84573962,134.25730103633313,134.27578,0.24266666666666664,0.3033333333333333,0
K02165.01,7.014712107933873,7.01476115,136.88703316364695,136.88345,0.1479375,0.164375,0
K02170.01,0.941600933959656,0.941603153,132.03746767968863,132.976171,0.0445725,0.049525,0
K02176.01,24.468845820037263,24.40213373,272.08213104690145,149.47431,0.3666249999999999,0.5237499999999999,0
K07821.01,1.1335838883147995,1.13357304,131.80322849808186,131.8204,0.1187083333333333,0.1187083333333333,0
K02772.01,0.6434638669950526,0.643468999,131.8427988423368,131.83868,0.050911666666666626,0.0462833333333333,0
K02782.01,120.0158740097523,112.645961,334.57349432652535,182.99824,0.175925,0.2932083333333333,0
K02783.01,0.5268902967023542,0.526887517,131.8637398101144,131.86561,0.04111708333333326,0.0373791666666666,0
K02784.01,3.889417756910904,4.14244748,133.11891776009037,132.907,0.12850833333333325,0.0917916666666666,0
K02788.01,0.7776574247071291,0.777663575,131.53437524802095,131.52537,0.04402874999999997,0.0489208333333333,0
K03997.01,0.5528339587491982,0.552834211,131.75696252827103,131.75468,0.037587083333333306,0.0536958333333333,0
K03998.01,0.7583496823078448,0.758354475,735.5171781435266,132.623984,0.11420274999999996,0.1903379166666666,0
K03999.01,3.4352851468160615,3.43525124,132.63057730946554,132.6333,0.13151249999999998,0.187875,0
K04000.01,0.9628352665725536,0.962828092,120.64896143925671,132.20697,0.12865416666666663,0.1837916666666666,0
K04000.02,12.428253615596299,12.427135,128.8384989392567,141.4159,0.6938749999999999,0.53375,0
K01734.01,1.8781480414044858,1.878156188,170.07791863179457,136.2716,0.060024999999999926,0.0857499999999999,0
K01987.01,7.811408605367111,7.81153999,136.3496039842209,136.33101,0.14959999999999996,0.2493333333333333,0
K01949.01,0.9934918096321016,0.993488979,131.60687197316685,131.607354,0.057440833333333316,0.0820583333333333,0
K01759.01,1.3340939937087284,1.334104585,260.4488928207557,132.3674913,0.11798399999999998,0.1310933333333333,0
K01994.01,2.1154995163598844,2.115498574,131.990178585186,134.11259,0.16845,0.28075,0
K07812.01,3.114880965926463,3.40076682,120.94567195574918,131.8405,0.2741666666666666,0.1958333333333333,0
K02178.01,5.9392545093270535,6.49676881,121.81328194568393,132.17439,0.14740833333333325,0.1052916666666666,0
K02184.01,2.057521257792023,2.057499811,133.2995601232996,133.31318,0.09633749999999994,0.1070416666666666,0
K02187.01,10.585512331496373,10.5856758,136.9755994559917,136.9685,0.1636999999999999,0.2046249999999999,0
K02188.01,2.696381075837609,2.69633621,132.9857503123933,132.99538,0.13095,0.21825,0
K02190.01,11.260657568727524,11.2580745,140.62535491441614,140.794,0.4899166666666666,0.9798333333333332,0
K07822.01,0.5667928304316661,0.566795586,131.88183420104627,131.83245,0.25775,0.1718333333333333,0
K02847.01,1.0992761837777678,1.099291188,131.51212648954626,131.50242,0.06618749999999994,0.0735416666666666,0
K02858.01,0.47462758713300435,0.47462889,131.5468708735642,131.54237,0.04672249999999999,0.042475,0
K02860.01,98.0728667674902,103.4269873,355.68749640805294,220.22869,0.2095833333333333,0.2095833333333333,1
K02875.01,0.29969750264252026,0.299697755,131.71817083468505,132.017121,0.0353041666666666,0.0353041666666666,0
K07831.01,0.5668155847409019,0.56681727,131.77921919811345,131.7715,0.0815375,0.074125,0
K04001.01,1.0819685048476753,1.081935491,132.58171367571805,131.52874,0.2354,0.214,0
K04002.01,0.5241773318719214,0.524175803,131.5989002751938,131.60105,0.035053333333333256,0.0318666666666666,1
K04003.01,1.8912737930643788,1.89129881,132.68179052095732,132.6639,0.19852499999999995,0.2205833333333333,0
K04004.01,4.943430128584407,4.94330596,120.72743647366354,135.57568,0.11000249999999992,0.1222249999999999,1
K04005.01,194.11847133510878,178.139072,146.1749861418312,210.11802,0.24134999999999998,0.40225,1
K01766.01,4.067164953256367,4.067371428,170.9572369149903,134.316022,0.22110749999999998,0.245675,0
K01903.01,1.5403962600447512,1.540395781,121.21213323339099,131.99631,0.07473125,0.0679375,0
K01912.01,32.91073896367668,32.9045733,174.05775824790288,141.29325,0.2751249999999999,0.1834166666666666,0
K01811.01,2.4635155077470494,2.46353343,132.88473230388948,135.3459,0.08615833333333331,0.1230833333333333,0
K01791.01,22.909698879387992,22.91339043,369.86400766430535,140.64839,0.1641666666666666,0.1641666666666666,0
K02192.01,1.5413665557820573,1.541350116,132.3137710580628,132.32528,0.1370833333333333,0.1370833333333333,0
K02196.01,1.2054148466779266,1.205412526,121.08334850989769,131.93619,0.044829166666666614,0.0640416666666666,0
K02197.01,1.7103204837675894,1.710316235,131.60270897859442,131.60973,0.10540833333333331,0.1505833333333333,0
K02198.01,23.916045365381926,23.9210408,139.21942381303012,139.07872,0.25869999999999993,0.2155833333333333,1
K02199.01,9.032818572000236,9.03326435,137.2143351726,137.17738,0.09523333333333328,0.1190416666666666,1
K03932.01,385.1009028059008,356.535835,733.0256098521136,433.62066,0.1138958333333333,0.2277916666666666,0
K03933.01,3.490818612622245,3.490785878,133.0918617109407,133.10269,0.06651791666666662,0.0604708333333333,1
K03934.01,1.7801610726736026,1.92149487,131.67748204259885,133.2283,0.0393958333333333,0.0787916666666666,0
K03935.01,1.0936638379020405,1.093665854,132.47202643889048,132.47213,0.0599958333333333,0.0599958333333333,1
K04006.01,12.420848453804208,12.4247333,129.47856135596155,134.0338,0.5609333333333333,0.7011666666666666,0
K04006.02,0.9628471075472117,0.962815183,120.64085093929488,132.21629,0.15055833333333324,0.1075416666666666,0
K04008.01,70.77946869364902,70.7511986,174.97622081471806,175.37157,0.36155,0.25825,0
K04009.01,175.05972354155605,175.13892,296.31515025362364,296.03778,0.49348749999999986,0.4486249999999999,1
K07844.01,1.3020550342002246,1.302061421,120.85035495753957,132.56436,0.05319416666666662,0.0759916666666666,0
K01768.01,55.302227817851005,55.25178622,400.70436996910837,144.456513,0.3554833333333333,0.2539166666666667,0
K01757.01,5.548142971632473,5.548250634,357.9338170862431,133.219686,0.2022573333333333,0.2528216666666666,0
K01775.01,4.442512415727185,4.442520831,133.6086237163884,133.607376,0.09292124999999997,0.1032458333333333,0
K01936.01,1.3396687242113339,1.339670241,121.4507145835972,132.16786,0.07106249999999996,0.0789583333333333,0
K01777.01,2.685261233913634,2.685223546,171.31464131412727,133.731821,0.13544,0.1693,0
K02203.01,1.9903886365679229,1.99042642,132.72647764527179,132.71317,0.11561249999999998,0.1284583333333333,0
K02203.02,164.76733009330195,172.178768,227.22573389527173,139.442,0.0644583333333333,0.0495833333333333,0
K02207.01,63.81263298892512,67.230028,148.96692611163675,171.7451,0.6252499999999999,1.0420833333333333,0
K02211.01,0.8052608806985979,0.805259637,132.10131877956698,132.100758,0.0407458333333333,0.0407458333333333,0
K02050.01,75.36695789275122,75.3787816,167.1824122374426,167.10798,0.2414499999999999,0.2194999999999999,0
K02231.01,2.464193523569943,2.464160779,122.06095009935476,131.92201,0.07078749999999992,0.1011249999999999,0
K07823.01,0.5668067630036515,0.566781152,352.8798137314958,131.85715,0.19974999999999993,0.1664583333333333,0
K03936.02,14.252411530903835,13.0267964,129.19334149612118,139.14777,0.04579166666666661,0.0327083333333333,1
K03937.01,4.931418274309157,4.93129874,356.71213093826805,134.82009,0.06208666666666664,0.0776083333333333,0
K03938.01,5.591825325674414,5.59187448,132.88283683721951,132.87618,0.0629324999999999,0.0699249999999999,0
K03939.01,1.8882178341650013,1.88665445,907.7334836340469,132.3531,0.07834166666666662,0.0559583333333333,0
K03940.01,14.536238209673892,14.53682228,132.3975901873519,132.36831,0.09318749999999999,0.133125,0
K04010.01,1.7285331881028412,1.72853003,131.79864639500897,131.80572,0.1432125,0.159125,0
K04011.01,2.1906508324050744,2.19068738,121.08062271250976,132.01727,0.18375,0.18375,0
K04012.01,371.12982287348945,372.16478,414.1976715223067,233.7717,0.23516666666666663,0.4703333333333333,0
K04013.01,0.8969370674790663,0.947730124,121.24208187226333,132.39338,0.06981874999999996,0.0465458333333333,0
K04014.01,254.98616455282584,234.240739,169.31816413398252,210.8122,0.3769791666666667,0.5385416666666667,1
K07845.01,340.9762613876398,341.01495,448.7074984096292,448.7233,0.27733333333333327,0.2133333333333333,0
K01755.01,6.146275739776401,6.14631207,132.75592565560268,132.74983,0.1109208333333333,0.1584583333333333,0
K01991.01,27.369889919823425,27.36432337,362.2641012357497,143.46464,0.20679166666666662,0.1477083333333333,0
K01836.01,10.2625154330552,10.26231992,122.93216748074833,133.20719,0.10406666666666663,0.1486666666666666,0
K01778.01,1.5195265532905806,1.519529227,352.8813168944343,132.55256,0.12918749999999998,0.2153125,0
K01780.01,6.487320967257682,6.487525901,134.2931824558576,137.625165,0.05111666666666666,0.1022333333333333,0
K07813.01,0.5667890233331178,0.56676437,352.88649982708256,131.8708,0.13568333333333324,0.0969166666666666,0
K02234.01,2.3520219787719947,2.35197616,352.9828475357126,131.90696,0.1326,0.221,0
K02235.01,0.861646509288098,0.861643331,131.80674069375962,131.80744,0.08106,0.101325,0
K02239.01,12.106714812061826,12.1097626,140.880774410374,140.74725,0.25434999999999997,0.4239166666666666,0
K02240.01,62.976273132314155,63.909601,184.93591981906326,136.6718,0.4443749999999999,0.4937499999999999,0
K02244.01,19.736478962909313,19.7352868,138.55211703162692,138.58362,0.10618749999999999,0.212375,0
K07824.01,0.5667894138714308,0.566799125,121.07667476008316,131.81289,0.16640000000000002,0.128,0
K03941.01,1.0619352611105448,1.061935973,131.72671546259085,131.723748,0.09676624999999993,0.1382374999999999,0
K03942.01,1.4859078747014456,1.485898163,132.73601740188502,132.74414,0.07134166666666662,0.1019166666666666,0
K03943.01,34.71871347,38.5763483,140.7394821840697,167.85725,0.49652499999999994,0.8275416666666666,1
K03944.01,1.8456048467929886,1.845610523,261.00053474609086,131.80574,0.0681625,0.097375,0
K04015.01,130.6670221574829,133.303247,170.42536678263093,167.76042,0.21414166666666665,0.3059166666666666,1
K04016.01,128.38974751887258,125.4132302,195.60971776333145,195.62605,0.10652124999999989,0.0968374999999999,1
K04017.01,21.56357239225634,21.5702917,137.4035809212694,137.2647,0.8416666666666666,1.6833333333333331,0
K04018.01,0.8687154125546708,0.868723418,352.74409316576117,132.08264,0.04872333333333328,0.0609041666666666,0
K00266.01,25.310233400100135,25.30893566,120.85133107687618,171.50611,0.21638999999999997,0.2404333333333333,1
K00065.01,28.978946578714687,27.25471993,123.51175158895852,176.52949,0.0304166666666666,0.0304166666666666,0
K00383.01,33.45584127500289,34.10787519,150.81942557075286,183.56881,0.23916666666666664,0.1708333333333333,0
K00860.01,15.794683763932428,16.61474421,139.9495799062439,177.04832,0.06924999999999996,0.1154166666666666,0
K01789.01,1.4125284328016692,1.412526202,131.7063749836504,131.70353,0.160125,0.22875,0
K01956.01,2.7594709486533975,2.759573341,131.74532250571806,131.71354,0.20413749999999994,0.2916249999999999,0
K01834.01,3.7918254880676945,3.79188234,134.14567314362571,134.1344,0.0895833333333333,0.0895833333333333,0
K01995.01,14.387802046926941,14.38724729,362.02318700559744,131.85133,0.06359333333333328,0.0794916666666666,0
K01855.01,58.41125011114195,58.4302648,168.51881711604204,168.30179,0.3589999999999999,0.2991666666666666,0
K07814.01,0.5667725265108934,0.566717263,131.8655513836374,131.9699708,0.1521275,0.1086625,0
K02249.01,13.450437969716958,13.37935853,131.8988079010995,140.92523,0.5138583333333333,0.3670416666666666,0
K02251.01,13.260630459148741,13.26255423,361.8328267992492,136.29135,0.213125,0.19375,0
K02254.01,20.56866728578583,20.5696575,140.2874078314993,140.25123,0.12433749999999993,0.1776249999999999,0
K02258.01,4.523526177505237,4.52342256,135.45091139487025,135.46854,0.08436666666666665,0.1054583333333333,0
K02054.01,22.323773391762565,22.32423657,179.10585021535485,134.44763,0.10701249999999993,0.1528749999999999,0
K03945.01,0.7239511511217614,0.723947772,121.20320779507892,132.06247,0.07083333333333328,0.0885416666666666,0
K03946.01,308.205726059315,308.544422,296.4328138358144,296.0738,1.0022458333333333,0.7709583333333333,1
K03947.01,0.9056810777999788,0.905679492,132.19603670736467,132.196318,0.0617283333333333,0.0881833333333333,0
K03947.02,22.78426809035089,22.735911,142.82861587403133,144.077,1.2376874999999998,1.768125,0
K03948.01,0.9093188752438014,0.909310626,131.7202905079882,131.725419,0.08602749999999998,0.1433791666666666,0
K03949.01,0.6487769557791673,0.648774274,131.738728999857,131.74545,0.11012499999999992,0.1101249999999999,0
K00562.01,30.51703408598342,32.63286247,143.45401151667295,177.22208,0.14116666666666663,0.1283333333333333,0
K00879.01,24.46151298333734,25.64384513,189.5762646709328,177.41892,0.12624999999999997,0.2104166666666666,0
K00885.01,27.897382519542145,25.58546721,145.83376191922346,177.07745,0.06649999999999993,0.0949999999999999,0
K00589.01,18.255741539411243,17.47702,135.14700382646865,186.5568,2.2716666666666665,2.2716666666666665,0
K00594.01,15.274154092652935,16.88954693,137.5788966297373,183.15557,0.09945833333333332,0.1420833333333333,0
K00962.01,24.784575308208222,26.77891391,132.98067064960463,186.20963,0.13,0.13,0
K00973.01,13.335515923189933,13.33386985,127.33328302553466,263.78932,0.3255,0.27125,0
K01026.01,102.17499394238901,94.10628163,207.23701240301108,184.9905063,0.35854166666666665,0.7170833333333333,0
K01027.01,13.596501297665718,14.71266408,356.8345934844823,366.02309,0.12279166666666662,0.1754166666666666,0
K01131.01,0.69610488339728,0.696125302,352.7064391633367,354.767068,0.11698166666666662,0.0835583333333333,0
K01137.01,302.3040539417044,302.38867822,308.8337823571975,309.18675,0.06506041666666665,0.1301208333333333,0
K01744.01,5.244261384154098,5.24372504,174.58502814868046,132.7225,0.357,0.714,0
K01740.01,18.793365157494996,18.795269797,148.10711224674955,138.6686066,0.29113,0.4159,0
K01918.01,42.246715430617115,42.2625935,152.65586044546347,152.31269,0.26045833333333324,0.1860416666666666,0
K01748.01,3.5493038258955147,3.549386251,354.3189864991528,134.247174,0.0912825,0.101425,0
K01943.01,29.920784461306564,29.92208104,146.03227240720818,146.00807,0.12703166666666663,0.1154833333333333,1
K07815.01,0.5668148474122067,0.566812588,121.04102223750421,131.79719,0.19478333333333328,0.1498333333333333,0
K02262.01,9.942642184957903,9.94221873,133.81672841149785,133.84961,0.07154583333333331,0.1022083333333333,0
K02267.01,9.065350032373336,9.06557317,135.16617789357747,135.15009,0.0675333333333333,0.0675333333333333,0
K02268.01,4.6503030841894155,4.9432827,170.1995294076873,132.8581,0.8335416666666666,1.6670833333333333,0
K02270.01,7.354048512582122,7.35390869,124.65619362534281,132.01829,0.0772874999999999,0.0858749999999999,0
K02275.01,15.745786739542332,15.7455586,145.53380949491458,145.54111,0.5203875,0.5782083333333333,0
K07825.01,0.5667918813163985,0.566796615,131.82471980520873,131.8009,0.11660833333333324,0.0832916666666666,0
K03950.01,2.1890887554275955,2.189092892,171.49146884603164,132.082757,0.12782,0.2130333333333333,0
K03951.01,2.404363065811201,2.40435335,121.19990376337624,133.22999,0.1695833333333333,0.1695833333333333,0
K03952.01,222.65651157947573,220.9290121,270.18922550982677,240.81927,0.36675,0.305625,0
K03953.01,3.187435661382412,3.1877519,134.47967046512434,134.418,0.3709,0.6181666666666666,0
K01351.01,10.724030558109261,10.72396374,357.13801232556284,357.14874,0.22422749999999986,0.1601624999999999,0
K01195.01,122.12208703993294,119.67747,393.68056450946597,415.4806,0.9413249999999999,1.34475,0
K01483.01,185.96779968726554,185.9526325,288.80967551888034,288.874323,0.10489499999999993,0.1498499999999999,0
K01611.01,43.623619183220086,41.077590334,147.57303333450744,173.7358974,0.2844338749999999,0.2585762499999999,0
K01624.01,2.9955266234114677,2.99540439,120.78286131357034,132.78128,0.1800166666666666,0.2571666666666666,0
K01817.01,63.944978436065604,63.934965,162.7572033613342,162.84507,0.31775,0.5295833333333333,0
K01869.01,38.4808576802641,38.4769457,150.51407720069935,150.56893,0.16989583333333333,0.2427083333333333,0
K01951.01,37.33961611966375,37.3228722,152.53927183885062,152.83532,0.4208516666666666,0.3006083333333333,1
K02030.01,1.6649777577951381,1.664980224,131.6828882139588,131.68433,0.05091041666666662,0.0727291666666666,0
K01752.01,16.60965080361986,16.6094904,147.60952470101634,147.61311,0.132875,0.132875,0
K07816.01,0.5667879123079013,0.566789505,131.8527656188819,131.8313,0.17018749999999994,0.2431249999999999,0
K02277.01,2.486089137850141,2.62982665,133.77765070971915,132.08013,0.3624249999999999,0.2588749999999999,0
K02284.01,2.6979566477900327,2.69787749,133.63900037298578,133.65962,0.0957499999999999,0.0797916666666666,0
K02292.01,5.233332069930853,5.23340265,133.15423677792452,133.1457,0.12157499999999997,0.1350833333333333,0
K02301.01,3.5128336873558967,3.51289168,133.8032145600917,133.79619,0.12423749999999993,0.1380416666666666,0
K07826.01,9.166966149462436,9.087508013,910.4425646446431,137.2042403,0.16098249999999986,0.1149874999999999,0
K03954.01,0.652444698066361,0.65244373,169.8940451850268,132.05504,0.06129166666666659,0.0612916666666666,0
K03954.02,5.219657840220458,5.71668787,170.53691601836013,136.32274,0.06566666666666664,0.0820833333333333,1
K03955.01,1.3325454805781267,1.332564704,353.2602881790451,132.04974,0.1494375,0.2490625,0
K03956.01,2.636911938555992,2.636899795,132.07354796000212,132.07629,0.03035,0.0379375,0
K03956.02,12.425343598459584,12.4249559,141.5494479600021,141.5823,0.6124499999999999,0.6805,0
K03957.01,0.6606253858815964,0.660629055,131.86817970564206,131.86099,0.12279166666666663,0.2455833333333333,0
K03958.01,0.8851222968858673,0.885123683,131.88577553203936,131.88646,0.1411041666666666,0.1411041666666666,0
K07836.01,433.82570862048556,471.65421,504.1480648232696,421.64532,0.2016,0.144,0
K01625.01,1.2212040636553605,1.221204888,132.38735321454635,133.61014,0.06941624999999993,0.0771291666666666,0
K01617.01,131.9964327933337,135.90795753,121.1233022456987,199.74974,0.114375,0.07625,0
K01620.01,0.9598610431536326,0.959853772,121.28913917457882,131.85197,0.09581499999999996,0.0798458333333333,0
K01634.01,50.3321098568269,46.882525,139.73435395075046,174.9031,0.04020833333333329,0.0804166666666666,0
K01614.01,20.71650613982523,20.7191626,143.37909984510145,143.30626,0.16299999999999987,0.1629999999999999,0
K01919.01,16.60987782898177,16.60973843,147.6058117447265,147.6085,0.0940625,0.188125,0
K01743.01,52.81935181307525,54.323118,292.4668003206199,153.7774,0.5388124999999999,1.0776249999999998,0
K01741.01,5.803120939997547,5.803127153,353.7561935653016,136.101253,0.16346999999999992,0.2043374999999999,0
K01767.01,32.41383422761747,35.51619219,128.90905320058178,165.930432,0.14583333333333326,0.1041666666666666,0
K01769.01,0.5890484602003929,0.589049151,131.59177322192642,132.1792702,0.06574079166666662,0.0939154166666666,0
K02065.01,80.21675970332194,80.2321467,162.52386993912546,162.39301,0.27159999999999984,0.1939999999999999,1
K02070.01,1.791396785039973,1.791406261,132.99687290929336,132.99503,0.08213041666666661,0.1173291666666666,0
K02077.01,1.254819610201287,1.25483232,132.19632469960652,132.18633,0.08899999999999993,0.1112499999999999,0
K02085.01,5.714924792132816,5.71483873,132.112877417573,132.13046,0.1145,0.1145,0
K07828.01,17.587881406395688,17.5859472,138.6732160278432,138.7798,0.12716666666666665,0.1589583333333333,0
K03959.01,1.3325596597975917,1.332567005,121.39706548479742,132.0492,0.15843249999999998,0.2640541666666666,0
K03960.01,2.5455405215071645,2.54557259,170.89232616657418,132.69874,0.21134999999999998,0.2348333333333333,0
K03961.01,0.7045425461632233,0.704541784,132.1807104565888,132.18236,0.049160833333333265,0.0446916666666666,0
K03962.01,0.69798910367594,0.697996932,352.7131035871504,132.136059,0.09025624999999998,0.1805125,0
K03963.01,6.633222776739149,6.63449721,120.99023390074584,134.16545,0.4787916666666666,0.9575833333333332,0
K01623.01,120.67443693795248,110.9215892,135.22973841812933,174.22374,0.15405833333333332,0.2200833333333333,0
K01657.01,3.8862972214669,3.88673217,135.09826911165933,136.94489,0.4268958333333333,0.8537916666666666,0
K01658.01,1.544935794942911,1.544928892,131.99994601273715,133.5487914,0.07179299999999988,0.0598274999999999,1
K01663.01,11.769790164588104,11.76921923,138.37292031467365,138.41222,0.10729999999999999,0.134125,0
K01664.01,40.27528186301618,44.638983058,360.4022884952692,156.45087,0.06333354166666665,0.1266670833333333,0
K03118.01,186.80380223106982,174.95980475,159.69957543359146,151.16448,0.2832916666666666,0.2179166666666666,0
K03121.01,1.9268912990357185,1.926888595,131.62751273458474,131.63323,0.0668958333333333,0.0514583333333333,0
K03133.01,0.24184223552459674,0.241842544,131.62746661426584,131.86819,0.0423325,0.0302375,0
K03134.01,0.8657659224943974,0.865759153,353.2079096659711,131.57771,0.03152999999999997,0.0350333333333333,0
K03139.01,0.6360755086339017,0.63624396,120.70538765589542,131.968841,0.23333333333333323,0.1666666666666666,0
K03143.01,4.3561510913118555,4.4040248,132.24606293959397,134.00341,0.09037499999999994,0.1004166666666666,0
K03149.01,9.95670574257842,9.81101738,133.42389685467202,134.18676,0.06095833333333331,0.0870833333333333,0
K02881.01,0.9035822211066943,0.903583394,131.8778858297452,131.877566,0.0464975,0.066425,0
K02893.01,0.9901491868207958,0.99014722,132.02899979245834,132.02928,0.0391416666666666,0.0391416666666666,0
K02902.01,138.7591173312892,138.61227705,184.86210986283396,170.98026,0.2872916666666666,0.5745833333333332,0
K02909.01,0.7735974967897375,0.77359329,132.08780383138722,132.09232,0.0733458333333333,0.0733458333333333,0
K02916.01,0.30693830609467765,0.306937807,131.63605150277144,131.635518,0.02715625,0.0246875,0
K02934.01,0.6374854580845615,0.637487312,131.98263887711795,131.97829,0.0899524999999999,0.0817749999999999,0
K02940.01,121.62602819487223,129.68366098,137.37460685750725,244.8914,0.16375,0.3275,0
K02941.01,4.309088800103413,4.30908594,134.70403463130515,134.70804,0.05699999999999997,0.0633333333333333,0
K02947.01,51.5431026652804,57.104588,161.00487174466446,151.083,0.38333333333333325,0.4791666666666666,0
K02950.01,0.4220163572328622,0.422015793,131.74672455835432,131.747838,0.04113866666666664,0.0514233333333333,0
K02953.01,0.9458337647606162,0.945825494,131.61642727368763,131.62223,0.08477333333333326,0.0770666666666666,0
K02954.01,0.676716500212166,0.676715927,353.0479462502719,131.7606,0.0315,0.02625,0
K02974.01,0.5764431704728767,0.576441813,131.68584860487252,131.68331,0.0844583333333333,0.0844583333333333,0
K02983.01,0.4238549411198545,0.423854275,131.76549291204566,132.19107,0.04674083333333326,0.0424916666666666,0
K02988.01,2.3686204136226667,2.43731228,133.78846779457734,132.06982,0.11024999999999985,0.0787499999999999,0
K02993.01,0.6926941989581882,0.692693892,131.8052298565637,131.804922,0.03734499999999993,0.0533499999999999,0
K03001.01,0.7689334598710746,0.768934934,352.4255024994885,131.740302,0.03546666666666662,0.0506666666666666,0
K03006.01,0.9982271493758517,0.998212785,170.7296965889751,131.81898,0.11407916666666663,0.1037083333333333,0
K03009.01,0.7648642931242797,0.764863517,132.1331085964647,132.13343,0.05316666666666663,0.0483333333333333,1
K03016.01,0.7108966775792468,0.710894157,132.04846056276764,132.05192,0.0424291666666666,0.0424291666666666,0
K03024.01,0.5645712067697758,0.537839241,120.54815540372032,131.58521,0.045187500000000005,0.090375,0
K03044.01,0.37368444380921306,0.373684977,170.07990306414558,131.963342,0.0400875,0.0400875,0
K03046.01,1.101524623316891,1.10118564,121.50326196194695,132.61692,0.30333333333333323,0.2166666666666666,0
K03054.01,0.5449634648985022,0.544962596,352.77695809801656,131.52348,0.04972916666666663,0.0452083333333333,0
K03062.01,0.7691224590759681,0.769127296,131.5704496384809,131.56425,0.03742499999999997,0.0415833333333333,0
K03076.01,248.0786188847794,225.56791218,336.8370180127062,262.51086,0.15774999999999995,0.2629166666666666,0
K03077.01,4.095763342683486,4.09578199,172.58456407137803,131.61992,0.0639,0.071,1
K03079.01,84.18554536123915,92.57337995,155.92891853822434,171.1309675,0.31687499999999996,0.3520833333333333,0
K03080.01,195.03025243080344,185.0097245,240.39459238133742,307.67922,0.37416666666666665,0.7483333333333333,0
K03094.01,4.577003241901955,4.5770016,132.09928862064626,132.09921,0.03558749999999994,0.0395416666666666,1
K03096.01,14.455174759353858,14.4540329,135.41788208467713,135.4521,0.2394333333333333,0.2992916666666666,1
K03100.01,0.8125910485064732,0.812587678,131.5590065508117,131.56261,0.0464333333333333,0.0464333333333333,0
K03103.01,19.303901693049745,19.3073774,139.19192956999757,139.1411,0.11456666666666664,0.1432083333333333,0
K00068.01,0.9983306194957192,1.000840564,120.7528636336758,121.293771,0.08307499999999995,0.0553833333333333,0
K07854.01,1.7293300334641168,1.72929014,170.55489604180073,132.5562,0.16541249999999988,0.1503749999999999,0
K05148.01,37.82866075281646,40.301684,155.3074684362176,166.83148,0.0582499999999999,0.0582499999999999,0
K05150.01,26.52355108400452,26.524553,156.18340646693116,156.16784,0.10812083333333325,0.0982916666666666,0
K05151.01,26.15315670637056,26.1537851,145.3085755192663,145.2879,0.06757499999999997,0.0750833333333333,0
K05152.01,0.9446177872470185,0.944598153,120.88175493021042,132.2327,0.11719166666666664,0.1674166666666666,0
K05153.01,371.2972144603893,354.63284,289.9117384979676,178.4349,0.11134999999999994,0.0927916666666666,0
K05154.01,33.050459188970436,35.40103336,145.9425102809929,135.1605852,0.08749999999999991,0.0729166666666666,0
K05272.01,5.242645354036434,5.2433865,132.86355857948706,132.786,0.4157333333333333,0.5196666666666666,0
K05273.01,5.243264640083151,5.2435703,132.80137213169462,132.7496,0.39660000000000006,0.661,0
K05277.01,571.362651,634.84739,248.11895159156975,248.0735,0.33720833333333333,0.6744166666666667,0
K03381.02,418.84692883636495,387.56519,489.1497565476256,269.7929,0.2766666666666666,0.5533333333333332,0
K03381.01,35.27214441833519,35.2340413,199.25285654762564,164.0831,0.29685000000000006,0.49475,0
K03447.01,31.50900672478789,31.5073649,159.0741668657837,159.1203,0.24539999999999992,0.3067499999999999,0
K03453.01,18.108907814225102,18.1118457,370.21989309525776,134.7252,0.2628749999999999,0.2628749999999999,0
K03478.01,31.728439526310204,33.4969115,126.97323267269383,163.7638,0.1409625,0.201375,1
K05031.01,36.19326217391898,34.33339948,152.34806331974755,152.0693144,0.1429166666666666,0.1020833333333333,0
K05032.01,1.3899447960014968,1.389947459,132.26780978640448,132.266549,0.0497083333333333,0.0497083333333333,0
K05034.01,304.2271829634422,282.5363563,134.97148520186613,241.528666,0.38658,0.4295333333333333,0
K05036.01,266.06292968261073,289.490952,538.1300540894858,363.4177,0.0814583333333333,0.1629166666666666,0
K05157.01,0.7365364613583029,0.782068488,121.26134992419166,131.8940201,0.07227499999999999,0.051625,0
K05159.01,449.8475234196725,440.65087204,543.8368316858271,421.7840447,0.1695833333333333,0.1695833333333333,0
K05161.01,285.9812738186222,289.76961138,240.01853182401663,194.4183952,0.11962499999999994,0.1329166666666666,0
K05163.01,263.93013731347986,273.223848,173.65889463419617,272.069,0.1893499999999999,0.1577916666666666,0
K05280.01,0.6507043451703278,0.650701055,539.8195967592709,131.830637,0.022290999999999957,0.0371516666666666,0
K05282.01,57.940700529788025,59.742966,137.31995120159914,188.0166,0.14125,0.2825,0
K05285.01,397.87811239028434,405.32064,489.1751371467847,443.8561,0.161875,0.32375,0
K05286.01,348.4849318281094,342.830882,342.8292985328877,430.438,0.22318333333333323,0.1594166666666666,0
K03494.01,42.88518330981809,42.8774169,370.32862801314354,156.06967,0.11614166666666663,0.0829583333333333,1
K03509.01,2.975880890803267,2.97601892,132.99080811447348,132.96926,0.16041666666666662,0.2291666666666666,0
K03781.01,2.882607181033857,2.882424694,122.91473169696927,131.63584,0.5397916666666666,1.0795833333333331,0
K04920.01,448.5985153373883,473.95103,213.7623965030504,366.0309,0.29445,0.49075,0
K05038.01,0.5341084561869683,0.534109403,120.5883818444913,131.80501,0.04360125,0.0396375,0
K05039.01,179.05825560664172,168.77118,360.93038131801336,233.3138,0.04714583333333329,0.0942916666666666,0
K05041.01,22.12843943290994,22.9138322,142.740004382896,140.6387,0.3034374999999999,0.2022916666666666,0
K05042.01,484.53169500000007,538.36855,366.4045064234135,232.5637,0.40125,0.8025,0
K05043.01,70.32819897809557,65.5327181,133.9191230991784,151.4591,0.04699999999999995,0.0939999999999999,0
K05045.01,1.017683364703105,1.018360336,1274.3352149258674,131.67768,0.22230833333333327,0.3175833333333333,0
K05166.01,81.70885091426044,78.04064906,173.63087588553228,137.0269121,0.09854166666666664,0.0895833333333333,0
K05167.01,389.55675334483544,396.349253,452.48202134131805,272.6416,0.0559375,0.111875,0
K05168.01,0.5028074390052971,0.502807253,131.61413425618036,131.6152743,0.033831,0.04228875,0
K05170.01,161.29485180387007,149.526152,146.4058040777096,196.8608,0.11373749999999999,0.126375,0
K05171.01,2.8457057843228712,2.845736321,134.28418559492007,134.280263,0.28925749999999995,0.4820958333333333,0
K05292.01,44.583346190402764,43.60012467,145.83759239629322,163.4367382,0.08016666666666658,0.0616666666666666,0
K05293.01,1.7102899431781884,1.710299164,121.35616700574522,131.6153344,0.14708512499999993,0.1634279166666666,0
K05294.01,229.59566555936973,252.04444,230.94073124843976,265.201,0.192375,0.21375,0
K05295.01,1.395084477300412,1.39508873,120.90475031149533,132.059107,0.13062499999999996,0.0870833333333333,0
K04922.01,145.42699711820936,153.521361,399.89884862339864,281.2973,0.21087083333333329,0.1622083333333333,0
K04924.01,3.003371610259648,3.0031801,1276.3240148986604,132.1161,0.0938,0.11725,0
K04925.01,2.96388736443091,2.96384168,172.63884947980753,134.119473,0.20538,0.2282,0
K04927.01,43.40704102438554,43.142257,141.54374599199812,132.3007,1.8004583333333333,2.572083333333333,0
K04928.01,3.2902150526166367,3.290304098,1276.9401786198964,131.90944,0.0860749999999999,0.0717291666666666,1
K05047.01,318.6683708225775,326.70552,402.11821612186037,439.648,0.19599999999999987,0.1399999999999999,0
K05049.01,372.09592770990105,343.49816,379.85327495420574,340.5486,0.3108333333333333,0.3108333333333333,0
K05050.01,11.257378093929676,11.2582311,354.71901553350864,140.7718,0.492625,0.70375,0
K05051.01,144.74079581470795,139.54219147,264.4440162516811,186.9535324,0.17099999999999999,0.1425,0
K05052.01,160.45594443524217,155.046089,134.1885596104265,166.60575,0.25512499999999994,0.4252083333333333,0
K05053.01,15.291305495192931,14.3641542,136.74295385781963,144.2631,0.1095416666666666,0.1095416666666666,0
K05172.01,12.421555567929305,12.4276185,179.12276124399793,141.3698,0.5413333333333332,0.7733333333333332,0
K05173.01,12.429777584008043,12.427076,141.21696664120066,141.4085,0.5088708333333333,0.7269583333333333,0
K05175.01,306.4657794817611,315.502534,418.5168442480539,389.6319,0.18153333333333324,0.1296666666666666,0
K05177.01,289.9677504366949,276.54167976,266.3098650652258,174.8709449,0.25866666666666666,0.3233333333333333,0
K05178.01,4.13954277795057,4.13960513,134.05670617614012,134.04705,0.1379166666666666,0.1379166666666666,1
K05296.01,203.6338366593728,200.79976002,458.01450741573456,263.875635,0.1910475,0.3184125,0
K05298.01,1.195504296479897,1.195515364,132.3106817374174,132.3039982,0.15212724999999994,0.2535454166666666,0
K05299.01,207.82626528088213,210.971635,231.42013833861682,243.576,0.07454166666666664,0.1490833333333333,0
K05301.01,39.0216192483298,42.02646,131.5816896113911,172.228,0.13828749999999998,0.106375,0
K05302.01,334.842273,372.04697,382.1531640141877,259.4285,0.4167916666666666,0.5954166666666666,0
K05303.01,459.9029659040594,438.81524,231.40779530555156,307.9493,0.3375,0.28125,0
K04929.01,18.635444761456856,18.622214,122.66645561232237,141.6268,0.2578333333333332,0.1841666666666666,0
K04930.01,27.89084538318818,27.8923345,146.0459590883538,146.02135,0.0918333333333333,0.0918333333333333,0
K04933.01,428.5319691272196,452.10093,205.45828274966007,460.4884,0.3172499999999999,0.5287499999999999,0
K04934.01,0.7906110262718196,0.7906069,132.07208189622375,132.077067,0.08499000000000001,0.14165,0
K04935.01,24.583492430263398,24.5714867,155.60543625941972,156.0157,0.7489999999999999,1.2483333333333333,0
K04936.01,0.6811346391680162,0.681137796,170.40259266820632,131.57697,0.07958708333333331,0.1136958333333333,0
K05054.01,3.7224278176860177,3.722404453,172.64838015151471,133.56824,0.0735408333333333,0.1050583333333333,0
K05055.01,245.58769924373112,230.385488,342.6459086036953,268.65697,0.1697583333333333,0.1305833333333333,0
K05056.01,239.35599745824493,222.84909312,279.74729781350845,340.6821732,0.091125,0.10125,0
K05058.01,1.7143838919428223,1.714414962,131.87888378804647,131.8661453,0.1508520416666666,0.2155029166666666,0
K05059.01,673.1916499404135,646.28789332,227.13239363032858,234.150707,0.3145006666666666,0.2246433333333333,0
K05060.01,265.69404125818863,290.438547,281.1109885233104,283.0998,0.6960416666666667,0.5354166666666667,0
K05061.01,0.7662983570461033,0.766298172,170.0037805960797,131.687569,0.05948733333333328,0.0743591666666666,0
K05179.01,1.0495150426019542,1.049468616,120.6799942730718,132.26871,0.28279999999999983,0.2019999999999999,0
K05180.01,2.3623249101159907,2.362348096,131.7143248004264,131.705479,0.08994750000000001,0.1499125,0
K05181.01,137.36984726313642,136.830243,164.36756162756595,138.5183,0.13548333333333326,0.1231666666666666,0
K05182.01,111.39566745366143,103.284757,147.96173207383103,147.79022,0.0697499999999999,0.0697499999999999,0
K05183.01,37.64594421935968,36.1904638,161.74087586273401,146.55956,0.08795416666666664,0.0799583333333333,0
K05184.01,429.97215901302275,419.75224,212.83745066065146,525.0002,0.10385,0.1730833333333333,0
K05185.01,398.3742213541949,419.95929,364.33153721974486,354.2265,0.4619999999999999,0.5774999999999999,0
K05304.01,220.1086004461825,206.309658,183.84243307457325,231.818,0.08738333333333324,0.0624166666666666,0
K05305.01,8.465217776344213,8.46184728,125.12760213197897,134.13323,0.7401041666666666,1.4802083333333331,0
K05306.01,748.048721577752,681.01756,545.3211532768285,136.3997,0.1820833333333333,0.3641666666666666,0
K05307.01,2.195106971468296,2.19509634,354.45505188787683,132.74891,0.06734999999999997,0.0748333333333333,0
K05309.01,140.79842461456667,141.00582791,185.01815724005573,135.4379543,0.17500000000000002,0.125,0
K05311.01,75.88597081841057,73.9239955,153.4687232978819,168.2132,0.06371249999999994,0.0707916666666666,0
K04937.01,1.8438130348188335,1.8437362,353.01038219585695,132.23042,1.2273333333333332,0.8766666666666666,0
K04942.01,5.58114869643609,6.0353643,122.01669277527307,133.1818,0.4221708333333333,0.3837916666666666,0
K05062.01,243.28285754543379,260.31119904,267.0246094777147,314.5841346,0.08074999999999999,0.1345833333333333,0
K05063.01,628.6127010812074,574.37064,208.0297469017761,391.2165,0.34679166666666666,0.4954166666666666,0
K05064.01,268.07935016208995,253.87706,146.48312114264684,197.0254,0.4658333333333333,0.4658333333333333,0
K05065.01,474.3330339068634,523.36921,176.0385931616746,185.174,0.0419583333333333,0.0419583333333333,0
K05186.01,86.60602552740352,80.292171,227.73667318604313,145.8825,0.09679999999999991,0.0806666666666666,0
K05187.01,1.0493979477470603,1.049406508,121.31543057920686,131.80328,0.13783,0.1253,0
K05189.01,3.589550475775813,3.58957045,172.47835504591268,132.99426,0.12817499999999996,0.1424166666666666,0
K05190.01,2.4041459439637305,2.40435325,907.4492801039805,133.2257,0.17062499999999997,0.284375,0
K05191.01,37.080420831646,37.078668,142.05263571403674,142.0615,0.23849583333333332,0.1834583333333333,0
K05193.01,217.51502875322268,228.196872,210.14772155515755,323.9146,0.1321874999999999,0.1468749999999999,0
K05328.01,41.56251591640983,44.714450094,151.70151265889606,135.3418468,0.12003124999999995,0.2400624999999999,0
K05330.01,42.335667032835815,40.8801539,159.36255946823727,163.3624,0.114,0.228,0
K07855.01,22.6501254,25.166806,182.98111056155042,150.271,0.06157083333333332,0.0879583333333333,0
K05334.01,310.9738053093778,323.972022,397.0302929511622,260.24288,0.031249999999999983,0.0520833333333333,0
K05335.01,1.7525825980243088,1.752562808,122.19727259464987,132.7222455,0.15311249999999998,0.2551875,0
K04947.01,6.702418063726071,6.70258007,134.38834526692102,134.37408,0.11579999999999994,0.1929999999999999,0
K04948.01,5.772494325660099,6.2095391,123.66386321463877,135.2715,0.1719999999999999,0.1146666666666666,0
K07856.01,326.853693,363.17077,401.4540183465683,401.1646,0.58875,1.1775,0
K04949.01,674.734663419515,615.16033,742.0110949909525,226.4594,0.19789999999999994,0.1649166666666666,0
K04951.01,1.7786801404185908,1.89125883,170.1733249456483,132.687,0.27159999999999984,0.1939999999999999,0
K05069.01,386.58868125263325,362.1273,351.67226312949197,302.6897,0.16797499999999999,0.2799583333333333,0
K05070.01,381.2330151901267,353.36705,186.3240114237555,412.2698,0.191275,0.136625,0
K05072.01,4.750342802079719,4.750256809,125.12554257668782,134.63889,0.080325,0.080325,0
K05073.01,695.5030924728254,623.005238,724.3292813721976,201.386299,0.49086458333333316,0.9817291666666664,0
K05074.01,46.25727525142477,45.41810604,1291.1647890298782,166.3910358,0.17666666666666664,0.2208333333333333,0
K05075.01,1.87890335174744,1.878877205,133.06702569941595,133.074035,0.17140666666666662,0.2448666666666666,0
K05076.01,0.9388486445956857,0.938857507,120.94659830863615,132.206796,0.11630704166666662,0.1661529166666666,0
K05076.02,0.9388529387215989,0.939740093,120.94607782946949,131.7401,0.10739166666666662,0.1534166666666666,0
K05194.01,277.82697343905505,287.46579664,170.1872704937735,242.2768409,0.22649999999999998,0.3775,0
K05195.01,30.069750230044775,32.245486,149.84674401729396,158.2607,0.28874999999999995,0.5774999999999999,0
K05197.01,132.20342489145054,142.20400109,209.15020262987235,140.9358759,0.15000000000000002,0.125,0
K05198.01,143.51516458993018,149.237142,143.38108269819693,168.1563,0.07300416666666662,0.1042916666666666,0
K05199.01,506.75192022233625,501.51698,400.1503058215398,449.5543,0.09522499999999998,0.1587083333333333,0
K05200.01,321.99386400000003,357.77096,164.36214250855554,309.1578,0.2708125,0.541625,0
K05201.01,495.35282472931806,531.33282,286.30232006493094,295.2843,0.09255,0.15425,0
K05312.01,389.2842129192038,396.048721,484.76881684541354,471.22802,0.34116666666666673,0.6823333333333333,0
K05313.01,349.72990691279307,326.370361,221.5726733392937,190.3324,0.2640166666666666,0.1885833333333333,0
K05314.01,143.17937659980436,148.666527,213.53020090611216,156.8241,0.25392499999999985,0.1813749999999999,0
K05315.01,155.7158507884294,163.104677,453.1342436573492,140.3163,0.04435416666666665,0.0887083333333333,0
K05316.01,1.1065541217946668,1.10656965,132.38159375938315,132.3665,0.0695416666666666,0.0695416666666666,0
K05317.01,44.858144756337296,46.270524872,123.64593368013954,173.6558757,0.33488737499999993,0.3720970833333333,0
K05318.01,13.427447298686442,13.4256161,131.2152911094898,144.7838,0.2454375,0.490875,0
K05319.01,552.7642279754645,590.44065,184.46192904570594,199.918,0.4089583333333333,0.3145833333333333,0
K04952.01,29.743355644082637,28.88008607,135.78485903196386,144.4386895,0.07875,0.05625,0
K04953.01,2.8588865353912767,2.858879267,134.17496685651014,134.17606,0.06927958333333331,0.0989708333333333,0
K04954.01,221.52598224340989,241.647602,124.24864230768624,325.21488,0.08709999999999996,0.0725833333333333,0
K04955.01,517.2257887752118,528.07962334,339.6259948795845,466.1720499,0.13087499999999996,0.1454166666666666,0
K04956.01,25.239166094875827,25.2218929,143.20118894385334,143.6316,0.49466666666666664,0.6183333333333333,0
K04957.01,115.49524230023536,105.52127462,200.9613102781861,145.4682374,0.147,0.105,0
K04959.01,451.6199039687457,420.92920358,258.19547700929434,196.685958,0.4349625,0.7249374999999999,0
K05077.01,358.2300849751242,393.946106,159.71771886136926,334.4022,0.2504999999999999,0.2504999999999999,0
K05078.01,206.44675846761004,194.896925,335.5261361904305,252.0208,0.15649999999999997,0.1043333333333333,0
K05080.01,448.1680488958083,471.95076253,264.095069480793,172.3928906,0.1467083333333333,0.2095833333333333,0
K05081.01,92.36515719912502,101.928291,167.47885866762294,182.2662,0.04522916666666665,0.0904583333333333,0
K05082.01,397.37293572718715,379.63135,368.3900961749017,245.0035,0.62925,0.6991666666666667,0
K05084.01,322.6194263161696,287.377314,636.2019988269942,348.83318,0.7057875000000001,0.7842083333333334,1
K05203.01,369.9871566752827,367.72767,376.30805243766525,265.14033,0.09053333333333331,0.1293333333333333,0
K05204.01,4.205621377100514,4.20601251,355.2672853951573,132.2794,0.22733333333333333,0.2841666666666667,0
K05206.01,4.4947072548011935,4.18236124,1274.4399241863669,134.053289,0.39093541666666665,0.2792395833333333,0
K05208.01,185.45530289323872,186.59466,504.5301825807745,317.713,0.34520833333333334,0.6904166666666667,0
K05209.01,7.80834448425502,7.87173698,122.72106376422482,132.35405,0.152775,0.109125,0
K05323.01,7.155946582190667,7.155547398,133.96016555595446,133.998101,0.15237,0.1904625,0
K05325.01,67.0145928740468,63.024229,185.89754766059372,188.2057,0.1202083333333333,0.2404166666666666,0
K05326.01,478.23486086306633,506.771836,529.8020889935767,158.7498,0.6145416666666665,0.4389583333333333,0
K04962.01,60.299855093225915,57.1143966,132.11700144615943,166.4525,0.06364166666666662,0.0909166666666666,0
K04964.01,456.2100150670093,485.91276,317.92317783083394,213.3906,0.05041666666666665,0.1008333333333333,0
K04965.01,20.529076672752012,20.5311708,136.5446689016556,136.4829,0.212625,0.23625,0
K04966.01,2.3115886206272003,2.31164074,120.57812444052429,132.12133,0.07723333333333328,0.0965416666666666,0
K05086.01,21.932146171576775,21.92866538,123.28165962907752,135.528574,0.2031791666666666,0.4063583333333332,0
K05089.01,508.47158379502997,545.54618,386.7263813468727,406.0538,0.43399999999999994,0.2893333333333333,0
K05090.01,1.92802804574368,1.928420823,1275.1649470909765,131.58805,0.17532625,0.1593875,0
K05091.01,358.10743849814247,328.84846,285.7478815775679,385.9456,0.2270833333333333,0.2270833333333333,0
K05210.01,125.98124553692269,125.95781975,134.56933604975424,134.667118,0.17979166666666663,0.3595833333333333,0
K05212.01,441.39152655568995,426.34444,535.519007760259,464.9081,0.41238749999999996,0.5891249999999999,0
K05214.01,258.7548546431754,256.846143,385.9812056636988,331.8595,0.18342916666666662,0.2620416666666666,0
K05215.01,140.9056894281811,146.931518,187.59354998828695,190.4351,0.4954166666666666,0.9908333333333332,0
K05338.01,278.274123,309.19347,400.7394898192984,318.487,0.48979166666666674,0.9795833333333334,0
K05339.01,1.541100640375562,1.541530919,1274.2820108648211,131.98454,0.14201541666666664,0.2028791666666666,0
K05340.01,125.63735695599047,122.713036,190.10599301158763,135.2952,0.2166125,0.166625,0
K05342.01,25.502548085892368,25.50236699,141.34168780861307,141.3438916,0.075,0.075,0
K05343.01,290.2648591551855,290.625016,311.41640752908165,349.7098,0.2389291666666666,0.1837916666666666,0
K04968.01,2.9454101426881683,2.945414866,122.1715888316756,133.95496,0.09006666666666664,0.1125833333333333,0
K04970.01,250.91459294591786,232.822285,213.68565877246002,253.934,0.05774999999999986,0.0412499999999999,0
K04971.01,145.39144738874006,146.355097,255.6848531565133,226.299,0.272675,0.20975,0
K04973.01,0.523495072414685,0.523493764,120.70074721393107,131.6968,0.0375625,0.0375625,0
K04974.01,540.2736425674666,514.14221,571.5020794085494,439.365,0.0865208333333333,0.1730416666666666,0
K05093.01,26.737783323732902,26.737139497,146.78874190100038,146.8472356,0.09769145833333329,0.1953829166666666,0
K05094.01,319.8851014410993,310.61299,280.2044220237885,267.0451,0.14944999999999986,0.1067499999999999,0
K05095.01,505.0199657438473,461.1417,517.4033517313048,388.34717,0.19374999999999992,0.1614583333333333,0
K05096.01,0.8892690887089502,0.987069622,121.36494197269515,131.9133173,0.05886999999999999,0.04205,0
K05097.01,363.6420347719108,329.71491,269.28948878874854,347.1667,0.6054999999999999,0.5045833333333333,0
K05100.01,1.236490008251727,1.23708565,1274.627248944936,132.7235,0.1914333333333333,0.2392916666666666,0
K05217.01,485.01232423027926,498.24938,332.02321433700723,313.7462,0.181875,0.36375,0
K05218.01,1.5729346309717314,1.573020098,121.3174147934307,132.28063,0.3244583333333333,0.6489166666666666,0
K05220.01,1.5346837324457168,1.534679933,121.58720150920982,132.331163,0.06463874999999997,0.0718208333333333,0
K05221.01,75.84344287806901,71.59889,149.25475716872262,135.431,0.394875,0.43875,0
K04979.01,80.88972392224892,77.66967809,179.01510830546948,151.0243323,0.10033333333333327,0.1254166666666666,0
K04980.01,2.9761265203308898,2.976012511,121.04192679668036,132.9704424,0.29884845833333323,0.2716804166666666,0
K04982.01,1.6060318435946466,1.606003121,132.47950899263483,132.4945147,0.14250891666666662,0.2035841666666666,0
K04983.01,66.38145771236051,61.438007,150.55033210009555,136.9729,0.19304999999999997,0.160875,0
K05102.01,161.79199171117068,147.863607,203.88084213255485,259.53,0.11363333333333323,0.0811666666666666,0
K05103.01,643.1180186973033,586.91711807,676.7128883138994,275.4739232,0.2659999999999999,0.2216666666666666,0
K05105.01,21.004699285429734,19.545185,122.2358714238741,147.733,0.07984999999999992,0.0665416666666666,0
K05106.01,199.51696628776324,215.044269,159.01079597935316,225.6177,0.20515833333333322,0.1465416666666666,0
K05108.01,1.174689753174312,1.174683069,131.8319697710707,131.835254,0.07340374999999999,0.1048625,0
K05225.01,30.50112781522566,33.2948005,155.32005359937952,141.5302,0.1123874999999999,0.1248749999999999,0
K05232.01,505.96787289477066,476.39752,619.9722752707496,227.0486,0.30325,0.5054166666666666,0
K04984.01,217.69880453518843,231.364508,282.5163740323799,299.729,0.15823333333333328,0.1977916666666666,0
K04985.01,107.15879617591506,106.779168,146.07444503380924,146.11456,0.0396875,0.079375,0
K04987.01,12.57611659570778,12.5748872,356.85514896744905,143.1278,0.16266249999999988,0.1478749999999999,0
K04988.01,435.75480450000003,484.172005,289.1537684305117,545.2208,0.26634999999999986,0.1902499999999999,0
K04989.01,265.9562300249203,277.77499,539.4424389938413,351.829,0.23566666666666664,0.2945833333333333,0
K04990.01,590.8741569333391,561.08191,133.08254768597433,133.5178,0.7469999999999999,0.6224999999999999,0
K05109.01,28.60561146794249,28.615014,148.05698979547782,147.7816,0.5154166666666666,1.0308333333333333,0
K05111.01,3.016953157301927,3.017155419,169.93320044537535,133.68607,0.33474499999999996,0.5579083333333332,0
K05112.01,95.10853225453758,94.818136,184.23668963314506,186.3262,3.1241250000000003,3.47125,0
K05113.01,52.67511869870933,52.6727624,178.509419684538,178.5395,0.10129999999999999,0.126625,0
K05114.01,35.11397225550164,34.4886903,129.9788047144125,137.00685,0.0508333333333333,0.0508333333333333,0
K05115.01,2.6227940110369334,2.6228301,131.8620459275951,131.8572135,0.273644625,0.3040495833333333,0
K05233.01,0.56493250379696,0.56493398,131.79153240612808,131.787277,0.07112291666666663,0.1016041666666666,0
K05234.01,262.4473506156493,246.12174,166.46207180225173,301.8089,0.44999999999999996,0.75,0
K05235.01,150.47483304497646,159.05846,261.21766090437075,209.213,0.588,0.42,0
K05238.01,458.27229379349393,419.21314,177.20523870084318,164.0745,0.29264583333333327,0.2660416666666666,0
K05239.01,364.89134174932366,350.98474,326.1011614217383,164.2084,0.5433749999999999,0.60375,0
K05240.01,278.0625855443489,298.4688,169.04434131178493,303.902,0.23424999999999987,0.1561666666666666,0
K04993.01,43.83900183276406,43.22793081,142.0376950773282,144.4486525,0.07529166666666659,0.0579166666666666,0
K04994.01,569.1884792007738,528.10984,557.356563231991,155.1493,0.37520833333333337,0.7504166666666667,0
K04995.01,61.61280399294866,63.12379762,187.2466705193011,147.195046,0.07012499999999994,0.0779166666666666,0
K04996.01,361.3111307520306,358.54455552,175.21305330745787,376.8056254,0.23875000000000002,0.4775,0
K04997.01,116.58742999355788,119.669671,193.6087282945409,176.1667,0.43062500000000004,0.8612500000000001,0
K04998.01,616.7885281037185,598.31791,397.1697874069714,295.9314,0.5356666666666666,0.6695833333333333,0
K05118.01,18.096420692685935,18.40783671,139.71744629841646,139.3507372,0.05812499999999997,0.0645833333333333,0
K05120.01,228.6434800858551,250.4858,262.10405704020684,183.25,0.265,0.53,0
K05121.01,406.86206237002875,401.38712,492.63125995801823,328.5916,0.8052499999999999,1.3420833333333333,0
K05122.01,44.81760713527396,49.312677,170.9660795549192,162.638,0.1183291666666666,0.1690416666666666,0
K05123.01,284.8948924186977,288.94276,255.55196788574077,193.4457,0.23812499999999992,0.4762499999999999,0
K05241.01,259.42297905527323,273.6857427,308.7981219228506,350.85157,0.2796033333333333,0.3495041666666666,0
K05242.01,26.63900946584436,28.1117095,187.32745078629694,138.30651,0.09852499999999999,0.070375,0
K05243.01,17.74343985845654,17.745456135,173.32467838320537,137.697754,0.22033916666666659,0.1694916666666666,0
K05244.01,671.8190250855047,603.3102,314.14758702341817,151.0618,0.40124999999999994,0.334375,0
K05245.01,7.78103396998425,7.20281185,127.36231067013262,135.19499,0.16511249999999986,0.1179374999999999,1
K05246.01,38.44030258773631,36.4772788,361.1876415140912,137.1924,0.1133166666666666,0.0871666666666666,0
K05000.01,245.35340686562822,249.61377295,152.9392290863911,201.4461838,0.09333333333333331,0.1333333333333333,0
K05002.01,384.49287110001944,399.49671,395.4026695251652,368.4202,0.3121416666666666,0.2229583333333333,0
K05005.01,273.52098212497833,251.958533,275.5431720940401,367.3803,0.2766166666666666,0.1975833333333333,0
K05125.01,361.723645371706,389.169027,290.0620665310337,388.2063,0.219275,0.156625,0
K05128.01,0.9157812418572161,0.915782856,169.82606042130865,132.27591,0.0653333333333333,0.0933333333333333,0
K05129.01,0.6688312579192092,0.66882716,121.16661440169389,131.8692,0.044541666666666604,0.0445416666666666,0
K05131.01,45.684425770234846,43.5428781,1012.7571362041872,150.4229,0.0766,0.1532,0
K05250.01,3.7229253536687423,3.72273683,134.63034442517946,134.6473,0.3563333333333333,0.3563333333333333,0
K05251.01,3.72265709909594,3.7229369,134.66140798304548,134.6174,0.3082916666666667,0.4404166666666667,0
K05252.01,1.8045494610951072,1.80455062,132.43295375600172,132.4262,0.09025,0.09025,0
K05253.01,10.195564577106161,10.1955065,140.26610048378967,140.26643,0.07137083333333331,0.1019583333333333,0
K05255.01,3.660722561714456,3.66115536,122.88370954836005,133.7708,0.43187083333333326,0.6169583333333333,0
K05008.01,241.94802520001448,225.43420422,406.2671773681723,210.1832295,0.27125,0.5425,0
K05010.01,1.5403854294598636,1.540399732,121.2119252016545,131.99296,0.0814999999999999,0.0679166666666666,0
K05011.01,1.5403942166772062,1.540389045,121.21528416722181,131.99987,0.0763541666666666,0.0763541666666666,0
K05012.01,1.5403990628466808,1.540393027,131.99414084771996,131.998449,0.0729166666666666,0.0729166666666666,0
K05013.01,0.8880399755624631,0.888045184,170.0357782667105,131.84685,0.0915041666666666,0.0915041666666666,0
K05132.01,40.43496262126423,43.9311596,133.9640377615568,134.214029,0.4313166666666667,0.5391458333333333,0
K05133.01,453.4134217079211,494.62409,531.085781612635,242.5567,0.17416666666666664,0.3483333333333333,0
K05136.01,106.62915568564392,110.75214125,170.14688940280402,174.9520694,0.13062499999999996,0.0870833333333333,0
K05137.01,114.88783446198129,121.1825045,213.57715910981574,213.3594926,0.061875,0.12375,0
K05138.01,78.59195813365915,78.60436061,144.16963261504034,143.9949276,0.2715760833333332,0.1939829166666666,0
K05139.01,282.650859504946,294.202469,121.66461089742624,221.2782,0.12783333333333327,0.0983333333333333,0
K05256.01,529.294536,588.10504,350.34066700564165,289.5538,0.4513249999999999,0.6447499999999999,0
K05257.01,118.37825550852475,116.170346,239.2298179060512,205.5026,0.09959999999999992,0.1106666666666666,0
K05258.01,455.349575017569,452.30053,321.0733273682359,261.1684,0.3452166666666666,0.2465833333333333,0
K05259.01,38.61287265924274,39.5931053,140.8420284036482,141.0746,0.13451666666666662,0.0960833333333333,0
K05260.01,1.5593444566862134,1.55935718,121.63554050932522,132.54264,0.10845,0.1205,0
K05261.01,100.02449082154493,100.629443,207.74960876997125,189.6247,0.09251666666666658,0.0711666666666666,0
K05263.01,300.9445325372925,273.169948,461.8789355313153,309.84052,0.14630416666666657,0.1125416666666666,0
K03156.02,1.4342226798012414,1.434200327,120.58468320356064,132.0647,0.17406666666666662,0.2486666666666666,0
K03156.03,8.652819948208727,8.653098686,125.67554775836189,136.657941,0.19535499999999995,0.1627958333333333,0
K03156.01,0.7170982415377009,0.761119678,120.5959433833619,131.68986,0.08341666666666663,0.0595833333333333,0
K03156.04,103.8296743791012,94.212787,168.95683921669522,196.3636,0.30166666666666664,0.6033333333333333,0
K03175.01,2.302672566465036,2.302365255,120.82381500141801,132.4231,0.49750000000000005,0.995,0
K07857.01,0.5754443284347383,0.575445783,132.0646636804215,132.0648853,0.02468375,0.0352625,0
K03244.01,213.61523453998134,214.715417,278.1089052390736,275.49823,0.7113749999999999,1.42275,0
K03272.01,23.03063834449084,23.0295222,139.80374559935686,151.14686,0.23216666666666663,0.3316666666666666,0
K05014.01,389.7737583535227,359.04147,872.628385003153,274.206,0.2925,0.585,0
K05015.01,0.5236308385177088,0.52363021,131.76424686940396,131.7669254,0.08628024999999995,0.1438004166666666,0
K05016.01,0.5236354888898305,0.523632451,120.75895967287173,131.76512,0.09949999999999991,0.0829166666666666,0
K05017.01,447.88081636806595,492.25299,161.726314100482,520.86,0.1692333333333333,0.2115416666666666,0
K05018.01,296.80663340909234,293.5056071,637.1857064902243,328.7269,0.0709895833333333,0.1419791666666666,0
K05019.01,23.814989718063714,25.95247,152.8716689881317,149.0004,0.26968749999999997,0.5393749999999999,0
K05020.01,4.3457618750428315,4.34573349,134.39477001614608,134.40693,0.06550833333333331,0.0935833333333333,0
K05140.01,436.125023343,484.58335927,216.97205292294615,569.5386194,0.18666666666666662,0.1333333333333333,0
K05141.01,274.33481499902183,288.285213,258.4305507627647,325.0419,0.24488749999999998,0.222625,0
K05143.01,17.944439724000002,19.93826636,179.19842743831268,145.9495067,0.059,0.07375,0
K05144.01,526.3899663118088,491.08027,202.7756762783466,202.7762,0.21641666666666662,0.3091666666666666,0
K05145.01,3.3504812118440594,3.350209754,122.36814989036327,131.838052,0.25861091666666663,0.1847220833333333,0
K05146.01,613.964505539509,628.592314,340.23977696267025,270.9081,0.10508750000000001,0.150125,0
K05147.01,455.7410932202396,471.37787,348.89467642873376,365.397,0.7750416666666666,0.7045833333333333,0
K05265.01,469.8208328712653,425.22927,532.0569004329946,268.3096,0.1408333333333333,0.2816666666666666,0
K05270.01,625.9437038367447,606.91488768,399.4392731175488,132.3897061,0.2731666666666666,0.2483333333333333,0
K05270.02,0.9078202397601961,0.907818056,131.90420645088219,131.91608,0.08394999999999997,0.0699583333333333,0
K05271.01,5.243176467968662,5.24331899,132.81174618654327,132.7859,0.41763750000000005,0.4640416666666667,0
K03281.01,47.03252804595468,47.0320478,175.4692551133934,175.473,0.22094999999999998,0.2455,1
K03290.01,10.314562166866418,10.31453308,359.4580384690431,132.53723,0.10686958333333331,0.1526708333333333,0
K03317.01,15.5283634590319,15.52861675,176.7710060812681,145.70184,0.0887916666666666,0.0887916666666666,0
K03333.01,52.91452503105817,53.501860974,194.36785478290398,132.211255,0.24077808333333328,0.2188891666666666,0
K03359.01,10.690845359891837,10.692230094,177.83255867773607,139.953907,0.159523875,0.22789125,0
K07858.01,1.4695358312146214,1.60375114,121.62759445475646,132.16816,0.08738333333333324,0.0624166666666666,0
K03364.01,15.737890573999367,15.7397651,353.2492818475289,132.7942,0.1236375,0.137375,0
K05023.01,69.3907565238098,73.3377984,140.79770746076196,136.58646,0.225725,0.3762083333333333,0
K05024.01,263.7573976759086,282.159571,364.30561232340364,259.9132,0.29569166666666663,0.2112083333333333,0
K05025.01,6.2714657780499,6.58729511,1275.5188085429095,133.3652,0.48756166666666656,0.3482583333333333,0
K05026.01,503.47964024698416,459.23193,607.7544083695224,192.7716,0.5168916666666666,0.7384166666666667,0
K05028.01,25.951443108484632,25.9493253,154.91431243308827,155.024,0.25354166666666667,0.5070833333333333,0
K05029.01,233.46612011403911,212.76701,320.6857015853394,167.485,0.42666666666666664,0.5333333333333333,0
K05646.01,347.959701,386.62189,361.08847287883054,319.129,0.36916666666666664,0.7383333333333333,0
K05647.01,84.61486833743243,84.644104,386.52607705628736,132.5301,1.806825,2.0075833333333333,0
K05648.01,530.5818870286967,575.95408,233.73600664229136,188.4547,0.21545,0.3590833333333333,0
K05650.01,108.27785133923634,117.844963,365.82665883322284,229.8693,0.0406458333333333,0.0812916666666666,0
K05773.01,24.611827025706045,24.614775,142.61944947547255,142.51094,0.09979166666666661,0.0997916666666666,0
K05774.01,1.2137362110241845,1.21374744,120.82903625188794,131.7423095,0.1689604583333333,0.2413720833333333,0
K05777.01,378.304011741014,372.30881,352.9839898789468,379.1454,0.2259833333333332,0.1614166666666666,0
K05778.01,438.15078612201984,454.244158,505.6738765569284,494.92901,0.198275,0.141625,0
K05779.01,123.01662927305993,112.48226,180.40809406791652,177.56967,0.11217500000000001,0.080125,0
K05400.01,199.45040008926617,218.56734012,211.07446344176714,246.0741577,0.0495833333333333,0.0991666666666666,0
K05401.01,245.5716403063976,229.948531,199.54845344978372,339.4719,0.09064999999999993,0.0755416666666666,0
K05402.01,436.59755986421453,403.5637828,197.72261905855873,424.8697825,0.16683333333333325,0.1516666666666666,0
K05403.01,2.4144543578083075,2.41172358,1472.2817199328128,133.8617,0.15348083333333323,0.1096291666666666,0
K05404.01,98.83833832068738,92.9314146,204.1369087700782,147.8009148,0.07833333333333328,0.0979166666666666,0
K05405.01,104.9372016798244,103.22293786,229.18919459991008,145.1458222,0.07670833333333331,0.1095833333333333,0
K05527.01,205.21708144257784,209.06299275,324.049714925815,300.828345,0.29280125,0.4182875,0
K05529.01,64.58623153979818,70.335879746,130.11302939620947,198.9473258,0.2716145833333332,0.1940104166666666,0
K05530.01,630.7242185242925,591.37382,663.6179819500016,333.48076,0.1812499999999999,0.1812499999999999,0
K05531.01,525.3111158163198,559.28332,436.25860512812886,228.2959,0.0884375,0.176875,0
K05534.01,130.67549635417993,136.355967,236.73035434242252,157.0974,0.14529166666666662,0.1320833333333333,0
K05655.01,502.56488537779563,532.9307,226.63835493554882,285.017,0.19449999999999998,0.1620833333333333,0
K05658.01,155.45717716176884,171.69799,246.26967000542484,221.34517,0.1694,0.121,0
K05659.01,481.49321062502815,444.89411,343.1878349998125,240.274,0.4629916666666667,0.3307083333333333,0
K05661.01,237.96268127601073,229.86928,229.8159065907631,265.1432,0.32275,0.5379166666666666,0
K05780.01,5.142229590055795,5.14108479,355.9090479220483,134.9699,0.5402083333333333,1.0804166666666666,0
K05781.01,187.79800198733787,179.27230765,223.7598702752041,149.1729837,0.11049999999999995,0.0920833333333333,0
K05783.01,205.81504155240322,200.83849979,303.7197275079219,268.6842367,0.13825,0.09875,0
K05784.01,38.77858272427878,40.1043796,143.9576868394991,158.8392,0.0723125,0.144625,0
K05786.01,30.820251688071068,30.114681501,133.1714186331927,158.5292451,0.11848187499999994,0.2369637499999999,0
K05409.01,36.208190321666144,36.1826854,1302.4271654900338,144.69811,0.08863750000000001,0.177275,0
K05412.01,470.2031971874606,472.2265706,365.76964147867113,363.713605,0.16243999999999992,0.2030499999999999,0
K05414.01,1.5070966278178406,1.507099289,169.76940207676228,132.09341,0.12090249999999997,0.2015041666666666,0
K05535.01,254.5439065463567,253.652263,255.03348649181612,230.25666,0.22458333333333322,0.1604166666666666,0
K05537.01,131.02413890524755,128.66825288,163.31499617793972,142.6652144,0.15574999999999986,0.1112499999999999,0
K05538.01,509.67157659858395,485.57785,226.3794736817036,327.5177,0.22233333333333327,0.2779166666666666,0
K05540.01,710.7986964788573,643.4528,290.9787171908474,204.0423,0.5841249999999999,0.3894166666666666,0
K05542.01,1.0619458550189238,1.061934307,131.7198222037944,131.72622,0.09365416666666661,0.1337916666666666,0
K05662.01,8.862333396958201,9.5497037,1275.7669395656305,137.5008,0.08621250000000001,0.078375,0
K05664.01,75.14198586455434,77.138911,184.5401845802565,166.5847,0.2710875,0.3012083333333333,0
K05667.01,0.5365595443228367,0.536551592,132.00122642694484,132.02205,0.14262499999999997,0.20375,0
K05668.01,67.85792697001047,68.54443156,1012.6703767978505,161.4962975,0.11104166666666657,0.0854166666666666,0
K05669.01,121.43582745948824,130.110715,205.04486195472174,165.4972,0.12990833333333326,0.0927916666666666,0
K05788.01,221.28319646777544,242.484764,282.23668410507406,367.222,0.16127499999999995,0.2687916666666666,0
K05791.01,387.5317128166075,385.593209,246.45782861671694,393.8276,0.13994999999999985,0.1166249999999999,0
K05792.01,237.30025253404114,215.737826,537.6476776315845,330.88376,0.45356249999999987,0.3023749999999999,0
K05793.01,522.6653060109446,507.48249,410.80578640010486,251.1107,0.5118749999999999,0.3412499999999999,0
K05415.01,31.6901952376733,30.2111162,131.33249021783925,160.3175,0.08754166666666666,0.1750833333333333,0
K05416.01,71.18168701927095,76.377855,1313.273811527972,146.3485,0.1001875,0.200375,1
K05417.01,49.84899197504301,55.249007325,136.3742508129291,164.9788729,0.2146445833333333,0.2146445833333333,0
K05419.01,23.02524176456322,22.52907,142.00160626784546,142.2496,0.08009166666666662,0.0572083333333333,0
K05420.01,67.77564996944957,66.247851,186.06283672396938,162.2694,0.18516666666666665,0.1683333333333333,0
K05421.01,377.3208738318674,370.91308,461.0723678917007,261.1884,0.3678125,0.735625,0
K05543.01,7.41509313529302,7.41505161,125.89326909601796,133.31055,0.05152499999999993,0.0858749999999999,0
K05544.01,2.749517718369342,2.742590902,908.623725102501,132.6997,0.5641079166666667,0.4339291666666667,0
K05548.01,231.4021779036994,216.453511,464.4465713610015,299.1452,0.1245375,0.138375,0
K05549.01,41.548978413613575,37.0488669,944.2215073750308,142.0283185,0.13433333333333328,0.1033333333333333,0
K05670.01,487.945430343,542.16158927,611.1944566515563,428.8111364,0.5481249999999999,0.3654166666666666,0
K05672.01,12.191378532631482,11.0153889,1476.716587917819,140.6804,0.1555166666666666,0.1110833333333333,0
K05673.01,28.27262257416003,28.34230575,186.45098399512233,141.4055394,0.09624999999999985,0.0687499999999999,0
K05674.01,220.3981164942379,231.521608,311.4822682995199,341.06653,0.1526958333333333,0.1174583333333333,0
K05675.01,190.32666612782648,180.890384,139.97297425771504,162.9617,0.08712916666666663,0.0792083333333333,0
K05676.01,61.036933295317304,60.0546149,146.82411011746905,181.8867,0.18606250000000002,0.143125,0
K05797.01,2.0374388120952354,2.037453129,121.36466247771071,131.5522356,0.18105166666666664,0.2263145833333333,0
K05802.01,32.513674104541636,35.164087,144.59860006627588,147.7597,1.7927083333333331,3.5854166666666663,0
K05803.01,99.33022344781445,107.11003503,207.0282477741839,148.1046554,0.11483333333333329,0.0883333333333333,0
K05424.01,503.0851658969825,462.26052152,590.6386618464659,185.8488415,0.13499999999999993,0.1687499999999999,0
K05427.01,0.5330017458995545,0.533000886,131.73531058899147,131.735703,0.04511616666666662,0.0644516666666666,0
K05428.01,218.12122833250146,200.35091012,287.35120028249423,170.6693855,0.09449999999999995,0.1574999999999999,0
K05429.01,111.31348967514604,114.32859485,430.4750055917016,153.6678346,0.05499999999999999,0.11,0
K05430.01,98.1833118234282,99.97889,184.81580755731562,186.4888,0.40149999999999997,0.365,0
K05551.01,408.667521860669,374.71687,505.50515301763284,505.6954,1.103875,2.20775,0
K05555.01,38.0368055564979,42.070868,164.07908632819277,161.03377,0.07542499999999987,0.0538749999999999,0
K05557.01,402.44774369097485,401.73243,406.67953754958063,393.61848,0.0639583333333333,0.0639583333333333,0
K05558.01,439.6498366902416,428.1186,170.9409734863621,243.23,0.38266666666666665,0.2733333333333333,0
K05678.01,34.653386560889466,37.3683802,149.33246404262016,135.1439,0.16333333333333325,0.1166666666666666,0
K05679.01,629.5224443136233,615.81928,122.09417279379899,261.7343,0.37324999999999997,0.6220833333333333,0
K05683.01,0.5125806088010708,0.512581525,131.78260603226062,131.781117,0.06367974999999995,0.1061329166666666,0
K05804.01,1.4794320974327126,1.42796645,132.55706021360234,132.604851,0.7504758333333332,0.5360541666666666,0
K05808.01,64.72536723604036,70.61977122,384.4661955049977,139.6638405,0.11320833333333329,0.0870833333333333,0
K05809.01,220.13677305868663,216.10910854,177.5219428332868,150.9246541,0.23041666666666666,0.1645833333333333,0
K05811.01,46.20910623452571,44.51439331,153.94207840233614,172.4645281,0.09041666666666662,0.0645833333333333,0
K05432.01,216.35417735638936,230.80401566,260.7315094219779,231.8142184,0.133875,0.14875,0
K05436.01,26.072834243365524,28.297207229,123.96368367654809,137.2347229,0.22997741666666666,0.1642695833333333,0
K05438.01,402.42138210960945,412.227551,150.8311229628223,380.0972,0.23307916666666656,0.1792916666666666,0
K05559.01,527.9685929999999,586.63177,598.9583864407506,227.5013,0.27371249999999997,0.304125,0
K05560.01,391.4930859432224,364.95068,171.58758314009071,183.717,0.03445,0.0265,0
K05561.01,42.66028493014451,44.36123319,193.1609662182699,145.3581805,0.10374999999999998,0.10375,0
K05562.01,477.3134493742032,438.00974,419.93088934316444,358.2924,0.382,0.4775,0
K05564.01,3.4794143080177222,3.479508244,122.96560805211,133.389072,0.11403291666666662,0.1629041666666666,0
K05565.01,444.88444539576665,406.29695,406.1126692488665,404.6352,0.11083333333333331,0.2216666666666666,0
K05686.01,3.3448126037620156,3.34465934,121.25810011381144,134.7267,0.5398000000000001,0.4498333333333333,0
K05687.01,477.05337697397994,513.14417,290.9753761014358,359.6183,0.41212499999999996,0.58875,0
K05691.01,12.065828462593723,13.0366377,135.69134461492936,138.22895,0.18573333333333322,0.1326666666666666,0
K05828.01,265.1290932759511,270.98477,221.7291588903887,279.048,0.16794999999999993,0.2799166666666666,0
K05832.01,2.7471936253093987,2.74703312,120.75965841810597,131.79105,0.08849999999999993,0.1106249999999999,0
K05439.01,0.8646824398802706,0.864651455,131.67106188004837,131.69239,0.21631249999999996,0.1442083333333333,0
K05441.01,25.84829825822296,25.4805211,142.1016240073589,145.4404,0.3567,0.445875,0
K05442.01,556.867207826908,512.11636,688.0878777498892,403.34,0.5574916666666666,0.3982083333333333,0
K05443.01,377.8667642160871,348.61891,427.21638813543785,227.3466,0.1189,0.148625,0
K05444.01,398.71278186626415,368.70839,509.8020465397776,232.613,0.2786666666666666,0.2533333333333333,0
K05445.01,7.11033028675251,7.1091096,133.35684095805752,133.4379,0.4445833333333333,0.4445833333333333,0
K05567.01,386.53004479009036,397.3958488,458.75099098405036,374.57082,0.2796475,0.254225,0
K05568.01,62.13902710947463,62.134919,216.1514297396767,154.0853,0.3629583333333333,0.3629583333333333,1
K05569.01,1.6674766314894864,1.667482003,121.50826867057583,133.17729,0.05974124999999994,0.0663791666666666,0
K05571.01,5.2972715023685994,5.29730786,124.96900478742836,135.55681,0.1507499999999999,0.1674999999999999,0
K05573.01,71.84406480848712,77.395279,177.0990677765481,165.805,0.21916666666666662,0.2191666666666666,0
K05693.01,586.8367460195966,612.882452,644.950621342515,274.9048,0.06746666666666665,0.0843333333333333,0
K05695.01,11.333284271814327,11.03571773,1481.6996398630538,137.28413,0.18765266666666663,0.2345658333333333,0
K05696.01,42.78186778781148,42.093314,576.4781222692116,141.1113,0.09685416666666666,0.1937083333333333,0
K05697.01,246.69773325899996,274.10859251,514.8884842891335,182.1603339,0.24712499999999996,0.2745833333333333,0
K05699.01,325.7264537211777,339.18109,258.19940683885665,415.078,0.2224999999999999,0.2224999999999999,0
K05700.01,3.5563750398917287,3.55650976,122.87357652139188,133.5221921,0.31840999999999997,0.5306833333333333,0
K05813.01,35.07350118604055,38.27772448,147.79177184361973,157.8294108,0.057666666666666644,0.0720833333333333,0
K05814.01,26.379517730714106,25.285232337,128.3480307840783,135.9662009,0.297695625,0.19846375,0
K05818.01,1.2313360725293154,1.23138339,131.82432604628113,131.7865,0.1314333333333333,0.1642916666666666,0
K05447.01,338.0399023066985,322.55663046,230.16075728263274,321.7790604,0.23374999999999993,0.1558333333333333,0
K05447.02,3.876017675247595,3.87594316,123.2105406159661,134.84758,0.07713333333333328,0.0964166666666666,1
K05448.01,7.227836040154415,7.2269859,136.1115830578308,136.1514,0.35602500000000004,0.593375,0
K05450.01,193.63311146563106,206.76425774,447.2354026631187,325.9501578,0.12849999999999995,0.1070833333333333,0
K05452.01,361.32740890571995,362.49906,403.0552542872063,404.3391,0.45637500000000003,0.5070833333333333,0
K05453.01,188.41811617828978,190.65896,218.41847018931745,164.9278,0.8867999999999999,1.478,0
K05454.01,529.5669473395608,509.997402,276.73137664521994,276.73122,0.353375,0.353375,1
K05575.01,1.5065443763218649,1.50650036,132.9506613376182,132.9895,0.12659166666666663,0.1150833333333333,0
K05576.01,213.93365583455858,194.48732212,325.1093495337956,155.0535312,0.135,0.15,0
K05581.01,408.5441055210565,374.878133,521.5343099684083,491.064,0.6157666666666667,0.4398333333333333,1
K05582.01,5.226948356124571,5.2362026,1474.2950687053415,133.7395,0.1705166666666666,0.1311666666666666,0
K05701.01,43.93077522276106,48.55059299,137.86302973549635,148.6714009,0.06712499999999996,0.0745833333333333,0
K05703.01,230.85625623419216,247.372131,319.3081588460687,277.35008,0.16354999999999992,0.1362916666666666,0
K05705.01,96.84082896884381,95.254421,189.16646155280222,181.4574,0.09855416666666662,0.1407916666666666,0
K05706.01,425.6316209352064,425.483539,148.77283532607177,149.0438,0.372,0.744,1
K05708.01,7.863380209150944,7.863361238,131.68322070248743,131.685485,0.1428212499999999,0.1428212499999999,0
K05820.01,129.1968129804944,120.16983803,146.93581426222045,222.0869054,0.1993749999999999,0.1329166666666666,0
K05823.01,0.7450947752573943,0.745086745,131.8160987201722,131.82655,0.160875,0.17875,0
K05824.01,269.59611960800567,247.47724314,397.21116144283707,195.2104849,0.15833333333333333,0.3166666666666666,0
K05827.01,6.1094342502225905,6.10968225,121.61475796372076,133.80253,0.23895833333333333,0.2389583333333333,1
K05456.01,11.804627525386485,11.8045536,177.27335814827634,141.8433,0.079875,0.133125,0
K05460.01,3.125911686384066,3.1748772,1474.1110593367855,133.7621,0.4430625,0.295375,0
K05462.01,370.22867522679667,371.18648,261.5490979365586,260.7045,0.4982249999999999,0.8303749999999999,0
K05584.01,11.017648898529043,10.90962154,1274.9762886052615,135.36692,0.5934133333333332,0.7417666666666666,0
K05586.01,27.049824675061508,27.0779813,136.9964847771281,135.6789,3.4635,5.772499999999999,0
K05587.01,1.827669201998582,1.827660875,132.81634718010483,132.821298,0.14947499999999997,0.1660833333333333,0
K05589.01,397.60912452825147,376.554588,158.26762604430132,247.6177,0.06629166666666665,0.1325833333333333,0
K05590.01,532.1006696619486,538.4263,354.70569047238155,154.9034,0.2656458333333333,0.5312916666666666,0
K05709.01,84.785050431,94.20561159,189.34595272510597,169.2951411,0.13791666666666666,0.2758333333333333,0
K05710.01,377.757268168008,378.70643955,483.47430105612375,470.6725521,0.42758333333333337,0.6108333333333333,0
K05711.01,73.49975090442327,78.4286313,464.04742786449333,169.312404,0.20241,0.1557,0
K05713.01,3.0842188079462005,2.53021,123.17161666713739,132.0918,0.4539583333333333,0.9079166666666666,0
K05714.01,2.2489981266793775,2.249000963,121.39873301678745,132.651415,0.28006416666666667,0.4000916666666666,0
K05716.01,122.31584734428415,121.62387378,218.95522785028209,207.4934505,0.05687499999999995,0.1137499999999999,0
K05838.01,457.9829600146732,432.074696,494.315313632502,481.2681,0.2579958333333333,0.1984583333333333,0
K05840.01,490.9103118116322,460.77905,503.9163980209426,533.8441,0.9065583333333334,0.6475416666666667,0
K05841.01,3.2131912877575606,3.21318517,122.53703668566132,132.044475,0.7090416666666666,0.6445833333333333,0
K05843.01,316.8915713855974,331.78248134,177.0017960414993,431.8146374,0.1235,0.2058333333333333,0
K05463.01,1.2048943779361063,1.20608769,1473.2959633325588,132.0861,0.10208,0.0928,0
K05464.01,685.0238367404785,613.82905,385.0578332938673,263.471,0.37875,0.7575,0
K05465.01,508.70819713749,476.80454,585.068982366434,158.1644,0.221875,0.44375,0
K05466.01,4.0951389182988605,4.09513876,172.62734489153354,131.67784,0.07180833333333332,0.1025833333333333,1
K05469.01,0.7796157159955791,0.779615874,131.6921820732305,131.68006,0.19659999999999994,0.1638333333333333,0
K05593.01,238.1367548330087,224.469892,233.36194066920302,230.1638,0.0615,0.123,0
K05594.01,109.67490791862058,113.556471,143.82230537700082,186.2321,0.13900833333333323,0.0992916666666666,0
K05595.01,192.9597427737665,208.02789,321.944733784708,324.5074,0.22541666666666665,0.4508333333333333,0
K05596.01,291.7603286118563,308.024953,393.0078376207009,159.18628,0.12214583333333326,0.1110416666666666,0
K05717.01,1.3322228044702684,1.33261458,1183.4775408604435,132.0098,0.15052916666666663,0.2150416666666666,0
K05720.01,105.33377673819078,105.895315,429.9190053685602,231.4441,0.1075416666666666,0.1075416666666666,0
K05721.01,61.64222207928707,61.224558,181.29604665324504,181.701,0.08547916666666666,0.1709583333333333,0
K05722.01,30.261217041791266,28.507877538,131.72153655304461,132.793009,0.1305545833333333,0.1305545833333333,0
K05723.01,404.26456531700114,444.46522,476.3038406877216,389.693,0.038349999999999954,0.0319583333333333,0
K05724.01,8.480847041918805,8.48039,135.8055356198316,135.853,0.20446666666666663,0.2555833333333333,0
K05345.01,65.07269950341552,72.0153825,170.06082918198342,168.8166,0.14863333333333323,0.1061666666666666,0
K05346.01,19.953700792560802,21.12752693,133.60200748060853,142.67722,0.1408125,0.093875,0
K05347.01,25.31128100319234,23.9341825,143.8462887447636,145.76028,0.08034999999999995,0.0669583333333333,0
K05348.01,84.40158930966028,87.775799,203.66096278641973,183.4282,0.04654999999999998,0.0775833333333333,0
K05349.01,68.57574411812419,65.67350728,165.13109089206694,189.2618327,0.06824999999999995,0.1137499999999999,0
K05350.01,217.02119509239225,222.06409878,268.8052875257699,339.0218658,0.0602083333333333,0.1204166666666666,0
K05351.01,34.76643019253942,35.882272887,149.7481203786196,165.5325652,0.24687749999999986,0.1645849999999999,0
K05471.01,8.780218032461836,8.780603773,137.94516658164386,137.923785,0.171702375,0.13207875,0
K05475.01,236.01853573046884,224.150923,293.5076135017705,341.02756,0.5708541666666667,0.5189583333333333,1
K05477.01,627.8783172611601,551.49832,727.3002571778162,387.3411,2.387,1.705,0
K05478.01,367.0338958578736,351.2878737,173.56013896300564,207.294303,0.56033,0.4669416666666666,0
K05599.01,44.49530672475062,46.50446209,292.3002428040321,142.7268259,0.06849999999999996,0.0570833333333333,0
K05601.01,126.0347799455652,124.091252,159.1599209649393,135.5509,0.12669999999999998,0.0905,0
K05726.01,206.1968616979935,212.771978,269.1066106974545,328.1461,0.0969375,0.088125,0
K05728.01,18.07100070905324,18.0766788,923.7088243132932,146.25271,0.16575,0.1275,0
K05729.01,1.332510221716676,1.33255577,353.3074401541381,132.0672,0.16057499999999997,0.1784166666666666,0
K05730.01,1.3326025908217485,1.33259275,132.0053283357714,132.01197,0.16725,0.16725,0
K05731.01,36.64872378749016,36.6092739,144.448520938494,138.77398,0.1070416666666666,0.0764583333333333,0
K05353.01,0.8127251377476546,0.812592362,1274.8579471340552,131.55642,0.05215333333333329,0.0651916666666666,0
K05354.01,84.09899002339124,81.871309,173.83731604943085,169.94965,0.0669166666666666,0.0669166666666666,0
K05355.01,0.566824904967822,0.566805859,170.31675775870633,131.80997,0.1757708333333333,0.1597916666666666,0
K05356.01,298.55382698482197,326.36595188,378.92632702025,253.1342058,0.09375,0.15625,0
K05357.01,558.3016947848491,520.58269,338.19188201940256,221.425,0.11319999999999997,0.0943333333333333,0
K05481.01,0.7186438477205153,0.718643659,131.8894091908008,131.889141,0.06281149999999998,0.1046858333333333,0
K05483.01,17.640984058540944,17.946328114,139.97699220808454,136.9472719,0.4079524999999999,0.3399604166666666,0
K05484.01,213.6276202621099,204.818268,280.29419010245647,209.59041,0.11258333333333323,0.0804166666666666,0
K05606.01,24.380588578583183,23.81490574,1485.6533382055966,135.92167,0.06649333333333328,0.0831166666666666,0
K05607.01,1.3274573187958276,1.3274511,131.5838868947013,131.59052,0.1443749999999999,0.1443749999999999,0
K05611.01,193.84181475374535,209.238576,215.61005955273765,321.1236,0.05612499999999996,0.0935416666666666,0
K05733.01,1.1669130911740493,1.166835206,1274.23668242139,131.912321,0.126931,0.090665,0
K05734.01,226.16762060187347,230.70578883,223.00634025103946,260.3639847,0.056041666666666656,0.1120833333333333,0
K05735.01,4.994569220992933,4.99471597,121.22032311799694,136.1833,0.11466666666666665,0.1433333333333333,0
K05738.01,27.654730110808632,27.659607786,157.54116486961567,141.2478883,0.19081379166666662,0.1734670833333333,0
K05739.01,464.90547085872026,476.727302,520.1039949154695,496.4298,0.23317500000000002,0.388625,0
K05361.01,21.802478658608802,22.0495604,141.39746050561396,133.82677,0.19996666666666665,0.1428333333333333,0
K05362.01,158.71199410072967,150.70039392,435.85117171723573,278.5397643,0.08225,0.1175,0
K05363.01,43.881445872334915,44.48477463,164.9686216026511,142.9633835,0.09741666666666662,0.0695833333333333,0
K05364.01,86.26796141704732,93.6452481,202.64767915819849,157.28348,0.04416666666666665,0.0883333333333333,0
K05366.01,633.5081455162915,574.69029,324.35575816354844,392.483,0.2312375,0.177875,0
K05488.01,294.8275390912281,280.1604956,347.40567229641886,286.93817,0.07159249999999999,0.1193208333333333,0
K05489.01,409.9429848705054,370.46262,182.35795711793173,261.4078,0.238525,0.3975416666666667,0
K05490.01,112.73200470857327,116.301793,168.02493399623722,168.3304,0.1408125,0.093875,0
K05491.01,487.61796416602573,480.19416,606.1850121558275,257.1738,0.3138333333333333,0.4483333333333333,0
K05492.01,367.1441183101401,368.49828,173.2094368509923,233.4248,0.5588624999999999,0.6209583333333333,0
K05493.01,6.99331094595691,6.993576155,125.05853136131518,131.988507,0.5317375,0.8862291666666666,0
K05494.01,228.34833620151997,223.52131732,318.4606402670132,185.1827031,0.1362499999999999,0.1362499999999999,0
K05614.01,1.811452907898658,1.811461128,132.93341379667098,132.9324534,0.21058575000000002,0.35097625,0
K05615.01,2.1687249288573827,2.17491508,1474.0523020903086,131.93954,0.38691583333333335,0.3517416666666667,0
K05617.01,24.49616421925758,24.5002702,134.9363450777284,154.6193,0.22094583333333326,0.1699583333333333,0
K05619.01,2.086748170887608,2.16402661,133.00012262311074,133.5762679,0.16216666666666663,0.1158333333333333,0
K05620.01,426.4445074342511,392.89275632,306.14100305315986,436.2879702,0.28758333333333325,0.2054166666666666,0
K05621.01,116.8890383489812,114.734287,175.54129721696526,231.5017,0.12413333333333328,0.1551666666666666,0
K05742.01,1.340063388991214,1.340649911,1472.7328591154771,132.05521,0.12727999999999998,0.2121333333333333,0
K05743.01,30.728839724271282,30.69537638,922.4286066516241,155.71927,0.2123775,0.235975,0
K05744.01,33.1030263269477,30.69533113,123.73606807029338,155.7207691,0.34699874999999997,0.24785625,0
K05746.01,48.85638005116741,49.873958,164.73230909717358,167.55502,0.0562916666666666,0.0562916666666666,0
K05368.01,118.11410430473032,114.25041494,243.78209305021164,235.8523992,0.043958333333333294,0.0879166666666666,0
K05370.01,422.00761981126146,407.97623,481.3009004611561,378.6999,0.36724999999999997,0.6120833333333333,0
K05374.01,226.51449821450467,239.25578975,184.91474181949508,133.1367334,0.2170833333333333,0.2170833333333333,0
K05495.01,6.280182273853395,6.279888981,122.70753131357192,135.296067,0.18362,0.229525,0
K05496.01,33.82957324138571,37.47695717,555.3870695452489,150.6694873,0.08516666666666663,0.0608333333333333,0
K05498.01,484.15414033383485,519.80221867,548.6807434208408,462.625278,0.49892666666666663,0.6236583333333333,0
K05501.01,45.582166098336394,48.9200563,175.15072350335373,163.9628,0.0956249999999999,0.0956249999999999,0
K05622.01,492.4131751403117,469.61309,399.72349538190065,422.5089,0.3998458333333333,0.5712083333333333,1
K05623.01,571.6227591470962,583.73632,540.3563448625791,174.6085,0.525,0.65625,0
K05624.01,519.6836155469513,502.658,633.976387103057,174.6294,0.40645833333333337,0.8129166666666667,0
K05627.01,241.47984921187555,243.954706,201.38546009567403,221.2717,0.05337499999999995,0.1067499999999999,0
K05750.01,12.713478512197273,12.71368909,136.9459751828981,136.9328,0.0703125,0.078125,0
K05751.01,23.50046146325504,25.26363805,124.88541076439144,139.3088062,0.15866666666666662,0.1133333333333333,0
K05752.01,1.2580534561790526,1.391716834,132.15384697836646,132.09937,0.08289166666666661,0.0592083333333333,0
K05753.01,70.14759003489516,70.516233809,143.2198387787149,142.8575773,0.20464799999999989,0.1705399999999999,0
K05754.01,2.6455610945923698,2.645596805,123.13329310915807,133.705953,0.09698333333333328,0.1212291666666666,0
K05756.01,105.3431205245718,105.6327297,155.20971479866935,229.1273427,0.15924999999999986,0.1137499999999999,0
K05376.01,254.4149373031102,274.553579,205.92520519664856,158.0863,0.1239583333333333,0.2479166666666666,0
K05377.01,226.68803753714369,251.02304011,181.38560731724715,194.2011858,0.09070833333333331,0.1295833333333333,0
K05378.01,1.8080742789641375,1.80774253,1274.523214769419,132.9483,0.13185000000000002,0.109875,0
K05381.01,30.613340899559148,28.7369766,175.10844427954694,153.842,0.05286666666666664,0.0660833333333333,0
K05382.01,2.456461504021479,2.45649061,120.93623673100626,133.21452,0.1185,0.1185,0
K05383.01,93.20017998178346,98.51783198,185.2333503763924,173.7083904,0.048124999999999925,0.0687499999999999,0
K05503.01,491.63343912765185,457.513348,155.47653961744732,138.6556,0.14407499999999993,0.2401249999999999,0
K05504.01,221.13784337010307,224.02589924,504.29955739855006,335.8214821,0.15870833333333328,0.1220833333333333,0
K05505.01,298.87732854970324,323.77153,364.05894054828684,191.0744,0.36604166666666665,0.7320833333333333,0
K05507.01,42.31171814203977,40.0389613,143.16885480282804,156.35794,0.10693749999999991,0.0712916666666666,0
K05508.01,24.7800878384283,22.571972634,150.8958535040058,145.0344991,0.2335369166666666,0.1668120833333333,0
K05510.01,1.0200465827927103,1.018861199,1472.8218053069686,132.07252,0.21668333333333328,0.2708541666666666,0
K05630.01,79.78936146485002,80.519237,164.07079381797132,164.0077,0.25274999999999986,0.1684999999999999,0
K05631.01,150.50365771979713,149.356804,280.9779009351477,278.1387,0.4496041666666666,0.6422916666666666,0
K05634.01,49.61970564483759,50.47759052,142.76681139617887,141.7787075,0.11783333333333323,0.0841666666666666,0
K05636.01,3.0248945720508416,2.79123954,122.42777371286329,131.94858,0.1658416666666666,0.1184583333333333,0
K05637.01,240.27830925997756,223.31769215,326.2116496993869,233.6828323,0.16225,0.1475,0
K05757.01,46.93468642856457,44.637111,397.56896700216214,157.2998,0.12225,0.2445,0
K05760.01,367.18445873513303,365.620697,457.90615487640895,238.984,0.6721458333333332,1.3442916666666664,0
K05763.01,201.81702390782988,191.272501,275.27074648315397,293.2441,0.0638333333333333,0.1276666666666666,0
K05386.01,567.363667036778,575.42002,621.2415525198376,369.5923,0.35874999999999996,0.7174999999999999,0
K05391.01,389.41272820971574,368.72715,475.54994953196496,434.378,0.2951666666666666,0.2108333333333333,0
K05513.01,94.28062552930326,100.303613,949.6193377279127,176.75827,0.220375,0.44075,0
K05516.01,0.8362406400665857,0.83620025,907.067435848292,131.91663,0.0928175,0.1546958333333333,0
K05641.01,554.707188,616.34132,258.0895505536957,154.168,0.6362000000000001,0.5301666666666667,0
K05765.01,361.1931970034581,390.40832,442.6441623626043,265.436,0.19789999999999996,0.3298333333333333,0
K05766.01,210.43684160926546,191.528018,222.60150338507273,260.9129,0.06830833333333332,0.0975833333333333,0
K05767.01,418.55031385367226,386.59946,263.8569096686623,221.2945,0.1790208333333333,0.1377083333333333,0
K05768.01,15.401697739648094,15.4032765,138.0448379616121,137.9906,0.17582499999999987,0.1352499999999999,0
K05770.01,58.05667318285361,61.0011095,164.2777294397458,144.84614,0.056820833333333286,0.0437083333333333,0
K05771.01,190.5309843211249,198.232389,217.77077563046564,294.73515,0.07196249999999997,0.0799583333333333,0
K05392.01,0.6606233332262113,0.66062715,131.8730810882363,131.8646,0.11399999999999993,0.1899999999999999,0
K05394.01,434.78975932862073,456.5734,286.2966778101209,228.3838,0.11385416666666665,0.2277083333333333,0
K05395.01,587.7801411230713,601.13797,533.7355867570654,226.686,0.3179166666666666,0.6358333333333333,0
K05396.01,380.49366268969646,344.06248,339.0363054958093,451.4323,0.5199999999999999,0.6499999999999999,0
K05397.01,42.148624865200134,39.94344731,133.47779028248047,170.5021796,0.09974999999999999,0.07125,0
K05397.02,298.5818408632893,297.71402,352.1924777824805,315.5437,0.335325,0.558875,0
K05399.01,477.16813542560953,466.90824,183.82243501756642,136.3731,0.132,0.11,0
K05519.01,325.178919,361.30991,340.1076735208775,469.7513,0.27016666666666667,0.5403333333333333,0
K05520.01,203.03029682273169,199.4424134,951.7464693244489,240.8521,0.15111041666666666,0.3022208333333333,0
K05521.01,31.589684806033663,31.59115876,162.53608986078785,162.501885,0.07709041666666662,0.1101291666666666,0
K05522.01,351.00516520392034,356.99135,250.90629558919198,235.7367,0.42574999999999996,0.7095833333333333,0
K05523.01,90.42464220742477,96.120478,139.2093254378473,166.9531,0.0328125,0.046875,0
K05524.01,9.636380771809206,9.63647672,125.30614140129772,134.93429,0.1249583333333333,0.1249583333333333,0
K05525.01,45.934872217667376,45.680876,165.85904916482806,142.3574,0.12420416666666656,0.0955416666666666,0
K05526.01,46.83421790879779,43.169798,130.00273167164525,159.086,0.2825083333333333,0.4035833333333333,0
K05904.01,350.9505123203413,322.544807,436.01259455226455,267.9262,0.23408333333333334,0.4681666666666667,0
K05906.01,22.593375506158985,22.57494749,125.89904724324361,149.09617,0.76575,1.5315,0
K05908.01,92.55323641971468,85.5692223,146.1158146390048,188.06607,0.12384999999999997,0.2064166666666666,0
K05914.01,456.1371178334192,422.255426,636.3817894888882,160.6562,0.145075,0.20725,0
K05920.01,502.4355983135254,471.39698,216.04123538261325,247.0802,0.35713333333333336,0.4464166666666667,0
K05927.01,465.75977737884705,436.42852,168.26407261123094,452.2705,0.345,0.575,0
K05944.01,59.30059015272938,64.713168094,176.8518809946454,171.3677102,0.14246724999999996,0.2374454166666666,0
K05947.01,1.036595254072014,1.036592136,120.68688819920989,132.089545,0.06696666666666662,0.0956666666666666,0
K05957.01,376.1346160989412,371.54879,162.46563271292646,183.5693,0.41004166666666664,0.4100416666666666,0
K05958.01,248.98451445244464,226.499243,164.5728449661011,131.6622,0.03873333333333331,0.0553333333333333,0
K05962.01,2.6158107055754076,2.61594288,132.46604120480245,132.415,0.3225,0.26875,0
K05963.01,1.6860064532907975,1.686009643,133.0628536649262,133.060575,0.0492416666666666,0.0492416666666666,0
K05844.01,348.8967514506906,344.961485,384.9720711095787,208.2266,0.06297916666666666,0.1259583333333333,0
K05969.01,178.90481217690484,163.820347,378.199749786718,232.6163,0.07764166666666661,0.0554583333333333,0
K05970.01,142.5780975491442,151.577009,250.72722014240767,194.7958,0.09712499999999995,0.1079166666666666,0
K05856.01,285.7190989075672,259.34304,343.3066699489863,165.6794,0.3341666666666666,0.6683333333333332,1
K05858.01,8.343819055170496,8.34410791,136.56050809260358,136.54528,0.04684166666666662,0.0669166666666666,0
K05975.01,527.7953170738296,545.45623972,570.2159928834205,131.6984103,0.34475,0.24625,0
K05976.01,2.7096514551333306,2.709570339,123.22238045556726,134.084891,0.20907262499999993,0.2323029166666666,0
K05980.01,0.8552888667685465,0.855294909,131.6625551382702,131.6579596,0.07227799999999998,0.1204633333333333,0
K05981.01,350.0517817036262,350.609298,167.98005889910374,163.1091,0.04727916666666662,0.0675416666666666,0
K05861.01,453.7865583160853,452.40428,396.3565774858188,189.0844,1.0033333333333332,0.7166666666666666,0
K05862.01,0.6999881098759682,0.699985822,131.84015465466607,131.840533,0.07565824999999998,0.1260970833333333,0
K05865.01,35.87113429205591,35.8726918,131.59865384848058,131.5668,0.12839166666666663,0.1834166666666666,0
K05875.01,9.890671324864918,9.8788502,914.532684813898,134.3829,0.06147916666666664,0.1229583333333333,1
K05880.01,347.601608172,386.22400908,376.60607534850857,506.1610851,0.22595833333333326,0.2054166666666666,0
K05884.01,546.0712647686828,588.63759,200.1683971557186,246.525,0.17599999999999988,0.1599999999999999,0
K05887.01,9.835154475600454,9.8338474,122.57494656699404,132.5363,0.4253958333333333,0.6077083333333333,0
K05894.01,1.0803128190602749,1.080695116,907.8436132802541,131.86822,0.21726249999999991,0.3103749999999999,0
K06181.01,24.08151291294618,24.0733775,140.92679453096054,141.13539,0.4085833333333333,0.8171666666666666,0
K05982.01,1.838524330033791,1.838514245,132.09663495460472,132.101259,0.10867,0.1358375,0
K05983.01,8.411673972715525,8.412008943,135.4806417763114,139.6485198,0.1803653333333333,0.2254566666666666,0
K05984.01,3.9126710203406856,3.912679136,135.37964235201977,133.4288498,0.10371666666666664,0.1481666666666666,0
K05985.01,7.543564666673282,7.544804312,121.42368076266385,137.11963,0.4822883333333332,0.3444916666666666,0
K06094.01,2.280887899029877,2.283466438,1274.1872785070202,132.34883,0.25999666666666665,0.3249958333333333,0
K06095.01,0.6928060135807713,0.692807507,1099.7331611220075,131.88094,0.03731049999999996,0.0621841666666666,0
K06096.01,17.27888993129479,17.279290765,143.90619646040864,135.2741342,0.169197,0.21149625,0
K06183.01,4.3270307008751345,4.326946311,123.52630179394659,132.1921929,0.25478979166666665,0.2316270833333333,0
K06184.01,526.1872011238924,527.29093,633.7311971648772,209.218,0.5364374999999999,0.5960416666666666,0
K06185.01,181.21123136486122,168.858303,258.605095274297,237.5792,0.3781166666666667,0.5401666666666667,0
K06186.01,5.093969100025634,5.34264143,132.58487140273232,134.38122,0.14309166666666662,0.1022083333333333,1
K06187.01,19.392450471725176,19.38444245,136.96764168154172,137.214882,0.42895625,0.8579125,0
K06189.01,2.1799615808158923,2.179924994,132.1215958433025,132.1293516,0.20315875,0.20315875,0
K06190.01,10.136939835892319,10.135401047,137.38416723168203,132.3238999,0.11839791666666666,0.2367958333333333,0
K05986.01,1.9462290270464107,1.946198513,171.22813909398747,132.314091,0.1176466666666666,0.1680666666666666,0
K05988.01,27.54109889935227,30.4838006,134.94176338788472,149.8133,0.15166666666666662,0.1083333333333333,0
K05989.01,5.75834915265027,5.7584367,135.12355292768132,135.11279,0.09701249999999995,0.1077916666666666,0
K05990.01,26.493311355965396,25.9522913,368.5422029574564,154.8689,0.2286875,0.457375,0
K05991.01,8.586300295388066,8.58599537,127.59170935217561,136.21367,0.1103575,0.100325,0
K05992.01,9.892577903383225,9.892240848,131.72114493429905,136.693856,0.15665249999999997,0.1740583333333333,0
K06098.01,1.1298499832463909,1.129848432,131.78926446782435,131.789871,0.06054358333333331,0.0864908333333333,0
K06099.01,7.2448893286000455,7.244778994,135.46425018112004,131.8598491,0.11291,0.1411375,0
K06099.02,120.75672971799351,110.1552727,231.44265018111992,211.5620379,0.11049999999999988,0.0849999999999999,0
K06100.01,0.730973172436409,0.730964241,121.21700163328535,132.19448,0.1034583333333333,0.1034583333333333,0
K06101.01,17.69280698970807,17.734020239,128.0123225091856,143.9226707,0.42443041666666664,0.3031645833333333,0
K06192.01,0.8300725955856453,0.829019343,1472.7327387949076,131.46667,0.2016708333333333,0.2016708333333333,0
K06193.01,1.1072449914021927,1.1080999,1472.5580743614614,131.7222,0.1397583333333333,0.1397583333333333,0
K06194.02,224.8610193902363,215.778765,213.94862135558344,180.324,0.1557083333333333,0.1557083333333333,0
K05993.01,4.264753346412695,4.264729569,122.39765088007294,135.198495,0.0919791666666666,0.0919791666666666,0
K05994.01,4.80458089761688,4.804469712,133.60240823988005,136.0047256,0.11731533333333329,0.1466441666666666,0
K05995.01,6.150115099375295,6.150529292,123.44476288107069,132.522141,0.12997249999999994,0.1856749999999999,0
K05996.01,4.944865995546932,4.944927575,131.62064853912437,131.61124,0.10105666666666661,0.1443666666666666,0
K05997.01,4.442571745461687,4.442517008,133.60131545929707,133.608114,0.11179758333333326,0.1016341666666666,0
K05998.01,56.46207951,62.7356439,1306.7850109693818,152.22026,0.2698125,0.4496875,0
K05999.01,7.035284987654892,7.035518449,137.97472878675765,137.950087,0.11761999999999999,0.147025,0
K06103.01,453.76493065241976,453.54212,359.82572579238143,360.0617,0.6384749999999999,0.7094166666666666,1
K07860.01,0.5795092593471108,0.579516759,132.00698508098532,132.00256,0.05032499999999994,0.0559166666666666,0
K06104.01,16.249443228333718,16.2480865,143.89462751432688,143.96708,0.24009999999999992,0.3429999999999999,0
K06104.02,448.40830260535586,466.9407,567.3106608476602,244.7508,0.6366666666666666,1.2733333333333332,0
K06105.01,264.6674019909004,289.788624,360.1853982841292,370.8039,0.15475416666666658,0.1190416666666666,0
K06106.01,54.45676332772167,55.00402906,143.54398701889696,134.2268671,0.2272499999999999,0.2524999999999999,0
K06107.01,2.873620606874988,2.873657901,132.5920475639139,132.5847,0.087725,0.087725,0
K06196.01,1.6753714583338928,1.680425996,1473.5039897874103,132.33173,0.3181966666666666,0.2272833333333333,0
K06197.01,0.49073508807750305,0.53345831,120.71195061206544,132.001459,0.049499999999999995,0.055,0
K06198.01,20.678449988033744,20.686460198,134.18537285344146,133.8900931,0.9435600000000001,1.5726,0
K06199.01,122.63760167046412,131.68018,172.79919253618147,229.6497,0.306875,0.61375,0
K06200.01,206.12085924774374,200.762693,310.6822856598669,308.7451,0.06460416666666662,0.0922916666666666,0
K06201.01,1.1216496541769496,1.123258617,1472.1798882326061,132.02671,0.12464520833333331,0.1780645833333333,0
K04323.02,11.49583894534147,12.4250319,139.3851460433783,141.4868672,0.07824916666666659,0.0601916666666666,0
K06000.01,12.424736434979794,12.4297161,352.93113696664636,141.2846,0.5025999999999999,0.62825,0
K06001.01,12.426512352041843,12.4288476,352.7394159015301,141.2012,0.34229166666666666,0.6845833333333333,0
K06002.01,12.430433841886412,12.4258252,133.55967079280387,141.5229,0.4550208333333333,0.9100416666666666,0
K07872.01,164.05353269418936,153.725848,232.42857494960015,284.07258,2.4483333333333333,4.8966666666666665,0
K06003.01,12.420841711995257,12.4257907,179.11571056769543,141.5345,0.4137291666666667,0.8274583333333334,0
K06004.01,12.427978923142387,12.4253356,352.62599752761616,141.58,0.6872499999999997,1.1454166666666663,0
K06005.01,12.41808417574559,12.4254201,134.48940410042002,141.5458,0.696,0.7733333333333332,0
K06006.01,12.432196784788474,12.424995,128.5247244428112,141.5904,0.50705,0.8450833333333333,0
K06007.01,12.156002721769573,12.4227918,176.0762366117998,141.7972,0.5685416666666666,1.1370833333333332,0
K06109.01,22.918727927750965,22.913446297,140.6183780076424,140.6466918,0.24015775,0.17154125,0
K06109.02,10.376288151798086,10.0046881,123.93384552847574,136.47719,0.1493124999999999,0.0995416666666666,0
K06110.01,8.653317228252408,8.65315602,359.2707057784086,136.64735,0.09851249999999998,0.1094583333333333,0
K06112.01,2.243057073451922,2.243015737,133.43674266171084,133.450825,0.19785104166666662,0.1798645833333333,0
K06113.01,4.6943801655296316,4.694218481,136.10327091903991,133.780334,0.13223145833333333,0.1889020833333333,0
K06203.01,0.808485164492511,0.87683182,170.55746796542422,132.06142,0.04899999999999995,0.0816666666666666,0
K06204.01,0.9537357845943896,0.953734449,120.96814133771362,132.413233,0.051379999999999926,0.0733999999999999,0
K06205.01,2.0722054334141116,2.073873563,1472.3637669895506,132.59754,0.1640125,0.2733541666666667,0
K06206.01,15.71623155168325,15.713787218,136.720004784964,132.0981464,0.3299391666666666,0.4713416666666666,0
K06207.01,7.964153601813097,7.964440392,132.21940921661192,136.194674,0.30566999999999994,0.3820874999999999,0
K07866.01,0.5183329786724247,0.518071538,906.9369397429264,131.92715,0.05954999999999992,0.0744374999999999,0
K06208.01,2.151191951863915,2.151214629,120.99826742087981,131.74391,0.08347500000000001,0.09275,0
K06008.01,12.424175479761367,12.426469,141.68894767385325,141.4649,0.6427499999999999,1.07125,0
K06009.01,12.419974631206294,12.4262889,141.91045434989806,141.4617,0.7036499999999999,0.7818333333333333,0
K06010.01,12.416130844573997,12.424747,134.71965249563482,141.6151,0.5258333333333332,1.0516666666666663,0
K06011.01,12.418673408360561,12.4255705,142.10139121941393,141.5298,0.6016666666666666,1.2033333333333331,0
K06012.01,12.433659479257411,12.426173,140.8955588693244,141.5013,0.6383333333333332,1.2766666666666666,0
K06013.01,11.181987540000002,12.4244306,361.4951593022982,141.647,0.5447916666666666,1.0895833333333331,0
K06014.01,6.717285626751714,6.71738328,127.14074821481029,137.2100078,0.13502137499999992,0.1500237499999999,0
K06114.01,24.960554649334323,24.955998503,123.44653907677441,149.094437,0.16119308333333324,0.1151379166666666,0
K06116.01,4.426987779615958,4.426942241,133.55755500028232,133.564383,0.05371999999999992,0.0671499999999999,0
K06119.01,3.454202840902515,3.454241684,123.08245345550291,131.711253,0.15650166666666665,0.1956270833333333,0
K06211.01,1.4571946080614187,1.457256942,1001.5951503808628,131.60891,0.16284525,0.27140875,0
K06212.01,10.82239898460707,10.818248422,126.0623363545604,137.17026,0.5333066666666667,0.7618666666666667,0
K06213.01,2.5592195847389845,2.559236603,132.2672096833118,132.263863,0.05568666666666664,0.0696083333333333,0
K06214.01,255.6734032623611,281.35877,331.70352816681725,390.582,0.22575,0.3225,0
K06215.01,502.3488257450638,462.12345,186.30782650274992,408.2031,0.3525,0.3525,0
K06015.01,41.839561936224364,41.86539723,146.89247471023253,161.17679,0.38867500000000005,0.277625,0
K06016.01,4.553503410077953,4.553370029,124.02191944952801,135.433898,0.08052249999999997,0.1342041666666666,0
K06017.01,5.262739417004418,5.262652179,122.45468152162803,135.6269856,0.0832865833333333,0.1189808333333333,0
K06018.01,16.621110123170673,16.621853404,142.22985989595585,133.5526451,0.13050566666666663,0.1631320833333333,0
K06019.01,19.740075295332712,19.741616041,136.39364560254344,136.446922,0.17921808333333322,0.1280129166666666,0
K06020.01,5.455810003120604,5.455766383,134.1515748308626,136.907217,0.08435875,0.1205125,0
K06021.01,22.444143880698267,22.44620704,131.54776200209673,149.1595,0.3460004166666666,0.3145458333333333,0
K06121.01,1.2371427097170848,1.237147407,132.6609659434127,132.6581514,0.17665575,0.29442625,0
K06122.01,1.2552409569862832,1.28619671,132.01129168984332,131.87462,0.05105833333333326,0.0464166666666666,0
K06123.01,2.648994898969667,2.649026189,132.06353342446755,133.379281,0.0720358333333333,0.1029083333333333,0
K06124.01,6.933215073524913,6.932281325,120.92937547695685,134.876198,0.4595874999999999,0.4595874999999999,0
K06125.01,2.151366891718211,2.151384476,121.27727281104455,133.1088143,0.09755404166666662,0.1393629166666666,0
K07874.01,0.5622676304433538,0.562273947,120.85476593076004,131.52433,0.13155,0.13155,0
K06126.01,17.09371080430068,17.4352218,134.53161469245615,143.2261,1.076375,2.15275,0
K06218.01,127.18061233294507,117.634213,182.2395668589001,176.0874,0.09549999999999995,0.1591666666666666,0
K06219.01,21.022809742073658,21.025447023,127.99814511258319,148.2226428,0.38045933333333326,0.2717566666666666,0
K06220.01,0.8751601120395492,0.933753371,120.83466810842886,131.50945,0.25888333333333324,0.1849166666666666,0
K06221.01,1.7212357200031674,1.72153588,1274.856572931343,131.7292,0.08812375000000001,0.0801125,0
K06022.01,2.7655946616500575,2.765621941,172.40328293389751,133.680095,0.0966291666666666,0.0966291666666666,0
K06023.01,3.6649693270018533,3.664964374,172.63820426368088,134.152879,0.11391916666666661,0.1627416666666666,0
K06024.01,7.379798976104949,6.8072842,1374.3165529689663,135.5474,0.1217312499999999,0.0811541666666666,0
K06025.01,2.1366074013839875,2.136577151,171.4778149701867,133.026579,0.09255749999999995,0.1028416666666666,0
K06026.01,2.638461512401193,2.638432816,121.12168229522936,133.003946,0.08099633333333328,0.1012454166666666,0
K06027.01,11.799593606971497,11.991000357,913.8968790830135,139.598337,0.3771133333333332,0.2693666666666666,0
K06028.01,37.823255298374534,37.80694072,153.7080640652469,153.8409531,0.22415399999999985,0.1601099999999999,0
K06128.01,12.422424991359879,12.42555055,129.32372982487846,141.5457,0.5935833333333334,1.1871666666666667,0
K06129.01,12.424768671668621,12.42592247,141.55269269558485,141.54848,0.65625,1.3125,0
K06131.01,12.419900862639546,12.4237327,121.74868665776826,133.9642,0.4537499999999999,0.7562499999999999,0
K06131.02,98.31494002918161,94.38163,153.92306165776824,171.3362,0.2472916666666666,0.4945833333333332,0
K06132.02,6.997887358440517,7.5844241,1374.7578483128632,137.847,0.22854999999999998,0.16325,1
K06222.01,231.1199907077998,210.899577,538.3173159736521,230.1954,0.12640833333333326,0.0902916666666666,0
K06223.01,3.103812087931263,3.103730697,132.8561325369579,132.8744585,0.2889175,0.2889175,0
K06224.02,269.9322907407742,253.40538,198.66197913706185,273.6514,0.4334166666666666,0.3095833333333333,0
K06225.01,5.110769904387679,5.110771787,135.86823607004803,133.315344,0.07244766666666662,0.1034966666666666,0
K06226.01,1.463771838212852,1.463773705,132.81081713502542,132.807589,0.05577541666666663,0.0796791666666666,0
K06227.01,4.468868280540987,4.46255312,909.8318184414418,133.64977,0.46985666666666664,0.5873208333333333,0
K00099.02,80.7668506934041,79.87804945,207.65333217333324,184.7704412,0.1329166666666666,0.1329166666666666,0
K06029.01,3.0268549406891125,3.026764871,131.79158527232687,133.3279059,0.16219949999999997,0.1802216666666666,0
K06030.01,3.840052913167348,3.840130917,133.23295599696195,135.139765,0.08444041666666663,0.1206291666666666,0
K06031.01,5.554397377876359,5.554227226,121.29496143579495,135.16203,0.13925158333333332,0.1989308333333333,0
K06032.01,1.5709164544268688,1.570919281,121.4794902910073,132.47362,0.09400999999999993,0.1342999999999999,0
K06033.01,35.079775807553624,35.08976902,146.3210929798524,153.396702,0.23113416666666664,0.1650958333333333,0
K06034.01,5.233429993920985,5.233450136,122.66529599399628,133.1261573,0.3572391666666666,0.3572391666666666,0
K06035.01,3.5858286821636267,3.6037011,1375.1556657747594,131.6711,0.17465,0.12475,0
K06036.01,3.5181814959323807,3.518356021,131.8287864835558,131.8005089,0.25889062499999993,0.2876562499999999,0
K06133.01,2.802949319606845,2.6160943,121.38341818417692,132.5162,0.44458333333333333,0.8891666666666667,0
K06134.01,2.404453897346059,2.404386969,121.17090898040875,133.2105484,0.185087,0.3084783333333333,0
K06135.01,4.39045061459537,4.390513938,121.58350399933315,132.550761,0.07367999999999994,0.1227999999999999,0
K06136.01,3.8693748202929266,3.86963822,123.36093020335622,131.6242,0.13358333333333325,0.0954166666666666,0
K06137.02,7.388286381282377,7.384681,137.82449328598722,132.1721,0.22174999999999995,0.1478333333333333,0
K06228.01,20.240299255295604,21.0907909,135.68938009744107,133.96316,0.2771416666666666,0.1979583333333333,1
K06229.01,3.3717116733515047,3.371796653,170.302822239812,134.876289,0.10039458333333331,0.1434208333333333,0
K06230.01,1.9271868029059218,1.927177921,132.56962488615878,132.571474,0.08091416666666662,0.1155916666666666,0
K07867.01,0.5759261369549998,0.575925434,131.92323162078236,131.92458,0.06168999999999995,0.1028166666666666,0
K06231.01,526.8393373489514,496.17566,281.05458084796874,174.0663,0.5815,0.4845833333333333,0
K06232.01,6.256491418094506,6.256352128,171.06790664866298,133.543181,0.07837333333333328,0.0979666666666666,0
K06233.01,16.177178421406314,16.17803,132.3750665458125,132.326,0.2158333333333333,0.2158333333333333,1
K06234.01,2.3779779088196995,2.37795507,121.8461048509441,132.557333,0.07095958333333331,0.1013708333333333,0
K06235.01,2.0539102013028723,2.053866175,132.93311204584498,132.944062,0.14013124999999998,0.2001875,0
K02311.03,104.36630286496504,104.3519624,190.00162063731818,190.10261,0.2001458333333333,0.1539583333333333,1
K07861.01,516.2231273865756,469.52303,199.18498907996877,381.4073,0.2972125,0.228625,0
K06037.01,32.66598929941799,32.669962587,159.57820942475215,159.4801924,0.16412916666666663,0.1492083333333333,0
K06038.01,20.490107381077035,19.93364711,1275.9186687333508,143.94041,0.1794208333333333,0.3588416666666666,0
K06039.01,1.0719058192051876,1.071911311,131.60853243649265,131.607529,0.11246374999999993,0.1606624999999999,0
K06040.01,18.020205359236186,18.019651402,139.7657108317661,148.6673673,0.1907145,0.211905,0
K07864.01,116.62108489461951,117.934158,227.78088845787713,197.8657,0.4239583333333332,0.3854166666666666,0
K06041.01,4.032693915183,4.032762189,135.32625630696785,133.3016604,0.12081183333333329,0.1725883333333333,0
K06042.01,2.371564339531249,2.371589507,131.5636191529321,132.743293,0.08778999999999995,0.1463166666666666,0
K06043.01,4.6773378715889775,5.09112124,263.2773270689315,135.17945,0.12594166666666665,0.0899583333333333,0
K06138.01,4.206493068982526,4.206070484,123.7928350128039,132.248423,0.3120483333333333,0.4457833333333333,0
K06139.01,0.9056767697202167,0.905677864,132.1995948851996,132.197687,0.06542666666666662,0.0934666666666666,0
K06143.01,324.9360346911739,297.113395,281.32865620762936,309.1459,0.2641916666666666,0.1887083333333333,0
K06143.02,51.72397573593715,50.900813,159.7409707909627,150.314465,0.19249999999999987,0.1374999999999999,0
K06236.01,4.478038407861657,4.478116695,170.9467205474413,132.8719936,0.0979125,0.139875,0
K06236.02,1.279467561062701,1.27620899,170.2934705474413,131.6866,0.09037500000000001,0.090375,0
K07876.01,0.5791223972592502,0.579108481,169.972569439271,131.7753,0.06221249999999991,0.0691249999999999,0
K06237.01,505.2647614492801,528.50344,549.7493876654337,209.8264,0.3196999999999999,0.2664166666666666,0
K06044.01,2.027371682002063,2.027383251,131.69005993276735,131.686117,0.04529,0.0647,0
K06045.01,10.73386609889337,10.73370737,137.05711854363815,141.11176,0.35156916666666665,0.3196083333333333,0
K06046.01,9.448453094520156,9.449438672,136.1012346380094,136.025779,0.16181374999999998,0.2311625,0
K06047.01,8.753224029219817,8.752913958,121.19344232515834,138.724933,0.17272999999999994,0.1439416666666666,0
K06049.01,16.576079302000608,16.579028045,124.6682227890656,146.733098,0.2275875,0.325125,0
K07868.01,512.1916301132179,513.42784,121.11388533724612,174.3904,0.20926666666666663,0.2615833333333333,0
K06050.01,2.0648911135041716,2.064900876,132.8728848002196,132.874485,0.17192249999999998,0.2865375,0
K06144.01,9.751330198022421,9.751720174,123.94670569789002,138.538319,0.33736875,0.6747375,0
K06145.01,17.7050916,19.672324,1275.3431023396092,134.3013,0.2005,0.2005,1
K06145.02,34.21261768835946,32.657035,1300.1425169229426,152.881,0.22323749999999995,0.2480416666666666,1
K06146.01,4.592179071927962,4.592401261,121.69656086906957,133.139791,0.165346,0.2066825,0
K07877.01,6.709862487425868,6.70995253,134.03366685055596,134.02352,0.08613749999999998,0.0957083333333333,0
K06147.01,5.776559389686391,5.776794344,124.98667813196654,133.6275034,0.2375643749999999,0.2639604166666666,0
K06148.01,23.81638507455113,23.19923256,180.64668303075757,146.6907294,0.13062499999999996,0.0870833333333333,0
K06149.01,0.503200038734938,0.503199724,131.90835238640886,131.90627,0.05119583333333326,0.0465416666666666,0
K06240.01,4.768600401552274,4.768540307,133.85744085327465,133.8648842,0.049689999999999956,0.0414083333333333,0
K06241.01,73.90397570763052,73.91858615,134.47573638714474,154.696798,0.2615062499999999,0.2905624999999999,0
K07862.01,2.38555843353006,2.38793696,133.6026448238761,133.22902,0.5767333333333333,0.7209166666666667,0
K02081.02,544.6679120538798,589.17968,529.9713459847063,185.0175,0.3399999999999999,0.4249999999999999,0
K06243.01,4.618693710377466,4.618767943,121.85749979382061,133.386655,0.20099999999999998,0.25125,0
K06051.01,3.6116882430643837,3.60727417,1475.6089777727964,133.77548,0.3521025,0.5868374999999999,0
K06052.01,2.4102959581945798,2.565717939,169.8578520019173,133.22148,0.09965666666666663,0.0711833333333333,0
K06053.01,22.05753834820121,22.05274533,173.4819289997016,151.552457,0.3262233333333332,0.2330166666666666,0
K06054.01,2.8813677406819083,2.881338104,170.35686274534916,132.909319,0.11981,0.1497625,0
K06055.01,4.078484345266784,4.078355243,132.1318995706038,132.160073,0.18855958333333328,0.2693708333333333,0
K06056.01,7.7363281247679145,7.73590441,137.94871638056028,137.98785,0.11097249999999996,0.1849541666666666,0
K06057.01,3.53010619221151,3.530164642,133.02042999966073,134.77535,0.13715533333333327,0.1714441666666666,0
K06152.01,429.69528901629076,395.07333,570.3124472941468,244.4858,0.39219999999999994,0.3268333333333333,0
K06153.01,1.5190159460768164,1.51918335,1002.4222539387166,131.913532,0.13639324999999997,0.2273220833333333,0
K06154.01,12.927101382032811,13.59940118,355.89884920626776,133.0874188,0.05249999999999999,0.105,0
K06155.01,2.74586519714796,2.745910734,133.1812187726396,133.1719105,0.18452224999999997,0.1677475,0
K06156.01,1.608368518085944,1.608363345,131.58172377191983,131.58432,0.06413166666666661,0.0916166666666666,0
K06244.01,5.7460670181004545,5.746017234,134.911636835234,132.042549,0.09086749999999999,0.1514458333333333,0
K06247.01,3.966098264901439,3.963787093,910.0723916278757,135.029951,0.1810176666666666,0.1292983333333333,0
K06248.01,1.75917565401516,1.759208679,132.6637322952952,132.6537254,0.17281387499999995,0.1920154166666666,0
K06249.01,1.6043440477523796,1.6031794,131.54614470534747,131.5678,0.05308333333333324,0.0379166666666666,0
K06058.01,6.495865497040559,6.496031958,132.2512198279041,135.4687416,0.17397466666666664,0.2174683333333333,0
K06059.01,4.012531073639457,4.012537983,132.0645889944489,134.652406,0.0837541666666666,0.0837541666666666,0
K06060.01,1.594135695755318,1.594162001,132.64514710570333,132.634679,0.13739499999999993,0.2289916666666666,0
K06061.01,10.239322588341784,10.238939876,178.56507165242365,132.722552,0.15973375,0.1452125,0
K06062.01,5.500199052062311,5.499941387,133.74761515138636,136.869403,0.17112999999999992,0.2139124999999999,0
K06063.01,8.668716002700169,8.667826242,132.9257466988224,137.3415297,0.14773324999999998,0.2110475,0
K06064.01,261.5596299273979,265.2996227,309.42725469392406,316.91977,0.184275,0.36855,0
K06064.02,291.1092444002206,265.299451,242.97286344392404,326.26375,0.11407499999999998,0.190125,0
K06065.01,246.4156663173204,265.2999623,161.51775519668638,316.91821,0.4059779166666666,0.3690708333333333,0
K06065.02,277.8369441417715,265.310499,313.710856863353,326.24511,0.10032499999999998,0.1672083333333333,0
K06157.01,90.50837174429229,98.1020983,189.61649915064433,170.33189,0.06635416666666659,0.0510416666666666,0
K06158.01,198.94054467971486,182.467019,161.09391182588035,215.019,0.2852624999999999,0.3169583333333333,0
K06158.02,124.6992609825206,126.57837267,155.440134742547,198.1194352,0.14583333333333326,0.1041666666666666,0
K06159.01,11.414533887309245,11.41437505,125.93958736440955,142.59649,0.18304999999999993,0.2614999999999999,0
K06160.01,164.6117279499759,151.31847,190.14272309784923,148.9275,0.4112499999999999,0.6854166666666666,0
K06161.01,10.408616776711371,10.4032399,137.77267266714364,138.18443,0.695625,0.99375,0
K06250.01,1.8532012481945872,1.853209359,121.13418014512318,132.249661,0.06578624999999998,0.0730958333333333,0
K06251.01,14.668175611115036,14.66769462,124.47277292248805,139.161736,0.101925,0.101925,0
K07869.01,11.413764745210571,11.4132144,140.07228708033804,140.11988,0.07903333333333327,0.0987916666666666,0
K06066.01,13.787772099263755,13.787520532,122.96548972390987,136.762097,0.12771749999999987,0.1064312499999999,0
K06067.01,7.4614137299999985,8.2904597,1275.5683341926563,132.24956,0.13000999999999993,0.1083416666666666,0
K06069.01,8.201434862726812,8.214204254,1280.0892914252368,135.01403,0.24865208333333327,0.1912708333333333,0
K06070.01,15.7162822916676,15.71377375,131.97817949053342,132.09973,0.3732,0.311,0
K06071.01,5.918373951383203,5.918619554,135.9125947840441,132.924716,0.1316013333333333,0.1645016666666666,0
K06072.01,3.3194635469236284,3.319523463,133.60339957729798,131.923046,0.0836625,0.1394375,0
K06162.01,5.874394208986968,5.874197307,137.2357266245474,134.3187261,0.17774375000000003,0.17774375,0
K06163.01,18.45086192373082,19.7959731,138.97949814629317,135.93667,0.15580833333333333,0.2225833333333333,0
K06164.02,215.01455467434647,209.00055019,262.8355323759911,149.8223238,0.11549999999999999,0.105,0
K06165.01,5.61464959836985,5.614892073,121.64968517986051,132.842964,0.10877416666666662,0.1553916666666666,0
K06165.02,38.79423421235051,35.4261827,151.07913684652715,161.164,0.2745624999999999,0.1830416666666666,0
K06166.01,11.412387963335155,12.2064304,1480.7225622650687,134.053,0.11032083333333326,0.1002916666666666,1
K06166.02,6.096329334878108,6.6513189,1476.7745060150687,135.289,0.08006249999999997,0.0889583333333333,1
K06167.01,3.90538526089145,3.905532605,121.66027797434329,133.349361,0.19859875,0.2837125,0
K02404.02,5.244058725919867,5.2438528,174.57394621462402,132.6659,0.439125,0.439125,0
K06073.01,6.474529021299101,6.474202359,137.65786675104863,134.3950738,0.1399954166666666,0.1399954166666666,0
K06074.01,8.481396340162748,8.4803048,132.62625162304172,135.85228,0.28255499999999995,0.3139499999999999,0
K06075.01,8.946717734727807,8.947426242,127.62899133319226,132.0457395,0.12242524999999999,0.2040420833333333,0
K06076.01,9.932761319058555,9.93443795,132.97957602473213,132.87307,0.2361916666666667,0.3374166666666667,0
K06077.01,2.173551975732865,2.173552528,132.314156281081,132.3118,0.04026749999999994,0.0671124999999999,0
K06078.01,10.158338383245987,10.157715971,134.5628244288538,139.442275,0.0861175,0.123025,0
K06168.03,401.2161558970973,404.701927,158.54960478129493,196.6089,0.21563749999999998,0.165875,0
K06169.01,0.7796004438114701,0.779609509,353.09125642584905,131.67843,0.18392916666666664,0.1672083333333333,0
K06170.01,15.26246854093561,15.80529628,125.7708975706136,135.9561178,0.09100000000000001,0.065,0
K06171.01,2.1032312701828495,2.103239235,132.8700578442273,132.8681395,0.17709124999999998,0.2951520833333333,0
K06079.01,15.246332614579538,15.249335907,128.85237788586838,143.662829,0.22296399999999983,0.1592599999999999,0
K06080.01,4.8167226342768075,4.816610903,136.15664471763267,133.763636,0.12745099999999993,0.1593137499999999,0
K06081.01,2.3053879328068376,2.305903447,1275.5552678426436,131.7928588,0.14095,0.14095,0
K06082.01,1.8141505862753085,1.814128042,121.04310999345297,131.938871,0.08938416666666661,0.1276916666666666,0
K07871.01,1.2471327747648362,1.247121237,132.21389787662974,132.39461,0.5461749999999999,0.3901249999999999,0
K06083.01,4.1288099024269425,4.128795314,122.24723732311925,132.5796644,0.08082083333333331,0.1154583333333333,0
K06084.01,3.2691632151965755,3.269176601,131.62579353062705,133.257825,0.09077666666666664,0.1134708333333333,0
K06086.01,15.99403571400427,15.995094054,136.7229036583029,147.305407,0.2464691249999999,0.3520987499999999,0
K06174.01,0.709029228574573,0.70914232,132.1895523399335,132.1761,0.056466666666666616,0.0806666666666666,0
K06175.01,9.761095272537245,9.86869589,126.10459523934065,138.99584,0.16776666666666662,0.1198333333333333,0
K06177.01,0.9783495719071941,0.978362973,121.36996678033807,132.126,0.06532499999999987,0.0502499999999999,0
K03371.02,12.25318700696632,12.25384348,143.72843284063427,143.70549,0.10876250000000001,0.098875,1
K06087.01,23.015038832101826,22.16127178,130.39475479871626,148.46378,0.21577499999999986,0.1541249999999999,0
K06088.01,2.7451285159741263,2.745121487,172.04679252569753,133.619276,0.1243541666666666,0.1243541666666666,0
K06089.01,293.8774326167648,282.9656538,372.10680772511836,193.502758,0.4463729166666666,0.8927458333333332,0
K06090.01,37.2988276600404,37.32030954,140.01099788997598,135.426946,0.37708666666666657,0.2900666666666666,0
K06091.01,5.889638708052279,5.889372452,125.90768755989879,134.779685,0.16489133333333328,0.2061141666666666,0
K06092.01,2.581663327568408,2.581595167,132.9354591850201,132.947414,0.16384333333333329,0.2048041666666666,0
K03163.01,0.5668125999192806,0.566801886,121.07657127333299,131.8258,0.2627624999999999,0.2388749999999999,0
K03169.01,195.98759725472527,180.71809,218.4610225946168,222.2962,0.4520833333333333,0.4520833333333333,0
K03173.01,422.0034659315556,434.39148,438.09881453558376,131.4436,0.434,0.5425,0
K03180.01,75.71059714402753,71.1577054,162.19912727174417,178.29611,0.12125,0.2020833333333333,0
K03181.01,73.28933031673277,73.26417,145.75740777655804,173.8331,0.1615833333333333,0.2308333333333333,0
K03186.01,755.6780804320872,681.9363102,324.26683387310953,289.0653808,0.3308608333333334,0.3308608333333333,0
K03187.01,0.7059161098272789,0.705891195,120.99005715314814,131.62062,0.3300624999999999,0.2200416666666666,0
K03192.01,196.52973342422246,199.21638,296.4476866694472,293.6619,0.5384166666666667,0.3845833333333333,0
K03195.01,130.02942999909732,121.70747,127.07845853496659,229.2617,0.06849999999999996,0.0570833333333333,0
K03198.01,252.87726093671776,273.528359,233.45304340977054,246.3207,0.6517583333333332,0.9310833333333332,0
K03199.01,3.8825422532861804,3.88258905,123.18815854292814,134.82111,0.09136666666666664,0.1142083333333333,0
K03201.01,130.39525135439928,135.57186,246.0109936064144,245.3504,0.2070833333333333,0.4141666666666666,0
K03210.01,178.06582846417302,173.06929,204.82787145034507,221.2582,0.37449999999999994,0.5349999999999999,0
K03215.01,1.0390529387918288,1.039046871,121.14795124147801,131.54272,0.06333749999999999,0.070375,0
K03222.01,0.6075537362036629,0.607538435,120.78165244919877,131.70989,0.34681249999999997,0.2312083333333333,0
K03228.01,0.9876173767542433,0.98762513,121.10910581406635,131.97212,0.05165416666666663,0.0469583333333333,0
K03233.01,108.48739010577204,113.0707574,133.52026154131076,171.705,0.188125,0.37625,0
K03235.01,61.23433598071969,66.713573,177.7858834336094,170.075,0.26174166666666665,0.1869583333333333,0
K03251.01,125.67485324903441,135.223193,234.02564815849163,246.3872,0.4119958333333333,0.3745416666666666,0
K03283.01,177.78928902323094,195.7093855,138.25008974461235,177.4118,0.5389999999999999,0.4491666666666666,0
K03378.01,27.680618516090632,27.6775212,146.07726645720305,146.1243,0.12564999999999996,0.1047083333333333,0
K03405.01,20.975618073792567,20.9794338,357.6480398835604,147.72605,0.18810000000000002,0.15675,0
K03406.01,15.69802209423708,15.6937855,367.28697803692694,131.9841,0.27890416666666656,0.2145416666666666,0
K03442.01,20.73366295334452,20.73376301,557.9954861035811,132.84493,0.29021499999999995,0.2418458333333333,0
K03488.01,62.01815398607208,63.571688,179.30498484785022,186.4598,0.15025,0.2504166666666666,0
K03507.01,371.8111967244781,338.20075,228.41293877273773,263.5018,0.3807499999999999,0.6345833333333333,0
K03764.01,1.3036100298447588,1.303570451,907.4230089000067,146.145985,0.05704074999999996,0.0950679166666666,0
K03774.01,3.7227744397826825,3.72277264,354.28144794541623,136.51757,0.3306041666666666,0.6612083333333333,0
K03829.01,3.8859253915960994,3.886730304,737.539810153782,135.0201,0.4043075,0.6738458333333333,0
K03833.01,46.51198047114063,49.5740154,127.12178697437814,201.97177,1.3165833333333332,2.6331666666666664,0
K03155.01,179.6407127828519,161.2529031,359.91158971528387,189.10446,0.50773125,1.0154625,0
K06619.01,1.3303597121725226,1.330333096,132.77348128996206,132.785555,0.126125,0.2102083333333333,0
K06620.01,1.1401494914192132,1.140133012,120.98199926773998,132.34077,0.4625499999999999,0.3854583333333333,0
K06621.01,7.9468439732458815,7.946367138,133.1179025085547,135.0947711,0.1293334999999999,0.1077779166666666,0
K06622.01,16.834960143579227,16.832079803,137.17319373545772,133.1746947,0.1624475,0.324895,0
K06623.01,7.3469721036787385,7.346159047,176.70634142128418,136.8912771,0.16493499999999994,0.2748916666666666,0
K06624.01,27.142455806485348,26.2402438,141.56041465902956,151.5242,0.063,0.126,0
K06625.01,10.738815860440663,10.738427243,123.72296043230253,139.893962,0.13733999999999985,0.0980999999999999,0
K06754.01,23.82900072129674,23.832382513,179.9301497015972,143.2182023,0.32361449999999997,0.294195,0
K06755.01,1.4287921422311092,1.428766771,132.1835377593791,132.1908553,0.18220124999999998,0.1656375,0
K06756.01,14.556110703393704,14.5567427,135.73092146677314,135.6994,0.0769708333333333,0.0592083333333333,0
K06757.01,1.106556705151696,1.106560721,132.37631673294186,132.3745985,0.07704404166666662,0.1100629166666666,0
K06758.01,0.7216224200105253,0.721624431,131.8618717819617,131.859672,0.08474733333333327,0.1059341666666666,0
K06760.01,10.814932677828837,10.81589054,124.67215590305024,139.7935811,0.17756062499999997,0.1972895833333333,0
K06886.01,4.176220460895992,4.1747072,121.79087167498895,134.604,0.602875,0.46375,0
K06887.01,0.6223243327568816,0.622303871,132.0611006228639,132.0916,0.09199999999999992,0.0766666666666666,0
K06888.01,24.608470842588265,23.3924063,132.10414859435744,139.7612,0.19926666666666662,0.1423333333333333,0
K06891.01,4.6084957816519525,4.608901433,134.0599433916104,133.9949845,0.36391375,0.36391375,0
K06893.01,3.3262241093986207,3.326193904,171.5756821294236,133.329774,0.07814062499999994,0.0868229166666666,0
K07017.01,12.823193607134643,12.823275455,143.03999896529967,136.1765764,0.28820025,0.2216925,0
K07018.01,37.15101545764632,37.183276326,138.26799664463846,158.645758,0.35248999999999997,0.5874833333333334,0
K07019.01,5.064898251972449,5.065329723,134.81183759797844,134.9819163,0.286062,0.20433,0
K07020.01,0.9570777324652867,0.957079167,131.77636095409403,131.7737065,0.11229487499999999,0.16042125,0
K07021.01,9.380738196899685,9.380632783,137.2395431523448,132.5586444,0.16106249999999997,0.1789583333333333,0
K07022.01,10.064079758143071,10.064687893,140.38885648815574,135.251088,0.20991483333333322,0.1499391666666666,0
K07024.01,7.735900102140509,7.73591011,126.47839858156125,137.9876592,0.23004620833333325,0.2091329166666666,0
K07152.01,3.3594290499093646,3.359470825,122.23690707499307,133.952372,0.09841104166666664,0.0894645833333333,0
K07153.01,19.47310677953837,20.729255112,145.10969885825395,134.55034,0.15701604166666666,0.3140320833333333,0
K07154.01,3.044576865148881,3.04459739,132.49864101792363,132.4989,0.286425,0.31825,0
K07155.01,3.7447455051270744,3.796448299,1475.7883657615853,131.37037,0.6278837499999999,0.4829874999999999,0
K07155.02,3.739133233888101,3.79654367,1472.4503678449187,133.2353,0.6654141666666666,0.4752958333333333,0
K07156.01,15.889602622236104,15.926990634,179.86397487530144,144.4526221,0.6236858333333333,0.4797583333333333,0
K07158.01,1.2190488674743776,1.219049953,132.09018399379377,132.09455,0.055387499999999944,0.0615416666666666,0
K07159.01,0.6458527602956357,0.64585177,131.88732333832888,131.889136,0.049410999999999955,0.0823516666666666,0
K07284.01,1.701931274611575,1.70192371,121.74305310148038,131.955498,0.10090333333333328,0.1261291666666666,0
K07285.01,1.2067392244556567,1.20693963,120.73916849500182,132.63953,0.4013916666666666,0.2867083333333333,0
K07286.01,3.0085703327598394,3.008602107,120.90035245924007,132.923023,0.2171479999999999,0.1809566666666666,0
K07287.01,41.80930000125409,41.81145,166.5820630307457,166.5262,0.1012,0.092,0
K07288.01,0.8462934785083007,0.846291334,132.1910174199177,132.1935855,0.05248891666666662,0.0749841666666666,0
K07289.01,1.9304787449415346,1.930451347,122.1065604580662,131.770748,0.16164833333333328,0.1616483333333333,0
K07290.01,2.4279191317374695,2.427967843,121.4755552729209,133.598772,0.21929875,0.1993625,0
K07417.01,6.840717831199816,6.840305932,134.09022935866577,137.5713643,0.16227824999999996,0.1803091666666666,0
K07418.01,1.0137521792816118,1.032967155,120.64823119367037,131.92284,0.06824999999999985,0.0487499999999999,0
K07419.01,2.4895625395594005,2.489550708,133.28511033554418,132.044138,0.083033125,0.11861875,0
K07420.01,2.9804177927333066,2.980479588,132.92504994078197,134.40206,0.12417566666666664,0.1552195833333333,0
K07421.01,4.817197846758682,4.81712182,133.09409299633947,133.10276,0.11261204166666662,0.1023745833333333,0
K07422.01,2.4799126629891712,2.479948394,133.65808221103936,133.643169,0.21457124999999988,0.2384124999999999,0
K07423.01,1.5874145382214149,1.58742695,120.877790544249,131.9849807,0.11103125,0.11103125,0
K07424.01,19.693093205268617,19.668404822,124.20087141117605,132.523858,1.23529,0.88235,0
K04766.02,2.452629046092,2.45261841,133.6065594440392,133.60879,0.07916666666666658,0.0791666666666666,0
K04881.02,0.7064218324495153,0.706423768,120.85037514554692,132.15228,0.039738749999999934,0.0441541666666666,0
K06369.01,25.951551412931167,25.9534494,362.5610582294513,154.8716,0.17502916666666662,0.2500416666666666,0
K06370.01,3.4955022198996812,3.49550335,132.07435703659954,132.0754,0.1582916666666666,0.1582916666666666,0
K06371.01,28.11093625913137,25.95193721,122.97080555203775,154.881253,0.53299,0.6662374999999999,0
K06373.01,31.92221419949334,31.024310431,121.04868460796202,158.8651537,0.41362804166666656,0.3181754166666666,0
K06374.01,0.6373450510699289,0.634131057,120.6814199363466,131.78951,0.16630833333333322,0.1187916666666666,0
K06376.01,1.9920717315784209,1.992098705,132.90042898245892,132.891052,0.16826375,0.16826375,0
K06496.01,1.7878879211546734,1.78752921,121.54650334607133,132.4646,0.2214583333333333,0.2214583333333333,0
K06499.01,3.590049347724975,3.58966681,123.66646265697597,134.56621,0.38612499999999994,0.7722499999999999,0
K06500.01,1.2679578295815632,1.37347867,121.11718525323107,132.22105,0.47324999999999995,0.5258333333333333,0
K06501.01,1.0109809921448711,1.00960235,120.76763785510119,131.6797,0.4577416666666666,0.3269583333333333,0
K06502.01,1.0616779740416993,1.060996585,1275.1945841598229,132.53457,0.14350916666666658,0.1103916666666666,0
K06503.01,2.5954602073175184,2.735152701,132.5628678844161,133.6322499,0.00261499999999998,0.0043583333333333,0
K06503.02,1.3650315601167466,1.36513839,132.01969871774943,132.0907941,0.1085,0.0775,0
K06626.01,9.460202183146626,9.459993213,124.32749267082178,138.3433458,0.19879499999999994,0.2208833333333333,0
K06627.01,1.2085288623263672,1.208524388,131.98186595873022,131.985195,0.06929249999999994,0.0769916666666666,0
K06628.01,3.791897602338099,3.79187443,132.23743493455692,134.134368,0.11840333333333328,0.1480041666666666,0
K06629.01,17.184255491111468,17.844323157,147.6834392024043,133.6947708,0.2963327499999998,0.2116662499999999,0
K06630.01,33.68438352530285,34.6506368,127.22529912262108,143.0279,0.6000749999999999,0.428625,0
K06632.01,12.56050094201394,12.643303542,141.8035452230753,139.7603975,0.32016425,0.22868875,0
K06633.01,1.431429383757531,1.36293943,132.5440986259717,132.7485,0.602,0.43,0
K07883.01,180.78711041271552,185.103836,152.98580880296765,296.7426,0.157125,0.1745833333333333,0
K06761.01,1.2677055239292365,1.267693801,132.11623351154145,132.120397,0.11933099999999992,0.1491637499999999,0
K06764.01,7.003278859347296,7.002865192,132.4471402933996,136.013297,0.19674399999999992,0.2459299999999999,0
K06766.01,0.8841609436242803,0.85450941,120.97349660998998,132.2059,0.21717499999999987,0.1551249999999999,0
K06767.01,31.439322125054655,30.130130001,120.8201409070578,152.231115,0.5621624999999999,0.5621624999999999,0
K06768.01,7.044789993382059,7.0435762,136.07616122635926,136.2789,0.394,0.6566666666666666,0
K06769.01,9.122755799817904,9.12208711,135.6644363379228,138.8352077,0.154139,0.19267375,0
K07886.01,377.0486901307202,366.71923,175.33706762394394,185.6459,0.245,0.4083333333333333,0
K06894.01,6.373187216379669,6.373454978,136.92638478693118,136.899832,0.21329208333333327,0.1640708333333333,0
K06895.01,1.0755846733527936,1.075577069,170.27134168154151,131.558551,0.12010220833333331,0.1715745833333333,0
K06896.01,0.8113955172265689,0.811390968,120.9199509507402,131.8759,0.037927499999999933,0.0421416666666666,0
K06897.01,14.649527632892202,14.6494599,132.0955052224617,132.1027,0.10811249999999999,0.120125,0
K06898.01,331.5678033375881,321.00742,301.0223041333296,301.0957,0.2710416666666666,0.5420833333333333,0
K06899.01,26.796115148266,27.81892382,137.11526248487615,158.10282,0.3141637499999999,0.3490708333333333,0
K06900.01,8.467817440841774,8.467706136,135.1187797556101,139.412302,0.2026879999999999,0.1689066666666666,0
K06901.01,24.705233780893725,24.70361995,151.2953839252092,136.13429,0.1742975,0.2904958333333333,0
K07025.01,5.135631625554497,5.1348689,134.45392286938778,134.236,1.014375,2.02875,0
K07026.01,5.251981258633528,5.251918489,134.1443287654086,136.74098,0.2098698749999999,0.2331887499999999,0
K07027.01,3.6295443932180613,3.62944008,132.89821492089615,134.701164,0.19803466666666664,0.2475433333333333,0
K07028.01,43.915682668074865,43.263305017,137.58788888433472,150.3780757,0.2943354166666666,0.4204791666666666,0
K07029.01,6.041717653569164,6.042029838,123.1770925536652,132.205367,0.20166499999999996,0.3361083333333333,0
K07030.01,2.892097883851052,2.892087553,170.78139131257183,133.201742,0.1319820833333333,0.1319820833333333,0
K07031.01,5.4057548964213264,5.40597608,120.81177620093973,131.61052,0.09299999999999992,0.1162499999999999,0
K07033.01,0.5110676839067692,0.510804497,120.68110018020656,131.88057,0.14810833333333323,0.1057916666666666,0
K07160.01,0.6458532977062041,0.645850521,131.88766822264833,131.88911,0.055375833333333256,0.0503416666666666,0
K07161.01,18.84618102916025,18.84497113,140.31925694858614,149.94759,0.16480666666666663,0.2060083333333333,0
K07163.01,14.77518946393366,14.759477667,137.0307270544831,139.7828128,0.20363749999999992,0.4072749999999999,0
K07164.01,10.47516142016134,10.476258265,121.12156391654189,136.5282906,0.16191729166666666,0.3238345833333333,0
K07165.01,1.5883120063875629,1.588298157,121.05754709857008,132.1833032,0.10925674999999999,0.1820945833333333,0
K07166.01,1.588256128801029,1.58826263,132.1866810111229,132.19139,0.1106249999999999,0.1106249999999999,0
K07167.01,3.9091874202193853,3.909314318,133.8581020316931,131.8944811,0.17870799999999992,0.2233849999999999,0
K07168.01,1.383843860211534,1.38385822,540.195377170881,132.762,0.05833333333333325,0.0416666666666666,0
K07891.01,0.7970866303199293,0.79708975,131.84866012011028,131.8481,0.15129583333333324,0.1375416666666666,0
K07292.01,8.541220228388616,8.5412411,131.61825762472492,131.6163,0.15225,0.15225,0
K07293.01,1.0139229393305629,1.013922622,132.41425381797785,132.414157,0.04781291666666662,0.0683041666666666,0
K07294.01,17.92168808747497,17.918743061,140.2855666513233,146.3929572,0.2545590833333332,0.1818279166666666,0
K07295.01,2.2876155671734963,2.287515702,132.33173089845388,132.3567704,0.25219749999999996,0.4203291666666666,0
K07296.01,732.1574035356848,659.2907,371.25759790039444,254.33,0.4605416666666667,0.9210833333333334,0
K07297.01,23.782962881149043,24.847087207,152.00983201825932,154.1275658,0.36413699999999993,0.3034475,0
K07298.01,0.8585668427175298,0.85574731,132.02763303969311,131.8240876,0.07537499999999991,0.0837499999999999,0
K07299.01,20.868111787173106,20.867855659,136.39603051685265,136.4038679,0.2388008333333333,0.2388008333333333,0
K07425.01,3.402029279124848,3.401949837,120.98795060398328,134.6247,0.41449249999999993,0.6908208333333332,0
K07428.01,2.2528423633495107,2.252822538,121.49074350576468,131.6331462,0.09947641666666662,0.1421091666666666,0
K07429.01,2.398923034379133,2.25284817,120.74320568351956,131.6206,0.179025,0.127875,0
K07431.01,5.394787381696885,5.39525573,120.81681217737525,131.542553,0.2285995833333333,0.3265708333333333,0
K06252.01,8.460132365595175,8.460438928,138.2501101226019,133.7744903,0.2170171666666666,0.1972883333333333,0
K06377.01,4.318710520321891,4.318726936,172.63403230930479,131.605675,0.07797679166666661,0.1113954166666666,0
K06378.01,3.097047665803457,3.22598684,121.78161106881319,134.7245837,0.09741666666666662,0.0695833333333333,0
K06379.01,74.3852802962663,76.45315813,146.05513906458174,133.986308,0.28070249999999985,0.2159249999999999,0
K06380.01,7.69865326763322,7.698431197,133.99289963276357,137.868033,0.203878875,0.2265320833333333,0
K06381.01,0.5042978803319432,0.504296702,131.9042839667942,131.905285,0.041256249999999994,0.0589375,0
K06382.01,5.194443388998295,5.194256813,121.4915426476632,134.5723735,0.241925,0.30240625,0
K06383.01,60.584478099492856,61.42252657,142.17431839647708,161.2406686,0.14121937499999995,0.1569104166666666,0
K06385.01,9.760257438411879,9.761172507,133.76861543904582,133.7034265,0.3325204166666666,0.4750291666666666,0
K06504.01,1.0610056179352856,1.061008464,132.52228613512844,132.5213941,0.09343,0.1167875,0
K06505.01,1.2993150498284751,1.36840167,121.43557972210155,131.5320332,0.1335833333333333,0.1908333333333333,0
K06506.01,5.985938521569631,5.8957069,134.23561346483703,136.3002,3.3156666666666665,2.368333333333333,0
K06507.01,1.5142464634734432,1.67473779,120.548162079606,132.7799,0.165375,0.23625,0
K06508.01,1.0393698701101735,1.039370613,121.2315644844486,131.62419,0.03124625,0.0446375,0
K06509.01,2.311804406040777,2.31169425,132.27322819210417,132.3203,0.32583749999999995,0.3620416666666666,0
K06510.01,2.0722111332125723,2.072177815,133.08599613078795,133.095727,0.1895266666666666,0.1895266666666666,0
K06634.01,3.343594283366598,3.34328534,121.39154757804383,134.8451,0.5685416666666666,1.1370833333333332,0
K06636.01,0.90568313919572,0.905678252,132.1891580716683,132.19647,0.04163333333333328,0.0520416666666666,0
K06637.01,0.9056665285475262,0.905672916,132.20844664506342,132.20453,0.03749999999999994,0.0416666666666666,0
K06639.01,0.7901325486303831,0.790046373,1274.5244924360122,132.1225,0.14565541666666662,0.2080791666666666,0
K06640.01,1.8046381191854863,1.804591904,133.27702685399197,132.3963298,0.11229429166666662,0.1604204166666666,0
K06642.01,1.2326788967561846,1.14073528,120.5679194655352,132.5852,0.049875,0.09975,0
K06643.01,3.3197182270394165,3.31976683,131.81365019017727,131.7956,0.113075,0.1884583333333333,0
K06770.01,0.5288016570110532,0.52880817,120.5863986628528,131.67844,0.0952708333333333,0.0952708333333333,0
K06771.01,0.7006035253316183,0.700606479,121.09300654826593,131.59767,0.028962499999999933,0.0413749999999999,0
K06772.01,9.469490085057574,9.469191607,138.16872899282234,140.9753434,0.35849962500000004,0.3983329166666667,0
K06773.01,15.539279632361362,15.53753378,146.79451721548858,140.2734399,0.1699308333333333,0.2427583333333333,0
K06775.01,2.1720052195545367,2.172042913,131.78036190493148,131.764641,0.20082749999999996,0.3347124999999999,0
K07887.01,6.530265890249654,6.35216475,121.2359544793641,134.1982,0.18964166666666663,0.1354583333333333,0
K06902.01,0.7051732478229514,0.705174384,131.69559934458925,131.694866,0.03706533333333328,0.0463316666666666,0
K06903.01,39.35206030854184,38.058140058,159.4751885183571,142.4101791,0.4044347083333333,0.3676679166666666,0
K06905.01,4.8000406251695935,4.800232532,133.2009329571158,135.7829072,0.163673125,0.14879375,0
K06906.01,1.6524672992729563,1.74336627,122.09946826219984,132.8574,0.6069583333333333,0.4335416666666666,0
K06908.01,1.5049861302899394,1.507100589,1473.4973153206356,132.09322,0.19365666666666664,0.2420708333333333,0
K06909.01,0.7583494094608562,0.758355704,131.87044436401868,131.863972,0.11033749999999996,0.1838958333333333,0
K06910.01,0.773056821788847,0.77258608,131.66475416090222,131.7134714,0.1575,0.1125,0
K07034.01,0.8988304750029754,0.898837525,132.13867550953944,132.13405,0.10308083333333332,0.1472583333333333,0
K07035.01,11.931495545319448,11.931131598,136.86211960854072,142.8536843,0.2088686249999999,0.2320762499999999,0
K07036.01,11.930598583740498,11.93137992,142.89221512628436,142.82366,0.1364624999999999,0.1516249999999999,0
K07037.01,27.52786614331155,27.533803402,129.77649679919688,147.2410009,0.23113241666666662,0.1650945833333333,0
K07038.01,12.503499236179756,12.4964346,131.6061623356045,132.0358,1.7566666666666664,3.5133333333333328,0
K07039.01,1.352576583805591,1.352576807,121.21448252945096,132.0374311,0.13738275,0.22897125,0
K07042.01,13.253786393419116,13.254134073,136.38744665859477,136.3679147,0.19937087499999998,0.18124625,0
K07170.01,1.9220234557875724,1.922009494,132.14512562040656,132.161285,0.09044583333333331,0.1292083333333333,0
K07171.01,10.187535201493962,10.186578749,137.4030047953924,132.5289587,0.39864,0.4429333333333333,0
K07172.01,32.00101178443454,32.003815635,123.36829904757175,136.49482,0.25153158333333325,0.1796654166666666,0
K07173.01,1.2504018552559861,1.250390814,121.72463713331783,131.7337519,0.09295999999999999,0.1549333333333333,0
K07175.01,9.275780379768477,9.2742685,124.19325036403977,133.599,0.6695,0.5579166666666666,0
K07176.01,5.748697105794896,5.748815953,135.19409508820456,132.28021,0.07205999999999994,0.0800666666666666,0
K07300.01,0.5175713204430823,0.517573708,131.52001311133174,131.5161551,0.06507141666666663,0.0929591666666666,0
K07302.01,22.663230828870674,24.70932686,131.89247034866585,138.996552,0.12674499999999994,0.2112416666666666,0
K07303.01,13.68393920836256,13.68369259,127.74783521968736,135.2108067,0.21125199999999994,0.1760433333333333,0
K07304.01,9.723589715089345,9.726748645,139.8014514944913,139.4774644,0.40436041666666667,0.8087208333333333,0
K07306.01,0.6943021119222728,0.691561191,260.6159012775629,131.6477,0.30508333333333326,0.2179166666666666,0
K07307.01,1.3533662049051927,1.35337091,131.94099616586425,131.936954,0.06532166666666663,0.0933166666666666,0
K07308.01,1.8544914604231222,1.854491777,121.36420578228257,132.4915806,0.19303912499999995,0.2144879166666666,0
K07433.01,4.73755696889643,4.737713268,134.71763878263155,132.325253,0.1862,0.266,0
K07436.01,2.498585854400204,2.49777454,122.3841325220971,133.7602628,0.30572499999999986,0.2183749999999999,0
K07438.01,1.5126369711289758,1.51264208,132.02654191906316,132.025984,0.06236666666666664,0.0779583333333333,0
K07439.01,360.746044454713,323.2575,477.0295312304052,191.3655,0.4315,0.7191666666666667,0
K07440.01,0.9849750451589754,0.984971822,120.57962400839263,132.402887,0.04790537500000001,0.06843625,0
K06254.01,630.6200886823783,567.71329,373.73779771695445,436.4746,0.3747916666666667,0.5354166666666667,0
K06255.01,9.313780439631545,9.31392071,135.789163391026,135.7783,0.040458333333333305,0.0404583333333333,0
K06257.01,2.325533696469751,2.32539968,121.97352415411906,132.12985,0.419775,0.6996249999999999,0
K06258.01,0.764600556307423,0.764597756,120.9868726086211,131.69552,0.0512875,0.046625,0
K06260.01,4.101800741741934,4.101595158,134.65341825802716,132.6324315,0.17802224999999997,0.2543175,0
K06261.01,2.4362165324573986,2.43574046,169.83277131283444,133.47404,0.4635416666666665,0.9270833333333331,0
K06386.01,2.756556134328412,2.756536015,120.61504024579965,133.025652,0.04639833333333331,0.0662833333333333,0
K06387.01,13.997909911732647,13.99585365,131.59679400856413,131.65924,0.25153999999999993,0.2096166666666666,0
K06388.01,4.3209668963126395,4.320850062,173.4546891712896,132.4183917,0.14222033333333328,0.1777754166666666,0
K06389.01,8.653348474057026,8.6532378,134.30081707228325,134.3027,0.11152499999999994,0.1239166666666666,0
K06390.01,5.1971742105119025,5.197420145,135.17380147142603,132.5674705,0.1696335,0.2827225,0
K06391.01,2.1834637055448773,2.183517999,121.78462782863558,132.692938,0.12455041666666664,0.1779291666666666,0
K06392.01,360.16511776176793,383.61248,277.69749934182244,254.3616,0.30657499999999993,0.5109583333333333,0
K06393.01,1.9459296846342304,1.945914237,133.0376057386506,133.042081,0.10766999999999996,0.1196333333333333,0
K06512.01,2.500299647233729,2.500560859,131.75005350574864,131.6761907,0.37951,0.3162583333333333,0
K06514.01,1.2562825740251309,1.25625738,121.694292718955,131.7577,0.56735,0.40525,0
K06515.01,21.136496748851947,21.142458554,138.55751802618016,138.3916328,0.21576916666666662,0.2157691666666666,0
K06517.01,0.9952060888731407,0.99519559,121.03130324229375,132.4712,0.09554166666666658,0.0955416666666666,0
K06644.01,25.152897484835048,25.150788449,137.83865280033618,150.345557,0.2897688749999999,0.3219654166666666,0
K06645.01,7.216374336676607,7.21636091,126.67039500920492,133.88924,0.08317499999999994,0.0924166666666666,0
K06647.01,12.591365272995521,12.591656377,134.76388001356264,134.7421233,0.2305770833333333,0.2305770833333333,0
K06648.01,1.0002607489008462,1.044408447,121.33399184744904,132.31116,0.21192499999999986,0.1513749999999999,0
K06649.01,0.9770376803110095,0.97705114,121.45171653320956,132.1871,0.08737499999999997,0.0970833333333333,0
K06650.01,5.407193621576139,5.407157086,123.30094772942928,136.5956575,0.22094624999999996,0.2454958333333333,0
K06651.01,30.961552739933296,30.971766472,134.50812480980125,151.5322506,0.41558549999999994,0.3463212499999999,0
K06652.01,5.063109174336598,5.06318803,133.71187029092994,133.707285,0.4051629166666666,0.5788041666666666,0
K06778.01,10.88244273002584,10.88242209,125.61004243675296,132.6767451,0.16098074999999992,0.2299724999999999,0
K06779.01,1.9263765567649425,1.926366998,131.74460016643104,131.7468446,0.14928299999999997,0.16587,0
K06780.01,2.32514611825227,2.325185422,121.04003339754782,133.265218,0.4250808333333333,0.3036291666666666,0
K06782.01,44.98647562420685,40.877841988,121.13622881464357,158.3207395,0.5765993333333332,0.4118566666666666,0
K06784.01,34.47260080864858,36.75892725,131.86896602151612,156.0924573,0.4541920833333333,0.6488458333333333,0
K06785.01,0.5375945872881823,0.536869783,131.6769238987328,131.84557,0.24289999999999995,0.1735,0
K06911.01,0.8434029608621031,0.843400322,131.567644028061,131.57039,0.0733583333333333,0.0733583333333333,0
K06912.01,17.044386833125426,17.042155208,135.96721391649154,142.4257555,0.22762016666666662,0.3251716666666666,0
K06913.01,0.8721660830406001,0.874236216,132.0855780165111,131.7986,0.13719999999999988,0.0979999999999999,0
K06914.01,0.6088632522650098,0.60886299,132.05020865847678,132.0506751,0.037302999999999996,0.05329,0
K06915.01,4.435350653554982,4.43529675,356.5122421295114,134.7488,0.07056666666666664,0.0882083333333333,0
K06916.01,0.885108371194385,0.88512187,539.9306757032023,131.8821,0.1395416666666666,0.1395416666666666,0
K06917.01,1.734226385727609,1.734221252,131.96360620887202,132.833439,0.061442499999999955,0.1024041666666666,0
K07043.01,5.776795639037261,5.776764285,137.30801652244529,131.5421677,0.32070270833333336,0.2915479166666667,0
K07044.01,1.262284117717691,1.26227317,120.67604180816791,132.0407385,0.096291125,0.13755875,0
K07045.01,0.7675783084656433,0.76757669,131.8156249680543,131.819082,0.05118924999999996,0.0853154166666666,0
K07046.01,5.861190061300198,5.860377067,134.76075731010255,134.8440004,0.30518249999999997,0.435975,0
K07047.01,5.801916254809424,5.801881299,122.97820823409492,136.9821453,0.10528325,0.1754720833333333,0
K07048.01,4.007843591643569,4.00770453,120.7453101408004,134.8009815,0.18362799999999999,0.229535,0
K07049.01,6.099414502929444,6.099032889,132.45625708472284,135.5223947,0.10046,0.20092,0
K07050.01,0.6529569453929652,0.652956712,121.07796507068826,131.52361,0.026125,0.026125,0
K07177.01,13.692402861939758,13.691790011,143.49953008659762,133.7914664,0.18822466666666665,0.2352808333333333,0
K07178.01,21.56604508179733,21.570508432,125.10105355261116,151.7931354,0.28875833333333334,0.5775166666666667,0
K07181.01,14.197672287080403,14.199840087,132.1360543241837,135.748091,0.1246939583333333,0.2493879166666666,0
K07183.01,2.1368432604180105,2.136834989,133.60981886400273,133.617975,0.1812008333333333,0.1812008333333333,0
K07184.01,2.516909637835108,2.51690133,133.49215025288984,133.49353,0.1050416666666666,0.1050416666666666,0
K07309.01,9.295151645559928,9.296746368,126.53033310878826,135.6856399,0.20068679166666661,0.2866954166666666,0
K07310.01,19.874960479541436,18.060078203,145.3069488029337,138.611105,0.5305620833333333,0.4823291666666667,0
K07311.01,18.738523920445424,18.74072534,145.69822797433991,135.2072208,0.3032114166666666,0.2165795833333333,0
K07312.01,0.9338198618656267,0.93371313,132.3971972296264,131.5534,0.16092916666666657,0.1237916666666666,0
K07313.01,0.9337192446056296,0.93373716,352.8363319447412,132.46828,0.2089583333333333,0.2089583333333333,0
K07314.01,0.9337369301776488,0.933735579,121.26043524439925,131.53509,0.19459999999999994,0.1621666666666666,0
K07315.01,63.34053737449741,58.28819056,190.37578799800696,135.87642,0.4500291666666667,0.9000583333333334,0
K07316.01,3.9893001257309755,3.989144446,132.55169308811463,132.572437,0.4332229166666667,0.8664458333333332,0
K07317.01,33.0609698531418,32.77897303,158.344626069856,136.182037,0.6379266666666666,0.7974083333333333,0
K07441.01,28.486103551041097,28.487107336,138.96717236191336,132.872485,0.0787264583333333,0.1574529166666666,0
K07442.01,8.617150132705474,8.61733907,135.7032312779239,139.0692516,0.18588304166666664,0.1689845833333333,0
K07443.01,2.161448562977847,2.16146908,170.73633242986105,131.8342,0.12143333333333328,0.1517916666666666,0
K07444.01,10.267313227274867,10.26782676,132.56651854916873,139.1769796,0.2008949999999999,0.2511187499999999,0
K07446.01,1.0573358224432645,1.057335679,131.79168993778038,131.792007,0.052649999999999995,0.0658125,0
K07447.01,1.1491883043004592,1.149198426,131.82396381918602,131.817374,0.12134208333333331,0.1733458333333333,0
K07448.01,2.5017135476388432,2.50012775,122.53607276435156,131.5829,1.6449999999999998,1.1749999999999998,0
K06264.01,1.4046588166894192,1.40469182,131.56936868149634,131.552084,0.15658174999999996,0.2609695833333333,0
K06265.01,10.3075563001948,10.306982793,133.36957792815662,143.7331641,0.4761541666666666,0.4761541666666666,0
K06266.01,1.1098231298257544,1.109841858,132.17225807839688,132.1655985,0.202988,0.3383133333333333,0
K06394.01,3.684277019079562,3.684337918,122.72277519305398,132.61121,0.12793083333333322,0.0913791666666666,0
K06395.01,11.265818347853193,11.2570616,129.07565641692025,140.81576,1.2107916666666667,1.2107916666666667,0
K06396.01,22.97192531725873,21.858963291,154.3878847250895,151.2628164,0.2635383333333333,0.2635383333333333,0
K06397.01,1.4612550150007348,1.461270059,352.4450189999242,131.78154,0.34306249999999994,0.6861249999999999,0
K06398.01,8.505542436614576,9.4022333,122.90474304992524,134.8876,0.16274999999999984,0.1162499999999999,0
K06400.01,9.397915576955059,9.543584955,120.76359965450008,137.7738831,0.17050320833333327,0.1550029166666666,0
K06518.01,18.61358719080961,18.611957253,133.77637945242859,133.8661994,0.159270375,0.1769670833333333,0
K06519.01,0.7337326176595895,0.73240662,121.23379736362372,131.5735,0.2525833333333332,0.1804166666666666,0
K06520.01,3.1551115590862957,2.954598,122.34676378374056,134.3663,0.5164583333333332,1.0329166666666665,0
K06521.01,0.5619966228418634,0.562006231,120.79379875264013,132.0289,0.17479999999999996,0.1456666666666666,0
K06523.01,1.5476073006427586,1.547426532,132.6887073431821,132.8859128,0.9411849999999999,0.672275,0
K06524.01,12.850674479161976,12.851722103,132.85815353071357,132.8395131,0.26204337499999997,0.23822125,0
K06525.01,4.207747930033606,4.2055797,123.61049582103801,132.1233,0.5658333333333333,0.8083333333333332,0
K06654.01,0.9168145681306646,0.957476003,132.10714758063895,131.91263,0.03864,0.0276,0
K06655.01,1.5603005653978317,1.559360638,1275.4877061931209,132.53955,0.18152666666666664,0.2269083333333333,0
K06656.01,0.565222425657692,0.57627248,132.05920525462716,132.0811,0.10208333333333323,0.0729166666666666,0
K06658.01,2.313377278392814,2.313367981,122.78825794549326,133.1999763,0.09099187499999997,0.1011020833333333,0
K06659.01,75.95533184635683,76.01811375,199.21748707254847,139.943296,0.3933095833333333,0.5618708333333333,0
K06660.01,0.8289787572892123,0.82883944,121.17151554065343,132.013443,0.114375,0.07625,0
K06787.01,1.574043472603022,1.574063832,133.0617359758805,133.05514,0.16437458333333332,0.2348208333333333,0
K06788.01,2.519888722944175,2.51989935,133.72816098222236,133.7109,0.05166666666666664,0.0645833333333333,0
K06789.01,3.867641296516712,3.867613816,135.33869731866378,135.3438766,0.24588070833333325,0.2235279166666666,0
K06790.01,0.7337521594893646,0.733726452,131.98906051715795,132.02005,0.1250708333333333,0.0962083333333333,0
K06791.01,33.135377791634596,36.473115046,157.73944905450213,159.7666622,0.16975291666666661,0.1212520833333333,0
K06792.01,4.23877662108488,4.238855579,135.21253450717538,135.201464,0.1523520833333333,0.2176458333333333,0
K06794.01,1.1707371289087634,1.17033848,121.57467312426436,132.4153,0.6743333333333333,0.4816666666666667,0
K06795.01,7.841272686087203,7.841066931,139.18298571606044,136.5883392,0.22829208333333328,0.2282920833333333,0
K06920.01,4.292374548028678,4.292599454,170.44580085811018,131.7702811,0.21692595833333328,0.1972054166666666,0
K06922.01,2.1131627633156875,2.113197701,132.3417447023887,132.3310213,0.1443087499999999,0.1443087499999999,0
K06923.01,11.029518920632011,11.02822674,125.84830054566565,136.96732,0.2413541666666666,0.3447916666666666,0
K06924.01,69.86916885249072,70.37626987,161.96907235576032,151.228445,0.18726458333333332,0.2675208333333333,0
K07051.01,0.7728046834009642,0.772803664,352.72534675441017,131.70354,0.0627,0.057,0
K07052.01,7.549451991130964,7.549299761,138.8310498583726,135.0113297,0.09237674999999997,0.1026408333333333,0
K07053.01,0.5309667217167954,0.530972263,131.72553941043057,131.7212,0.13698749999999998,0.1522083333333333,0
K07054.01,0.5309597863121346,0.530967171,120.58680464863929,131.725385,0.09525499999999999,0.1587583333333333,0
K07055.01,1.6061887366809706,1.606163631,121.98590532792247,131.6342249,0.12312899999999995,0.2052149999999999,0
K07056.01,42.0328078932512,42.032096076,124.91793655228825,133.581119,0.24326666666666666,0.4865333333333333,0
K07057.01,0.64032858634426,0.619303759,121.1305749874135,131.5539456,0.38522166666666663,0.2751583333333333,0
K07058.01,22.47275098344337,22.470494368,131.45606129166285,143.284831,0.277161375,0.3079570833333333,0
K07185.01,34.08065222138241,37.482223878,141.963398744535,155.8400132,0.2006045833333333,0.2006045833333333,0
K07186.01,3.711902571771809,3.71186243,132.64069913472864,132.6486,0.0215,0.043,0
K07187.01,1.0773480616138775,1.077358008,131.60364659822548,131.600551,0.12237666666666665,0.1529708333333333,0
K07188.01,3.556402737404859,3.55643514,133.5552625329157,133.5696,0.3198375,0.355375,0
K07189.01,0.5366522977440459,0.5366497,131.71634836616226,131.71771,0.1202916666666666,0.1202916666666666,0
K07190.01,1.1228573306490122,1.12284501,120.75032615910624,131.671908,0.055416666666666614,0.0395833333333333,0
K07191.01,1.480311667780088,1.480324075,132.50005616987357,131.7556963,0.08005224999999996,0.1334204166666666,0
K07192.01,11.514021956395696,12.08353781,129.47963727725556,139.6155998,0.164649375,0.32929875,0
K07892.01,10.681260554526606,10.692115,1477.695930519986,141.116,0.1358291666666666,0.1940416666666666,1
K07318.01,0.9349205234999624,0.934926138,132.18339508063727,132.1779461,0.07981249999999998,0.1330208333333333,0
K07321.01,0.9337604790578602,0.93374699,169.78211714435966,131.52406,0.1799,0.257,0
K07322.01,0.9337168984805941,0.933759404,352.8557248240498,131.50294,0.1890958333333333,0.1454583333333333,0
K07323.01,0.9337496508834502,0.93373711,121.2411968010383,131.5293,0.14442083333333328,0.1312916666666666,0
K07324.01,3.008307160893299,3.0082548,132.0721187135623,132.68976,0.13883333333333325,0.0991666666666666,0
K07325.01,42.587887601901194,45.43324862,168.65966327218692,159.870473,0.35605,0.5934166666666667,0
K07326.01,1.3988927152256267,1.398890216,132.1632755736581,132.16558,0.10341875,0.2068375,0
K07450.01,11.730843528089794,12.314402323,137.48845016479376,134.2520931,0.1227145833333333,0.2454291666666666,0
K07451.01,0.6915608988095028,0.691823991,131.68616833546983,131.57,0.34795833333333326,0.2485416666666666,0
K07452.01,25.808896745689854,25.431861399,133.82550023509617,135.619194,0.1964141249999999,0.2182379166666666,0
K07453.01,3.9887695457832506,3.98855869,135.07882527660294,135.129,0.0550125,0.061125,0
K07454.01,20.39111504988715,20.413052415,132.4081328676263,140.0167643,0.2416970833333333,0.1859208333333333,0
K07456.01,0.5276763035295247,0.527679032,131.81711030147156,131.81119,0.0581249999999999,0.0581249999999999,0
K07457.01,0.5040674034091175,0.527673075,121.04081445846806,131.8234533,0.0285270833333333,0.0570541666666666,0
K06273.01,50.56312607166221,49.788613011,172.0647679871119,175.192714,0.24726900000000002,0.30908625,0
K06275.01,1.4037799403087143,1.38607973,132.8718938686361,131.5931,0.32624999999999993,0.3624999999999999,0
K06277.01,0.6488709293006429,0.648868342,120.81026667329006,131.842892,0.08237483333333331,0.1176783333333333,0
K06402.01,1.1611040033831421,1.1611022,352.85166637531995,132.2174,0.1446666666666666,0.1033333333333333,0
K06403.01,0.7920156449339231,0.792023257,131.9407968303268,131.92896,0.122265,0.13585,0
K06404.01,10.64389274707331,10.643743766,139.20141296579573,134.9422857,0.20992766666666665,0.2624095833333333,0
K06405.01,1.731795708099716,1.7317958,132.89552636704826,132.8964,0.1218333333333333,0.1218333333333333,0
K06406.01,8.652890352831488,8.65298599,136.67925368337112,136.67132,0.05808749999999993,0.0645416666666666,0
K06407.01,1.1989128403825393,1.19563447,1274.441427969372,131.5506,0.31461499999999987,0.2247249999999999,0
K06408.01,0.5439518106932547,0.550537628,120.84303651776636,131.6623478,0.07093333333333324,0.0506666666666666,0
K06410.01,2.5346961645324666,2.53470797,132.8552661388174,132.88117,0.41964583333333333,0.8392916666666667,0
K06527.01,0.5777570643312865,0.530799654,120.71312571746853,131.68727,0.0726458333333333,0.1452916666666666,0
K06528.01,0.5556454625969715,0.56818769,121.04284225875114,132.06643,0.049999999999999975,0.0833333333333333,0
K06529.01,1.009996651918221,1.0094779,169.88167211830384,131.6463,0.217,0.155,0
K06530.01,0.882322788403461,0.91057795,120.79451910833625,131.5209695,0.15924999999999986,0.1137499999999999,0
K06531.01,1.0429289854065333,1.0429419,131.99435395200652,131.966,0.42116666666666663,0.3008333333333333,0
K06533.01,6.126559802703838,6.12650913,120.89309552538184,133.2391,0.5143333333333333,0.6429166666666666,0
K06534.01,0.665959289410225,0.720589427,120.56791389194167,131.9829699,0.10822499999999995,0.1803749999999999,0
K06661.01,0.5730360911340754,0.573036404,121.09033261533774,120.5159138,0.03843,0.0549,0
K06662.01,0.6431698163256172,0.643171495,131.89359244734987,131.8893076,0.05782125,0.09636875,0
K06663.01,14.09005911230572,14.086776961,133.72680815277224,140.287018,0.33759666666666666,0.4219958333333333,0
K06665.01,1.8726277626615655,1.872620976,132.72413579318126,132.727701,0.051409166666666624,0.0734416666666666,0
K06667.01,16.409902493339487,17.527826808,120.6473979652596,144.5700534,0.19283033333333327,0.2410379166666666,0
K06668.01,28.13789152162336,27.467217305,128.4711976780122,143.6727101,0.22639554166666662,0.1741504166666666,0
K06796.01,40.87878748933113,40.879068,367.8177847694873,163.4056,0.16404999999999997,0.2734166666666666,0
K06797.01,0.5668037232350103,0.566802325,131.79243440175387,131.79626,0.07675,0.07675,0
K06799.01,0.6349483244317999,0.634946497,132.07337649027312,132.074576,0.07015779166666661,0.1002254166666666,0
K06800.01,5.077724884161757,5.077746556,124.48364594835745,134.63539,0.1321583333333333,0.1321583333333333,0
K06801.01,2.003847290638719,2.00383703,132.80716534064774,132.8086,0.15917916666666662,0.1447083333333333,0
K06802.01,5.3211190038203595,5.321224925,135.1330050866924,135.125071,0.3120720833333333,0.3120720833333333,0
K06803.01,2.341097830250515,2.340534383,1274.90796634068,132.74718,0.20304945833333324,0.1845904166666666,0
K06926.01,0.5807292003793089,0.580724809,131.71766690507786,131.72956,0.09858333333333327,0.0758333333333333,0
K06927.01,504.54473206935234,501.07647447,245.641757613897,143.2445125,0.1471249999999999,0.1337499999999999,0
K06928.01,1.7293277484195764,1.72933255,122.16552807517138,132.5413,0.16642083333333327,0.1512916666666666,0
K06929.01,1.729306930728712,1.729338354,122.1665866699058,132.536976,0.17130999999999996,0.2855166666666666,0
K06930.01,0.5674947339227655,0.567493852,120.64063501726277,131.9916219,0.03947679166666662,0.0563954166666666,0
K06932.01,2.105208052853133,2.105238039,132.68985473321763,132.675463,0.19634812499999998,0.2181645833333333,0
K06933.01,7.228786169616357,7.226944171,121.54648076289202,136.163008,0.671195,0.95885,0
K07059.01,33.64338058041163,31.973311701,141.81336202943862,133.867225,0.6054812499999999,0.5504374999999999,0
K07060.01,1.6422948751491946,1.64125844,132.77116560470537,131.9294,0.2630833333333332,0.1879166666666666,0
K07062.01,19.878332857981324,20.849919614,136.34402831783655,137.5588347,0.28684791666666665,0.5736958333333333,0
K07063.01,15.118903756943322,15.120212531,134.37760366721503,139.6966549,0.17500349999999998,0.14583625,0
K07064.01,3.481741160220479,3.481657589,121.98423883078816,134.1835162,0.1584383333333333,0.1980479166666666,0
K07065.01,0.7397706146789723,0.739769962,120.86890509371514,131.9671179,0.05713779166666662,0.0816254166666666,0
K07066.01,6.570743642149933,6.570421193,137.3142748447274,134.01948,0.13036916666666662,0.1862416666666666,0
K07067.01,0.5414038952951326,0.541405029,131.93640430269403,131.933523,0.06870249999999997,0.1145041666666666,0
K07193.01,2.1781324530482076,2.17814186,132.03010327995483,132.02946,0.0828333333333333,0.0828333333333333,0
K07194.01,10.548886805860777,10.54884842,140.3872795790478,140.3874343,0.06337499999999986,0.0487499999999999,0
K07196.01,0.6096647206459623,0.609662423,120.97165891293025,131.946514,0.1236762916666666,0.1766804166666666,0
K07198.01,0.9533051610554605,0.953299962,131.6955883277617,131.699309,0.049431083333333306,0.0706158333333333,0
K07200.01,2.7456922510415622,2.745640575,133.06622309966158,131.707795,0.0888148333333333,0.1268783333333333,0
K07328.01,12.181277964609228,12.180721266,139.31373460129603,139.3460044,0.1558507499999999,0.1731674999999999,0
K07329.01,52.41008743642308,50.467024395,163.71878166849683,132.009484,0.2613861249999999,0.3734087499999999,0
K07331.01,0.8486044666533438,0.84986054,1559.4142040752197,132.0547,0.05781249999999989,0.0578124999999999,0
K07332.01,0.9337322344082731,0.933728196,131.51745135094728,131.5336,0.1433749999999999,0.1433749999999999,0
K07333.01,2.037495331619495,2.03742712,131.52593821520372,131.5592,0.1477125,0.164125,0
K07334.01,5.275068465182352,5.274819905,134.04070191272905,136.708908,0.17507999999999996,0.1945333333333333,0
K07458.01,0.5276791393725545,0.527678272,120.73304251927313,131.8133693,0.05829149999999995,0.0971524999999999,0
K07459.01,3.550263231598237,3.55027051,353.8850405035094,133.7711,0.07046249999999996,0.0782916666666666,0
K07461.01,76.71773755615486,65.4317194,208.31571149200997,144.171343,0.2549666666666667,0.5099333333333333,0
K07462.01,1.718635555137697,1.718649321,121.90152521567914,132.21092,0.11494437500000002,0.16420625,0
K07463.01,7.2960584459329025,7.2949175,135.95782363936095,136.0798,0.855,1.71,0
K07464.01,7.2952278039601675,7.2935801,136.09744843446998,136.2546,0.83375,1.6675,0
K07465.01,42.930238012036945,42.9261364,353.095985367696,138.5107,0.06444999999999995,0.1074166666666666,0
K06280.01,1.8912769947976635,1.89124453,121.32249397942958,132.6958,0.23283333333333325,0.2116666666666666,0
K06281.01,1.8913234376700028,1.89134201,132.66172809332176,132.6744,0.136325,0.19475,0
K06282.01,80.26608084863118,87.87826191,132.3919952633627,194.105106,0.320345,0.5339083333333333,0
K06283.01,15.926299769423881,15.926632768,145.56551727479135,145.5519669,0.34049033333333334,0.3095366666666667,0
K06284.01,0.9581135929790603,0.958116585,121.03840236170825,132.052919,0.06853000000000001,0.0979,0
K06285.01,41.31533518643443,39.841522897,154.85823335030688,168.1412318,0.512764,0.36626,0
K06286.01,1.8912311993735824,1.891268461,121.34710017974167,132.6833032,0.20623950000000002,0.3437325,0
K06287.01,1.891117318448889,1.89114441,132.76677630762714,132.7545,0.18175,0.3635,0
K06411.01,61.15800973413725,61.25964956,189.5593989058214,140.698649,0.25370208333333333,0.5074041666666667,0
K06412.01,0.8723658750238171,0.872359598,132.02723299998775,132.0311474,0.09362799999999996,0.1560466666666666,0
K06413.01,372.4283450954128,374.318792,442.0825789838649,431.5127,0.2483333333333333,0.2483333333333333,0
K06414.01,5.627856266056038,5.627911313,133.1507444078332,133.1491782,0.26558362499999993,0.2950929166666666,0
K06415.01,0.5830489747011066,0.62927655,132.09483887780726,132.015321,0.028285833333333312,0.0404083333333333,0
K06416.01,1.2283481495556612,1.22578134,1559.6096635079093,131.6062,0.11174999999999989,0.0931249999999999,0
K06417.01,0.7514090361438981,0.751408792,170.26837876436775,131.948266,0.06700750000000001,0.095725,0
K06418.01,0.8663453796643068,0.866344816,120.79867025672706,132.06358,0.06395999999999999,0.07995,0
K06419.01,2.242952447442225,2.24294107,133.4744929961897,133.47862,0.10550000000000001,0.1055,0
K06535.01,0.9510409037613173,0.950487062,121.20438640911917,131.73468,0.1708175,0.1220125,0
K06536.01,5.57989763266658,5.579631021,136.3100941687416,133.5534687,0.1411025,0.1411025,0
K06537.01,21.381305031067676,21.37831102,136.30827790698578,157.804933,0.4524458333333333,0.9048916666666666,0
K06539.01,0.4958870739845914,0.541396363,120.56454175774644,131.5974,0.04966666666666665,0.0993333333333333,0
K06540.01,0.5505084428323695,0.550509602,131.86978327037363,131.86731,0.0493166666666666,0.0493166666666666,0
K06541.01,2.404354523126654,2.404293523,120.71543351876768,132.755943,0.16743375,0.1860375,0
K06541.02,0.9380770878257242,0.938074536,121.01279956043435,132.26984,0.05721916666666661,0.0817416666666666,0
K06669.01,25.59110609051315,25.836831272,129.639694367705,137.3641956,0.2634170833333333,0.2634170833333333,0
K06670.01,0.9493027758911271,0.94895231,170.67919548334658,131.85772,0.23053333333333326,0.1646666666666666,0
K06671.01,11.702184841754185,11.702203927,133.98944263231354,139.4312652,0.06879324999999996,0.1146554166666666,0
K06673.01,3.722478077638597,3.722775537,123.52469840995988,136.515472,0.4179845833333333,0.5971208333333333,0
K06674.01,1.2453352198131555,1.245342215,121.01606535626436,132.220019,0.11007699999999995,0.1834616666666666,0
K06675.01,0.6047545866835086,0.604755462,131.85019247580647,131.84831,0.05152874999999994,0.0572541666666666,0
K06677.01,8.144522245299303,8.144135648,131.62323945764217,136.5054788,0.22221899999999992,0.3703649999999999,0
K06804.01,0.5667880695296897,0.566795196,121.06142037227119,131.80925,0.11808333333333328,0.0908333333333333,0
K06805.01,0.5668005696843045,0.566798827,131.8328508886499,131.81946,0.18309999999999993,0.1525833333333333,0
K06806.01,0.5668041771200469,0.56678012,131.8109866371355,131.8499,0.14927916666666663,0.1357083333333333,0
K06807.01,0.5668055768149544,0.566800113,352.88740724039627,131.81731,0.1795625,0.138125,0
K06808.01,0.5667896595588767,0.56679293,131.84614500385536,131.83103,0.17480833333333323,0.1589166666666666,0
K06809.01,0.5668018706971869,0.566809491,131.83459448394453,131.79695,0.1841,0.1315,0
K06810.01,0.5668015288009228,0.566799218,121.05867252724242,131.81553,0.1585125,0.176125,0
K06811.01,0.5668046429775486,0.566797404,131.8291474499142,131.83652,0.1712083333333333,0.1712083333333333,0
K06935.01,4.71930012497271,4.719336335,122.17129510055028,133.514832,0.1182445833333333,0.1182445833333333,0
K06936.01,1.2582729910316193,1.258274109,132.7035085387668,132.7042523,0.08019458333333329,0.0801945833333333,0
K06937.01,8.9665449255338,8.966610607,123.94687677593696,138.5745618,0.184196375,0.16745125,0
K06938.01,15.32736404608491,15.32763411,127.50261623599283,134.92291,0.22748249999999998,0.2527583333333333,0
K06939.01,2.1043325173679905,2.10413487,906.9544703360077,132.63638,0.15850874999999998,0.1761208333333333,0
K06940.01,6.782049152179974,6.767341062,136.76247417185243,135.2655184,0.2807581249999999,0.1871720833333333,0
K06941.01,1.927409233854172,1.92730001,132.33516063463534,132.36067,0.3919166666666667,0.7838333333333334,0
K07068.01,47.033839982594536,48.79936881,139.44053029798428,160.196299,0.2569212916666667,0.3670304166666667,0
K07070.01,5.881919936933881,5.882036054,134.7286927153874,131.7687637,0.19362224999999997,0.2151358333333333,0
K07071.01,4.0593215205263835,4.059428737,123.05294179066001,133.1885651,0.1975972499999999,0.2195524999999999,0
K07075.01,20.865794785132557,19.35954117,1485.8470757438963,134.25201,0.5887933333333332,0.5352666666666666,0
K07201.01,1.2870896480930936,1.287097944,171.00177787176287,132.37957,0.07274999999999997,0.0808333333333333,0
K07202.01,3.5566475253405048,3.5565617,133.5191585244345,133.522,0.22303333333333328,0.2787916666666666,0
K07203.01,3.5563085615420365,3.55646511,133.56702158804697,133.5549,0.25566666666666654,0.1966666666666666,0
K07204.01,3.661643566829852,3.661895766,134.4083123934515,132.5316735,0.8909349999999998,1.4848916666666665,0
K07206.01,2.351884931017938,2.35195525,122.5356674526719,131.9168815,0.224581125,0.2495345833333333,0
K07207.01,1.8824529486567148,1.882438182,131.79018351950356,132.7396834,0.08767374999999997,0.1461229166666666,0
K07335.01,5.682693050869936,5.682410334,136.7231846633564,133.6376552,0.2889103749999999,0.2222387499999999,0
K07336.01,2.1990716828834223,2.199069234,122.06247772016637,133.0633498,0.15766149999999995,0.2627691666666666,0
K07337.01,1.4816430603258661,1.481655821,132.70493339822184,132.699429,0.08728249999999999,0.1454708333333333,0
K07338.01,0.9337815163435984,0.93370968,132.42098640941495,131.5714,0.19576666666666662,0.1398333333333333,0
K07340.01,1.3885045551077986,1.388509353,120.68096616786829,131.786298,0.09493700000000001,0.11867125,0
K07341.01,9.09051864937028,9.089355023,134.45873015877726,139.083714,0.2666916666666666,0.2666916666666666,0
K07342.01,0.9481374459882765,0.94808587,121.4083824311057,131.93348,0.4684166666666666,0.3345833333333333,0
K07466.01,10.36752066419354,10.368552685,137.5508127000177,132.718439,0.0912245833333333,0.1824491666666666,0
K07468.01,13.855022288743587,13.8602646,140.0213227030049,139.4033,1.5470833333333334,3.0941666666666667,0
K07469.01,13.640627470415946,13.639480425,181.35044616286478,144.531439,0.1822461666666666,0.1301758333333333,0
K07472.01,6.882749751149694,6.882686062,175.34080865687898,134.052302,0.25085637499999985,0.2280512499999999,0
K07473.01,1.4079433698681232,1.407937865,132.26506343398964,132.26921,0.04622916666666661,0.0660416666666666,0
K06288.01,1.891205765424051,1.89117723,132.720694831979,132.7285,0.14554166666666665,0.2910833333333333,0
K06289.01,54.156006547001134,52.884577,196.00682256728328,147.01058,0.1973,0.3288333333333333,0
K06290.01,1.4294295694806813,1.429439352,132.74990141469775,132.74659,0.0908999999999999,0.1009999999999999,0
K06292.01,2.821284644590461,2.821328194,123.23061513678323,131.680097,0.14661849999999993,0.2094549999999999,0
K06294.01,11.960454168729997,11.961308501,140.50533035169482,131.9131819,0.27074833333333326,0.1933916666666666,0
K06295.01,204.35673310479365,204.280255,164.5275495760876,164.7235,0.9299999999999999,1.55,0
K06420.01,0.5720793276958794,0.572079631,132.02002192711413,132.0189884,0.06644487499999993,0.0949212499999999,0
K06421.01,0.8223104078736225,0.822314545,121.05892922071617,131.7125281,0.20858749999999995,0.1390583333333333,0
K06422.01,30.887985096531207,31.005392846,134.5668183114273,150.8616525,0.17925833333333327,0.1280416666666666,0
K06423.01,2.189097401752085,2.189097,353.1777389863983,132.0841,0.1442,0.2403333333333333,0
K06424.01,17.512276214905874,17.51191534,134.37919918173185,134.39065,0.21292499999999998,0.2365833333333333,0
K06426.01,41.42804464087117,41.3701638,164.78879651943498,166.1673,0.6094583333333333,1.2189166666666666,0
K06427.01,1.3062297264280163,1.306220168,121.65370865873044,132.1122056,0.12862974999999993,0.2143829166666666,0
K06428.01,624.4717619322486,631.632,623.2420418696981,239.8779,0.3360416666666666,0.6720833333333333,0
K06543.01,0.7565136699540703,0.756511623,131.92888042920873,131.9298652,0.08220099999999993,0.1174299999999999,0
K06544.01,10.84657945682245,10.845286549,142.1427737787318,138.334343,0.25594333333333324,0.1828166666666666,0
K06545.01,33.792961341151745,32.45541269,158.16542558048872,137.607894,0.27651,0.3072333333333333,0
K06547.01,5.918507970586857,5.917085496,132.7498660921123,132.900327,0.5938624999999998,0.9897708333333332,0
K06548.01,0.958874873675602,0.958871144,131.68408052758573,131.6864267,0.06859024999999998,0.1143170833333333,0
K06550.01,1.288065003210148,1.288046428,121.68333623724337,132.00088,0.1515416666666666,0.1515416666666666,0
K06678.01,4.200182226176577,4.200206781,122.06098283668817,134.6578,0.23922616666666663,0.2174783333333333,0
K06679.01,6.092246167704456,6.091954982,134.59229600627083,137.5877592,0.10514058333333332,0.1502008333333333,0
K06681.01,509.0222670976102,485.52409,164.3335411717163,307.5674,0.32199999999999995,0.4599999999999999,0
K06682.01,0.7664706364363159,0.76647343,170.36089263418808,132.034804,0.06158624999999993,0.1026437499999999,0
K06683.01,5.243704024535887,5.2439783,263.8434831605805,132.6829,0.3366666666666666,0.4208333333333333,0
K06684.01,5.243351137362463,5.2436639,174.67953868729387,132.6741,0.26325,0.43875,0
K06685.01,5.243648953079508,5.2438269,132.7305213026905,132.6874,0.17156249999999995,0.3431249999999999,0
K06812.01,0.566812201340914,0.56678702,121.03861192711412,131.849,0.14089166666666664,0.1280833333333333,0
K06813.01,2.196378781700573,2.19642864,353.157585000734,133.4945,0.20554166666666657,0.2055416666666666,0
K06814.01,2.1962546330810464,2.19635512,133.54399107679026,133.515028,0.241379,0.4022983333333333,0
K06815.01,26.396873693080504,26.718417546,147.23543850365004,138.0518033,0.271385,0.33923125,0
K06816.01,0.6454154139274875,0.615787196,131.60150134055857,131.71405,0.17890833333333325,0.1277916666666666,0
K06817.01,493.27596900000003,548.08441,367.34763701675183,367.3828,0.36791666666666667,0.7358333333333333,0
K06818.01,2.2140270947395546,2.213964145,121.48311705577729,132.565776,0.16899499999999995,0.2816583333333333,0
K06942.01,1.0255472399352412,1.025534511,132.48752482977946,132.4990072,0.08801199999999995,0.1466866666666666,0
K06943.01,7.649488703895867,7.64941291,124.44604024749552,132.1070518,0.2737229166666666,0.2737229166666666,0
K06944.01,12.798795269663763,13.174807933,136.2214742363841,136.4631739,0.19681199999999988,0.1405799999999999,0
K06945.01,0.6550895310347001,0.655094658,131.7814093285887,131.78278,0.15397499999999997,0.256625,0
K06946.01,3.3330346451330746,3.33287187,123.16780784969643,133.4408645,0.4159166666666666,0.2970833333333333,0
K06947.01,0.6922409798875434,0.692239369,121.19956387967973,131.584611,0.09704033333333328,0.1213004166666666,0
K06948.01,17.028319435785114,17.030857558,135.62225186827462,145.542727,0.22983349999999989,0.1767949999999999,0
K07077.01,39.71287989266242,43.797829003,149.62981143765495,172.60192,0.3209537499999999,0.32095375,0
K07078.01,4.254364803092479,4.254417651,121.07119255062678,133.8376474,0.2730983333333333,0.2730983333333333,0
K07079.01,20.024409332954125,18.778162159,134.88753315412836,149.6776416,0.20254500000000003,0.337575,0
K07080.01,1.2544788565368223,1.25451792,121.70442602266377,131.7413568,0.154,0.11,0
K07081.01,1.5757414420516682,1.575710265,120.65226279797177,131.692741,0.17094674999999993,0.2849112499999999,0
K07082.01,2.5347689920433303,2.534740757,133.47302981026664,133.477837,0.2222976249999999,0.2020887499999999,0
K07083.01,37.61244099589389,37.59406667,205.79886191538333,168.578815,0.18738125,0.3747625,0
K07084.01,3.698155803435382,3.6972959,124.18416529434428,131.753,0.7111666666666666,0.8889583333333333,0
K07085.01,6.855935371986888,6.855624762,132.5589730295934,136.0224296,0.12591625,0.12591625,0
K07210.01,75.02229204374356,80.7060641,148.46441945027667,139.436835,0.1435395833333333,0.2870791666666666,0
K07210.02,2.1781253675192724,2.17814513,132.03945507527666,132.02979,0.08703749999999996,0.0967083333333333,0
K07211.01,1.089068659470057,1.089077111,121.13784056150772,132.024245,0.12944666666666665,0.1618083333333333,0
K07212.01,1.0890412655450594,1.089057762,132.04440934083644,132.03859,0.07502916666666663,0.0682083333333333,0
K07213.01,0.3794151794733594,0.379412331,907.1296812831199,131.61159,0.05853749999999994,0.0650416666666666,0
K07214.01,0.5859432267994718,0.585940879,352.6028519292146,131.705742,0.09787291666666667,0.1957458333333333,0
K07216.01,0.6816551463496298,0.646523404,120.68572378737095,131.6881,0.09792499999999998,0.1632083333333333,0
K07343.01,0.6264300698805898,0.626431697,170.1135463229629,131.899296,0.05883208333333331,0.0840458333333333,0
K07344.01,2.696306399109568,2.696354974,122.2255711242194,132.9926416,0.13489625,0.2248270833333333,0
K07346.01,14.764332541269628,14.762889172,143.65530356067057,133.7747853,0.29915645833333326,0.2719604166666666,0
K07347.01,4.563196489441068,4.5638537,133.36090416550985,133.2096,0.32624999999999993,0.54375,0
K07348.01,1.4637767546635627,1.463775066,132.80852375570805,132.80636,0.0397083333333333,0.0397083333333333,0
K07349.01,8.098957342761524,8.098754149,135.42509251344396,134.775324,0.32803983333333325,0.2343141666666666,0
K07350.01,0.5879380689472533,0.587938916,120.88906744029487,132.057929,0.05257912499999991,0.0584212499999999,0
K07895.01,227.76376225330614,246.87131,278.8255874148615,220.3739,0.31179166666666663,0.4454166666666666,0
K07474.01,0.7201936008238007,0.71957289,131.6762030237262,131.98038,0.11187499999999993,0.0745833333333333,0
K07475.01,1.5590743877346136,1.559090282,120.86859543064358,131.7719964,0.12380274999999995,0.2063379166666666,0
K07476.01,1.8199082332298273,1.81993557,132.54492797104618,132.52714,0.10125,0.10125,0
K07477.01,0.6128835732906961,0.612888148,131.9764006627256,131.96372,0.10582499999999997,0.1175833333333333,0
K07478.01,15.540964808023976,15.541358818,121.06819872642552,141.9557755,0.14258591666666662,0.1018470833333333,0
K07480.01,12.816862387961855,12.8177012,130.8467900925747,143.6091,0.11549999999999991,0.1443749999999999,0
K07481.01,2.274617961929831,2.274628199,121.78365662363491,132.0170362,0.1320223333333333,0.1886033333333333,0
K07896.01,85.39925727682792,85.338393,129.69417695419153,215.564,0.28333333333333327,0.3541666666666666,0
K06296.01,5.500283536923468,5.499941793,121.7643110655669,132.816764,0.3298633333333333,0.4712333333333333,0
K06297.01,2.629904478115759,2.629870555,132.0629942456314,132.067717,0.2202,0.27525,0
K06298.01,1.9736143009069618,1.97362159,133.41847446652417,131.90168,0.19191666666666662,0.1370833333333333,0
K06300.01,6.628138759414941,6.62761199,122.11623570324966,132.5466377,0.2820037916666666,0.2563670833333333,0
K06302.01,28.40227335871743,28.597880332,123.59898390781429,152.9842901,0.1608177083333333,0.3216354166666666,0
K06303.01,28.97913893159045,30.476518853,141.86722109481624,136.972882,0.38348999999999994,0.4261,0
K06429.01,266.1947776868217,252.1638623,594.7863338460674,191.470778,0.4983333333333334,0.9966666666666668,0
K06430.01,2.2340963462708197,2.23416013,120.60055525173098,131.7973,0.12366666666666662,0.0883333333333333,0
K06431.01,22.27699409872541,22.271198511,145.2518527463245,134.7601462,0.1146495,0.1910825,0
K06432.01,72.30701156798501,73.894163515,175.1859214761457,159.9005068,0.3163316666666666,0.3954145833333333,0
K06433.01,1.1240252212167894,1.124033822,131.6400150788825,131.62878,0.13932,0.2322,0
K06434.01,2.796659121276539,2.796661168,134.0317177728464,134.032331,0.12667874999999995,0.1407541666666666,0
K06435.01,15.288649614911945,15.288709179,140.41448025277305,132.8060911,0.22933441666666662,0.2084858333333333,0
K06436.01,1.8359413764366528,1.83592242,121.05070770793246,132.077813,0.1748308333333333,0.2497583333333333,0
K06437.01,1.1547278464747015,1.15495063,131.9750337025912,132.34528,0.13475,0.09625,0
K06551.01,1.516364752959822,1.516372183,131.8349808596482,131.83387,0.051625,0.051625,0
K06552.01,8.784228855611,8.784575777,122.5493532214226,134.6752148,0.2209249999999999,0.2209249999999999,0
K06553.01,1.9496725041269953,1.949700508,120.73828779287165,132.4267375,0.16313024999999998,0.1812558333333333,0
K06554.01,9.949164126686624,9.948701373,133.768776458597,138.55412,0.12345749999999998,0.137175,0
K06555.01,3.4570397738509406,3.457078812,133.53202901390287,131.8058069,0.15285024999999994,0.2183574999999999,0
K06556.01,3.7362686257551685,3.735993484,135.0096715360011,135.062493,0.43719249999999993,0.7286541666666666,0
K06558.01,12.419889237343208,12.4239677,171.93345438012932,141.676,0.33354166666666674,0.6670833333333334,0
K06559.01,0.6397228568650201,0.639721284,131.85487685989435,131.8546732,0.06744274999999998,0.1124045833333333,0
K06686.01,1.2534301442063491,1.25338826,132.58092449913858,132.6307,0.22329999999999983,0.1594999999999999,0
K06688.01,1.6208194610149775,1.620813697,121.37563657136766,132.727367,0.14991999999999997,0.2498666666666666,0
K06690.01,5.243571232455409,5.2434664,352.9742006008391,132.7707,0.38479166666666664,0.7695833333333333,0
K06691.01,5.243657264219446,5.2439542,132.73992393822758,132.6525,0.2864166666666667,0.4091666666666667,0
K06692.01,5.243985608745099,5.2441517,132.642922777334,132.6668,0.2422499999999999,0.4037499999999999,0
K06693.01,5.243579717519595,5.2443332,132.75659715439562,132.6164,0.4695,0.4695,0
K06820.01,20.721521821204064,20.726069913,142.6127157020316,143.201391,0.37764591666666664,0.2697470833333333,0
K06821.01,0.5668018740109524,0.566801447,121.048726669908,131.79977,0.13719999999999988,0.0979999999999999,0
K06822.01,0.5668103377034586,0.566794934,131.82402979224258,131.84569,0.21994999999999992,0.1832916666666666,0
K06823.01,0.5668000519003731,0.566800287,131.84660238745127,131.815992,0.20340833333333322,0.1452916666666666,0
K06824.01,0.5667922693961644,0.566791946,352.89335512167264,131.8145,0.16158333333333325,0.1154166666666666,0
K06825.01,0.5667902964504179,0.566790294,131.86134925748428,131.83481,0.21239166666666665,0.1517083333333333,0
K06826.01,0.5668095218493959,0.566799725,352.8835852759258,131.8211,0.2219208333333333,0.1707083333333333,0
K06827.01,0.5668059940903689,0.566801325,131.82561658753133,131.82499,0.174,0.174,0
K06950.01,14.85592045646283,14.854415674,132.8828970251217,136.5597829,0.171251,0.21406375,0
K06951.01,42.04811075495134,38.47674409,158.40138660498158,150.5742128,0.191529,0.21281,0
K06952.01,10.631966094786117,10.643110689,140.87462129274903,140.1691798,1.8356624999999998,3.671325,0
K06953.01,1.5874801958740423,1.587485742,132.1422172477173,132.138538,0.2260095833333333,0.3228708333333333,0
K06955.01,1.7962471613214819,1.79621807,120.79302971655044,131.54732,0.5079999999999999,0.4233333333333333,0
K06956.01,20.2516977455833,20.2594232,141.74923156513717,141.4275,0.4014583333333333,0.8029166666666666,0
K06958.01,1.4894661989546374,1.489442254,131.99522861937098,132.0042975,0.13784799999999997,0.2297466666666666,0
K07086.01,1.1065189433845903,1.12679793,352.9760145713046,132.2757,0.7046083333333334,0.5032916666666667,0
K07087.01,0.9982075621258626,0.998217563,120.84012790491896,131.8142317,0.1139982083333333,0.1628545833333333,0
K07089.01,0.5864072726670241,0.58640848,131.56096791569,131.55583,0.09809999999999999,0.109,0
K07090.01,33.52768207601155,33.46947449,148.03034307973175,154.008513,0.44577749999999994,0.4953083333333333,0
K07091.01,1.82759703250004,1.827558898,132.25037696972402,132.26554,0.17730299999999996,0.1970033333333333,0
K07092.01,66.95870356423562,62.519211,137.56261387461905,146.4454,0.0735875,0.105125,0
K07890.01,349.91245443494284,349.85525,285.5302836347763,285.6453,0.2258333333333333,0.2258333333333333,0
K07217.01,2.4888567764006684,2.488812012,122.16137689150635,132.1282609,0.22294612499999994,0.2477179166666666,0
K07218.01,0.47824146628485786,0.51811818,170.190079872578,131.646,0.01488374999999991,0.0165374999999999,0
K07219.01,596.9956353043889,542.52829,179.5714409395238,278.392,0.23041666666666666,0.4608333333333333,0
K07221.01,11.56713028755417,11.567974732,133.351313272276,137.3409726,0.19886500000000001,0.24858125,0
K07222.01,21.305420832274685,21.294733865,145.8276694447953,147.0967696,0.4434167499999999,0.31672625,0
K07225.01,0.8557643558166157,0.855763492,132.34712957899885,132.351325,0.09109024999999998,0.1518170833333333,0
K07351.01,2.045167975935637,2.045166206,122.13516708559793,132.3655682,0.171078,0.28513,0
K07352.01,2.413351355261037,2.41349123,121.50379955855918,133.5687,0.4704166666666666,0.4704166666666666,0
K07353.01,0.4478212681278604,0.447820618,120.63733111619034,131.833123,0.02449416666666662,0.0174958333333333,0
K07355.01,1.2313259878173308,1.23133063,131.82820918629452,131.82495,0.1541666666666666,0.1541666666666666,0
K07356.01,0.6156936452378641,0.61566096,131.81242640062473,131.8348,0.15569166666666662,0.1112083333333333,0
K07357.01,1.2314625548214553,1.23140522,131.72774200721346,131.7715,0.12517499999999998,0.1390833333333333,0
K07897.01,33.16069098276434,31.9714488,120.66320205798472,133.8889,0.1775,0.355,0
K07482.01,9.461884047722007,9.762550001,121.9707686646645,131.671965,0.28439308333333324,0.2031379166666666,0
K07485.01,2.4580839432186408,2.521265,122.8480047769679,132.848,0.15691666666666662,0.1120833333333333,0
K07486.01,5.674631802800093,5.674353343,133.08732390934586,135.7548264,0.1218355833333333,0.1740508333333333,0
K07487.01,0.7344253880922645,0.734426335,120.91545178122564,131.931739,0.07996041666666663,0.1142291666666666,0
K07488.01,0.7344187999658917,0.734426409,131.93338444895815,131.92972,0.0653749999999999,0.0653749999999999,0
K06304.01,14.226944428418161,13.782522208,133.99068442448484,139.480567,0.4828611666666666,0.3449008333333333,0
K06305.01,1.8911840469795458,1.89121656,132.712038893845,132.7016,0.21416666666666662,0.2141666666666666,0
K06306.01,3.6936073995155505,3.693702974,133.3656535978013,135.194906,0.11238199999999991,0.1404774999999999,0
K06307.01,10.266007389786244,10.265613245,121.29590067267073,136.4886955,0.2364804166666666,0.2364804166666666,0
K06308.01,2.163589687553424,2.163569702,122.1085279420932,132.936317,0.22194754166666664,0.3170679166666666,0
K06309.01,0.7309614283172253,0.730956716,132.20734984763072,132.21412,0.10484999999999998,0.087375,0
K06310.01,7.047022229592553,7.04715073,132.7674433460997,132.7471,0.06572499999999999,0.05975,0
K06311.01,7.047120898720583,7.047106212,125.57912803682072,132.75015,0.1317595833333333,0.1317595833333333,0
K06438.01,0.9613010830295817,0.961292561,121.45851622469372,121.4629897,0.09672791666666665,0.1934558333333333,0
K06439.01,67.57979368252386,63.68192888,190.70231334405193,167.547736,0.26259791666666665,0.5251958333333333,0
K06441.01,9.457044369176977,9.455586047,128.76907690596673,133.670388,0.1754733333333333,0.3509466666666666,0
K06442.01,1.2465948806925733,1.246585716,132.01323065091066,132.0206985,0.11551275000000001,0.19252125,0
K06443.01,0.8989266437030115,0.898932836,131.82744459334538,131.81613,0.09138749999999994,0.1015416666666666,0
K06444.01,3.454151254335769,3.45423296,131.7226685705875,131.71294,0.11118749999999995,0.1235416666666666,0
K06445.01,7.304526937725274,7.304451735,138.6414581184435,135.0252768,0.1705525,0.1705525,0
K06446.01,1.1810530939904216,1.181046137,132.11807426574052,132.122922,0.10096124999999993,0.1121791666666666,0
K06560.01,0.6846561464530604,0.68396452,131.72598685667577,131.7130275,0.0812499999999999,0.0541666666666666,0
K06561.01,2.0255740921341387,2.025580416,121.73444078682196,131.864175,0.14948266666666662,0.1868533333333333,0
K06562.01,63.61390859129513,58.64379,181.56303406184594,156.9092,0.5091666666666665,1.018333333333333,0
K06563.01,18.604085263056223,20.28281916,126.47145190720788,137.05176,0.751,1.502,0
K06564.01,4.931410290422299,4.931365987,123.29642759107395,133.153013,0.4290066666666667,0.6128666666666667,0
K06565.01,4.33141109812101,4.331392455,123.89462194197861,134.7274476,0.12426,0.155325,0
K06566.01,320.2209982693529,345.1846728,217.41228870660694,228.840845,0.21822666666666665,0.2727833333333333,0
K06567.01,9.582632000745953,9.58405667,129.42949349819594,138.8710106,0.19913599999999992,0.2844799999999999,0
K06694.01,5.243022705882685,5.2436612,132.88541816684645,132.7337,0.37966666666666665,0.4745833333333333,0
K06695.01,3.7790446909629,3.7789374,120.7408984175026,132.1163,0.3588999999999999,0.4486249999999999,0
K06696.01,1.889693889568279,1.88984957,120.63484244524798,131.910944,0.4052083333333333,0.8104166666666666,0
K06699.01,2.5035368535546234,2.49904083,353.52388958368874,133.3698,0.05522916666666665,0.1104583333333333,0
K06700.01,1.995656747805885,1.99567242,120.90409379766756,132.87321,0.11933333333333326,0.1491666666666666,0
K06701.01,0.8987943165272316,0.89879279,120.87580424353976,131.6716,0.06014166666666662,0.0429583333333333,0
K06702.01,16.43365826042699,16.434352831,142.51418118262825,136.2884989,0.2148675,0.2148675,0
K06828.01,0.5667887738881419,0.566793818,352.9207742183116,131.8298,0.22591250000000002,0.205375,0
K06829.01,0.5668005695527788,0.566797474,352.84842021249904,131.8117,0.11283333333333329,0.1128333333333333,0
K06830.01,1.5856707872463105,1.585673651,170.86139712083855,132.013007,0.093555875,0.13365125,0
K06831.01,15.75356219079683,14.797219157,137.22014399937345,144.6959608,0.253679,0.31709875,0
K06832.01,6.490344742446701,6.49066214,132.10524111013666,132.0676273,0.1446366666666666,0.1446366666666666,0
K06833.01,7.118757970492166,7.11879848,133.61995848686703,137.1575204,0.18850424999999998,0.1713675,0
K06834.01,7.177637313534736,6.99510404,1281.1433037366007,136.6223392,0.10972499999999985,0.0731499999999999,0
K06959.01,2.8977922408109715,2.897829967,134.06143688218717,132.6047388,0.09268816666666661,0.1324116666666666,0
K06961.01,0.7064286399386291,0.706428634,132.1474124742552,132.1461749,0.043795499999999946,0.0729924999999999,0
K06962.01,10.257379967068715,10.8632531,136.3008767350742,141.6569,0.7849999999999999,1.5699999999999998,0
K06963.01,1.4684247316306838,1.46842648,121.88620537689218,132.165432,0.1944425,0.277775,0
K06964.01,4.30586593351689,4.305917719,121.60443114018497,132.3501939,0.210747375,0.23416375,0
K06965.01,1.2854073255176324,1.28659726,121.61268861324423,132.1114,0.2059166666666666,0.1470833333333333,0
K06967.01,2.5353824949515205,2.535389624,133.3863363016705,133.38659,0.08464166666666662,0.1209166666666666,0
K07095.01,1.6274485661985252,1.627538928,121.56241720745504,131.91531,0.325675,0.232625,0
K07096.01,1.5065134757352086,1.506503686,120.93638205305295,132.9914262,0.12553775,0.2092295833333333,0
K07097.01,1.6795660578288818,1.679585725,121.48736360557548,131.5600829,0.183662,0.3061033333333333,0
K07098.01,5.4037830350824265,5.40346248,136.4041167007259,133.7451943,0.25498,0.318725,0
K07100.01,0.824848884490332,0.824851807,131.6286209725298,131.6271509,0.056477458333333314,0.0806820833333333,0
K07101.01,0.8248355114487814,0.82484293,1274.878396183681,131.6424,0.0576249999999999,0.0576249999999999,0
K07102.01,4.447133688939727,4.4473549,173.91949381022482,133.8362,0.4747499999999999,0.7912499999999999,0
K07227.01,7.51511867307372,7.51509713,138.08967241760382,138.09408,0.09824999999999995,0.1091666666666666,0
K07228.01,7.515251792487628,7.51514595,134.4885856141754,138.0800379,0.1477025,0.1477025,0
K07229.01,20.993666439975435,19.230038188,128.7421977755835,132.5814956,0.293505,0.293505,0
K07230.01,21.119022877725538,21.120005744,129.33104878362096,150.128392,0.11991758333333322,0.0856554166666666,0
K07231.01,0.8220673918189163,0.82206761,120.73781839698032,132.243022,0.0797520833333333,0.1595041666666666,0
K07233.01,48.35516774352916,45.035589512,178.92110395509303,132.633531,0.2048770833333333,0.4097541666666666,0
K07362.01,3.1020632730238153,3.10197712,121.61562762105676,133.78902,0.44268749999999985,0.2951249999999999,0
K07363.01,2.6184219141170684,2.618414643,122.25687592627948,134.044367,0.14581087499999998,0.20830125,0
K07364.01,2.618427305583079,2.61844178,134.04069128577459,134.03782,0.1334583333333333,0.1334583333333333,0
K07365.01,19.407343520106224,19.407958161,182.949448182888,135.3915368,0.17782216666666661,0.2540316666666666,0
K07366.01,0.933767715448656,0.933747375,132.43303769014238,131.5199,0.17424166666666663,0.2489166666666666,0
K07490.01,40.14213505421977,37.910213899,139.3179580955503,162.458419,0.11668199999999995,0.1296466666666666,0
K07491.01,3.7478449791653268,3.74785307,134.16677219931293,134.17465,0.12915,0.1435,0
K07492.01,3.7476983524810756,3.747835042,121.10037767985848,134.1877331,0.19819462499999999,0.22021625,0
K07493.01,0.9020532801466858,0.94754848,121.00844401715015,132.266431,0.04336749999999996,0.0722791666666666,0
K07494.01,1.7565137131991193,1.75643185,132.00610812942745,132.0575,0.11984999999999987,0.0998749999999999,0
K07495.01,1.756455764902132,1.756466865,121.49412398367649,132.030299,0.17917875,0.1990875,0
K07496.01,31.389246815091685,33.159475806,142.67795653278932,159.8126411,0.187781875,0.37556375,0
K07497.01,45.91921625035579,46.14869106,122.32879903454665,173.238091,0.39774999999999994,0.7954999999999999,0
K07498.01,72.30642310899988,60.2976774,204.03875625275901,161.854691,0.29700208333333333,0.5940041666666667,0
K06312.01,1.703348333136347,1.703347524,121.39884567426319,132.4680448,0.08259749999999999,0.1376625,0
K06313.01,1.7033479796529054,1.70332915,132.46524364440276,132.47294,0.0692916666666666,0.0692916666666666,0
K06314.01,20.584453569215047,20.413812,147.34212593759383,148.5092,0.31449166666666656,0.2419166666666666,0
K06316.01,65.26740093871607,67.41958542,153.3484261982513,133.431122,0.2548333333333333,0.3185416666666666,0
K06317.01,7.3631404810115955,7.363572395,124.02411033601744,138.70442,0.2397708333333333,0.2397708333333333,0
K06319.01,36.148313607653044,33.693201537,148.75409928262403,158.866724,0.3721095,0.31009125,0
K06447.01,1.1209981426110533,1.120997701,121.28844973534224,131.48486,0.6558416666666667,0.4684583333333333,0
K06448.01,1.8749416857822454,1.874967748,121.45703887867435,132.701553,0.2921304166666666,0.4173291666666666,0
K06451.01,2.404357967611931,2.40440112,133.21632761522824,133.1975,0.205875,0.22875,0
K06452.01,21.91826468533567,21.926779,355.0979992324085,135.5453,0.293125,0.41875,0
K06453.01,27.954098847992654,25.706001174,120.97287937308121,156.644215,0.6398583333333333,0.4570416666666666,0
K06455.01,464.46959149695994,501.90703,205.54877629443047,205.619,0.31074999999999997,0.5179166666666666,0
K06569.01,3.1152541023881373,3.115304946,133.13152013685942,133.1240488,0.2240095,0.203645,0
K06571.01,12.493226329872055,12.422524,129.71317931208128,141.875,0.28229166666666666,0.5645833333333333,0
K06572.01,12.43070613282542,12.4269264,133.69467252798486,141.4499,0.4547083333333334,0.9094166666666668,0
K06573.01,12.429337864378526,12.4261809,141.14813434718806,141.5307,0.6060416666666666,1.2120833333333332,0
K06574.01,0.617018173869299,0.61810542,131.74811960404492,131.74488,0.416625,0.27775,0
K06575.01,1.0699565287812325,1.06995136,132.30246116099906,132.30469,0.049574999999999966,0.0550833333333333,0
K06703.01,2.158622385026327,2.158398259,120.96485437626491,131.894054,0.4761924999999999,0.3401375,0
K06704.01,395.5027990504159,359.534371,506.2870288594672,218.68613,1.1093958333333331,1.0085416666666664,0
K06706.01,574.8861433655097,534.86668,208.95823410611737,209.0227,0.2729999999999999,0.3412499999999999,0
K06708.01,1.397982501356091,1.39797542,131.68239818170736,131.6767,0.302,0.3775,0
K06709.01,2.212606366418294,2.2127498,121.76707401391367,132.7452,0.13997499999999988,0.1272499999999999,0
K06710.01,0.7769785720062176,0.776976021,120.61642745425831,132.2745574,0.056991958333333315,0.0814170833333333,0
K06836.01,2.253522641946929,2.25353739,121.22101569600898,132.486708,0.1436555,0.2394258333333333,0
K06837.01,17.69491080066727,17.99646148,125.13123862334204,139.5431461,0.2522205833333333,0.1940158333333333,0
K06838.01,1.3862343442866418,1.386249249,121.6612917961417,132.742206,0.08723866666666662,0.1246266666666666,0
K06839.01,0.5348771405115469,0.53482911,630.7223918304984,131.7369,0.0414999999999999,0.0414999999999999,0
K06840.01,0.5667392620679972,0.566799833,131.68563045437423,131.64094,0.34643749999999995,0.2309583333333333,0
K06841.01,0.5668084001508553,0.566795728,131.83207528742844,131.8148,0.16274999999999984,0.1162499999999999,0
K06842.01,13.1991838056,14.665759784,135.67351517625863,139.5741023,0.21339149999999998,0.1524225,0
K06843.01,0.5668046738983418,0.566780836,131.86208423145192,131.8749,0.2674208333333333,0.2057083333333333,0
K06968.01,15.445844911824658,15.44605962,132.92917279666557,145.5341274,0.21066375,0.1915125,0
K06969.01,1.7904941538811923,1.790518325,122.20480184845245,132.9384734,0.09759866666666661,0.1394266666666666,0
K06972.01,1.01174621046259,1.03905082,132.03659966964375,132.5348,0.17704166666666665,0.1264583333333333,0
K06973.01,0.45649081795146806,0.503201954,120.83418207734076,131.78436,0.00904583333333329,0.0069583333333333,0
K06974.01,7.140333946553137,7.140373046,134.44293111385133,138.008012,0.26513699999999996,0.2945966666666666,0
K06975.01,53.77181164858471,53.647084859,128.31050312944424,152.97204,0.6649966666666666,0.8312458333333332,0
K07103.01,2.496336774474347,2.496328637,122.33713882277935,132.2054088,0.15931708333333322,0.1137979166666666,0
K07104.01,16.3113330465329,16.31328124,133.30652880798402,136.853981,0.1671491249999999,0.1857212499999999,0
K07105.01,1.7213286225656088,1.721313779,132.52493046070072,132.5318957,0.162602,0.14782,0
K07107.01,1.5065097199395519,1.50650745,120.93759057881019,132.98683,0.09832499999999991,0.1092499999999999,0
K07108.01,8.210271078752506,8.209514329,121.69453215975777,134.0632157,0.08627166666666665,0.1725433333333333,0
K07109.01,3.4310930390600127,3.431126546,133.59991323459042,133.593104,0.13992999999999997,0.1166083333333333,0
K07110.01,1.5833178243856905,1.583334941,132.38159980318426,132.377894,0.14951333333333328,0.1868916666666666,0
K07234.01,8.429993968890471,8.429438192,136.4576961102099,132.2922535,0.08214708333333332,0.1642941666666666,0
K07237.01,7.93156193901375,7.9320191,136.48794561622285,136.4321,0.20450000000000002,0.3408333333333333,0
K07238.01,1.3742569777274694,1.374249107,120.66033009784122,131.662968,0.15511124999999998,0.2215875,0
K07239.01,8.480144149053794,8.4804737,135.87294043672372,135.834,0.23088749999999997,0.2565416666666666,0
K07240.01,0.9423865766677868,0.94242156,132.11021195603092,132.1165604,0.11024999999999985,0.0787499999999999,0
K07241.01,4.994949172860324,4.994773558,123.66303434410274,136.1744922,0.16833487499999988,0.1870387499999999,0
K07367.01,1.1050913330782357,1.105094098,132.54352735817943,132.5461998,0.10954774999999999,0.1825795833333333,0
K07368.01,6.556820839616627,6.842939,123.47286826383856,137.0596,0.1749999999999999,0.1166666666666666,1
K07369.01,0.8170296344204006,0.8170226,735.7993969449582,132.022858,0.08674166666666662,0.1239166666666666,0
K07371.01,18.151163949087945,19.40669392,126.56370307002578,149.807826,0.32985312499999997,0.2199020833333333,0
K07372.01,7.1435147544219335,7.143708297,134.10120319047002,137.8041949,0.19448366666666664,0.2431045833333333,0
K07373.01,0.9523868482988285,0.952377862,132.3295143352075,132.335117,0.10217249999999993,0.1702874999999999,0
K07374.01,3.521084838282743,3.521050679,134.21254571917015,134.218545,0.13246124999999995,0.1471791666666666,0
K07499.01,1.9416462229602343,1.941635737,132.13370208134185,133.1097354,0.08222766666666664,0.1027845833333333,0
K07500.01,0.5394472656460559,0.539445498,131.8969181797692,131.898299,0.06656124999999993,0.0950874999999999,0
K07501.01,20.705580181035078,20.7106853,134.07193457423813,134.03192,0.8903541666666666,1.7807083333333331,0
K07502.01,2.521195137401509,2.521245368,122.78290357221088,132.8563627,0.19434570833333328,0.1766779166666666,0
K07503.01,2.5212213612807224,2.52122764,132.87572078026176,132.86973,0.08433749999999997,0.0937083333333333,0
K07504.01,2.521269414304863,2.5212708,170.69509871406433,132.8596,0.10147499999999991,0.1127499999999999,0
K07505.01,8.20398121627749,8.202869679,134.33997777325837,138.5109062,0.21286154166666668,0.3040879166666667,0
K07507.01,3.4426287286812474,3.442714533,172.004839920255,132.3912568,0.12601274999999995,0.1400141666666666,0
K06321.01,2.1155504154592744,2.115510941,131.9835683478328,131.99122,0.21255791666666662,0.3036541666666666,0
K06322.01,1.0150410143879676,1.015044104,131.5514113300367,131.56407,0.2748499999999999,0.4580833333333333,0
K06323.01,3.710899226509127,3.711013336,120.69797050059373,132.4882537,0.1930973333333332,0.1379266666666666,0
K06324.01,2.9760149341841404,2.97606298,132.98185969469506,132.9637,0.15464999999999998,0.1718333333333333,0
K06325.01,2.9758010107219057,2.97586085,171.73091981998064,133.0352,0.1880416666666666,0.1880416666666666,0
K06326.01,14.639954171817987,14.658013949,126.87731677975823,140.4756141,0.17693433333333322,0.1263816666666666,0
K06327.01,18.8366187790343,18.839487435,147.7047370052859,137.7695421,0.18759900000000002,0.23449875,0
K06328.01,0.5559725359265659,0.555973803,131.96801059621947,131.96589,0.0529583333333333,0.0529583333333333,0
K06456.01,4.426413747899698,4.426344495,120.94073082772177,134.231165,0.267774375,0.24343125,0
K06457.01,0.9578355111798448,0.957823876,132.40442556147354,132.414882,0.12410666666666663,0.1551333333333333,0
K06458.01,5.024618517007442,5.024768971,133.13427377107362,133.120142,0.22308591666666666,0.1593470833333333,0
K06459.01,29.87425584667852,30.960216668,143.79261808166564,156.1595497,0.32147499999999996,0.6429499999999999,0
K06460.01,2.4702764135880546,2.470283788,120.89813573851357,133.251861,0.19597749999999997,0.3266291666666666,0
K06461.01,1.235161117486443,1.23516416,131.99333588339329,131.99301,0.1767375,0.196375,0
K06462.01,1.2350714095763982,1.23513471,132.04488374848796,132.0046,0.24933333333333327,0.2266666666666666,0
K06463.01,0.8882409079086285,0.8903331,131.72130080253626,131.5337,0.15417499999999987,0.1101249999999999,0
K06464.01,20.00006625510318,20.000242814,142.67767823805278,134.82021,0.16680666666666663,0.2085083333333333,0
K06464.02,210.02591049577194,225.66716,212.74830698805278,195.6621,0.4841666666666667,0.6916666666666667,0
K06576.01,9.621379242934752,10.217121652,138.99056960838703,137.2457336,0.2541274166666666,0.1815195833333333,0
K06577.01,0.6180564955399118,0.618060842,131.64197730165958,131.63533,0.07094999999999996,0.0788333333333333,0
K06578.01,0.7597722574646736,0.759764419,121.14750855406257,131.7927631,0.14312524999999998,0.2385420833333333,0
K06580.01,21.537781849490912,21.539269242,135.6385716472962,144.1542761,0.2218466666666666,0.2218466666666666,0
K06581.01,5.27062573952129,5.270733213,170.4552355830775,136.180853,0.1275175,0.115925,0
K06583.01,12.421106736862544,12.4232158,179.11580175559175,141.7294,0.6626250000000001,0.7362500000000001,0
K06711.01,4.318769193233439,4.3206933,172.40505672094488,131.8905,2.956333333333333,2.1116666666666664,0
K06712.01,16.48756076535336,16.486796364,138.015606679006,131.6041706,0.41229825,0.29449875,0
K06713.01,5.777252570465496,5.7768734,133.56499670270492,133.6218,0.1680583333333333,0.2400833333333333,0
K06714.01,19.73000207679208,20.148807707,147.32010719109542,135.8116283,0.4618017083333332,0.3552320833333333,0
K06715.01,0.6877709904702545,0.687772143,131.87056383740563,131.8669185,0.074878125,0.10696875,0
K06716.01,0.8436562120016758,0.843651274,131.9443962822868,131.9478111,0.07011699999999996,0.1168616666666666,0
K06717.01,1.1429493447900294,1.142946648,131.90181980263782,131.9010021,0.11341133333333328,0.1417641666666666,0
K06718.01,7.20838359420467,7.217010987,125.37459254450543,135.4523674,0.25792083333333327,0.1842291666666666,0
K07885.01,9.728761994456173,9.72869627,140.7164386919865,140.71571,0.11725,0.2345,0
K06844.01,0.5668177220069899,0.566791802,131.78737906850293,131.81736,0.12833333333333324,0.0916666666666666,0
K06845.01,2.2457498514473273,2.245738777,122.02889955982474,133.2650421,0.21540725,0.3590120833333333,0
K06846.01,2.2457583852352125,2.24572117,133.25831781332172,133.26678,0.14549999999999993,0.1616666666666666,0
K06847.01,0.5668028857976943,0.566801906,121.03016573612351,131.79673,0.08129999999999987,0.0677499999999999,0
K06848.01,2.3161678432723383,2.316171991,133.46846038216415,132.311636,0.11754895833333331,0.1679270833333333,0
K06850.01,0.5668058287755056,0.56680208,120.9130119305423,131.7056,0.07116666666666663,0.0508333333333333,0
K06851.01,0.566811446699713,0.566810701,131.87347235977006,131.80761,0.33529166666666665,0.2579166666666667,0
K06852.01,0.5667689506858596,0.566813319,169.87487792421805,131.78768,0.2188666666666666,0.1563333333333333,0
K06976.01,28.76384018775351,28.787257509,121.7606151614458,137.094192,0.5232374999999999,0.581375,0
K06977.01,0.8353148840546415,0.835315046,131.95773598722357,131.9570817,0.08181633333333328,0.1022704166666666,0
K06979.01,27.35881433345423,26.0164225,1478.6174638222528,157.37769,0.26104999999999995,0.1740333333333333,0
K06981.01,572.1931980216544,593.19521,652.8487133643719,333.732,0.534375,1.06875,0
K06982.01,0.7064269641523587,0.706430188,132.14390184516785,132.14208,0.0542083333333333,0.0542083333333333,0
K07112.01,0.7843340667063368,0.78430061,132.2256249610431,132.23164,0.1107,0.123,0
K07113.01,2.665829457477473,2.665875491,120.96613872430734,131.6187983,0.2215094583333333,0.3164420833333333,0
K07114.01,2.6657962765913092,2.6658312,120.9717663705925,131.627,0.21641249999999995,0.2404583333333333,0
K07115.01,1.6031588020639556,1.5765874,132.30275530164946,132.4469,0.8855,0.6325,0
K07118.01,27.975647935949922,28.027891356,149.34410073531754,158.348172,1.0107358333333332,0.7219541666666666,0
K07242.01,2.028559406096465,2.028512246,120.65343270417628,132.8392103,0.187615875,0.2084620833333333,0
K07243.01,1.3324847589787199,1.33256167,132.10459128643976,132.0567,0.20274583333333332,0.1559583333333333,0
K07244.01,1.3325890750924305,1.332567821,121.37348547800308,132.0544581,0.1451833333333333,0.1451833333333333,0
K07245.01,1.332540422694697,1.332545609,121.39636532844575,132.05755,0.14988749999999992,0.1665416666666666,0
K07246.01,1.3391172501232707,1.33256256,120.75740828443504,132.04698,0.18013333333333323,0.1286666666666666,0
K07247.01,1.3325727512343037,1.33258981,132.0435417165115,132.0364,0.1495125,0.166125,0
K07248.01,1.3325479997884242,1.33258375,132.0645777845219,132.0362,0.1700416666666666,0.1700416666666666,0
K07249.01,8.96447204089377,8.9648813,128.44740433590678,137.5394,1.275625,2.55125,0
K07377.01,2.161581099000148,2.161583501,131.80727516140558,131.80273,0.11823291666666663,0.1689041666666666,0
K07378.01,9.445257471508597,8.7396758,1275.4004774080122,136.5829,0.14497499999999997,0.1610833333333333,1
K07379.01,0.535490408029348,0.535493486,131.74803994491796,131.743209,0.09637499999999997,0.1070833333333333,0
K07381.01,22.496501198363234,24.261683827,121.15094769958974,147.2417593,0.2088829166666666,0.2984041666666666,0
K07382.01,32.523929281372034,32.532521502,147.28401953418796,147.077355,0.27914791666666666,0.5582958333333333,0
K07508.01,4.627884747056081,4.627775175,133.36473314318476,133.390355,0.12779624999999997,0.1419958333333333,0
K07509.01,31.351253280813964,28.7850347,124.49346080983929,145.7978,0.12261666666666662,0.0875833333333333,0
K07511.01,6.095927251956181,6.096030635,122.84512621749505,135.0308909,0.4613274999999999,0.7688791666666666,0
K07512.01,30.38342953334857,31.953038766,135.94389528464555,142.708054,0.20115249999999993,0.3352541666666666,0
K07513.01,5.9367490906044935,5.9371708,136.0119941355328,135.957,0.1651333333333333,0.2064166666666666,0
K07514.01,0.5778405256229138,0.577844035,131.88748312130323,131.88058,0.08939583333333331,0.1787916666666666,0
K07515.01,2.630231127715596,2.630090609,171.64588868015713,132.224741,0.3420425,0.5700708333333333,0
K07516.01,46.777061910056936,43.204596783,177.4469529314222,146.5978539,0.3133375,0.626675,0
K01957.02,1.7514797275153864,1.75147897,121.9685665650508,132.47509,0.46025000000000005,0.32875,0
K06330.01,3.495305852589714,3.495457889,123.38903276763482,132.083941,0.40714333333333325,0.2908166666666666,0
K06332.01,4.016686406950471,4.01668015,132.23107772373848,134.240703,0.057069999999999954,0.0951166666666666,0
K06333.01,1.8913153891157704,1.89134156,132.6786340538674,132.6518,0.19636666666666663,0.2454583333333333,0
K06334.01,2.8812804281894926,2.881100027,134.18694701045587,134.238752,0.27529425,0.3932775,0
K06335.01,0.8056594690861134,0.806277023,131.93376830537832,131.78567,0.424375,0.303125,0
K06336.01,0.5134832250151894,0.513482156,170.27235517276753,131.75477,0.10244999999999997,0.1138333333333333,0
K06465.01,4.247448508498617,4.24748886,132.0654030772071,132.0562,0.1272083333333333,0.1272083333333333,0
K06466.01,1.0000113598920315,1.000012952,120.77522016786082,131.7614,0.071225,0.050875,0
K06467.01,0.878802738637135,0.878803439,132.26791182333213,132.267269,0.09150099999999992,0.1143762499999999,0
K06468.01,1.5601453314490408,1.560158562,132.37618405752983,132.368518,0.11416,0.1427,0
K06469.01,31.90911992597708,34.188302705,140.25408950355785,132.1423013,0.17568775,0.12549125,0
K06470.01,8.653126768559154,8.65303996,136.66312525527852,136.66798,0.04545833333333331,0.0454583333333333,0
K06471.01,8.653273946358095,8.65311903,136.6471293483707,134.30128,0.0530416666666666,0.0530416666666666,0
K06584.01,12.41877403230282,12.4253812,134.47922269119914,141.5493,0.5769458333333333,0.8242083333333332,0
K06585.01,12.428627967738473,12.42555999,352.54734572694724,133.96829,0.5850625,1.170125,0
K06586.01,12.431439744265948,12.4257442,128.72925558552384,141.52382,0.6067083333333333,1.2134166666666666,0
K06587.01,12.421603766016432,12.4254241,141.76427150257405,141.5418,0.6245,1.0408333333333333,0
K06588.01,2.9919645390605236,2.991884392,134.15740385373354,134.175892,0.22045041666666665,0.3149291666666666,0
K06589.01,1.7952476906087427,1.795273026,131.87810038588438,131.870391,0.18307999999999996,0.3051333333333333,0
K06590.01,0.7551149503756771,0.755109271,121.23259091094924,131.81838,0.13095,0.109125,0
K06591.01,0.7551149284660919,0.755101141,131.80088241759583,131.8211,0.1404583333333333,0.1404583333333333,0
K06719.01,1.7525719752934203,1.75251585,132.7112478442809,132.7544,0.17444999999999988,0.1453749999999999,0
K06720.01,1.7525700434259939,1.752450163,132.73471038700532,132.8015023,0.1260625,0.1260625,0
K06721.01,8.278969738775766,8.27923132,133.8330989835977,133.81711,0.07849999999999993,0.0981249999999999,0
K06722.01,2.2128250603556334,2.212877035,132.69929822444058,132.682428,0.21402379166666663,0.1945670833333333,0
K06723.01,0.845088325795548,0.845097627,132.13675186406923,132.12136,0.09364999999999993,0.0780416666666666,0
K06724.01,15.891393947209684,17.445640466,128.97579960765384,135.7462627,0.30448299999999995,0.2537358333333333,0
K06725.01,14.313359117506579,14.313157391,131.47433860497327,138.2205171,0.37093166666666666,0.3709316666666666,0
K06726.01,0.6769925222168408,0.676990194,131.79819518635264,131.8017098,0.04942554166666662,0.0706079166666666,0
K06727.01,0.4928243626156129,0.515875396,131.72145667301436,131.7013,0.07058333333333325,0.0504166666666666,0
K06853.01,2.8339779903208235,2.83401711,133.5164620554089,133.5005,0.14844999999999994,0.2474166666666666,0
K06854.01,0.5668008029074785,0.566803996,131.84520612846143,131.80782,0.198275,0.141625,0
K06855.01,0.5667904200585445,0.56681118,121.05222100593438,131.7883893,0.11158333333333328,0.0858333333333333,0
K06856.01,0.5667926574868758,0.566799927,131.87544406293404,131.83464,0.2551249999999999,0.1962499999999999,0
K06857.01,0.5667880263629839,0.566786121,352.90770183806893,131.8363,0.1843833333333333,0.1418333333333333,0
K06858.01,0.5668219468049267,0.56679797,352.8661642833537,131.841,0.20638749999999997,0.187625,0
K06859.01,0.6150249612454859,0.566802891,120.68630845180864,131.79487,0.10855833333333326,0.0775416666666666,0
K06984.01,1.0188684158214054,1.01884975,132.0508361542682,132.0857,0.16164999999999996,0.1347083333333333,0
K06986.01,32.43327499086452,32.440339204,133.17491523584084,142.2555263,0.2442829999999999,0.1879099999999999,0
K06987.01,0.5521348275563585,0.552141897,131.8025550498063,131.77199,0.2907916666666666,0.2077083333333333,0
K06988.01,2.623813296593515,2.62387291,132.7129220400829,134.0049825,0.1345306666666666,0.1921866666666666,0
K06989.01,0.7550999810503226,0.75509861,120.63195326323851,131.962107,0.07706708333333331,0.1100958333333333,0
K06990.01,3.6716528238039565,3.671661096,122.55374287862648,132.0909174,0.16123012499999997,0.1791445833333333,0
K06991.01,22.67157394705875,22.673145675,151.43778903958648,138.145641,0.27635,0.27635,0
K07119.01,0.511516948022608,0.50948306,121.04216717976276,132.0386,0.14391666666666664,0.1308333333333333,0
K07120.01,18.115296091203348,17.329965871,134.20243317698754,142.727156,0.49222366666666656,0.3515883333333333,0
K07121.01,1.8902196409461187,1.890227354,131.68130794502585,131.678589,0.1124375,0.160625,0
K07122.01,1.3871912583438963,1.387206724,121.75865734443049,132.8469146,0.09563175000000002,0.15938625,0
K07123.01,1.3871602785579416,1.38718209,132.8695640256207,132.8579,0.0865,0.108125,0
K07126.01,3.1386236084432104,3.138580493,132.318726098783,132.330622,0.19082387499999998,0.17347625,0
K07250.01,9.261444304840971,9.26147679,135.1108025028787,135.1085808,0.06637499999999999,0.07375,0
K07251.01,593.9370907389689,581.0723,428.9652710444292,371.0249,0.329375,0.65875,0
K07253.01,3.504601959083084,3.50474265,122.8340778538084,133.319536,0.3452166666666666,0.3452166666666666,0
K07254.01,2.143422947244374,2.14344093,132.43067987971625,133.497247,0.11591125000000001,0.1655875,0
K07256.01,9.057864783582609,9.058487716,133.37719195957038,137.3378842,0.15537524999999994,0.1726391666666666,0
K07257.01,2.856457785638566,2.856085147,1275.8005200800822,133.39298,0.22887999999999997,0.1907333333333333,0
K07384.01,0.8769413992655358,0.876941133,132.27061982379533,132.26899,0.0594,0.054,0
K07385.01,39.246817048212776,39.238141571,148.83647274328635,148.651652,0.3035915,0.2529929166666667,0
K07386.01,53.77708711414939,53.7406575,155.0857027682622,209.294733,0.9843229166666666,1.9686458333333332,0
K07387.01,7.436008117435808,7.436016459,134.5473702769029,136.518226,0.10407099999999994,0.1734516666666666,0
K07388.01,0.7507463451618176,0.750737313,120.54408676268692,131.82143,0.05706666666666664,0.0713333333333333,0
K07390.01,14.360503985329176,14.361021578,138.87495929377255,138.842986,0.49835624999999995,0.5537291666666666,0
K07391.01,2.570375043105821,2.570431263,122.92042862604252,133.189517,0.160328875,0.22904125,0
K07392.01,6.64025755169487,6.64024496,135.93796933951418,132.775862,0.27660004166666663,0.2514545833333333,0
K07517.01,14.844858961755772,14.844240386,145.197955827671,134.2337694,0.22785899999999998,0.28482375,0
K07518.01,4.421569664383865,4.42158021,121.12644488887152,134.395447,0.217775,0.43555,0
K07519.01,25.329041642433946,25.321698729,150.5144504989716,139.687525,0.11134174999999996,0.1855695833333333,0
K07522.01,10.11628426189927,10.116144515,134.8741446293794,139.9824969,0.09010466666666664,0.1126308333333333,0
K07523.01,0.6845038846701466,0.684496369,120.95848143949623,131.92125,0.10372083333333325,0.0942916666666666,0
K07524.01,1.9532747588595438,1.953285321,122.403410423638,133.1432,0.048882749999999926,0.0698324999999999,0
K07898.01,1.0123496387197637,1.012174295,1473.0304329836551,131.90835,0.11654249999999994,0.1942374999999999,0
K06337.01,0.8920605019894446,0.892061734,131.81608325557391,131.815603,0.05607675,0.09346125,0
K06338.01,3.471506591607119,3.471399214,123.32107002870869,133.7510303,0.23269904166666663,0.2115445833333333,0
K06339.01,4.176915221431954,4.176929219,133.20271071859784,133.197382,0.15167541666666662,0.2166791666666666,0
K06340.01,6.375858081286598,6.3762199,132.06792086617097,134.9584,0.08399999999999996,0.0933333333333333,0
K06344.01,0.8230157927518044,0.823014905,132.16185491420873,132.160787,0.08856499999999998,0.1476083333333333,0
K06472.01,0.7427492397865659,0.796815149,120.90804807311805,131.9743416,0.06257416666666663,0.0446958333333333,0
K06473.01,26.68125486314148,26.951237675,125.71077915595794,150.923211,0.3103072499999999,0.3447858333333333,0
K06474.01,18.112640144692616,18.11208877,139.48211939024338,134.713916,0.16957,0.2826166666666666,0
K06476.01,4.40832150497661,4.408295716,134.27610647313685,134.280413,0.18123949999999994,0.1510329166666666,0
K06477.01,8.664753849235742,8.665259912,135.94863020904998,132.216249,0.14248666666666665,0.1295333333333333,0
K06478.01,4.7260134210695535,4.726086185,135.5343687059274,132.9230889,0.10994825,0.1832470833333333,0
K06479.01,8.642937395297693,8.643550046,135.5784571236358,139.8333977,0.10424333333333329,0.1303041666666666,0
K06592.01,1.5195666768809442,1.51945182,121.88516512515868,132.5975,0.15979166666666658,0.1229166666666666,0
K06593.01,0.7597542723208771,0.759755409,352.8867070113167,131.79602,0.1139166666666666,0.1139166666666666,0
K06594.01,5.082710546297606,5.082523739,135.4767814676318,132.9614122,0.1892745,0.210305,0
K06595.01,1.0768876252556696,1.02547271,120.8094046915348,131.6002,0.11643333333333324,0.0831666666666666,0
K06596.01,1.0254715799163376,1.025465924,131.60541797905532,131.6091403,0.09296024999999994,0.1549337499999999,0
K06597.01,75.5726626455674,74.985292949,139.37797157197798,146.1390004,0.129885625,0.25977125,0
K06599.01,26.33864377647314,25.762056721,139.7832106234152,139.7346639,0.4956466666666667,0.6195583333333333,0
K06728.01,1.195521395553033,1.195516859,170.5625518338212,132.302869,0.154304,0.2571733333333333,0
K06729.01,1.995712495547058,1.995728294,132.83927893326722,132.839699,0.160883,0.2681383333333333,0
K06730.01,10.768378503521095,10.768391927,122.26080068115539,137.679347,0.4175066666666666,0.5218833333333333,0
K06732.01,0.7337183941721294,0.733724504,132.03270326632443,132.02461,0.092,0.092,0
K06735.01,5.0885790177308925,5.08840787,131.75130647377463,134.3553111,0.17895149999999993,0.1988349999999999,0
K06736.01,19.45324995844591,18.527824075,124.47614450984244,139.2576071,0.31886725,0.2452825,0
K06861.01,12.154544549647232,12.155241119,139.98187307271377,133.7671874,0.2851470833333333,0.2851470833333333,0
K06863.01,4.485608781855328,4.48559215,135.42650173052067,135.43172,0.03060374999999994,0.0340041666666666,1
K06864.01,0.5668050152721227,0.566789763,131.83340645599444,131.81846,0.20039999999999986,0.1669999999999999,0
K06865.01,0.5668095546471696,0.566811926,131.83766940997893,131.79708,0.24389166666666662,0.1742083333333333,0
K06866.01,2.5249254039966256,2.525386934,1276.6685984067008,133.913493,0.123871,0.15483875,0
K06867.01,0.5668124546627858,0.566801506,121.0169326855171,131.7969,0.08689999999999992,0.0724166666666666,0
K06868.01,0.5668077093710562,0.566803738,131.79336440731075,131.79343,0.0924049999999999,0.0770041666666666,0
K06992.01,1.6942163016494618,1.69421771,132.0070392223926,132.006,0.15603749999999988,0.1733749999999999,0
K06995.01,2.7394430390037003,2.739477089,131.93669207407163,131.930634,0.15911449999999994,0.1325954166666666,0
K06996.01,1.307768531069951,1.307761491,131.77163735766254,131.777769,0.10187420833333327,0.0926129166666666,0
K06997.01,4.028447068468888,4.028671454,133.99978615007154,133.9542149,0.2369071249999999,0.3384387499999999,0
K06998.01,2.3011052407289583,2.30118753,120.71805744178774,132.193218,0.16294999999999998,0.3258999999999999,0
K06999.01,0.44956770320995354,0.449249224,1472.4742253408856,1472.522306,0.1189125,0.1981875,0
K07127.01,0.6870146682288623,0.687004402,120.85748540430134,131.86316,0.22335833333333327,0.1595416666666666,0
K07128.01,0.9184411638996033,0.91839938,261.0755681703312,131.6132,0.2052874999999999,0.1866249999999999,0
K07130.01,0.9435968201413187,0.94356284,120.96790951256115,132.3272,0.333725,0.238375,0
K07131.01,2.243604526321668,2.243569483,133.71547492514281,133.7306188,0.1209742916666666,0.1728204166666666,0
K07132.01,8.258400408895632,8.258181993,127.4095168617722,131.5010463,0.2119108333333333,0.1630083333333333,0
K07134.01,1.8114192776205067,1.81139053,132.98796200048434,132.9689,0.252,0.36,0
K07260.01,7.095445730913492,7.09520543,132.23503855002633,135.3715105,0.18452199999999996,0.1537683333333333,0
K07261.01,0.6517332350152634,0.651731691,131.74806755259948,131.751463,0.07175583333333331,0.1025083333333333,0
K07262.01,0.5081821960061946,0.50818743,120.96795643896382,131.63064,0.1859541666666666,0.1430416666666666,0
K07263.01,2.733987429735548,2.73398963,122.37538069047567,133.755464,0.08866666666666662,0.0633333333333333,0
K07265.01,41.78534441654954,40.069674617,160.78960519454665,153.018227,0.23391,0.38985,0
K07893.01,51.41884320917246,55.884827,353.0343984027165,140.6478,0.05707499999999994,0.0951249999999999,0
K07393.01,3.7593682482640696,3.75938475,122.86530197139369,134.13833,0.03959999999999992,0.0494999999999999,0
K07394.01,10.684009481762411,10.6840477,134.08960492599235,134.084445,0.16110416666666663,0.1464583333333333,0
K07395.01,2.002496191732863,2.00280845,120.77246572631122,132.06909,0.07116666666666663,0.0508333333333333,0
K07396.01,9.740235867526811,10.67459836,135.00396472465238,138.8847317,0.23919124999999994,0.1594608333333333,0
K07397.01,2.305114498507935,2.305097141,133.6998380715058,133.705069,0.07266749999999994,0.0807416666666666,0
K07398.01,0.9744732124142326,0.974477904,120.67894968522995,132.370903,0.06745849999999998,0.1124308333333333,0
K07399.01,16.78648783863424,18.525917446,146.6693549416539,144.1948764,0.3444933333333332,0.2460666666666666,0
K07525.01,0.502455876705372,0.502454299,120.86680423381335,131.9221686,0.06753454166666661,0.0964779166666666,0
K07526.01,29.485454785038222,27.308150159,152.92117307146583,143.504361,0.14796866666666664,0.1849608333333333,0
K07527.01,1.2569930105380918,1.262742487,121.34842507903137,132.19792,0.10169249999999999,0.0726375,0
K07528.01,0.5961070833286151,0.59586463,131.55546906371018,131.9392,0.08750000000000001,0.0625,0
K07529.01,1.2221347441371304,1.222127938,131.81317204766307,131.81559,0.0659545833333333,0.0942208333333333,0
K07530.01,8.627903801261903,8.627475562,135.71090253403187,139.9908385,0.19396041666666664,0.1939604166666666,0
K07531.01,0.5897521462231471,0.589753355,131.83021638486474,131.83147,0.03029999999999988,0.0252499999999999,0
K07532.01,2.7516098698255855,2.751566365,131.55487044288202,131.562267,0.15284208333333332,0.2183458333333333,0
K07533.01,0.7609398648563993,0.760935268,120.97706519626918,131.6357605,0.06925574999999999,0.11542625,0
K03051.02,1.3325813440166503,1.33258772,132.06306282968433,132.0314,0.1512875,0.216125,0
K06345.01,1.3534725901508402,1.353414369,120.81845565847779,131.67312,0.27949999999999997,0.5589999999999999,0
K06346.01,2.95961720469295,2.9590637,121.79991991650505,133.9227,0.7202499999999998,1.2004166666666665,0
K06347.01,1.8066233983630282,1.806631432,132.23808883604005,132.23663,0.03214166666666662,0.0459166666666666,0
K06348.01,15.066924063570458,15.066491533,134.1181532833992,140.655427,0.2618833333333333,0.2618833333333333,0
K06349.01,1.8317870202334663,1.831829703,121.57161916219628,132.53923,0.21259583333333332,0.3037083333333333,0
K06350.01,0.7385275460223901,0.738527259,120.94480545291981,132.024142,0.0355075,0.050725,0
K06351.01,0.8962725434632769,0.89627093,131.66840243485612,131.668052,0.06426291666666661,0.0918041666666666,0
K06480.01,1.060991357143219,1.06100327,353.2206433152114,132.5257,0.0697916666666666,0.0697916666666666,0
K06481.01,0.9220325474213318,0.922030594,132.07614554177718,132.076361,0.12737083333333332,0.1819583333333333,0
K06482.01,626.9793325999368,611.09299,745.5439332913223,134.3101,0.31708333333333333,0.6341666666666667,0
K06483.01,26.198398597169803,24.714790706,123.11477805043754,149.4927345,0.29561933333333323,0.2111566666666666,0
K06485.01,3.6328095627646673,3.6329347,133.6069740485429,131.88496,0.1341666666666666,0.0958333333333333,0
K06486.01,1.161925941136111,1.161947482,120.60418064768496,132.2121368,0.13034174999999998,0.1862025,0
K06487.01,0.6071920409535078,0.607191908,132.0194428021717,132.0195301,0.037965083333333316,0.0542358333333333,0
K07881.01,2.2135827095254226,2.2502073,121.79259805246839,133.6127,0.12850833333333325,0.0917916666666666,0
K06602.01,0.6487792627839747,0.648775795,120.71172762995734,131.7459799,0.12677233333333332,0.1811033333333333,0
K06603.01,4.132490146677258,4.132521615,132.89230523508735,132.892463,0.26031041666666666,0.5206208333333333,0
K06604.01,369.796743,410.88527,208.23087387221597,202.8127,0.5020833333333334,1.0041666666666669,0
K06606.01,0.9388938019050451,0.938905082,120.58026151780182,131.8411582,0.12511324999999998,0.2085220833333333,0
K06607.01,1.0001027127969793,0.93891532,131.9036793535684,131.83424,0.1333749999999999,0.0889166666666666,0
K06608.01,16.296139609641077,16.294213708,131.70045627291464,143.1937219,0.15042174999999997,0.2507029166666666,0
K06609.01,11.02342593726354,11.02520205,131.80741558009768,131.715631,0.26686875,0.5337375,0
K06737.01,10.941323852414932,10.819169459,140.90146684313677,132.9864665,0.2522034166666666,0.2292758333333333,0
K06738.01,2.6804958995350536,2.680514453,133.94151515961212,132.598382,0.09367691666666662,0.1338241666666666,0
K06740.01,1.0535726486330204,1.053573674,132.42678362834363,132.428012,0.08505799999999994,0.0708816666666666,0
K06741.01,0.9700889070138589,0.970085646,120.76487505915414,132.4088,0.04704166666666661,0.0470416666666666,0
K06742.01,69.51932821079772,63.52017525,193.02357471780405,162.163605,0.4293974999999999,0.7156624999999999,0
K06743.01,11.300968037675904,11.300987626,123.51964063151433,801.4552005,0.2191645833333333,0.4383291666666666,0
K06744.01,0.9209801361244776,0.92098747,120.81524698376336,131.87056,0.11899999999999986,0.0849999999999999,0
K06869.01,2.182559897132338,2.182515126,132.3389190493148,132.354186,0.17103249999999998,0.2850541666666666,0
K06870.01,2.6593479776923,2.659418888,133.34556881575378,133.3208183,0.26190525,0.2910058333333333,0
K06871.01,2.3161065819741253,2.31610674,132.3418474390083,132.3383,0.12551249999999997,0.1394583333333333,0
K06873.01,0.9486839849506121,0.948683571,352.9384872549392,131.88901,0.06284999999999998,0.0698333333333333,0
K06874.01,1.6554458231106248,1.65546056,353.32131160107474,133.13661,0.1466666666666666,0.1466666666666666,0
K06875.01,1.655466989005404,1.655472351,121.53577592421937,133.126106,0.12729924999999997,0.2121654166666666,0
K06876.01,4.501327676026883,4.50279037,120.90363996077801,134.1343,0.39199999999999985,0.2799999999999999,0
K07000.01,1.7592667186445266,1.759276227,131.92485110123192,132.0750778,0.19974062499999987,0.1331604166666666,0
K07001.01,1.092076446351961,1.09206792,132.09841962907421,132.1066,0.0685833333333333,0.0685833333333333,0
K07004.01,1.6130302672910302,1.613014741,122.05864818154785,131.7482916,0.10989849999999997,0.1831641666666666,0
K07005.01,6.209356987269408,6.2089181,540.2435794229478,136.6828,0.12414999999999989,0.0954999999999999,0
K07006.01,0.7799595111746707,0.77996263,120.85415471849899,132.1472,0.1263375,0.140375,0
K07135.01,18.651733606544614,18.646323091,139.77442525921245,139.0920079,0.5533124999999999,0.3688749999999999,0
K07137.01,3.6673394886345436,3.6673005,133.12136116750696,133.1255,0.12648749999999992,0.1405416666666666,0
K07138.01,3.0447998835309398,3.044771557,123.3036474807466,132.436907,0.27648249999999996,0.4608041666666667,0
K07139.01,0.7731445460250284,0.773144492,170.29751090798348,131.6393074,0.10141074999999995,0.1690179166666666,0
K07140.01,2.665257098654601,2.66811113,133.94839261417223,133.5071,0.6559583333333332,0.9370833333333332,0
K07141.01,48.6407321939589,50.440285363,154.6733754657832,149.90838,0.25416875,0.5083375,0
K07142.01,3.255362270496455,3.255385289,132.51570988583117,132.498277,0.19832666666666662,0.2479083333333333,0
K07266.01,7.589483421041883,7.4185369,121.05549927864234,131.5282,0.08464166666666662,0.0604583333333333,0
K07267.01,15.680507958879506,15.68434493,133.04375708559698,133.03069,0.9263125,1.852625,0
K07268.01,5.357709214035336,5.357409918,123.56528643721587,131.637601,0.12500308333333332,0.1785758333333333,0
K07269.01,1.4010083523772061,1.400991827,121.24068857310118,132.453975,0.12199499999999999,0.203325,0
K07271.01,1.340634522107702,1.34062901,132.08241036307405,132.0803,0.1281666666666666,0.1281666666666666,0
K07273.01,7.448793092345365,7.448375935,133.83450850168435,137.694513,0.0883108333333333,0.1766216666666666,0
K07401.01,0.5450553988627097,0.533628226,120.87559492896996,132.00331,0.3367,0.2405,0
K07402.01,0.6781368012275839,0.678137665,132.1394926799764,132.138369,0.03357266666666664,0.0419658333333333,0
K07403.01,2.0694523506471314,2.069415479,132.63209075739096,132.645356,0.19064699999999993,0.2383087499999999,0
K07405.01,8.049527222902169,8.04963472,135.60330325599074,138.6541935,0.3502846666666666,0.2502033333333333,0
K07406.01,11.578485039204772,11.578946873,139.52141528655343,131.7977742,0.09661041666666664,0.1932208333333333,0
K07407.01,1.4725298471775279,1.47258471,132.94295511388543,132.92769,0.11922124999999997,0.1987020833333333,0
K07409.01,4.446550798106638,4.446459958,135.7171903719328,135.730111,0.09592499999999995,0.1065833333333333,0
K07536.01,8.207000323445897,8.207257515,133.64848860284275,135.8249178,0.1765979166666666,0.1765979166666666,0
K07537.01,532.3908312929013,498.68845,166.82513048861244,556.5161,0.37249999999999994,0.7449999999999999,0
K07538.01,1.2277709315551306,1.22775105,170.61245604179604,132.56346,0.06675,0.06675,0
K07541.01,7.214563582658665,7.214721393,136.0491039322394,132.498654,0.10837933333333324,0.0985266666666666,0
K06354.01,0.6645992062214678,0.62240698,121.20140191628113,131.68393,0.02964999999999996,0.0494166666666666,0
K06356.01,24.07873720121376,24.09002065,144.21920103308761,154.285323,0.6445483333333333,0.4603916666666666,0
K06357.01,4.415913620667097,4.4158933,132.9728747859753,132.9738,0.048125,0.048125,0
K06359.01,2.6669717111187,2.666961614,133.68514059962544,133.719065,0.14451499999999987,0.1032249999999999,0
K06488.01,1.1509141924747006,1.17430183,120.85852760836279,131.7601,0.5592416666666666,0.3994583333333333,0
K06490.01,15.040288494041585,15.039464523,144.08503650762327,144.137252,0.2024235,0.224915,0
K06491.01,3.694009557063001,3.693951168,131.7516987995502,133.61052,0.07511333333333328,0.0938916666666666,0
K06492.01,1.056850394647925,1.05680287,352.57663279556004,131.682,0.3353,0.2395,0
K06611.01,1.2161063667744385,1.21607873,132.4296616920577,132.4476,0.27334999999999987,0.1952499999999999,0
K06613.01,4.182348607401095,4.18224416,134.07410628266666,134.0885,0.18109583333333332,0.2587083333333333,0
K06614.01,0.6430030943439173,0.643002821,131.6900710968745,131.689685,0.034202666666666645,0.0427533333333333,0
K06615.01,1.9511843782601674,1.95119541,133.3997678141067,133.3951,0.07151249999999996,0.0794583333333333,0
K06616.01,49.72992443005059,53.220416998,122.01711139719424,138.5798799,0.3694666666666667,0.7389333333333333,0
K06747.01,0.7573330648586495,0.71538172,132.26199843277573,131.5505,0.10416666666666664,0.2083333333333333,0
K06748.01,2.2643996298721203,2.264471713,131.53631711845645,131.518805,0.1795075,0.2991791666666666,0
K06749.01,18.360511138085776,18.3602239,367.2589985920118,143.4753,0.07839999999999993,0.0979999999999999,0
K06877.01,281.50748441564286,281.509095,171.40173243843776,171.52715,1.8774708333333332,1.7067916666666667,0
K06879.01,3.258306507642842,3.258249472,134.58723293659384,134.59656,0.09884250000000001,0.109825,0
K06880.01,589.8924106164505,552.8295063,717.5124137155268,484.260879,0.8712762500000001,0.6702125,0
K06881.01,0.7735890855917613,0.773595312,132.0945344007569,132.08776,0.03579583333333326,0.0325416666666666,0
K06883.01,495.19235448359063,533.6593,281.17655009479984,375.228,0.266875,0.53375,0
K06885.01,44.76165284355377,44.827323809,130.02983992779625,173.4103489,0.40022674999999996,0.28587625,0
K07008.01,7.535889665283524,7.535894184,134.02175852648494,137.781231,0.2768633333333333,0.3460791666666666,0
K07009.01,0.5623529283715893,0.562498925,131.793621498528,131.750623,0.039334166666666615,0.0280958333333333,0
K07010.01,0.7550506941855974,0.755049082,120.86685427027089,132.1942347,0.06988099999999992,0.0873512499999999,0
K07011.01,1.0126482550422153,1.012694226,1001.3488628033374,132.44896,0.10504958333333331,0.1500708333333333,0
K07012.01,10.602771345790986,10.303356001,139.9181687021361,137.1682892,0.32425954166666654,0.2494304166666666,0
K07013.01,2.2140074000857406,2.214029545,122.10243780609622,133.1692046,0.21159899999999993,0.2351099999999999,0
K07014.01,2.441992305402472,2.441988077,122.36360183829245,132.1323834,0.1643858333333333,0.1643858333333333,0
K07015.01,2.4420472173675467,2.44200193,132.10864531611765,132.1295,0.1310833333333333,0.1310833333333333,0
K07016.01,392.0081959083858,384.847556,296.8861385570948,314.97,0.5399874999999998,0.4153749999999999,1
K07143.01,2.1312530348689678,2.131225773,133.28549887395639,133.29978,0.1602183333333333,0.2288833333333333,0
K07145.01,1.218386603086742,1.219736039,1472.688448159701,132.12417,0.163155,0.20394375,0
K07146.01,2.015089759615368,2.015152464,132.14307964531747,132.1127635,0.20449924999999997,0.3408320833333333,0
K07147.01,0.82820170863369,0.82820657,131.5856257445794,131.581313,0.0788529583333333,0.1126470833333333,0
K07149.01,2.537028221773157,2.537081943,122.60237377545586,134.005172,0.1402633749999999,0.2003762499999999,0
K07150.01,14.44676327573066,14.443127448,124.01168441217403,139.3903174,0.4862654999999998,0.3473324999999999,0
K07151.01,5.613786643877455,5.61386908,135.3737087107814,132.572901,0.21156375,0.21156375,0
K07274.01,9.081477168574276,9.080194398,133.5928788663561,136.8170208,0.4776199166666666,0.3411570833333333,0
K07275.01,9.93291532555563,9.93442075,138.60041031306093,132.874989,0.1955475,0.3259125,0
K07276.01,2.071899824401872,2.071939672,122.48692376869053,132.8368962,0.1855695833333333,0.1855695833333333,0
K07277.01,8.588736159014859,8.5893644,132.10750376315437,132.0467,0.23249999999999993,0.2906249999999999,0
K07278.01,8.590317252767893,8.589644815,127.56055054131316,132.0206787,0.4747345,0.3956120833333333,0
K07280.01,1.0096799294330456,1.009671584,131.58540811831207,131.5869372,0.10943974999999997,0.1823995833333333,0
K07410.01,1.2605684760146039,1.260575815,132.06296234961798,132.0569049,0.088524,0.09836,0
K07411.01,1.8891403203785109,1.88912273,132.95354174733276,132.953,0.14063333333333328,0.1757916666666666,0
K07412.01,0.6091264862936655,0.609125246,352.58327427417083,132.08281,0.03274999999999992,0.0272916666666666,0
K07413.01,1.5665453331709984,1.566528935,132.53031898594438,132.537255,0.12222374999999994,0.1358041666666666,0
K07414.01,4.528438939491753,4.52977632,134.24257748023325,136.1237,1.226133333333333,1.1146666666666665,0
K04298.02,11.578930185061372,11.57958162,135.55723515396448,135.5195336,0.07204166666666663,0.1029166666666666,0
K06360.01,15.582404022852428,15.582794732,143.92003887080472,135.112903,0.17264637499999996,0.15695125,0
K06361.01,1.5296497007880232,1.529283907,121.94044876297197,131.4176092,0.87546875,0.5836458333333333,0
K06362.01,2.908446409617545,2.908454772,133.77213185295327,132.315694,0.07584791666666663,0.1083541666666666,0
K06363.01,1.5404070423150749,1.540396094,131.9919777109472,131.996172,0.10516499999999991,0.1168499999999999,0
K06364.01,1.5403880984891598,1.540395674,121.98708651990533,131.9963513,0.08171566666666662,0.1167366666666666,0
K06365.01,2.3294371954758595,2.344138713,122.2221559031943,131.57589,0.02622083333333324,0.0187291666666666,0
K06366.01,0.9184719506832079,0.91849333,120.84905342322476,131.8481,0.10995416666666663,0.0999583333333333,0
K06367.01,1.3410907771140752,1.341078755,131.83463022753435,131.8392432,0.11272683333333332,0.1610383333333333,0
K07604.01,343.345987095042,316.950146,1215.8284230229951,280.9211479,0.11104166666666665,0.2220833333333333,0
K07605.01,530.7736590000001,589.74851,633.9988477643682,241.6495,0.3715833333333333,0.5308333333333333,0
K07606.01,257.48089567141204,235.2976173,122.16993858770809,219.44696,2.537879166666667,3.625541666666667,0
K07608.01,7.454882437996949,7.4539297,122.25656525833972,137.33196,0.7104999999999999,0.5920833333333333,0
K07609.01,37.17270317976922,36.136968,168.5202766198765,137.0578,0.32125000000000004,0.6425,0
K07610.01,0.9337776018341665,0.933746709,121.2114909242569,132.4539,0.143125,0.143125,0
K07611.01,0.9337684910275009,0.93376738,132.43695377168098,132.4404,0.18498333333333328,0.1681666666666666,0
K07612.01,0.933755063460142,0.93374073,132.43392168152906,131.5337,0.1432,0.179,0
K07613.01,0.9337284444690873,0.93369659,352.85117876044524,131.5867,0.1851666666666666,0.1851666666666666,0
K07614.01,0.9338013796982005,0.9337473,132.4166448150422,132.4461,0.21537499999999996,0.1435833333333333,0
K07615.01,646.4457119859801,677.35794,627.1784885821676,234.634,0.36367499999999997,0.4040833333333333,0
K07616.01,3.9138547713939946,4.0551242,120.73853492948838,134.6871,0.35000000000000003,0.5,0
K07618.01,22.154754897574755,21.6817115,138.03353295911901,137.009,0.1495833333333333,0.2991666666666666,0
K07619.01,518.8232150153025,466.08101,631.0584427639674,166.4321,0.49354166666666655,0.9870833333333332,0
K07620.01,0.7237577761030366,0.66573903,120.69499195332381,131.6585795,0.07408333333333324,0.0529166666666666,0
K04676.02,3.3637861455121882,3.36379289,132.89451371205388,132.9065,0.5925,0.9875,0
K05801.02,0.93376424703283,0.93373761,132.4341617886502,131.53,0.1513875,0.137625,0
K05900.02,0.687739503565003,0.687739345,131.74257315530272,131.73999,0.01088499999999986,0.0077749999999999,0
K06117.01,9.52202395390106,9.524076544,134.94352903714866,134.803805,0.2622275,0.4370458333333333,0
K06140.01,11.667306556488882,11.637858887,138.3217301787443,136.885517,0.7428187499999999,0.4952124999999999,0
K06751.02,0.69833371856473,0.698359996,131.70626445065201,131.7023,0.04363041666666662,0.0623291666666666,0
K07542.01,574.4094391800721,563.94854,145.51526782345593,145.5541,0.5210333333333332,0.6512916666666666,0
K07543.01,1.0557140509368648,0.98376204,121.4813218540452,132.28418,0.62825,0.4188333333333333,0
K07545.01,33.7020616709086,33.65766894,144.41655124361253,178.48518,0.8497291666666666,1.6994583333333333,0
K07547.01,0.8929878992234791,0.892988877,120.84422747161935,131.56303,0.09160499999999996,0.1017833333333333,0
K07548.01,0.7058269023878665,0.705816203,352.8479050095723,131.94499,0.32374999999999987,0.2312499999999999,0
K07549.01,337.064832,374.51648,325.1359864344222,430.92524,0.1268333333333333,0.2536666666666666,0
K07550.01,1.7609594398563033,1.7609276,131.95543710456536,132.30263,0.30269166666666664,0.2162083333333333,0
K07551.01,297.66959953106567,321.24194284,392.1586988460869,451.2907139,0.25399999999999995,0.4233333333333333,0
K07552.01,1.4625983203697341,1.463148937,120.95271045020787,132.34802,0.6439999999999999,0.4599999999999999,0
K07553.01,356.5420426312152,374.514471,402.0997158669003,430.92258,0.24858749999999993,0.2762083333333333,0
K07556.01,1.1372323067712553,1.25383162,121.32336368451833,132.6237,0.44799999999999984,0.3199999999999999,0
K07557.01,12.827344619311049,12.82252496,124.26010866851769,137.3868282,0.7050000000000001,0.7833333333333333,0
K07560.01,0.6487684589797467,0.648772102,120.71939285398429,131.74503,0.1089166666666666,0.1089166666666666,0
K07561.01,0.9635904385282933,0.96391996,131.89517831641257,132.3687769,0.17558333333333323,0.1254166666666666,0
K07563.01,0.8504732294147113,0.93705132,121.00931100918673,132.0238,0.2003333333333333,0.2003333333333333,0
K07564.01,454.6748131365794,451.86579,284.5920348394034,254.8061,0.449,0.56125,0
K07565.01,495.68897531061566,491.52571,568.2459577486575,248.9249,0.7250833333333332,0.5179166666666666,0
K07566.01,382.38926234111307,411.54039644,183.75474935816453,185.353922,0.3610416666666666,0.7220833333333332,0
K07568.01,463.886036713246,480.03759,256.6377047081187,318.4745,0.6770833333333333,0.6770833333333333,0
K07569.01,0.8824188874004648,0.87985197,169.9794209234238,131.7662713,0.0812499999999999,0.0541666666666666,0
K07570.01,0.5926255567003175,0.592618966,132.08551029518614,132.09892,0.0337916666666666,0.0337916666666666,0
K07571.01,0.4970364447147343,0.532854237,131.60624336484628,131.93754,0.18847499999999998,0.134625,0
K07573.01,0.5667976165115983,0.566802672,131.85955350200095,131.81511,0.20679166666666662,0.1477083333333333,0
K07574.01,0.5667782675764251,0.566796331,352.9380946298582,131.8335,0.23805833333333326,0.2164166666666666,0
K07575.01,0.5668090492596486,0.566785459,131.8017274075206,131.82998,0.1567041666666666,0.1205416666666666,0
K07576.01,0.5668042894884394,0.566792936,131.8266543816882,131.8166,0.16601666666666662,0.1185833333333333,0
K07577.01,0.5668023770580662,0.5668004,352.87369202104014,131.81997,0.158875,0.158875,0
K07578.01,0.5667731476845419,0.566793614,120.8559058136744,131.65376,0.3338416666666666,0.2384583333333333,0
K07579.01,0.5667824968278555,0.566798676,169.8464642716639,131.81422,0.16199166666666662,0.1157083333333333,0
K07580.01,0.566787980978574,0.5667638,352.86921985419394,131.8674,0.10091666666666663,0.0720833333333333,0
K07581.01,41.05182376001505,38.51077573,139.31903410523262,155.594831,0.8094958333333333,1.6189916666666666,0
K07582.01,4.48849163200632,4.23965309,907.5383664834353,132.9703967,0.06854166666666665,0.1370833333333333,0
K07583.01,0.5779133969726102,0.577910513,352.55611694261245,131.79797,0.051075,0.05675,0
K07584.01,0.5667859575094796,0.566807725,131.84988202754758,131.7888,0.13499999999999998,0.09,0
K07585.01,0.5668131371982372,0.566807422,121.06458911611388,131.81547,0.23594999999999988,0.2144999999999999,0
K07586.01,1.2724250074504162,1.345078434,120.9218106475054,132.04218,0.5944166666666667,0.4245833333333333,0
K07588.01,500.95942670461466,439.1076969,807.7444772443796,222.7449,0.9834712499999999,1.0927458333333333,0
K07590.01,0.5942997654192738,0.594003994,131.92856852853797,132.07059,0.3473124999999999,0.2315416666666666,0
K07594.01,2.088081687481131,2.08802799,122.08962195151446,132.08475,1.4009916666666666,1.0007083333333333,0
K07595.01,10.425736101728539,10.4212788,129.97348643919779,140.6517,0.5934,1.1868,0
K07597.01,0.7786381787592056,0.778705577,120.80688063003831,131.64448,0.37595833333333334,0.2685416666666667,0
K07598.01,4.447260193255104,4.44709107,124.98182083322641,133.9044,0.4197499999999999,0.6995833333333332,0
K07599.01,275.2337890545027,293.70696,373.79093816540905,350.5928,0.36766666666666664,0.4595833333333333,0
K02459.01,26.52565495721913,27.795762425,145.69311176863872,136.179877,0.3230333333333333,0.6460666666666666,0
K02937.01,19.143676466929286,20.733748565,136.17539503036522,132.8465918,0.36678425,0.26198875,0
K02938.01,24.23456851805997,24.238241803,136.59801368893145,136.6165689,0.26041562499999993,0.1736104166666666,0
K02939.01,11.260731654109007,11.258825027,129.6098439181127,134.7384085,0.18664999999999993,0.3732999999999999,0
K03152.01,28.160627377828817,28.162612575,159.46905981627395,143.7174718,0.10652533333333328,0.1331566666666666,0
K03153.01,82.62203033556109,75.378956896,150.0486167911608,167.1066034,0.288882,0.32098,0
K07600.01,3.759351661574366,3.9169155,122.36311984216319,132.2130377,0.12308333333333324,0.0879166666666666,0
K07601.01,394.8683879212873,342.55315723,286.603602580484,337.516722,1.8451699999999998,3.075283333333333,0
K07602.01,398.6751411336333,362.747593,363.4845905472096,368.2357,0.4112499999999999,0.6854166666666666,0
K07603.01,0.536653568076415,0.536650344,131.69772209182193,131.7073,0.11991666666666662,0.1199166666666666,0
K07911.01,295.24365,328.0485,447.3433503822307,301.5126,0.34375,0.5729166666666666,0
K07914.01,1.7213191906154004,1.72128752,132.52777165969079,132.5489,0.07886666666666664,0.0985833333333333,0
K07916.01,0.7842956506816675,0.784294574,132.2277272952739,132.2265109,0.10470774999999996,0.1745129166666666,0
K07909.01,361.18692758115566,361.51099,257.54283513069356,249.7333,0.28396666666666665,0.2028333333333333,0
K07917.01,1.4143926942347278,1.41435861,132.6783418289964,132.69838,0.10472916666666662,0.0952083333333333,0
K07906.01,0.6163428026858705,0.616343903,120.99477594571597,132.086508,0.035089999999999996,0.0319,0
K07921.01,342.72845464620826,364.33929,248.16635936992927,183.3173,0.33714999999999995,0.5619166666666666,0
K07907.01,352.7274429176502,352.710091,553.5152939256297,251.1931,0.1208749999999999,0.1208749999999999,0
K07900.01,34.79682992418963,33.8938177,144.60221286873804,135.3496,0.06706666666666664,0.0838333333333333,0
K07912.01,218.64708690214064,224.591055,170.1230268306407,208.7904,0.10773333333333328,0.1346666666666666,0
K07904.01,357.6103225727451,374.93999098,208.4655475066104,137.9851608,0.35593541666666667,0.7118708333333333,0
K07913.01,21.957625017810596,24.2783801,146.050804237731,154.51325,0.26623333333333327,0.1901666666666666,1
K07910.01,11.929601287009104,11.9283194,142.04907271137998,142.127,0.139375,0.27875,0
K07902.01,0.6033535908705067,0.603351522,121.12541257488964,131.98902,0.04178999999999988,0.0348249999999999,0
K07919.01,31.889620385824433,31.97280045,360.1556273495245,261.76713,0.1020833333333333,0.2041666666666666,0
K07899.01,8.391551277861712,8.39140024,139.01020755765018,139.02864,0.044737499999999965,0.0497083333333333,0
K07908.01,0.5320108223981581,0.532493086,120.83784883833124,131.90244,0.1340625,0.089375,0
K07922.01,0.8126790012653213,0.812678859,120.83179390200351,132.20817,0.02803333333333328,0.0350416666666666,0
K08199.01,165.4526286,183.836254,275.75275325820445,149.3728,0.38173333333333326,0.5453333333333332,0
K08200.01,5.959724170641828,5.959695593,135.26898658752535,135.2739557,0.06893624999999996,0.0765958333333333,0
K08202.01,407.3868540000001,452.65206,178.28618946866743,495.317,0.6623333333333333,0.8279166666666666,0
K08203.01,218.06787225451166,234.66319186,238.591855824267,166.0293811,0.25423333333333326,0.3177916666666666,0
K08204.01,316.0844937,351.204993,185.03452551325216,184.9276,0.46695833333333336,0.9339166666666668,0
K07993.01,3.4683944135277187,3.381607,121.06750966575828,132.92656,0.38134999999999986,0.3177916666666666,0
K07994.01,0.6606518363402878,0.660655454,170.00186323059688,131.6909,0.1481458333333333,0.2962916666666666,0
K07995.01,148.22161792546444,145.750554,141.1585252607885,199.6247,0.2916458333333333,0.5832916666666667,0
K07996.01,2.178150457208805,2.17813954,121.13646585768538,132.02972,0.07736249999999997,0.0859583333333333,0
K08097.01,425.77724278071327,384.09781,472.88008902412054,418.6723,0.36604166666666665,0.5229166666666667,0
K08098.01,0.5053250279035408,0.505322676,352.8695037862148,131.542732,0.10984791666666666,0.2196958333333333,0
K08099.01,318.39017183846113,333.71634048,312.5580055195142,336.7917544,0.2813766666666666,0.2009833333333333,0
K08100.01,308.3675126287484,322.50741,277.5983213459607,350.3646,0.43099999999999994,0.8619999999999999,0
K08101.01,407.08557368486714,373.8716,491.9683578214122,186.6688,0.34958333333333336,0.6991666666666667,0
K08102.01,161.6154614513611,171.046664,142.8312384710793,293.02637,0.13205833333333328,0.1015833333333333,0
K08103.01,0.799258553393062,0.799868354,131.99419196931592,131.997209,0.38575833333333337,0.2755416666666667,0
K08206.01,371.0828746747453,345.7671,269.62935042250535,320.3812,0.7049166666666667,0.6408333333333334,0
K08207.01,352.1666313977295,350.34114,184.72012636156947,184.81,0.42425,0.7070833333333333,0
K08208.01,330.5941549485232,363.97165,260.0680402496621,198.9835,0.213825,0.2375833333333333,0
K08208.02,423.8991303571102,395.23753,183.9498944163288,186.536,0.4623499999999999,0.7705833333333333,0
K08209.01,395.7190319980099,385.97241,268.9258088266864,315.6247,0.304175,0.5069583333333333,0
K08210.01,97.54117561377856,89.667675,203.93867542409748,183.036,0.170775,0.15525,0
K07997.01,333.0834945436206,321.02094,427.6537037084673,179.7137,0.3129166666666666,0.3129166666666666,0
K07999.01,1.2137597147024841,1.213742728,120.80160251482427,131.74123,0.1498333333333333,0.1498333333333333,0
K08002.01,366.93098467360784,366.74866,239.37746053111744,308.3136,0.25929166666666664,0.5185833333333333,0
K08003.01,0.933683123259714,0.93374894,169.88093081618166,131.526,0.2125291666666666,0.1932083333333333,0
K08004.01,0.7345600196341787,0.734548624,121.12809123912099,132.16826,0.10115416666666663,0.0919583333333333,0
K08104.01,298.35481222613805,317.99484,135.21305824469442,393.0306,0.3336666666666666,0.3033333333333333,0
K08105.01,436.9591347705306,432.96732,280.8585339272352,173.2686,0.22604166666666664,0.4520833333333333,0
K08106.01,649.6400273664703,614.39054,724.0731069705727,332.5045,0.42679999999999985,0.3879999999999999,0
K08108.01,238.55013364336492,238.561202,273.2212303772386,273.2378,0.3470833333333333,0.4958333333333333,0
K08110.01,415.9306104062272,375.17737,727.6564006109255,260.4516,0.5129999999999999,0.855,0
K08212.01,379.4410795426912,334.87402,422.3472475681647,426.2844,0.7379166666666666,1.475833333333333,0
K08213.01,373.6115140472574,370.2402,258.3773185470298,307.3322,0.6554166666666666,1.3108333333333333,0
K08214.01,1.6749753005340522,1.6749812,121.74274223986825,131.79288,0.12407083333333326,0.1127916666666666,0
K08215.01,259.8106986,288.678554,261.1950090885736,143.8403,0.5364916666666665,0.3832083333333332,0
K08216.01,314.05185934358144,307.94735718,806.219842700455,316.0192261,0.875,0.625,0
K08218.01,238.17288600000003,264.63654,368.79633204759114,190.9169,0.8910416666666667,1.7820833333333337,0
K08005.01,350.9349961096529,375.408923,413.42363230265164,364.4869,0.428925,0.4765833333333333,0
K08006.01,2.1781527482752714,2.17812769,132.02634724252275,132.02922,0.06168749999999994,0.0685416666666666,0
K08008.01,0.9337856219820159,0.93378068,132.39998697612816,132.4123,0.1544166666666666,0.1544166666666666,0
K08009.01,0.9338623873319679,0.93373895,132.34328196007064,132.4707,0.19048333333333328,0.1731666666666666,0
K08010.01,0.933733758001531,0.93373718,131.51970106860946,132.4634,0.07530833333333331,0.1075833333333333,0
K08112.01,213.4692717764087,213.201978,321.6531542352616,309.9395,0.5132,0.6415,0
K08113.01,72.50987185400724,77.773042,128.33199243998936,168.8387,0.09520833333333328,0.0952083333333333,0
K08114.01,387.0421583755389,381.782641,398.2271715125524,241.1226,0.2448333333333333,0.1883333333333333,0
K08115.01,325.63260461170233,354.7897,243.29474980147296,434.394,0.7361666666666666,0.5258333333333333,0
K08116.01,253.80550858627814,235.544698,380.101737572883,191.2774,0.18604166666666666,0.3720833333333333,0
K08219.01,127.16887556174946,115.28415,911.3980029508893,219.612,0.6169583333333333,0.4745833333333333,0
K08220.01,471.25738482329376,423.73074,397.8767869859321,548.9392,0.485,0.8083333333333332,0
K08222.01,653.0577314987917,677.56282,373.9152677391856,214.2391,0.26325,0.43875,0
K08224.01,348.372452072082,371.21205,375.24993010314876,307.6693,0.41562499999999997,0.8312499999999999,0
K08225.01,190.0287949350893,190.783023,320.5932971482651,213.6601,0.23735833333333323,0.1695416666666666,0
K08013.01,0.8481686632129378,0.85581563,735.7478108525968,132.1452541,0.5990833333333332,0.4279166666666666,0
K08014.01,0.9337381383113544,0.9337491,352.8217337238337,132.449,0.1600833333333333,0.1600833333333333,0
K08015.01,0.9337500386707016,0.93374417,132.44295317855173,132.44559,0.12693749999999993,0.1410416666666666,0
K08016.01,0.9337875998957063,0.93374635,132.37023787615624,131.5163,0.17931666666666662,0.1280833333333333,0
K08017.01,0.9337201552996783,0.9337465,352.8360199630681,131.5267,0.16632916666666664,0.1512083333333333,0
K08018.01,0.9337575022931557,0.93371631,132.44422307164442,131.5435,0.19909999999999997,0.181,0
K08118.01,280.2396217564274,260.02265,202.891016371284,329.8262,0.5504125,0.500375,0
K08119.01,471.80878765889184,443.66,180.7632293915423,523.348,0.4327916666666665,0.3329166666666666,0
K08120.01,390.2945602100694,366.28999,445.4315900000554,460.2423,0.5887374999999999,0.4528749999999999,0
K08121.01,76.89019001324918,72.6549842,143.412482813701,170.59195,0.32100833333333323,0.2292916666666666,0
K08123.01,420.3934362880787,379.42818,384.8574502770914,358.9906,0.6088333333333333,0.4683333333333333,0
K08124.01,100.84960933609564,103.039788,388.51063870374344,164.9409,0.8281583333333332,0.5915416666666666,0
K08226.01,401.3547425858528,371.90464,325.8860325128064,308.9957,0.7396666666666666,1.0566666666666666,0
K08227.01,389.12644664978944,362.85801,126.46383387890914,152.6104,0.35479166666666667,0.7095833333333333,0
K08228.01,373.1592156287378,384.558321,172.12118044107103,160.73276,0.15866666666666665,0.1983333333333333,0
K08229.01,389.845096455361,397.72733,308.75290893435465,264.7499,0.3894333333333333,0.4867916666666666,0
K08230.01,553.7136858441784,504.88419,230.43636058011316,357.6471,0.5045,0.8408333333333333,0
K08231.01,380.33683231575276,384.92275,327.01209155414205,238.6778,0.24949999999999994,0.4158333333333333,0
K08019.01,0.9337456583465409,0.93376131,132.4410165411999,132.4342,0.1561249999999999,0.1561249999999999,0
K08020.01,0.9337972550932367,0.93377253,132.39717139293546,132.429,0.1484,0.106,0
K08021.01,0.9338406976231086,0.93376021,132.3539734691322,132.4413,0.18561666666666662,0.1325833333333333,0
K08022.01,0.9337670635562856,0.93372008,132.41892044938928,131.544,0.15114166666666662,0.1079583333333333,0
K08023.01,0.9337336717702315,0.93373591,131.51937539152672,132.46,0.15056666666666665,0.1882083333333333,0
K08024.01,0.9338025461111477,0.93374911,132.4026665706636,132.4534,0.18979999999999997,0.146,0
K08025.01,0.9337861634584992,0.93372261,132.389512560505,131.5423,0.17803333333333324,0.1271666666666666,0
K08125.01,328.3029895525178,312.61007,352.00408146339817,325.3776,0.30937499999999996,0.6187499999999999,0
K08126.01,400.34989986808984,429.60143,265.56425183521526,269.5261,0.5282083333333333,0.7545833333333333,0
K08127.01,478.0597080088277,499.88159,155.11262286746944,319.3109,0.2789583333333333,0.5579166666666666,0
K08128.01,215.61501719655726,197.37704,283.16048593269977,306.7686,0.5457083333333332,0.7795833333333333,0
K08129.01,1.6574394148721172,1.65746034,131.7024703702803,131.6967,0.17145000000000002,0.1905,0
K08130.01,0.566801594020375,0.566799395,169.76851821633628,131.79717,0.0640333333333333,0.0640333333333333,0
K08131.01,217.53858947038879,203.8406,131.73536879573302,250.6264,0.505375,0.38875,0
K08233.01,14.394006369198744,14.395425,141.04798711185134,140.977,0.19199999999999995,0.2133333333333333,0
K08234.01,221.03774584635218,231.157554,264.28559897617004,346.94896,0.212225,0.3537083333333333,0
K08235.01,467.0195295176847,495.06538,321.14591228463985,245.567,0.6151249999999999,0.8787499999999999,0
K08236.01,642.1688793994832,595.78152,152.3458903182384,363.7685,0.8650416666666667,0.6654166666666667,0
K08237.01,329.1386607,365.709623,230.33603135084462,183.4903,0.33882500000000004,0.5647083333333334,0
K08239.01,666.8491426638378,655.25732,150.81016078789136,185.9927,0.41770833333333335,0.8354166666666667,0
K08027.01,0.5739330301343908,0.573762943,132.06535538565558,131.80193,0.1281,0.0915,0
K08028.01,1.0729351176340056,1.072934147,132.29068749674113,132.293066,0.11261874999999996,0.1876979166666666,0
K08029.01,2.6185145928609304,2.61854596,133.9953438802876,133.9991,0.18247499999999992,0.2027499999999999,0
K08030.01,13.015519420791344,13.667809025,134.04313069633145,134.6559996,0.15162875,0.1166375,0
K08032.01,1.10512400434049,1.105123883,132.51853853390526,132.51976,0.11253749999999994,0.1250416666666666,0
K08132.01,409.2040126456479,381.85852,395.9055556625959,458.813,0.7388791666666665,0.6717083333333332,0
K08133.01,441.42591550594034,455.77076435,367.4817737784742,338.7923743,0.17049666666666663,0.2131208333333333,0
K08134.01,221.78902074582712,212.760495,293.1993970709161,254.4527,0.1542916666666666,0.1542916666666666,0
K08135.01,72.39529060653068,73.836858,131.7148820186949,174.0088,0.410875,0.82175,0
K08136.01,149.92100818767543,160.243128,231.1258845964864,162.4736,0.13482499999999997,0.2247083333333333,0
K08137.01,398.5725171137811,402.41511,508.68449634068804,512.3896,0.3007666666666666,0.2148333333333333,0
K08138.01,364.2769857034796,369.28177,231.9388940931463,233.4368,0.5616666666666666,1.1233333333333333,0
K08240.01,416.21723009999994,462.463589,148.89043705657528,583.10723,0.29207499999999986,0.2086249999999999,0
K08243.01,0.9393690359176341,0.939375593,132.02156052926873,132.016859,0.07105999999999997,0.1184333333333333,0
K08244.01,31.18826040234341,31.1911468,142.57175798430256,142.5078,0.2334333333333333,0.2917916666666666,0
K08245.01,32.2199460929475,30.9587224,131.8615617603844,263.3166,0.25730833333333325,0.1837916666666666,0
K08034.01,9.14467742007011,9.1447861,358.7571271130958,139.2816,0.18073333333333327,0.2259166666666666,0
K08036.01,0.7864728700904198,0.786483923,120.84625960542547,131.84261,0.17587499999999995,0.2931249999999999,0
K08038.01,0.8879777140623848,0.9438885,120.63601888194155,132.2865,0.1512,0.108,0
K08139.01,36.220343400000004,40.244826,1305.813988259452,161.3679,0.23307916666666656,0.1792916666666666,0
K08140.01,129.90080098842031,135.428746,168.89879422169005,168.5064,0.24646666666666667,0.3080833333333333,0
K08141.01,420.0156759397891,380.03903,170.9018464487997,387.6494,0.4624999999999999,0.7708333333333333,0
K08142.01,364.8945502504296,380.294204,399.0142174841636,355.6712,0.5660875,0.514625,0
K08143.01,413.572347290582,373.74691,382.64604778921176,259.9281,1.5367083333333333,1.1820833333333334,0
K08144.01,354.09899435074226,315.81065,245.72088887202221,172.543,0.49291666666666667,0.9858333333333332,0
K08145.01,16.932136220475293,16.9341628,366.1870467634936,145.9902,0.1969999999999999,0.1641666666666666,0
K08145.02,224.42582507613199,244.58323,424.17353426349354,159.3552,0.26712499999999995,0.5342499999999999,0
K08247.01,548.5596556396473,527.68601,176.61158153306798,176.6176,0.18063749999999995,0.2007083333333333,0
K08248.01,251.30080826571418,267.911652,552.1703613895202,160.2278,0.08591666666666666,0.1718333333333333,0
K08250.01,99.29654479413308,99.299502,138.72114209452533,138.7153,0.16642083333333327,0.1512916666666666,0
K08251.01,398.42863379136674,371.47786,527.5978988120553,341.9634,0.35874999999999996,0.5125,0
K08252.01,1.99628384608753,1.99638423,131.59722561983742,131.5598,0.14999999999999986,0.0999999999999999,0
K07926.01,36.47918265260786,29.3657204,909.5033927140364,135.07289,0.18188125,0.3637625,0
K07927.01,1.0353324746129264,1.035329922,131.81265352531935,132.3319,0.07921249999999994,0.1584249999999999,0
K07929.01,3.0445777137894257,3.04463691,132.45504104482242,132.4477,0.2773333333333333,0.2773333333333333,0
K08041.01,7.507872317236526,7.508818,138.7158707786332,138.655,0.16249999999999998,0.2708333333333333,0
K08042.01,420.1811163979878,383.937324,395.53430038143136,299.28884,0.1562166666666666,0.1201666666666666,0
K08044.01,0.6567638246141495,0.619618218,131.7100056131189,131.7585541,0.06780041666666659,0.0521541666666666,0
K08045.01,4.0459411350971655,4.17363793,122.1755155161933,134.20036,0.15971666666666662,0.1140833333333333,0
K08146.01,184.03588524205566,185.83013,295.9286484128328,295.002,0.21125,0.4225,0
K08147.01,333.22397977742696,363.346158,437.50858618990327,175.9438,0.2660124999999998,0.2046249999999999,0
K08148.01,319.50016093840344,303.91225,349.1577035855431,277.1238,0.44829166666666664,0.6404166666666666,0
K08149.01,571.8186741019696,536.52197,130.15235636963328,379.6146,0.204325,0.18575,0
K08150.01,371.4131688155779,350.514,169.14826237111703,210.8168,0.406875,0.81375,0
K08151.01,483.8334754582993,431.51734,504.3914594189508,391.69732,0.34208333333333335,0.6841666666666667,0
K08254.01,0.6381174359532129,0.638697833,907.1781853881838,131.7556646,0.15052625,0.2150375,0
K08255.01,485.2928331,539.214259,493.4279449356552,439.5039,0.1443333333333333,0.1443333333333333,0
K08256.01,338.27126940245705,343.56446,219.74095183058557,203.9865,0.4735,0.7891666666666667,0
K08258.01,53.54892474601159,54.432903,145.35835925837458,154.9178,0.11846666666666664,0.1480833333333333,0
K08260.01,228.195243996454,235.20613,275.90831773969944,291.0893,0.14560416666666665,0.2912083333333333,0
K07933.01,20.006142416935624,20.004714,139.00278531841985,139.0639,0.1476,0.123,0
K07935.01,359.88551319944503,350.65158,406.8839794206687,208.7904,0.16616666666666666,0.3323333333333333,0
K07937.01,4.1859164399818445,4.18587282,132.41073487319719,132.41733,0.06659999999999991,0.0832499999999999,0
K07939.01,2.17814832547808,2.178142613,132.03522736323006,132.03328,0.04529999999999999,0.03775,0
K08049.01,420.8424537900101,391.420272,398.02687597533304,470.44301,0.1919999999999999,0.1599999999999999,0
K08051.01,197.90615816674892,185.243906,236.6236541168182,177.2769,0.09554999999999993,0.1364999999999999,0
K08152.01,288.5455336744621,261.684363,247.41283218299762,247.3986,0.2108166666666666,0.1621666666666666,0
K08153.01,0.8081018056366185,0.808106001,353.1157295915186,131.69026,0.097935,0.163225,0
K08154.01,394.18872327190775,391.33068,262.9179144936888,186.7266,0.7215833333333334,0.5154166666666666,0
K08155.01,327.9913882563816,320.56794551,642.3757214702816,279.6247569,0.5120466666666666,0.6400583333333333,0
K08158.01,125.40625632760796,116.025744,193.1468361249389,206.39348,0.2064416666666666,0.1474583333333333,0
K08261.01,85.98093447277115,85.9770426,417.2149446306537,159.3127,0.04797499999999998,0.0799583333333333,0
K08262.01,386.324203891574,370.94353,326.0272966725868,261.1772,0.4853333333333333,0.6933333333333334,0
K08264.01,28.44076527419024,30.6261927,176.34087960033594,157.94613,0.032287500000000004,0.046125,0
K08265.01,373.6998546319947,364.42189,291.8595027407039,303.9267,0.7945833333333332,1.5891666666666666,0
K08266.01,484.2264314084726,440.584562,247.23240576038975,564.12806,0.48280833333333334,0.4389166666666667,0
K08267.01,246.36433549025668,269.331027,573.898142713045,232.6164,0.2037916666666666,0.2037916666666666,0
K07942.01,25.344093577206046,25.3428696,132.6351803944537,132.6844,0.0817916666666666,0.0629166666666666,0
K07943.01,0.6623552674760976,0.66234265,907.3075874364041,131.714,0.052449999999999955,0.0437083333333333,0
K07944.01,0.5366568530671713,0.536654028,131.7031835411507,131.70663,0.1159583333333333,0.1159583333333333,0
K07945.01,1.0891062065642914,1.08908149,353.0852854842129,132.0192,0.0754,0.09425,0
K07946.01,78.23319015751436,77.97621155,183.5246645074978,175.35495,0.11666666666666661,0.0833333333333333,0
K07947.01,0.6096814129779717,0.609668222,907.4333371680209,131.934,0.14179999999999993,0.1181666666666666,0
K07948.01,3.556497897094222,3.55650403,133.54186122070513,133.5416,0.25732499999999997,0.2859166666666666,0
K08056.01,0.5276764484538065,0.527673051,131.81776584273507,131.82042,0.06116249999999997,0.0679583333333333,0
K08057.01,123.32003183544018,117.140785,125.5763122312069,245.0828,0.17004999999999998,0.1417083333333333,0
K08058.01,0.5902856762341732,0.590281548,121.06045860608285,131.69127,0.09066666666666665,0.1133333333333333,0
K08059.01,4.565262499343551,4.5647147,133.01887930970196,133.0763,0.5023125,0.558125,0
K08060.01,363.3941387464312,372.086704,419.8954061964395,404.89901,0.13822499999999996,0.1535833333333333,0
K08060.02,365.8065931754299,363.448167,397.80019161310616,411.19336,0.150325,0.2505416666666666,0
K08159.01,319.1813907420943,348.68162,338.5921759622755,343.821,0.4109624999999999,0.4566249999999999,0
K08160.01,326.4067792291197,345.128277,185.45835487612874,218.662,0.33177083333333335,0.6635416666666667,0
K08161.01,414.1622871542427,370.38642,176.0006169972408,263.3823,0.5985,0.9975,0
K08162.01,270.46952794632796,267.970682,328.9205627976976,267.9789,0.23916666666666664,0.4783333333333333,0
K08164.01,466.4037323057105,417.829033,138.75543318035432,138.8786,0.37625000000000003,0.6270833333333333,0
K08268.01,361.1884351033965,368.5224,553.2018534238921,177.454,1.0584583333333333,1.5120833333333332,0
K08269.01,408.2737168266806,371.4589776,302.63424679295383,309.8187992,0.2518349999999999,0.4197249999999999,0
K08271.01,34.99864373571216,34.9989085,160.32853664307385,160.32308,0.06615,0.0735,0
K08273.01,407.9267132331159,386.78734,743.6693640639786,354.9326,0.517,0.64625,0
K08274.01,450.686687331782,449.557346,141.5973957339311,142.8226,0.3588958333333333,0.7177916666666666,0
K07950.01,2.2156886037154546,2.21568076,132.2636458217257,132.26619,0.06943749999999989,0.0631249999999999,0
K07952.01,3.8502346538958383,3.850304552,170.62791662047496,132.1063696,0.05112333333333328,0.0639041666666666,0
K07955.01,1.073953745723099,1.07383154,1472.1680959774517,132.0326,0.1009583333333333,0.2019166666666666,0
K08061.01,0.7201893063743555,0.719741,120.88932363238992,131.898,0.1533,0.1095,0
K08064.01,1.4762202940272255,1.47623061,131.6048174689545,131.603,0.09313333333333326,0.0846666666666666,0
K08065.01,0.5202316416027933,0.520227316,906.9740569642826,131.83796,0.05232208333333331,0.0747458333333333,0
K08066.01,38.43476378304195,36.3192885,139.25546259618994,155.94476,0.151725,0.108375,0
K08067.01,1.9011011088819771,1.901655058,908.7469603937793,132.83364,0.1939374999999999,0.1939374999999999,0
K08165.01,298.73359800000003,331.92622,289.595887765104,289.5792,0.4065,0.4516666666666666,0
K08166.01,346.4060521819954,346.31688,246.9122074522333,247.1069,0.5479999999999999,0.9133333333333332,0
K08166.02,367.0956701188494,365.61087,182.63639078556668,185.4567,0.5367333333333333,0.6709166666666666,0
K08167.01,289.60941565222265,259.85736,224.9177849604659,291.1798,0.5008333333333332,1.0016666666666665,0
K08168.01,5.146647984527518,5.29731736,355.15374522204155,135.5479,0.06960416666666665,0.1392083333333333,0
K08169.01,411.9922163640799,447.97028,174.08103767946824,559.6455,0.27142499999999997,0.4523749999999999,0
K08170.01,369.41023902248514,374.80095,453.05147582271496,457.3021,0.31182083333333327,0.4454583333333333,0
K08278.01,186.15031046633865,172.280975,161.50055614424008,216.0303,0.255,0.51,0
K08281.01,261.5229122972078,244.547128,241.27668882565172,133.3618,0.17949999999999994,0.1495833333333333,0
K07956.01,1.2723026328270424,1.27228771,132.4784080206112,132.49945,0.0874583333333333,0.0874583333333333,0
K07957.01,1.8860292587092589,1.886002102,131.73742731590605,131.74153,0.055304166666666585,0.0425416666666666,0
K07958.01,378.1017954174909,386.35444,367.2845934643857,359.0914,0.19987499999999994,0.3997499999999999,0
K07959.01,369.1987969253622,371.21454,132.52257890068964,497.5266,0.4041666666666666,0.8083333333333332,0
K07960.01,383.73713102746694,365.5435,480.01224422054736,132.6904,0.3079166666666666,0.6158333333333332,0
K07961.01,7.0293498929683516,7.02932339,134.66234752376167,134.66434,0.10698749999999999,0.118875,0
K07962.01,21.127656424577633,19.229478,169.92103716007574,132.5889,0.29249999999999987,0.1949999999999999,0
K08069.01,38.7718895908646,38.35312,166.81328431788094,167.6337,0.07249999999999998,0.1208333333333333,0
K08070.01,108.37227523681142,114.661733,168.02273434840163,237.2307,0.15079999999999985,0.1159999999999999,0
K08071.01,324.1650347245883,313.19875,323.73514468209703,340.9372,0.3226125,0.3584583333333333,0
K08072.01,121.80678933743036,134.370692,404.1776049943756,249.3136,0.181875,0.36375,0
K08073.01,2.5211339602890344,2.52123022,132.91421896934025,132.8709,0.11847499999999998,0.1974583333333333,0
K08074.01,45.74372941777751,47.4314857,152.77379390639692,174.6547,0.1691625,0.1879583333333333,0
K08075.01,6.095557722178332,6.0962602,135.0650359903412,134.9875,0.3466666666666666,0.4333333333333333,0
K08171.01,447.986635402819,472.6038,135.86608432765001,515.577,0.253125,0.50625,0
K08172.01,334.366668,371.51852,285.30975313528353,317.6836,0.6445833333333333,1.2891666666666666,0
K08173.01,303.52792559409426,323.66542,571.5022504619321,204.2147,0.50925,0.84875,0
K08175.01,367.024103473799,367.01607,181.88710966502015,181.8404,0.3225,0.645,0
K08176.01,614.2071075697746,568.08251,195.07119833269917,254.65449,0.2835,0.567,0
K08177.01,3.044680319075204,3.0447752,132.4155451075302,132.3975,0.27562499999999995,0.3062499999999999,0
K08282.01,430.0603479475082,456.55308,291.1902272560926,527.3529,0.2771874999999999,0.1847916666666666,0
K08283.01,230.74169624445958,209.941369,205.89603461759077,268.5679,0.17325000000000002,0.12375,0
K08284.01,45.96161784407026,49.763624,1281.2385611115053,135.0312,0.14890416666666656,0.1145416666666666,0
K08285.01,335.7582702854151,320.347208,406.23855928025,406.2309,0.20880416666666665,0.2982916666666666,0
K08287.01,368.9069090209833,358.74318,132.50016750018648,150.554,0.41166666666666674,0.8233333333333334,0
K08288.01,0.6606573407221126,0.660663034,131.68736739229294,131.68417,0.09366666666666665,0.1170833333333333,0
K07963.01,13.395561618382601,14.3400358,551.3451000956629,140.9329,0.16625,0.2375,0
K07964.01,0.5050613960386854,0.505079006,1274.4252073237112,131.930776,0.039881625,0.05697375,0
K07965.01,7.196726068068217,7.19680984,122.2535670229254,136.63955,0.0701249999999999,0.0701249999999999,0
K07966.01,1.3325090450080326,1.33257715,121.41986294129649,132.0367,0.19342499999999993,0.2149166666666666,0
K07967.01,1.332563202157482,1.33254428,353.2625525705026,132.06788,0.11707499999999997,0.1300833333333333,0
K07968.01,424.7776184661462,424.623345,382.36210357948653,218.25955,0.362475,0.40275,0
K07969.01,1.4562898679550584,1.456383399,120.88370254872312,132.71661,0.6905499999999999,0.4932499999999999,0
K08079.01,0.6080743912308992,0.608074963,131.6727881838743,131.66689,0.0402875,0.036625,0
K08080.01,0.5596454101041871,0.559643825,131.51384908194504,131.517134,0.02256666666666664,0.0282083333333333,0
K08081.01,0.5024469917984686,0.502446098,120.88060220117119,131.9359,0.0826375,0.075125,0
K08178.01,276.8175947141439,256.45616,568.106241014274,141.7586,0.7364583333333334,1.4729166666666669,0
K08179.01,131.38459686568422,138.62902498,169.2124553805396,235.3730333,0.28758333333333325,0.2054166666666666,0
K08181.01,369.48436815061655,388.519605,337.3537254900148,352.2898,0.3537666666666667,0.4422083333333333,0
K08182.01,57.04958483930115,60.049737,936.9110474519882,158.5226,0.42020833333333335,0.8404166666666667,0
K08184.01,229.33504833504495,237.26601,309.02247664439193,315.9446,0.2549166666666666,0.3641666666666666,0
K08289.01,0.9337495850253956,0.93371211,352.78427069259703,131.5372,0.1983333333333333,0.1983333333333333,0
K08290.01,463.6135431314935,461.13781,537.5318630297312,187.0978,0.32275,0.5379166666666666,0
K08291.01,0.9337526742163678,0.93376089,132.4327871276516,132.4263,0.126125,0.126125,0
K08292.01,344.41581189609667,367.761848,381.2699716255397,194.7697,0.16303333333333328,0.2037916666666666,0
K08293.01,419.855657864084,378.65484,232.24727739931123,288.2584,0.23541666666666666,0.4708333333333333,0
K08294.01,398.0673463097366,384.356448,285.18992556735543,298.90354,0.17746666666666663,0.1613333333333333,0
K08295.01,1.7564783249578633,1.75647084,132.01931213507768,132.02757,0.1057499999999999,0.1057499999999999,0
K07971.01,1.3644692108168628,1.33259003,121.84283871183376,132.0133,0.2311166666666666,0.1650833333333333,0
K07972.01,1.3325432734965714,1.33254024,132.0781176293487,132.0784,0.11849999999999994,0.1316666666666666,0
K07974.01,1.3325487303106403,1.33255492,132.0564423129654,132.048,0.15125,0.15125,0
K07975.01,1.3325729417259455,1.33259095,353.2529392894527,132.0329,0.1855125,0.206125,0
K08083.01,229.553445522248,234.524445,246.85457392077768,346.4227,0.08124999999999995,0.1624999999999999,0
K08084.01,316.56930480499994,317.74527,293.235256093608,205.9582,0.5846666666666666,0.7308333333333332,0
K08086.01,17.4437068192455,18.384953,128.9259097855405,133.39,0.3453333333333332,0.2466666666666666,0
K08087.01,1.0859483538286787,1.085965104,352.4493555789561,132.006611,0.3571999999999999,0.4464999999999999,0
K08088.01,312.05513177731586,308.185801,660.3205405861742,306.2132,0.13833749999999997,0.1537083333333333,0
K08185.01,372.9828845299404,398.71694,159.81714050498675,481.1929,0.54,0.9,0
K08186.01,226.78464765590073,241.8591,198.80845518700255,248.7902,0.5852916666666665,0.5320833333333332,0
K08187.01,333.1316926480143,353.04037,259.2833488529437,258.7443,0.41130833333333333,0.5875833333333333,0
K08188.01,577.9686505465664,522.33888,655.2928240097051,344.6934,0.33824999999999994,0.56375,0
K08189.01,493.17124718534365,473.56314,203.31978352641593,222.9281,0.2119583333333333,0.2119583333333333,0
K08190.01,1.332560955423202,1.332565736,170.69008595543562,132.049815,0.15206999999999993,0.2534499999999999,0
K08191.01,346.857687,385.39743,251.35641643007202,340.6913,0.6326250000000001,0.90375,0
K08296.01,293.14857560195526,272.54288087,388.82960965835304,349.7527344,0.07561499999999999,0.126025,0
K07977.01,0.9439396600688202,0.9439372,131.8147898322113,131.8207372,0.1818615,0.3031025,0
K07979.01,1.1144743424377932,1.075158342,132.1329517266779,131.7092,0.07554166666666663,0.0539583333333333,0
K07980.01,1.332590458082576,1.33255801,132.02544720625062,132.0631,0.1185,0.1975,0
K07981.01,1.3325861869801854,1.33250451,132.03844509186797,132.1018,0.12083749999999993,0.1726249999999999,0
K07983.01,499.7889630919106,453.64875,144.1208150367753,296.6153,0.38208333333333333,0.7641666666666667,0
K08090.01,0.5942728571027452,0.594274521,169.8738910498674,131.839508,0.06305833333333331,0.0900833333333333,0
K08091.01,230.9314573476609,239.179477,289.63489434548,188.47092,0.1709166666666666,0.1220833333333333,0
K08092.01,365.088393,405.65377,266.3006872007062,266.3288,0.41324999999999995,0.4591666666666666,0
K08093.01,74.00012168949036,73.992267,184.37687931906015,143.4283,0.33203333333333324,0.2371666666666666,0
K08094.01,372.29582500166873,361.901618,195.68345869343057,405.3021,0.24919999999999995,0.2076666666666666,0
K08095.01,512.9588894170826,508.04103,356.8117430053095,361.7222,0.17993333333333328,0.2249166666666666,0
K08096.01,337.4171227760375,309.933134,325.62255709404934,141.9846,0.35824999999999996,0.2985416666666666,0
K08192.01,269.7884378716813,266.977677,306.5300061404329,240.84342,0.2505416666666666,0.3579166666666666,0
K08194.01,237.9888658169485,236.25776888,130.15402701730974,153.9570927,0.19570250000000003,0.1397875,0
K08195.01,328.34244144925145,330.80879,303.55153786571964,281.1568,1.1737374999999999,0.902875,0
K08196.01,490.428084936954,522.64613,183.97050040577918,190.3389,0.5182916666666666,0.7404166666666666,0
K08197.01,416.3873772702525,392.94247,350.18367967739755,383.673,0.23031249999999998,0.4606249999999999,0
K08198.01,370.2056098999405,373.89398,261.2836688004292,261.4968,0.57625,1.1525,0
K07984.01,8.589217570454771,8.5898708,132.08243142901767,132.0161,0.1802249999999999,0.2002499999999999,0
K07985.01,0.5276983351118526,0.527698548,131.70648160696572,131.705093,0.08055249999999994,0.1342541666666666,0
K07987.01,0.681413727764537,0.681401611,132.167949989806,132.18175,0.05045833333333324,0.0360416666666666,0
K07989.01,4.855989518812516,4.85603482,136.00057314180185,135.9933,0.1154249999999999,0.1282499999999999,0
