kepid,name,period,epoch,duration
10811496,K00753.01,19.89913995,175.850252,0.07425833333333333
11818800,K00777.01,40.4195037,173.56469,0.14008333333333334
11918099,K00780.02,7.2406612,137.75545,0.02325
9579641,K00115.03,3.43591631,132.6624,0.13054166666666667
3115833,K00797.01,10.181584004,177.141891,0.14620416666666666
3453214,K00802.01,19.620346923,181.881819,0.08349166666666666
4544670,K00815.01,34.84398644,172.633252,0.12214583333333334
4936180,K00820.01,4.64090031,173.64638,1.4796666666666667
5115978,K00823.01,1.028436523,170.228582,0.077525
6867155,K00868.01,235.9986399,208.399822,0.34285
6526710,K00856.01,39.74893077,172.854644,0.30437916666666665
6599919,K00858.01,13.61014819,173.987319,0.10808333333333332
6862328,K00865.01,119.0207044,222.236492,0.3391875
7031517,K00871.01,12.940668656,179.423014,0.10352083333333334
7380537,K00883.01,2.688899233,170.1020904,0.08803125
8013419,K00901.01,12.732624065,176.939054,0.0920125
8018547,K00902.01,83.92494032,236.76334,0.2829333333333333
8552202,K00914.01,3.886655224,169.73814,0.13185833333333333
9140402,K00928.01,2.494170338,170.852848,0.046754166666666666
8951215,K00924.01,39.4759093,173.31207,0.12366666666666666
9347899,K00935.04,9.61731426,142.47479,0.16121666666666667
2860866,K01103.01,90.1240507,356.23415,0.48537499999999995
10460629,K01168.01,856.672115,228.44988,0.9643333333333333
10319385,K01169.01,0.689210173,133.28584,0.06737083333333332
11502218,K00970.01,3.9886021,171.01852,0.07239999999999999
11180361,K00971.01,0.533059312,171.2274419,0.0775875
10287723,K01174.01,129995.7784,393.59962,0.39199999999999996
11013201,K00972.02,7.82187328,123.49907,0.16007083333333333
9414417,K00974.01,53.5057611,172.98304,0.44006666666666666
2307199,K00151.01,13.4471791,132.830555,0.12689166666666665
2853446,K01118.01,7.37290344,137.60991,0.0905
3942446,K01193.01,119.0624882,149.22223,0.12994999999999998
3554031,K01194.02,14.8623076,354.57297,0.13170833333333332
10743597,K00989.03,16.15811112,143.00233,0.25204166666666666
3644071,K01192.01,1295.362215,176.10646,1.1790416666666665
1431122,K00994.01,4.2989201,132.86187,0.11445833333333333
8260218,K01066.01,5.714817603,355.00831,0.1308858333333333
6359320,K01127.03,2.83668931,353.81531,0.12629166666666666
3447722,K01198.04,1.00861677,132.109479,0.03791666666666667
12105051,K00141.01,2.624234833,132.304988,0.05780833333333333
8240904,K01070.03,92.77779,367.6112,0.2766666666666666
3756801,K01206.01,422.917678,448.49648,1.3030833333333334
8313667,K01145.01,30.5872153,162.8842,0.22374166666666664
10149023,K01081.01,9.95639775,134.29186,0.23395833333333332
9772531,K00950.01,31.201692472,183.4076137,0.08985958333333333
10295951,K01154.01,6.810823723,136.04667,0.33273916666666664
3329204,K01095.01,51.59809554,203.979914,0.08397083333333333
3230491,K01096.01,1500.0,315.33083,0.2962083333333333
2162635,K01032.01,1500.1406772,176.08226,1.0719583333333333
6837146,K01362.01,20.51360192,357.49424,0.14487083333333334
6607286,K01239.01,0.783276173,355.94865,0.06972916666666666
6607286,K01239.02,3.17405898,357.05776,0.09648333333333332
11075279,K01431.01,345.1589354,318.307719,0.31519166666666665
6607447,K01242.01,99.6442783,283.236289,0.21571666666666667
6441738,K01246.01,19.03723442,148.55057,0.141175
8616873,K01251.01,0.576078683,134.107265,0.06802208333333333
8494263,K01255.01,78.9257421,429.37454,0.31330416666666666
10928043,K01315.01,6.84639884,133.76181,0.14549583333333332
10794087,K01316.02,12.37679312,143.3787176,0.16041666666666665
8813698,K01268.01,268.9410974,360.070904,0.2268083333333333
4074736,K01328.01,80.9669561,160.97672,0.10531666666666667
4274548,K01331.01,6.80082032,359.17999,0.08284583333333333
11336883,K01445.02,54.325574,142.236,0.4108333333333333
11336883,K01445.03,20.01959599,150.8362184,0.29166666666666663
8631160,K01271.01,162.0479502,278.880573,0.4123916666666666
9202151,K01393.01,1.694740233,355.357543,0.07026666666666666
4760746,K01455.01,15.068060768,363.549714,0.1375458333333333
9427402,K01397.01,6.247030799,356.90972,0.06186666666666666
3962440,K01208.01,700.00298217,249.44205,0.31885416666666666
3534076,K01209.01,272.0868353,378.13721,0.11310416666666667
4466677,K01338.02,42.0370662,178.25006,0.26175
4466677,K01338.03,21.0112068,132.6336,0.18779166666666663
9100484,K01399.01,8.75059775,358.24233,0.11786666666666668
6620003,K01225.01,1.714274727,133.3158074,0.08613666666666665
7363829,K01356.01,384.02570682,335.816169,0.6066666666666667
6719086,K01357.01,3.014330766,357.37948,0.1031125
11026304,K01420.01,13.35151248,363.086742,0.15018749999999997
11342550,K01421.01,1693.6636225,524.27995,0.9418333333333333
6946199,K01359.02,104.8205868,374.83154,0.18664166666666665
10867062,K01303.01,34.2966363,143.66728,0.8215833333333333
8046659,K01560.01,31.56904354,158.29983,0.10985
7841925,K01499.02,0.840594032,131.74104,0.058499999999999996
4276716,K01619.01,20.6654374,132.01229,0.13216666666666665
7287683,K01622.01,69.8347983,168.78436,0.34425
8266276,K01731.01,2.59488443,132.75658,0.07016666666666665
8396405,K01733.01,19.18109525,141.37097,0.10099999999999999
7199906,K01739.01,220.65651253,172.4278591,0.3258333333333333
9017682,K01630.01,11.30507984,138.13638,0.16620833333333332
10749128,K01639.02,9.9824036,133.44855,0.04541666666666667
11904734,K01764.01,12.681733929,132.682519,0.070275
10153011,K01773.01,83.09708021,162.935743,0.3859958333333333
11870545,K01510.01,0.839961456,178.354,0.0542
5031857,K01573.02,7.136922,131.75317,0.1166875
10028792,K01574.03,5.83393857,132.63426,0.1908875
11153121,K01647.03,6.33027476,133.86213,0.15291666666666665
6705142,K01758.01,5.59728249,131.86708,0.07479166666666666
5299459,K01576.03,23.3397956,146.3627,0.080125
4471747,K01656.01,51.3901452,145.3192,0.24979166666666666
4918309,K01582.01,186.4361811,146.91825,0.24058333333333332
4830605,K01660.01,35.6364022,164.17496,0.20366666666666666
12120943,K01458.01,8.98128472,354.83042,0.2099875
7768451,K01527.01,192.667139,162.87962,0.22679166666666664
9932970,K01587.01,52.971584,159.06109,0.14429999999999998
4932442,K01665.02,5.91393977,137.17182,0.02341666666666667
5360920,K01675.01,14.62399621,144.45527,0.091375
11702948,K01465.01,9.771462706,135.584899,0.073625
9512981,K01466.01,281.5628889,357.996571,0.36887499999999995
5526717,K01677.02,8.51170088,131.7557438,0.12083333333333332
5531953,K01681.01,6.93910337,138.33927,0.12404166666666666
9872292,K01537.01,10.19154678,136.69755,0.25687499999999996
5542466,K01590.01,12.89006728,201.22989,0.148125
4178389,K00185.01,23.210509958,134.386378,0.12908416666666667
5542466,K01590.03,4.74666128,134.63784,0.08720833333333333
7499398,K01473.01,23.02028478,357.786124,0.14766666666666667
5972334,K00191.03,0.708621057,133.36565,0.06267083333333333
7811397,K01477.01,169.4976085,228.99997,0.32375
5475431,K01546.01,0.917568975,133.932419,0.08605833333333332
5039228,K01597.01,7.79668781,134.42081,0.19457916666666666
7512982,K01480.02,7.00447892,137.89902,0.11120833333333333
5283458,K01547.01,30.69395532,365.665214,0.12296666666666667
8053552,K01549.01,29.481061268,134.22446,0.15265
7750419,K01708.01,32.7737631,151.44352,0.1423333333333333
7984047,K01552.01,77.63424586,417.153212,0.17084166666666667
5513648,K01962.01,32.85862571,133.51202,0.13117916666666665
7887791,K01964.01,2.229326354,133.09423,0.08310833333333333
9634821,K02037.03,8.56267266,355.13518,0.06375
11253711,K01972.01,17.79108667,149.25344,0.11091666666666666
9111849,K02042.01,63.0732241,191.2532,0.224875
11773328,K01906.01,8.710442022,134.614376,0.03927083333333333
5080636,K01843.02,6.35585682,137.49837,0.06458333333333333
3248501,K02052.01,4.22464216,133.09108,0.058458333333333334
11570749,K01856.01,46.2991052,155.80223,0.21867083333333331
9411166,K01922.02,15.09521323,139.474359,0.14208333333333334
2579043,K02064.01,6.31219171,136.93315,0.20573750000000002
8160953,K01858.02,86.049055,201.0385,1.22
10158418,K01784.01,5.007414194,135.024066,0.0566
3648437,K01861.01,17.50441726,135.74731,0.17743749999999997
2449431,K02009.01,86.7490807,170.29281,0.38245833333333334
5731623,K01793.01,3.261759866,131.778858,0.07330416666666667
10602291,K00210.01,20.92735802,139.325791,0.14273333333333332
9883311,K01872.01,30.5231459,146.85072,0.11369166666666666
4242147,K01934.01,28.78270955,132.3189,0.14379166666666665
4349442,K01803.01,4.539297295,133.9595824,0.0810625
10005788,K01940.02,6.73679732,136.4043415,0.09833333333333333
10656508,K00211.01,124.03589939,136.015098,0.20196666666666666
11656918,K01945.02,17.1181036,136.19429,0.05375
10844890,K01946.01,8.29482811,133.50201,0.11432083333333333
8624520,K01816.01,10.240611361,131.667897,0.04007083333333333
4851530,K01884.01,23.11707222,149.56221,0.16645
4851530,K01884.02,4.77502117,355.45644,0.07119583333333333
6300348,K00212.01,5.69590202,139.231637,0.14858749999999998
11030475,K02248.04,2.64622742,132.66343,0.058625
7033233,K02339.02,65.18703725,177.6208875,0.22666666666666668
8261920,K02174.01,6.69332825,137.70324,0.09629166666666666
6119141,K02343.01,29.0726293,136.97364,0.10483333333333333
3734418,K02261.02,6.6254781,136.1733,0.09825
9654875,K02272.01,1.34145255,132.69106,0.3125833333333333
3097926,K02186.01,14.97974335,143.46174,0.17191666666666666
10518424,K02188.02,6.7445683,135.5092,0.158875
5730445,K02189.01,33.35859852,137.57061,0.09525
5602588,K02369.02,6.3143447,173.3097,0.11649999999999999
5385304,K02370.01,78.7327023,168.72926,0.21004166666666668
11462341,K02124.01,42.3375799,158.25187,0.20516666666666666
11073656,K02206.01,1.834277283,132.85895,0.07291249999999999
7215678,K02354.01,1.151244686,132.64551,0.053
7449554,K02357.01,2.42088277,133.57809,0.11716666666666666
3440978,K02288.01,38.103908,161.08647,0.159875
9532710,K02364.01,5.24242029,133.23047,0.2672083333333333
9580992,K02217.01,37.8034121,155.37719,0.193375
6934986,K02294.01,131.485184,177.48749,0.2205833333333333
4049901,K02295.01,16.2908527,132.11774,0.13233333333333333
10798331,K02373.01,147.281212,148.80124,0.30729166666666663
9334893,K02298.01,16.6671415,141.76551,0.14691666666666664
9289704,K02222.01,34.135676,157.7959,0.37999999999999995
8892157,K02224.02,86.130534,200.9117,0.138375
11520459,K02226.01,8.46354384,134.35341,0.058658333333333326
4247991,K02311.01,191.86419296,294.47036,0.20416666666666666
4247991,K02311.02,13.72549689,145.03352,0.3175
10026544,K02312.01,176.331289,170.8589,0.57875
2853780,K02081.01,6.2141496,132.25182,0.42254166666666665
6185476,K00227.01,17.65737838,136.585509,0.14620833333333333
8804455,K02159.01,7.5966998,131.95296,0.15279166666666666
5546761,K02160.02,15.40877383,139.4831786,0.14541666666666667
8872048,K02323.01,58.35512552,179.39795,0.3520833333333333
7746958,K02324.01,1.204686597,131.90556,0.034291666666666665
6525946,K02093.01,6.78341325,136.10468,0.14765416666666664
6041734,K02167.02,6.95787,359.007,0.18904166666666666
11030475,K02248.02,9.4907638,131.50396,0.11304166666666667
11030475,K02248.03,0.76196247,132.78371,0.05341666666666667
9006186,K02169.04,2.19251903,132.2332,0.076875
10471621,K02554.01,39.7557642,150.60745,0.08158333333333333
10471621,K02554.02,10.27127527,135.17631,0.1262083333333333
8074328,K02486.01,4.267961416,134.07063,0.055945833333333334
4670217,K02560.01,18.1209388,134.17616,0.15754166666666666
9574179,K02637.01,3.98864999,134.8296,0.1465
11391755,K02639.01,25.1123362,146.3464,0.3300833333333333
11391755,K02639.02,2.121023807,170.85004,0.015304166666666667
9088780,K02640.01,33.18089453,136.482018,0.635
8894646,K02641.01,3.55557922,132.75203,0.135
8247770,K02569.01,8.28157072,136.25775,0.12916666666666665
6867588,K02571.01,0.82628442,132.26993,0.0400125
7501646,K02572.01,6.37705295,136.91384,0.08120833333333333
8838950,K02421.01,2.27050106,133.54216,0.07929166666666666
12257999,K02577.01,18.55581565,132.07105,0.22383333333333333
6922203,K02578.01,13.33094869,133.78632,0.05941666666666666
2437505,K02671.01,21.47642727,149.26156,0.23124166666666668
8836888,K02508.01,7.10397925,136.33096,0.06415833333333333
8636539,K02656.01,6.77367892,138.07568,0.149125
9283156,K02657.01,5.22402436,132.85379,0.10866666666666666
9574158,K02512.01,15.92108138,147.0537,0.06434583333333332
7294743,K02516.01,2.81043228,133.40821,0.16141666666666665
6765135,K02592.01,175.603366,202.3721,0.39762499999999995
5342061,K02666.01,64.034363,159.0432,0.38225
4047631,K02519.01,4.790912471,132.01539,0.021391666666666663
6516185,K02445.01,47.3659328,175.0355,0.330375
7446631,K02598.01,29.2254372,143.98764,0.22054166666666666
5906426,K02377.01,13.9034057,143.52317,0.142
12208631,K02449.01,53.3580444,138.38498,0.2838333333333333
2443393,K02603.01,73.711039,202.7848,0.41924999999999996
9019191,K02604.01,14.43348326,143.60783,0.11095833333333333
3002478,K02380.01,6.35705314,135.47756,0.05516666666666667
8631751,K02453.01,1.530515205,131.867506,0.024770833333333332
4172746,K02531.01,17.6997392,140.94958,0.11499999999999999
5095635,K02607.01,0.754457729,134.983522,0.02454583333333333
12254688,K02384.01,62.6825769,182.22959,0.09695833333333333
4172013,K02386.01,16.2707207,145.097,0.23779166666666665
1996180,K02534.02,5.42204257,133.46021,0.123
2305866,K02610.01,24.1073172,145.9415,0.43604166666666666
9712350,K02613.01,51.5738653,158.06744,0.11599999999999999
9580167,K02548.01,0.827151296,132.07927,0.057708333333333334
7984574,K02400.01,11.6191707,142.12335,0.07579166666666666
10336951,K02401.01,38.2292037,166.01191,0.16220833333333332
8240617,K02474.01,176.845697,197.27794,0.15883333333333333
11622985,K02550.01,18.0243482,144.27756,0.14895833333333333
11361283,K02551.01,16.4793229,142.94163,0.13799999999999998
6364215,K02404.01,2.10081629,132.26789,0.117425
6467363,K02840.01,3.67936863,134.99021,0.14458333333333334
6467363,K02840.02,7.4464635,137.3391,0.17016666666666663
10073672,K02764.01,2.252976718,132.23957,0.07137916666666666
6842807,K02921.01,16.6146221,137.33276,0.11274999999999999
9815053,K02923.01,5.83892993,136.90293,0.046108333333333335
9697131,K02706.01,3.09756897,131.55889,0.19116666666666665
10917043,K02770.01,205.385912,284.18824,0.3617083333333333
6697605,K02851.02,1.23935745,131.85254,0.07012499999999999
12602314,K02853.01,1.407020118,131.60897,0.05735833333333333
5787131,K02927.01,24.4359956,134.8181,0.2605833333333333
6346809,K02775.01,17.57704569,137.73116,0.08424999999999999
4547603,K02855.01,1.400755743,132.02177,0.04400833333333333
5716763,K00272.01,1.28132831,169.665953,0.03815416666666666
12416987,K02933.01,119.0833042,163.56212,0.10658333333333332
8259713,K02935.01,27.8813154,134.51369,0.26441666666666663
11098013,K02712.01,7.50790041,138.7047,0.23525
3425851,K00268.01,110.3783828,175.9317,0.5087916666666666
10397751,K02859.03,4.28886792,132.37761,0.10829166666666667
6679295,K02862.01,24.5752524,144.18324,0.09408333333333332
6026737,K02949.01,10.1747037,132.3605,0.21579166666666666
4935172,K02962.01,2.17291055,131.73552,0.08912499999999998
8760040,K02963.02,7.35101287,133.63951,0.114875
8176564,K02720.01,6.57159435,132.74598,0.12935
10604521,K02797.01,0.868122253,131.83212,0.06446249999999999
4385148,K02942.01,13.84301228,139.95334,0.169875
4367854,K02876.01,5.1952021,133.34401,0.08979999999999999
10597693,K02958.01,31.6084371,134.68285,0.15312499999999998
7466270,K02959.01,16.1558656,140.23012,0.15825
2985587,K02807.01,3.375716723,134.21319,0.06431666666666666
5642620,K02882.01,75.8580035,165.5543,0.22424999999999998
8873090,K02968.01,10.16435076,136.43034,0.2507083333333333
9958387,K02677.01,237.787237,196.97103,0.437875
11197853,K02813.01,0.698461304,131.85138,0.032862499999999996
6716021,K02679.01,110.7556272,144.80528,0.28412499999999996
8326342,K02680.01,14.4079035,142.02803,0.10516666666666666
4831728,K02739.02,7.0956395,135.0007,0.14437499999999998
4249611,K02821.01,79.2450351,161.5717,0.22424999999999998
7899070,K02683.01,126.4451275,166.49998,0.6964625
4939533,K02899.01,5.77207177,134.93042,0.10854166666666666
4846856,K02900.01,46.151253,147.81245,0.22275
10265602,K02689.01,165.3447044,174.29621,0.12874999999999998
4552729,K02691.01,97.4463194,204.83009,0.281875
3663173,K02750.01,174.636181,184.5253,0.6532916666666666
9109857,K02833.01,1.791877025,132.8762,0.048583333333333326
6716545,K02906.02,145.881936,194.6951,0.47258333333333336
5196864,K02695.01,2.50343279,131.94522,0.06391666666666666
11071200,K02696.01,96.4562198,214.74931,0.4664583333333333
11071200,K02696.02,44.5643831,143.43526,0.3280833333333333
8703129,K02758.01,253.374581,235.74025,0.9537083333333333
6837283,K02914.01,21.1181653,133.59196,0.4055833333333333
5613821,K02915.01,5.06092282,134.47316,0.10774999999999998
8639908,K02700.01,0.910020582,131.99239,0.07481666666666667
11076400,K02759.01,1.07808492,132.03683,0.03562916666666666
10190075,K03007.01,11.1916199,138.04258,0.0875
10749059,K03086.01,174.731515,252.5348,0.34404166666666663
7668416,K03089.01,0.858546796,132.14429,0.04583333333333334
6029239,K00304.02,5.518195,136.584,0.07541666666666666
3545478,K00366.01,75.1122132,207.713987,0.206075
11565544,K03013.01,3.76562031,131.75562,0.05366666666666667
12072872,K03017.01,2.46288834,132.80114,0.07183333333333333
8241079,K03020.01,10.9192653,134.26789,0.1905
12168993,K03105.01,4.21223579,132.9291,0.3290833333333333
7051180,K00064.01,1.951082219,157.54316,0.07072916666666666
2446113,K00379.02,23.1375919,152.17335,0.13958333333333334
5903749,K03029.01,18.9763286,134.83396,0.09912499999999999
5903749,K03029.02,6.34724702,133.00398,0.12904166666666667
8581240,K03111.01,10.76800074,138.50669,0.14558333333333334
8581240,K03111.02,4.32848303,132.5128,0.123125
8684730,K00319.01,46.15119482,176.626026,0.2642791666666666
8554498,K00005.01,4.780327581,132.974086,0.0843875
6949898,K03031.01,7.64809462,137.21737,0.09233333333333334
2973386,K03034.01,31.0209175,138.01479,0.08383333333333333
7022573,K03112.01,2.118893997,132.8042,0.034249999999999996
9288237,K03114.01,7.49133777,135.31257,0.263125
6593150,K03037.01,5.4654174,133.58893,0.13370833333333332
6523351,K03117.01,6.06664931,136.14365,0.08174999999999999
5551672,K03119.01,2.184437698,133.67492,0.043425
8197793,K03123.01,15.2311195,143.73591,0.16291666666666665
6357290,K03040.01,4.8099878,133.00671,0.08208333333333333
4072955,K03041.01,5.08288076,134.00557,0.10479166666666667
8695311,K03042.01,31.0259489,158.5632,0.23716666666666666
9834731,K03043.01,3.08942807,134.1999,0.13391666666666666
7609674,K03128.01,21.2360024,149.88083,0.16745833333333332
4252322,K00396.01,14.591504451,180.851546,0.04706249999999999
5475042,K03050.01,1.242639742,131.88125,0.07345833333333332
9541295,K03132.01,0.536650319,131.71106,0.09929166666666667
4770174,K02971.01,6.09595681,134.59214,0.22924999999999998
8949925,K02972.01,13.2511214,141.178,0.20816666666666667
9959492,K03051.01,11.682369,134.8311,0.11291666666666667
8827575,K03052.01,10.12956201,135.99804,0.12683333333333333
6438099,K02976.01,21.61313362,137.02689,0.06333333333333332
3752110,K03142.01,27.9430245,136.8697,0.2552083333333333
1717722,K03145.02,0.977311489,131.70299,0.058458333333333334
5040077,K03065.01,0.896382269,132.29651,0.046375
7918652,K02984.01,11.45541896,136.32524,0.20625
9230021,K03429.04,44.433726,162.9825,0.2549166666666667
3230805,K03068.01,3.91679553,133.60274,0.08633333333333333
4676964,K03069.01,43.1024434,140.1394,0.2968333333333333
4770617,K02243.03,31.4452709,154.58136,0.07325
7609553,K02924.02,8.85686712,134.13633,0.025249999999999998
11395587,K00350.01,12.99065074,177.23865,0.09895
8509442,K02992.01,82.6595174,152.6726,0.145
3219643,K03072.01,24.3367026,154.3759,0.10579166666666667
8546542,K03073.01,7.40985182,138.18222,0.047125
8613535,K02263.03,15.5943758,140.3138,0.30695833333333333
10122538,K02926.05,75.731195,201.9685,0.20245833333333332
11566064,K00353.01,152.1060435,176.52741,0.31048749999999997
12256520,K02264.02,7.25101997,138.1878,0.11662499999999999
12785320,K00298.02,57.3840375,170.72723,0.18066666666666667
10000941,K04146.02,2.5738437,132.17126,0.07999999999999999
7106173,K03083.01,10.18318233,133.21404,0.13070833333333332
7106173,K03083.02,6.2321233,135.2369,0.11875
7106173,K03083.03,8.2942929,134.8478,0.16566666666666666
8265218,K00522.01,12.82993461,169.944919,0.12258333333333334
9214713,K00422.01,809.0141881,250.634242,0.3459041666666667
9334893,K02298.03,2.47240869,132.44084,0.07791666666666666
9119458,K00525.01,11.53029332,173.726435,0.07660416666666667
12406807,K03091.02,7.9069765,138.427,0.19308333333333333
4548011,K04288.04,13.9509565,144.287,0.2179583333333333
10016874,K00426.01,16.30141333,172.14753,0.14901666666666666
10395543,K00531.01,3.687469832,170.8803594,0.044449999999999996
7429287,K04260.04,84.799829,180.4426,0.63375
10717241,K00430.02,9.340538,135.12248,0.10708333333333332
8121310,K00317.02,11.505879,136.2363,0.232625
11709124,K00435.02,934.09418462,657.26877,0.7287083333333333
11805075,K00436.01,199.83920527,225.35896,0.18241666666666667
11824222,K00437.01,15.84132627,177.142109,0.07589583333333333
6268648,K01613.03,20.605501,146.5069,0.15804166666666666
8212002,K02593.02,9.5539134,135.5281,0.21920833333333334
7017274,K03209.02,6.77067637,133.34914,0.24925
12366084,K00787.03,0.589376952,131.8694,0.07125
9872283,K01815.02,1.74610057,131.7921,0.05412499999999999
4951877,K00501.01,24.7962801,170.32595,0.3470833333333333
5544450,K03226.02,6.93650854,133.98309,0.15308333333333332
8226050,K01910.02,18.3848331,135.4745,0.14770833333333333
6779260,K02678.02,2.2165905,131.5607,0.041666666666666664
5443837,K00554.01,3.65849707,170.54381,0.10720833333333332
2832589,K01942.02,2.433703498,133.83759,0.040624999999999994
10793172,K02871.04,7.9788198,132.2596,0.11975
10285631,K00331.02,10.52286678,137.78844,0.079625
7504328,K00458.01,53.71798494,208.08042,0.17099999999999999
7199397,K00075.01,105.8817667,156.97935,0.7518333333333334
10157458,K01083.02,4.57797412,135.63058,0.11925
8261920,K02174.04,3.01609637,131.55327,0.06541666666666666
6716545,K02906.03,21.9424316,143.8807,0.31029166666666663
1723078,K07624.01,330.025002,364.8075,0.2774583333333333
9008220,K00466.01,9.391039263,170.539799,0.11827499999999999
9955262,K00076.01,77.4794704,154.70734,0.42146249999999996
7906892,K04773.02,11.1438086,131.725,0.329375
8320630,K04846.02,32.526674,137.3054,0.2850833333333333
9703198,K00469.01,10.32906563,174.608213,0.06
6289650,K00415.01,166.7876551,245.143036,0.24448333333333333
11135694,K04896.02,49.537365,172.1948,0.41091666666666665
8216763,K04838.03,24.0721647,148.9637,0.132125
6879865,K00417.01,19.193103549,176.966757,0.10593749999999999
3758499,K05007.02,80.881757,136.6708,0.5236666666666666
9552608,K00080.01,9.250572762,135.407531,0.15155416666666666
10221013,K00728.01,7.189379172,170.117783,0.08479583333333332
2299738,K07628.01,1.8134378,132.6703,0.32399999999999995
7619236,K00682.01,562.1725914,185.968547,0.41183749999999997
7630229,K00683.01,278.1243979,177.51831,0.16575
7730747,K00684.01,4.034914368,172.257813,0.074475
7906882,K00686.01,52.513548727,171.6745959,0.13642916666666666
7976520,K00687.01,4.17838675,171.98866,0.08845833333333333
2302997,K07630.01,16.2982201,134.7404,0.10658333333333332
8505215,K00099.01,2190.7010353,140.04806,0.8287916666666666
10265898,K00732.02,3.29534567,132.48799,0.07924999999999999
12600735,K00548.02,6.0799457,136.444,0.11274999999999999
10272442,K00734.02,70.2780911,151.32941,0.10275000000000001
4055765,K00100.01,9.9664004,141.15324,0.20886249999999998
5131180,K00641.01,14.85185526,177.9987,0.14692916666666667
10843431,K07378.02,56.391062,167.579,0.2375
10287242,K00735.01,22.34213536,171.55939,0.2692083333333333
5596440,K00648.01,10.47490332,171.99906,1.4080791666666665
9588822,K04388.02,61.858947,191.9736,0.8883333333333333
10610039,K04577.02,3.07365139,134.17117,0.08758333333333332
1025986,K07621.01,275.07365,315.2486,0.14041666666666666
11284772,K04622.02,4.50158249,134.1153,0.07729166666666666
4832837,K00605.02,5.06546874,131.94499,0.09179166666666666
5441980,K00607.01,5.89399142,173.485973,0.05307083333333333
10972902,K04692.02,7.6720844,134.1756,0.14379166666666665
6309763,K00611.01,3.251659087,171.0604906,0.06369166666666666
9413156,K04700.02,66.47762,184.2673,0.18695833333333334
9846348,K00716.01,26.89316101,179.95245,0.09694166666666666
2696205,K07636.01,0.702739679,131.533,0.057458333333333333
12251650,K00621.01,17.761998411,174.1831018,0.10268333333333332
12417486,K00622.01,155.042265,213.49978,0.4103333333333333
2834805,K07638.01,25.0032023,140.90106,0.22908333333333333
2569995,K07634.01,80.84069,177.3473,0.3569583333333333
2577353,K07635.01,60.458443,136.3553,0.35124999999999995
4478168,K00626.02,8.0292018,132.8283,0.14425
7256914,K04136.01,2.41750021,133.80584,0.18041666666666667
7256914,K04136.02,4.03357434,134.23275,0.24525
6871071,K02220.04,7.66462913,137.38342,0.15058333333333332
3112129,K04144.01,0.487656278,132.16692,0.04220416666666666
3103212,K04145.01,3.25424652,133.5121,0.22408333333333333
6871071,K02220.05,11.9294568,133.74078,0.13304166666666667
10875007,K04149.01,9.54699216,140.15819,0.2109583333333333
10875007,K04149.02,14.708641,133.85125,0.22475
7021681,K00255.02,13.6032081,140.3975,0.108
11967788,K04021.01,7.23531329,133.12054,0.13908333333333334
7199060,K04152.01,64.1862264,191.65639,0.35354166666666664
11967788,K04021.02,4.93211932,132.4538,0.131
7733731,K04022.01,4.85819429,135.14503,0.22316666666666665
3110177,K07644.01,3.39904814,134.6684,0.12175
3232249,K07648.01,1.183505016,131.75303,0.05312499999999999
7449554,K02357.02,15.9042402,131.50051,0.08720833333333333
8282651,K02193.02,4.16288745,131.67875,0.02825
5688683,K04097.02,4.44902309,131.75425,0.05720833333333333
8222627,K04098.01,1.121733366,131.56919,0.043
2984990,K07641.01,3.79437277,132.1265,0.095375
7758018,K04105.01,363.41165,404.2733,0.61625
8264402,K04037.01,215.956008,271.3671,0.434375
3129238,K07645.01,2.00870696,131.51,0.20291666666666666
7907808,K04109.01,0.655939788,132.09997,0.05491666666666667
9700449,K04120.01,110.461746,147.5465,0.5191666666666667
6140059,K04123.01,44.6226725,137.942,0.5405833333333333
3852872,K07673.01,80.769893,188.5556,0.175
9086154,K04060.01,225.26213,224.9887,0.6024583333333333
11970988,K04129.01,2.31482311,133.04857,0.08862499999999998
6792908,K04341.01,10.778313,136.6142,0.219
10534155,K04345.01,4.32710895,133.40886,0.057791666666666665
10397751,K02859.04,2.90512019,132.56693,0.09554166666666666
6350882,K04410.01,5.04404366,136.00785,0.07008333333333333
3450040,K04205.01,1.166960319,131.64332,0.07009583333333333
9456281,K04207.01,0.701944362,132.00161,0.026708333333333334
5129453,K04208.01,3.05772668,133.06692,0.07579166666666666
7918478,K04209.01,9.9092109,133.092,0.10633333333333334
9509343,K04346.01,6.39269778,135.6101,0.08908333333333332
7673841,K02585.03,7.87845756,138.58644,0.16299999999999998
11968463,K02433.04,27.9040511,154.9434,0.22275
5436161,K04351.01,0.644322147,131.954907,0.03720833333333333
4571844,K04353.01,17.8075656,146.88323,0.06845833333333333
2859893,K04418.01,333.03842,220.9235,0.24783333333333335
6026737,K02949.02,3.75030469,134.80628,0.13524999999999998
7582691,K04419.01,0.259819659,131.85061,0.0271375
9836563,K04421.01,4.72693131,135.2927,0.16816666666666663
1724719,K04212.02,10.0989634,132.3351,0.2678333333333333
11081504,K04287.01,13.12297275,136.08882,0.09308333333333332
12016267,K02590.02,22.7909233,134.4333,0.3985416666666666
3550372,K04357.01,0.681180633,131.63459,0.036849999999999994
8240790,K04426.01,369.13236,235.5195,0.4308333333333333
4548011,K04288.02,9.08745206,139.99222,0.15775
7191646,K04358.01,106.957467,224.9874,0.29191666666666666
7801070,K04361.01,75.8781344,194.67762,0.057624999999999996
4172805,K04427.01,147.661729,243.95262,0.258625
5126182,K04428.01,13.00291716,132.02306,0.12741666666666665
8949925,K02972.02,42.0292298,138.8086,0.354125
9642018,K04430.01,0.505111993,131.51614,0.0168875
7661893,K04296.01,2.49385348,133.15177,0.05891666666666666
9776794,K04363.01,18.22211768,553.06646,0.08516666666666667
7673192,K02722.05,16.5340022,135.409,0.16929166666666665
11124436,K04442.01,13.9482197,132.7505,0.32025
5780855,K04443.01,5.67577999,134.91027,0.14808333333333332
9491832,K04226.01,49.564693,170.6973,0.3558333333333333
2852941,K04298.01,2.89494709,132.62547,0.13558333333333333
10647452,K04366.01,0.762950224,131.9157,0.04720833333333333
4773392,K04367.01,170.995748,163.95737,0.16166666666666665
9936080,K04431.01,19.5650801,136.28555,0.17675
6290935,K04302.01,5.53312006,132.1648,0.14525
12734396,K04303.01,200.721168,280.0733,0.41291666666666665
8278685,K04435.01,10.8614163,136.8213,0.2508333333333333
6103377,K03004.02,7.03965141,137.41892,0.130875
3660581,K07662.01,4.72519164,131.9997,0.15629166666666666
10794974,K04235.01,66.6434565,170.08058,0.09937499999999999
3558849,K04307.01,160.850075,144.5039,0.39279166666666665
5175024,K02563.02,6.2614227,133.2299,0.199125
10991114,K04374.01,3.70386741,132.69596,0.05875
4945764,K04377.01,19.8751355,148.3935,0.3350416666666667
9834731,K03043.02,7.2929891,135.6364,0.168875
9514372,K04242.01,145.786556,215.0441,0.20379166666666665
3762750,K07668.01,2.5093344,133.1123,0.076375
9886361,K02732.04,24.5607107,146.7938,0.361625
12737015,K04245.01,24.6683831,136.633,0.35649999999999993
8482059,K04247.01,349.41047,241.4685,0.6258333333333332
9286088,K04318.01,14.8162925,138.3761,0.20720833333333333
6937529,K04382.02,3.98167088,134.9767,0.15037499999999998
5197233,K04178.01,7.016016,133.9561,0.15833333333333333
7119481,K00566.03,42.068554,165.0211,0.23845833333333333
8741470,K04251.01,6.23968392,133.72124,0.027833333333333335
2997459,K04389.01,16.3368863,132.20816,0.14987499999999998
8330207,K04390.01,1.63668262,131.64586,0.07945833333333333
5881813,K02744.02,11.615625,131.96843,0.09304166666666666
9202434,K04253.01,173.2578372,194.4584,0.08445833333333333
7901016,K04257.01,41.6757509,169.791,0.452
5385410,K04323.01,11.49589567,139.38053,0.09399999999999999
7749002,K04325.01,0.609926502,131.80347,0.05220416666666666
3848083,K07670.01,8.4795266,138.1276,0.25216666666666665
6359926,K04391.01,49.4746966,166.142,0.43583333333333335
8324518,K04393.01,1.62888267,132.33899,0.07166666666666666
3103473,K04395.01,1.920062587,131.72678,0.059875
5785279,K04259.01,0.909127736,132.40471,0.059625
9896018,K02579.03,10.30148508,134.88185,0.162625
12456063,K04329.01,17.8007815,134.3839,0.27279166666666665
5096053,K04331.01,1.717859841,132.92612,0.03783333333333333
5802637,K04398.01,7.3422467,131.55382,0.08454166666666665
5531694,K00647.02,8.1134681,132.8253,0.20670833333333333
7107802,K02420.02,5.4675514,133.42478,0.13679166666666664
12509829,K04264.01,0.888478095,131.86943,0.0638
2576962,K04333.01,309.25581,136.2248,0.44666666666666666
10140274,K04334.01,2.44232399,133.53724,0.08004166666666666
8345384,K04399.01,42.1003351,143.02827,0.04514166666666666
9072639,K04198.01,1.182862515,131.97137,0.122
8890924,K04269.02,4.4408541,135.2744,0.33679166666666666
4054784,K07679.01,1.8679943,133.22986,0.04529166666666666
10745365,K04405.01,8.9172863,139.6051,0.18616666666666665
8396660,K04407.01,1.33807075,132.34756,0.059375
9716028,K04273.01,17.3731821,138.28747,0.13999999999999999
6223324,K04274.01,1.97507424,132.3567,0.10874999999999999
9773980,K04691.01,3.3879165,133.93645,0.07575
10467714,K04480.01,58.7488629,172.65025,0.13295833333333332
4141593,K07685.01,64.740274,149.9922,0.6284166666666666
7778427,K04482.01,5.38299284,136.239,0.13899999999999998
6523058,K04549.01,2.0481582,132.17679,0.079125
11769689,K04551.01,14.7179342,135.6498,0.2435
9457948,K04694.01,19.2527652,144.2659,0.20258333333333334
4072271,K07680.01,219.20579,327.891,0.6041666666666666
8098212,K04487.01,3.48754109,134.16018,0.07545833333333332
6369131,K04554.01,8.0772455,132.649,0.303
7820699,K04555.01,364.08733,287.6056,0.5870833333333333
10257229,K04557.01,5.75651958,136.97726,0.09620833333333334
3539231,K04626.01,91.95723,183.0248,0.43629166666666663
6311891,K04627.01,7.51731745,137.59704,0.1035
7834045,K04630.01,44.6966177,155.6611,0.4388333333333333
10663738,K04698.01,8.5275894,137.2755,0.12329166666666666
7891294,K04699.01,3.07714195,133.4849,0.14879166666666666
9413156,K04700.01,3.83488354,135.08701,0.08441666666666665
5431027,K04558.01,8.8233996,136.8921,0.280625
6070337,K04632.01,40.0691482,143.73713,0.122
5954001,K04633.01,11.6933447,142.6574,0.2729583333333333
8196226,K04634.01,4.02745396,133.12194,0.05541666666666667
9002538,K03196.01,4.96061094,135.32139,0.11933333333333332
5642688,K04705.01,1.4733245,132.85599,0.05858333333333333
5552562,K04495.01,5.93218209,135.63378,0.18779166666666663
6186182,K04496.01,96.384483,144.86825,0.218875
4073017,K07681.01,6.05552018,131.59851,0.11741666666666667
10585749,K04563.01,54.333582,144.7536,0.43937499999999996
9579208,K03165.01,4.11754421,132.79189,0.18175
9773270,K04636.01,122.749053,170.9953,0.34758333333333336
9457728,K04637.01,4.37992345,133.99121,0.20620833333333333
2303903,K04709.01,3.70858595,134.47308,0.08083333333333333
9278216,K04710.01,9.4527721,135.7805,0.15904166666666666
8355131,K04711.01,4.3638313,135.33772,0.060708333333333336
12645057,K04497.01,6.83006228,135.76099,0.138125
4844367,K04498.01,17.1622587,148.6441,0.1945
10937749,K04499.01,5.19898615,133.05317,0.09829166666666667
8332521,K04567.01,14.74426,135.04,0.34033333333333327
4060229,K04570.01,35.0175053,139.8496,0.15033333333333332
8443527,K03197.01,22.599501,152.9112,0.1825
10907132,K04503.01,5.89089509,132.43645,0.10008333333333333
6520753,K04504.01,4.13029832,133.5272,0.10254166666666666
9893468,K04575.01,201.325036,174.7724,0.6
11655826,K04643.01,5.59346375,131.50752,0.06949999999999999
1721157,K04644.01,3.44928111,133.38221,0.05933333333333333
9947653,K04647.01,37.9043889,163.7386,0.48491666666666666
9002538,K03196.02,6.88297756,134.16424,0.08604166666666666
5253802,K04713.01,8.7963166,134.3262,0.19566666666666666
12554634,K04714.01,2.049602348,132.32639,0.04420833333333333
6264750,K04715.01,53.285584,172.297,0.27049999999999996
11290515,K04716.01,5.8943338,134.10692,0.14479166666666665
6520753,K04504.02,8.119343,135.1862,0.14825
8493354,K04505.01,18.0071438,138.31266,0.22504166666666664
5457326,K04508.01,2.49915311,133.08978,0.075125
10610039,K04577.01,105.997107,144.41965,0.15629166666666666
8628761,K04580.01,6.30432354,137.29688,0.1045
4750669,K04649.01,3.38419892,131.9355,0.061875
6717252,K04651.01,1.19260017,132.66994,0.06258333333333332
4902202,K04717.01,216.456055,175.3753,0.461125
11350118,K04509.01,12.003678,134.71007,0.11662499999999999
2572029,K04581.01,6.0059966,133.404,0.129
7905106,K04582.01,4.22426989,132.3611,0.1758333333333333
9007151,K04583.01,330.906041,253.8224,0.16025
4450844,K03168.01,56.3479517,163.3795,0.3662083333333333
11181260,K04653.01,19.9778599,135.165,0.24833333333333332
2558163,K04655.01,17.543847,138.9151,0.24783333333333335
8107611,K04656.01,3.8183717,133.90812,0.11195833333333333
8752940,K04730.01,9.07829171,138.25933,0.032625
4384909,K07693.01,6.41097179,132.9844,0.10758333333333332
11506654,K04586.01,75.2116373,202.30222,0.13345833333333332
5687700,K04587.01,6.36283414,131.8069,0.15633333333333332
8806985,K04588.01,7.53737498,135.80956,0.16525
6527078,K04657.01,7.57600886,135.6293,0.14004166666666668
10120548,K04451.01,8.8303681,134.80059,0.14275
4474462,K04452.01,12.85755895,141.85597,0.20129166666666667
4141593,K07685.02,33.502923,158.6469,0.49779166666666663
10003058,K04519.01,148.568877,139.60402,0.18329166666666666
9031703,K04520.01,9.3335486,137.6177,0.27679166666666666
12204137,K04590.01,9.54060855,131.91276,0.077875
5389956,K04591.01,1.80926734,132.6883,0.102875
10662202,K00750.02,5.04413987,132.51986,0.06762499999999999
3934657,K07676.01,5.3694084,133.8117,0.16454166666666664
7515336,K04663.01,5.65690281,131.5761,0.14929166666666666
3557560,K04456.01,7.4299322,138.7701,0.16720833333333332
12109267,K04457.01,79.334347,144.0233,0.4535833333333333
8700895,K04523.01,5.68251605,131.6745,0.14495833333333333
5003670,K04524.02,4.52628739,134.32065,0.15566666666666668
12265786,K04595.01,0.597018404,131.71277,0.019908333333333333
10873178,K04597.01,4.82025124,134.81355,0.08870833333333333
11337012,K04666.01,12.4019263,141.1769,0.16845833333333332
8359569,K04667.01,152.823896,147.5443,0.32225
9837828,K04670.01,6.80899076,132.19078,0.08654166666666666
4857058,K03061.02,77.915425,160.9193,0.34474999999999995
9947389,K04460.01,284.727213,142.0923,0.429125
3765917,K04526.01,30.5392931,156.7026,0.2869583333333333
7833305,K04528.01,8.31224474,139.67706,0.11095833333333333
12647577,K04530.01,12.6362048,134.4588,0.16504166666666664
4252671,K07687.01,23.266633,132.4386,0.3464583333333333
11153476,K04601.01,7.94004281,135.4315,0.13674999999999998
6144039,K04602.01,2.85855049,132.28415,0.09754166666666667
5985713,K03190.01,8.95294046,134.33731,0.12479166666666666
6839010,K04674.01,4.84350003,134.81488,0.126875
9775385,K04462.01,45.163025,159.8536,0.29291666666666666
6197344,K04463.01,36.7614011,137.7551,0.6659166666666666
11357664,K04464.01,4.373570433,133.82814,0.025958333333333333
7272132,K04466.01,154.674369,177.3621,0.3895833333333333
8430053,K04603.01,15.9513866,146.45425,0.09520833333333334
12458605,K04605.01,7.7859111,137.8734,0.3245
4953173,K04676.01,31.183688,155.9588,0.2558333333333333
5352640,K04467.01,2.94242323,133.86084,0.06329166666666666
4048898,K07678.01,13.0914878,143.75198,0.08487499999999999
4587135,K04680.01,54.0812235,145.2689,0.261625
5511659,K04541.01,8.5291223,135.74043,0.13504166666666667
7583650,K04614.01,6.4546845,135.5436,0.12795833333333334
3867794,K04685.01,0.494247662,131.84441,0.05184583333333333
5819801,K04686.01,11.8299383,138.3039,0.21533333333333332
6276791,K04477.01,5.30179786,135.9927,0.09333333333333334
10140122,K04545.01,0.849362238,132.14191,0.05666666666666667
5033823,K04546.01,0.741768294,131.57747,0.017349999999999997
3223433,K04548.01,61.083322,132.494,0.4331666666666667
8803757,K04904.01,3.5944891,132.36207,0.10654166666666666
9479306,K04906.01,4.8608059,135.76776,0.08191666666666667
5437762,K04907.01,4.04481159,133.60007,0.10329166666666667
4996057,K07712.01,4.8302364,134.9522,0.33262499999999995
8349399,K04763.01,56.446465,170.59,0.307125
6043562,K04764.01,31.4202111,132.7457,0.16754166666666664
4919550,K04766.01,5.56676609,132.49956,0.0755
5645170,K04837.01,5.38613715,133.95782,0.08095833333333333
8216763,K04838.01,13.2965044,136.5669,0.23666666666666664
9110610,K04839.01,21.8420304,150.82731,0.160125
5208962,K04912.01,0.876850385,131.77033,0.06391666666666666
4742188,K07703.01,413.51856,374.3587,0.433125
8301878,K03301.01,20.7106368,140.89982,0.11220833333333333
10221505,K04768.01,3.43633133,132.42697,0.028125
11658036,K04771.01,142.703888,212.0311,0.242
8397947,K04772.01,3.38080537,133.94842,0.13645833333333332
6665860,K04840.01,10.4716194,136.2877,0.18799999999999997
5769810,K04913.01,6.78788113,136.3345,0.09416666666666665
12071754,K04914.01,5.47455167,133.55529,0.15458333333333332
10384298,K03224.01,3.43861067,132.68641,0.05266666666666667
3109550,K03225.01,4.8754765,133.29167,0.07924999999999999
6131130,K03307.01,10.5071781,139.66432,0.11166666666666666
4742452,K07704.01,5.4398033,135.1594,0.13566666666666666
7906892,K04773.01,8.8493948,139.786,0.2886666666666666
4277304,K04774.01,51.567801,168.873,0.22975
8626325,K04775.01,16.4491515,145.7441,0.27899999999999997
3098605,K04844.01,0.428046051,131.83682,0.03233333333333333
8320630,K04846.01,19.254536,148.0172,0.1980833333333333
9005321,K04848.01,384.6961,365.0874,0.2569583333333333
5563300,K03309.01,71.05457555,134.734589,0.07984166666666666
12253769,K03310.01,20.5512722,141.087,0.19329166666666667
8054719,K04776.01,7.5861587,132.7988,0.18
4762283,K07706.01,42.049523793,167.3423568,0.08904999999999999
3849187,K04780.01,6.60180003,137.476,0.10933333333333334
2976017,K04849.01,3.19938075,133.01116,0.073375
6786224,K04850.01,3.04185157,132.50422,0.05975
11072016,K04852.01,1.89873195,132.09278,0.05758333333333333
3245969,K01101.02,11.39110963,137.69665,0.11454166666666667
7902003,K03236.01,7.13044117,135.594,0.10691666666666666
11905409,K03312.01,18.0939004,139.01706,0.13724999999999998
9571186,K03313.01,34.9524256,163.52048,0.07154166666666667
5612697,K03206.01,15.1516409,133.9226,0.21270833333333333
8973285,K04782.01,7.4213444,137.493,0.098375
3758922,K04853.01,17.7412303,144.3554,0.20066666666666666
8360041,K04854.01,2.63527677,133.97919,0.08320833333333333
9782748,K04856.01,147.388124,174.6537,0.365875
2860656,K04857.01,4.11497357,135.318,0.12604166666666666
7094944,K04859.01,7.5019743,135.0995,0.10758333333333332
6425597,K04861.01,29.1206519,138.4718,0.12041666666666667
10917433,K03248.01,6.91261536,132.15638,0.09829166666666667
5091479,K07715.01,25.8616058,140.2048,0.32416666666666666
8874090,K01404.02,18.9060921,140.82932,0.171875
8331612,K03318.02,25.6970688,144.2286,0.15579166666666666
8328916,K04790.01,6.07855,132.5345,0.142
10155029,K03208.01,2.131660527,133.13431,0.07743749999999999
11618569,K04792.01,5.75902182,132.16301,0.11195833333333333
11973517,K04862.01,0.903763067,131.51926,0.02341666666666667
7345248,K04864.01,5.66494448,136.33835,0.173875
6690171,K03320.01,85.0624157,149.220739,0.19568333333333332
5193659,K03323.01,14.3196417,134.16323,0.15754166666666666
6220312,K04793.01,5.2736268,135.6461,0.22045833333333334
6358937,K04794.01,24.5041103,140.1805,0.2527083333333333
7771181,K04797.01,9.97202023,137.71181,0.059375
4366323,K03258.01,40.3511707,153.40933,0.16541666666666666
2853029,K03259.01,72.9332762,198.11468,0.15954166666666666
6955671,K03329.01,12.6878176,136.1525,0.17758333333333332
5097856,K07716.01,483.36405,483.0784,0.6504166666666666
8278073,K04799.01,12.0729757,142.429,0.157625
10810859,K04801.01,82.401274,140.6557,0.27
7017274,K03209.01,11.91256675,143.15988,0.25525
6767227,K04871.01,4.08197713,132.10953,0.122625
2986833,K04875.01,0.912179022,131.81174,0.0555
11853130,K03263.01,76.87935893,146.882451,0.09924583333333332
9345933,K03264.01,13.0151826,134.74697,0.15054166666666666
11338056,K04735.01,2.87998334,131.48485,0.06908333333333333
10676750,K04804.01,21.08678557,135.5636,0.040749999999999995
9581589,K04877.01,5.19206571,134.5614,0.15483333333333332
11804437,K04878.01,449.01499,144.707,0.5241666666666667
8280511,K01151.04,17.4532945,146.66244,0.16779166666666667
4813793,K07708.01,6.70242786,133.17733,0.050875000000000004
7266212,K04737.01,7.79534033,138.03216,0.14191666666666666
9419020,K04808.01,2.40174996,131.7811,0.058875
4270799,K04810.01,115.238544,155.5989,0.31887499999999996
8811490,K04811.01,21.7434141,148.935,0.33929166666666666
8094120,K04881.01,5.6795377,132.95,0.15654166666666666
9935642,K04885.01,9.33955596,138.11016,0.08574999999999999
7285757,K03271.02,7.41834569,133.51738,0.10258333333333333
4262040,K03202.01,92.461135,211.1951,0.5976666666666666
4840672,K04813.01,9.2294726,136.173,0.10191666666666667
7287677,K04815.01,18.3721835,149.4627,0.15575
7692248,K04886.01,17.99562529,145.60092,0.036291666666666667
6691169,K04890.01,63.095068,158.1168,0.3952083333333333
8280511,K01151.05,21.7203362,134.7659,0.17716666666666664
6520519,K04749.01,1.97650073,132.95624,0.0745
9459162,K04818.01,3.79892774,133.289,0.17133333333333334
9969287,K04820.01,14.7401061,133.5305,0.23487499999999997
10747501,K04891.01,4.7309013,135.19333,0.12037499999999998
10586744,K04892.01,21.3761817,143.6293,0.35595833333333327
11970050,K04893.01,6.58753699,138.0427,0.085125
5308296,K04750.01,36.721576,151.2481,0.32325
3122872,K03203.01,96.81647,136.55813,0.426125
9702945,K04822.01,3.51413723,132.40707,0.16329166666666667
11401253,K04823.01,4.96504981,135.55399,0.09216666666666667
10549902,K04826.01,1.141148847,132.24561,0.06787499999999999
12416597,K04895.01,12.460565,139.2206,0.162625
11135694,K04896.01,19.5945772,150.1394,0.2820833333333333
10065053,K04898.01,409.87844,238.9944,0.4408333333333333
10291589,K04754.01,7.08757462,138.27614,0.13924999999999998
10118266,K04755.01,3.74318005,135.13816,0.04629166666666666
5695615,K04756.01,5.4169303,133.7916,0.31299999999999994
5651846,K04827.01,31.1920226,153.83296,0.11870833333333333
12401132,K04829.01,7.630545,907.04471,0.15125
6424561,K04900.01,6.6716723,131.92708,0.11220833333333333
10000162,K04902.01,409.38645,340.621,0.5741666666666666
7949593,K04759.01,17.7662938,146.6886,0.12829166666666666
7098255,K04762.01,11.56722589,132.25385,0.10445833333333333
4670361,K07700.01,631.56889,145.0148,0.5987499999999999
10584140,K04833.01,4.31724247,133.4243,0.17191666666666666
8233326,K04834.01,3.74099144,132.2112,0.22616666666666665
4940203,K07711.01,302.779824,355.5989,0.7019583333333334
6268648,K01613.02,94.094392,196.7503,0.45137499999999997
10935993,K03367.01,25.3736543,151.8667,0.109125
5257082,K03368.01,10.08535311,140.97143,0.07291666666666666
8628665,K03434.01,10.2856373,141.20764,0.12679166666666666
5881307,K07746.01,393.95608,388.3294,0.57875
4645174,K03437.02,34.7496038,158.68412,0.1895
6124137,K07764.01,227.83457,238.7643,0.8995833333333333
11657614,K03370.01,24.352541,147.1949,0.11591666666666667
5687986,K07735.01,382.30306,356.7308,0.36791666666666667
11125797,K03371.01,58.1263775,163.11687,0.16741666666666666
6543893,K01627.03,3.80675878,133.7492,0.08716666666666667
6705026,K03374.02,34.1086562,158.431,0.266875
5553959,K03377.01,10.0100312,131.61434,0.05625
5384713,K03444.01,12.67143692,137.50707,0.10408333333333333
5384713,K03444.02,60.32668824,145.057472,0.07026666666666666
5384713,K03444.03,2.63595435,132.31984,0.05454166666666666
6451368,K07780.01,5.3360574,132.605,0.16154166666666664
8644365,K03384.01,10.54841329,139.06402,0.078
5888187,K07749.01,133.6348207,236.35163,0.066
3348216,K03448.01,32.510844,136.62491,0.13558333333333333
10793576,K03451.01,10.90752977,136.60797,0.11516666666666665
7047922,K01899.02,10.5226374,140.0656,0.16099999999999998
5894182,K07750.01,494.485085,527.70941,0.16270833333333332
6947668,K03455.01,14.0545718,133.0972,0.16941666666666666
10290666,K00332.02,6.86674226,135.3543,0.17566666666666667
3848966,K03389.01,29.7681831,155.5003,0.3927083333333333
9452897,K03391.01,36.7662364,157.14332,0.13770833333333332
6209677,K01750.02,2.53742164,132.34623,0.06512499999999999
9664276,K03460.01,62.596544,185.9931,0.47820833333333335
7748487,K03394.01,15.5764061,135.9482,0.22424999999999998
3219037,K03395.01,10.00506974,136.83029,0.14504166666666665
5710069,K03396.01,36.2580749,146.8338,0.24654166666666666
9967009,K03462.01,12.4326997,142.1049,0.32541666666666663
9967009,K03462.02,30.9902997,141.441,0.3939166666666667
6200810,K03397.01,35.8754482,147.5086,0.16549999999999998
3561464,K03398.03,4.32710579,131.5891,0.16133333333333333
4844470,K03469.01,60.532988,134.57461,0.29525
9995771,K03470.01,15.0617835,140.1111,0.26291666666666663
9966219,K03401.01,17.9559673,139.0347,0.25987499999999997
6231721,K07773.01,2.69339974,131.9006,0.08066666666666666
9536108,K03472.01,10.43003118,133.2962,0.08454166666666665
8905246,K03473.01,27.63714708,143.93342,0.0719875
5460434,K07729.01,50.563697,145.8658,0.22420833333333334
11922778,K03408.01,65.427645,176.2733,0.3918333333333333
2975770,K01788.02,369.069345,298.3962,0.243
7692093,K03337.01,11.16622885,134.96951,0.14120833333333332
7772914,K03339.01,23.1334494,154.45296,0.15008333333333332
3529290,K03340.01,8.9539656,132.8453,0.2040833333333333
3529290,K03340.02,13.7281373,143.55218,0.221
6025124,K03411.01,26.83771808,158.125331,0.06734166666666666
5531953,K01681.03,3.53105835,134.3171,0.07408333333333333
6277410,K07774.01,6.32589574,133.27081,0.057624999999999996
9843517,K03480.01,11.9378354,133.2612,0.19383333333333333
8812045,K03481.01,32.715906,135.9204,0.4495833333333333
3101923,K03483.01,82.331756,133.0814,0.361
5621333,K03341.01,27.0965146,139.3521,0.35083333333333333
5621333,K03341.02,11.5474983,139.9777,0.27849999999999997
3236705,K03343.01,83.2664103,194.23925,0.11720833333333333
2849140,K03416.01,11.8237228,139.4199,0.35491666666666666
8121328,K03486.01,19.0689513,145.7515,0.51925
6043538,K07759.01,6.2253374,133.0882,0.18283333333333332
7289338,K03420.02,12.5014905,142.55934,0.16175
5004909,K03421.01,40.6511021,164.5528,0.4700833333333333
6278670,K07775.01,89.945828,133.5634,0.09525
5898983,K03422.01,40.1454757,133.7186,0.21666666666666667
5617259,K07733.01,1.048130894,132.3528023,0.23627916666666665
9474756,K03495.01,17.6062701,147.1894,0.25558333333333333
5308663,K01562.02,20.0679247,150.7703,0.21816666666666665
6356400,K07776.01,541.92452,326.8745,0.8916666666666666
5900235,K03426.01,58.7701045,174.775,0.2914583333333333
9474756,K03495.02,6.685438,132.3184,0.21208333333333332
7517261,K03496.02,8.5433774,137.9895,0.2562083333333333
5877292,K07744.01,11.7201693,136.1871,0.09995833333333333
9845909,K03354.01,11.5706005,136.28577,0.12804166666666666
9221528,K03355.01,16.2953228,144.7982,0.20341666666666663
6106046,K07762.01,8.5073512,135.8115,0.09441666666666666
9230021,K03429.01,15.8283833,144.3927,0.15179166666666666
6058816,K03500.02,4.7482669,135.8003,0.206125
4263529,K03358.01,10.10404351,132.892841,0.04175833333333333
7697103,K03430.01,13.9248005,142.04732,0.209
9267996,K03431.01,19.6001405,138.5631,0.35887499999999994
7093401,K03433.01,34.08429351,152.06766,0.0563375
4820550,K03823.01,202.1168173,292.05064,0.195125
11547869,K03749.01,10.72725536,132.90239,0.0730875
6525946,K02093.02,2.508116,133.98497,0.10433333333333333
9973109,K02018.02,16.0988294,131.8764,0.23691666666666666
5966810,K03909.01,247.891041,133.92838,0.7651249999999999
6863158,K07793.01,1.99469354,131.5639,0.2207083333333333
8308347,K03761.01,164.950399,280.9154,1.2858333333333332
10281221,K03913.01,0.582895412,131.621083,0.043866666666666665
6525946,K02093.03,0.496069986,132.28138,0.06486666666666666
7017372,K03689.01,5.24088367,136.02877,0.14023333333333332
3128552,K02055.04,6.13074243,131.85782,0.11833333333333332
6887030,K07795.01,5.44085762,134.29408,0.08829166666666667
8323764,K03767.01,6.714247798,134.31703,0.13876666666666665
5008245,K03770.01,2.60720833,131.84844,0.11021666666666666
4075067,K03777.01,17.7476059,139.3464,0.21108333333333332
12301181,K02059.02,2.18565886,132.45418,0.08191666666666667
6891124,K07796.01,3.52364689,134.1864,0.14329166666666665
9489524,K02029.04,4.78850084,135.4574,0.08745833333333333
7813039,K03787.01,141.73403059,167.345982,0.06604583333333333
6531617,K07785.01,433.220461,271.04277,0.11354166666666667
4164922,K03864.02,18.2572722,134.44527,0.14308333333333334
8365739,K03722.01,2.38920105,132.05991,0.13124999999999998
8827930,K03801.01,288.3128666,374.79958,0.22579166666666664
6790592,K07791.01,106.18732,180.796,0.42874999999999996
6508221,K00416.03,9.74765878,139.16424,0.10916666666666666
6952971,K07798.01,309.89103,259.0588,0.6833333333333332
4147444,K03880.01,1.803697292,131.51365,0.06634166666666666
5769943,K03810.01,1.013774136,131.95888,0.053225
4638237,K03811.01,290.1401717,307.250618,0.08992916666666667
12154526,K02004.03,1.72110057,132.76068,0.08008333333333333
6507433,K03815.01,4.7425521,133.13755,0.04625
8765560,K03891.01,47.1096306,144.13172,0.2392083333333333
8780959,K03741.02,18.577903,142.171,0.8379166666666666
5008501,K01666.01,0.968026356,131.756162,0.0297625
5184709,K01670.01,10.57910009,141.07251,0.0606375
7778664,K07849.01,5.0263815,135.5595,0.18266666666666667
5211199,K02158.02,6.68231249,132.18853,0.13545833333333332
7834712,K07850.01,66.119119,145.2356,0.12858333333333333
9574614,K01745.01,0.982090079,131.701452,0.060371666666666664
8189801,K02480.01,0.66682654,133.041202,0.03269583333333333
10028352,K01957.01,1.38680229,132.532038,0.07110416666666666
10917681,K01963.01,12.89623554,136.82697,0.109375
7134626,K07818.01,2.52443998,133.77012,0.09870833333333334
11246161,K02796.01,0.5374094,131.49675,0.0501625
10352333,K03991.01,1.570592397,131.530377,0.025958333333333333
12253474,K01947.01,6.422943288,135.55302,0.04506249999999999
3764879,K02141.01,1.306984786,131.529128,0.049749999999999996
7601665,K07842.01,3.11141514,132.4992,0.12808333333333333
9149789,K02874.01,0.352515897,132.01659,0.043854166666666666
7051984,K02879.01,0.339069751,131.86957,0.04798333333333333
7613620,K07843.01,0.619023176,131.92817,0.06233333333333333
3345675,K01772.01,120.00336404,250.137832,0.14084583333333334
4947556,K03936.01,141.608555,190.27633,0.3202083333333333
7287028,K07832.01,3.6092231,132.463,0.11666666666666665
8376848,K04007.01,11.4927112,133.3086,0.3235
7300182,K07833.01,172.820248,302.0399,0.30595833333333333
9904006,K02135.02,20.1890396,142.19429,0.26045833333333335
7366501,K07834.01,7.3812344,137.5646,0.11674999999999999
7296438,K00364.01,173.92851338,223.7546088,0.11
9425139,K01411.01,305.0762469,294.06794,0.260625
7367164,K07835.01,3.76565247,132.52476,0.06487499999999999
7671950,K07846.01,10.5994606,134.8329,0.39516666666666667
9084778,K01631.01,0.592243731,131.654831,0.057749999999999996
7747103,K07847.01,399.37587,300.0792,0.8854166666666666
10674871,K02068.01,41.88970036,172.00102,0.05625
11518201,K03104.01,1.236866732,132.1776,0.05175
9758032,K03137.01,1.332035996,131.58386,0.057958333333333334
6974658,K02925.01,0.716531851,131.7213,0.027291666666666665
9634821,K02037.02,5.47715718,352.84857,0.05770416666666667
9602613,K02612.02,7.57299816,131.94317,0.11020833333333332
10904004,K02957.01,4.64490141,133.67436,0.10233333333333333
9605552,K03102.01,9.3210841,138.09946,0.07541666666666666
2715695,K03077.02,7.55842923,137.9981,0.12125
5283728,K05149.01,43.681309,168.9218,0.5154166666666666
5374838,K05155.01,230.180357,230.05245,0.5598333333333333
6366559,K05274.01,55.7583803,160.0006,0.10404166666666666
6367663,K05275.01,3.781123,135.204,0.33958333333333335
6368905,K05276.01,220.720142,303.8527,0.3410833333333333
6372194,K05278.01,281.5921577,261.81786,0.236375
6387557,K05279.01,103.722152,176.0727,0.25254166666666666
5294945,K03463.01,32.5474295,133.6742,0.289375
3968809,K05030.01,411.8969,379.0087,0.25845833333333335
3974928,K05033.01,127.671711,227.0906,0.109875
4063943,K05035.01,115.23145073,211.6353632,0.08374999999999999
4071638,K05037.01,349.58811,183.0587,0.21049999999999996
5390913,K05156.01,1.680254289,131.898828,0.524375
5394585,K05158.01,151.13008,278.463,0.14541666666666667
5425643,K05160.01,258.63797782,385.721676,0.29625
5428199,K05162.01,628.15844,152.9787,0.506
6425377,K05281.01,263.90141,203.1723,0.17929166666666665
6442735,K05283.01,18.7821603,147.8508,0.23220833333333335
6443093,K05284.01,389.316341,351.36049,0.22875
6509282,K05287.01,3.98916186,132.21377,0.07970833333333333
6697817,K03508.01,190.800788,236.0389,0.33675
4135912,K05040.01,29.6094263,141.2485,0.11291666666666667
4150972,K05044.01,161.537665,280.9898,0.11041666666666666
5436455,K05164.01,209.967521,241.95921,0.10770833333333332
5439000,K05165.01,369.73011,246.29,0.5945833333333332
5443320,K05169.01,21.3684341,143.72266,0.049166666666666664
6511182,K05288.01,29.5632952,158.22504,0.06508333333333333
6517064,K05289.01,181.81214,144.6702,0.6735
6517200,K05290.01,435.50635,267.6857,1.4233333333333331
6517255,K05291.01,525.560452,440.33369,0.09695833333333333
1164301,K04921.01,95.688682,224.2893,0.269375
1429589,K04923.01,38.168652,144.4713,0.21191666666666667
1865864,K04926.01,69.089357,135.4461,0.258625
4164511,K05046.01,40.9882124,152.2483,0.14995833333333333
4241238,K05048.01,138.333748,209.39452,0.09962499999999999
5524229,K05174.01,22.4932751,132.2511,0.13216666666666665
5529385,K05176.01,215.732414,294.363,0.07979166666666666
6543192,K05297.01,8.0906952,136.7844,0.11033333333333334
6594945,K05300.01,188.954072,160.7576,0.5904166666666666
2019199,K04931.01,579.81521,343.5587,0.22624999999999998
2158460,K04932.01,19.12788374,134.8576413,0.08333333333333333
4346339,K05057.01,493.74242,149.1145,0.23687499999999997
6634112,K05308.01,9.942228056,133.8474942,0.10227125
6675757,K05310.01,22.2903562,152.37929,0.06762499999999999
2310993,K04938.01,55.180772,147.7141,0.4079583333333333
2437653,K04940.01,84.6405853,183.17243,0.11070833333333333
2555080,K04943.01,15.2024426,136.9199,0.33791666666666664
4471313,K05066.01,110.089267,174.2529,0.06562499999999999
4478142,K05067.01,219.931324,329.3836,0.20074999999999998
4484179,K05068.01,385.29212,440.5319,0.8090416666666667
5650930,K05188.01,455.195496,312.331,0.14854166666666666
5697395,K05192.01,50.55398,160.0628,0.256625
6805414,K05329.01,200.2350497,305.44985,0.9838333333333332
6869373,K05331.01,31.5034587,159.9712,0.138125
6875342,K05332.01,22.2381062,148.3792,0.11166666666666666
6879183,K05333.01,20.5477769,149.1769,0.19308333333333333
4566848,K05071.01,180.4118581,142.86513,0.13708333333333333
5734702,K05196.01,392.47291,155.4624,0.32779166666666665
2861298,K04958.01,581.729006,341.09187,0.2769583333333333
4737848,K05079.01,56.001782,144.09684,0.07108333333333333
4750962,K05083.01,69.932459,145.91179,0.08458333333333332
5793275,K05202.01,535.93723,135.5316,0.49374999999999997
5857656,K05205.01,313.051405,408.62595,0.4570416666666666
5859725,K05207.01,18.9828305,139.257,0.262625
6719052,K05320.01,357.437578,195.2194,0.662625
6721603,K05321.01,215.634356,230.7211,0.6290416666666666
6756369,K05322.01,30.928898,153.90647,0.14316666666666666
6765563,K05324.01,293.392635,341.2263,0.15254166666666666
6776555,K05327.01,5.43361347,136.711,0.043075
2992634,K04960.01,47.82278681,134.1402656,0.049583333333333326
3001955,K04961.01,348.96347,184.8658,0.5766666666666667
3101178,K04963.01,59.4037839,159.80356,0.418375
3239171,K04967.01,43.581043,148.4352,0.28679166666666667
4761427,K05085.01,327.063,438.3693,0.3358333333333333
4770798,K05087.01,651.07431,216.3882,0.23345833333333332
4813750,K05088.01,49.1782244,165.7659,0.24166666666666664
4833409,K05092.01,271.790292,195.52243,0.12266666666666666
5946568,K05211.01,3.5645249,134.4518,0.08591666666666666
5954894,K05213.01,48.2455501,141.14725,0.057291666666666664
5965629,K05216.01,377.311149,411.6189,0.13874999999999998
6934045,K05336.01,265.741374,167.0573,0.75325
6939913,K05337.01,470.65357,173.647,0.14408333333333334
7009548,K05341.01,15.18575582,144.63985,0.026375
3242039,K04969.01,59.14382117,180.5653307,0.0725
3340165,K04972.01,26.092284,149.1087,0.2759583333333333
3355104,K04975.01,47.0628978,171.94782,0.06437499999999999
4912650,K05098.01,100.345648,152.8425,0.33079166666666665
4914221,K05099.01,111.187116,195.2257,0.14870833333333333
5981058,K05219.01,27.765596,132.0878,0.8120833333333333
6021840,K05222.01,367.6758,370.244,0.9791666666666666
6023571,K05223.01,354.21154,218.299,0.77475
6025174,K05224.01,171.028691,301.7487,0.491
3356156,K04976.01,624.90338,241.5869,0.5070416666666666
3425363,K04977.01,25.5338535,153.586,0.0865
3428127,K04978.01,339.18998,300.2366,0.21320833333333333
3441795,K04981.01,349.73652,268.2946,0.1428333333333333
4915582,K05101.01,436.18813,185.8184,0.47291666666666665
4918303,K05104.01,21.1579573,150.5824,0.19608333333333333
4940376,K05107.01,169.330666,208.7974,0.10833333333333334
6034379,K05226.01,249.35154,133.929,0.5733333333333333
6034834,K05227.01,371.56492,259.8491,0.614
6036286,K05228.01,546.53309,334.0585,0.6683333333333332
6038152,K05229.01,364.63189,145.6294,0.9554166666666666
6043490,K05230.01,330.738115,422.7107,0.20825
6045404,K05231.01,78.876125,205.1282,0.20466666666666666
3540873,K04986.01,444.04257,334.6734,0.45416666666666666
3548645,K04991.01,211.330867,244.953,0.19416666666666665
4953262,K05110.01,105.5904748,192.30383,0.09116666666666667
6067545,K05236.01,550.86514,307.6878,0.6061666666666666
6115356,K05237.01,380.39474,502.2332,0.44895833333333335
3553900,K04992.01,12.5747207,142.34553,0.12066666666666666
5027859,K05117.01,33.3726538,153.5967,0.15262499999999998
5036052,K05119.01,143.163697,243.7133,0.20224999999999999
6197658,K05247.01,282.0309,162.5448,0.6120833333333333
6198670,K05248.01,179.25465,154.3773,0.93125
3646449,K04999.01,65.752109,183.3112,0.2855833333333333
3647097,K05001.01,59.9655175,140.9936,0.07874999999999999
3748239,K05003.01,112.951287,172.0238,0.1785
3751118,K05004.01,103.363691,194.152,0.25049999999999994
5094412,K05124.01,276.879492,176.52152,0.1574583333333333
5110453,K05126.01,418.04355,194.7139,0.4490416666666666
5166811,K05130.01,370.05918,311.474,0.49416666666666664
6203955,K05249.01,19.4534296,139.3373,0.20304166666666668
6266866,K05254.01,232.916142,162.1441,0.2932083333333333
3229150,K02150.02,44.7055876,149.6448,0.26091666666666663
11360805,K02422.02,57.3888262,141.62516,0.147625
3757521,K05006.01,126.51457638,167.3005742,0.08958333333333332
3758499,K05007.01,14.5168151,137.5579,0.2415
3834728,K05009.01,359.98653,352.5338,0.16108333333333333
5181299,K05134.01,573.23826,343.313,0.11004166666666666
5184144,K05135.01,314.765374,283.1235,0.13854166666666667
6309307,K05262.01,438.98396,487.8174,0.40083333333333326
3863877,K05021.01,288.07937,355.49261,0.13170833333333332
5255259,K05142.01,198.895864,225.4944,0.1747083333333333
6346894,K05264.01,52.69092296,138.799777,0.09625
6347890,K05266.01,37.71508287,165.6372891,0.075
6350031,K05267.01,5.1779065,135.756,0.2235833333333333
6359881,K05268.01,474.22897,161.0544,0.54375
6359929,K05269.01,371.50631,260.1243,0.3689166666666666
3865815,K05022.01,117.26808432,146.7201011,0.09166666666666667
3955444,K05027.01,62.312419,146.119,0.23170833333333332
9274092,K05649.01,426.942225,485.38171,0.16520833333333332
9282853,K05651.01,83.499618,163.5093,0.6679166666666667
9292100,K05652.01,91.507044,184.2723,0.209125
9300066,K05653.01,188.664098,154.3037,0.21579166666666666
10186761,K05772.01,75.636309,131.9468,0.10783333333333334
10191449,K05775.01,492.23808,247.5842,0.5220833333333332
10199984,K05776.01,198.6004,163.566,0.14708333333333332
7625138,K05406.01,5.71966537,131.78147,0.16408333333333333
8507586,K05528.01,201.621794,261.7721,0.13216666666666665
8525101,K05532.01,24.6777128,136.5139,0.212
8525286,K05533.01,113.05980069,241.0089927,0.7929166666666667
9304976,K05654.01,54.6957124,155.2574,0.2870833333333333
9330740,K05656.01,169.84787744,178.6902845,0.1175
9334027,K05657.01,284.699924,257.6791,0.15454166666666666
9363944,K05660.01,402.20969,369.5086,0.22075
10272858,K05782.01,584.55603,388.63685,0.1529583333333333
10319834,K05785.01,70.31252504,178.7486804,0.5691666666666666
10339000,K05787.01,69.775633,147.9367,0.38354166666666667
7625143,K05407.01,58.5029431,185.75495,0.06804166666666667
7631138,K05408.01,415.748785,510.09961,0.13804166666666667
7662502,K05410.01,24.1527864,146.4101,0.1854583333333333
7672215,K05411.01,11.1734401,142.5962,0.189375
7690782,K05413.01,428.379308,522.3881,0.16941666666666666
8547213,K05536.01,392.72811,371.411,0.52
8547537,K05539.01,374.05697,177.0559,0.93875
8548454,K05541.01,339.633833,260.9552,0.369125
9391817,K05663.01,140.884533,243.1411,0.42687499999999995
9394953,K05665.01,100.494129,153.8021,0.11162499999999999
9397862,K05666.01,182.453195,282.5445,0.113375
10387792,K05789.01,383.26217,216.192,0.20166666666666666
10394802,K05790.01,178.266978,229.75414,0.21983333333333333
10453009,K05794.01,30.9771151,145.6475,0.13283333333333333
10459749,K05795.01,19.11280242,143.6245952,0.06583333333333333
7747091,K05418.01,14.2673439,133.9655,0.132125
7757620,K05422.01,360.64485255,186.8852982,0.46624999999999994
8570210,K05545.01,541.04472,372.4781,0.5195833333333333
8571421,K05546.01,514.271499,416.76798,0.14416666666666667
8574794,K05547.01,571.14302,251.0392,0.4191666666666667
8613769,K05550.01,540.39267,196.0854,0.3847083333333333
9417931,K05671.01,190.905243,193.3008,0.105375
9456887,K05677.01,20.5142642,148.7293,0.14683333333333332
10470779,K05796.01,495.854189,241.49594,0.36041666666666666
10487228,K05798.01,318.25858,276.1817,0.18291666666666664
10519727,K05799.01,184.883155,283.41765,0.12604166666666666
10525077,K05800.01,11.006795,135.9925,0.213
10535708,K05801.01,177.37583,169.0841,0.8808333333333334
7762153,K05423.01,366.55705,238.1402,0.48416666666666663
7767781,K05425.01,39.42516213,133.1963483,0.09083333333333334
7770901,K05426.01,124.887214,133.7933,0.3582916666666667
8644545,K05552.01,295.958914,138.92548,0.17683333333333331
8644911,K05553.01,120.938669,246.252,0.3674166666666666
8652997,K05554.01,362.22202,385.738,0.5954166666666666
8656535,K05556.01,631.99116,147.27452,0.12458333333333334
9466486,K05680.01,557.92882,210.68,0.1995
9472328,K05681.01,77.51257,199.556,0.13124999999999998
9472341,K05682.01,46.969389,173.8395,0.08099999999999999
9475697,K05684.01,206.801125,246.8488,0.27499999999999997
9481235,K05685.01,14.0019064,136.311,0.17737499999999998
10552151,K05805.01,525.757041,306.89848,0.208125
10552263,K05806.01,313.82752,166.4928,0.17445833333333333
10554421,K05807.01,236.09799849,210.0045018,0.15208333333333332
10581308,K05810.01,425.593391,225.3273,0.1589583333333333
7812990,K05431.01,43.08410127,163.7383276,0.057499999999999996
7829836,K05433.01,237.819002,320.1617,0.4718333333333333
7830953,K05434.01,581.87357,389.8661,0.61
7836096,K05435.01,15.9961296,138.93316,0.06899999999999999
7881464,K05437.01,213.63312404,161.1886697,0.10583333333333333
8715589,K05563.01,7.62210397,138.65231,0.07924999999999999
8741367,K05566.01,0.9886684,131.99354,0.08429166666666667
9532603,K05688.01,14.5555096,132.8686,0.08625
9534832,K05689.01,114.12716,226.87991,0.071625
9536727,K05690.01,17.0497376,146.73363,0.13629166666666664
9575728,K05692.01,2.64181261,132.53192,0.08862499999999998
10802364,K05829.01,583.8531,362.1416,0.21208333333333332
10809888,K05830.01,72.782432,188.2117,0.15525
10813078,K05831.01,10.552241908,132.652083,0.11397916666666666
10850327,K05833.01,440.171272,470.35369,0.5090416666666666
10855545,K05834.01,37.537859,159.7364,0.271375
10858504,K05835.01,474.96952,281.948,0.19083333333333333
7888863,K05440.01,74.624063,194.3704,0.37004166666666666
7917068,K05446.01,416.9504,227.392,0.16774999999999998
8747910,K05570.01,574.65297,365.2946,0.18208333333333332
8807988,K05572.01,21.9578446,135.06742,0.04325
8814872,K05574.01,373.41509,346.9457,0.27570833333333333
9579606,K05694.01,107.904526,159.9493,0.08554166666666665
9596820,K05698.01,282.029084,170.69,0.19524999999999998
10601163,K05812.01,3.1318392,132.123,0.06799999999999999
10618044,K05815.01,207.767894,224.425,0.21708333333333332
10656842,K05816.01,82.508054,162.3992,0.15858333333333333
10658177,K05817.01,113.083522,217.1521,0.4297916666666666
10663976,K05819.01,381.37504,490.55,0.6904166666666667
7950158,K05451.01,529.39169,387.3915,0.45287499999999997
8841297,K05577.01,495.51899,452.8313,0.14966666666666667
8868481,K05578.01,388.048463,295.8353,0.144
8888745,K05579.01,34.0269868,164.79638,0.06608333333333333
8890417,K05580.01,173.219879,201.2993,0.078125
9659022,K05702.01,511.882,533.7435,0.20091666666666666
9674789,K05704.01,96.16705,134.6749,0.11562499999999999
9723746,K05707.01,208.800733,328.6955,0.08183333333333333
10678912,K05821.01,113.71363032,179.5299204,0.10208333333333333
10685764,K05822.01,17.634272,133.29332,0.057791666666666665
10737437,K05825.01,208.047137,321.9021,0.13416666666666666
10747162,K05826.01,30.561533,136.05488,0.09279166666666666
7979297,K05455.01,292.09809,324.4378,0.60125
8005002,K05457.01,578.21623,347.643,0.11279166666666665
8007174,K05458.01,56.648588,168.47002,0.18891666666666665
8009811,K05459.01,53.554546,160.3983,0.23054166666666667
8016650,K05461.01,119.079642,134.0349,0.6778333333333333
8915379,K05583.01,20.5858591,140.6753,0.127875
8937555,K05585.01,113.573945,216.47178,0.12529166666666666
8946267,K05588.01,542.91133,409.6919,0.6625
9776907,K05712.01,287.75613,385.4564,0.228625
9832379,K05715.01,189.961729,288.3907,0.5191666666666667
10865043,K05836.01,202.18722766,174.3624491,0.11541666666666667
10878117,K05837.01,280.92070688,154.8994005,0.145
10879899,K05839.01,169.415073,283.3498,0.16183333333333333
10933306,K05842.01,57.7749373,154.2915,0.197125
8040308,K05467.01,502.8356901,234.1810504,0.41541666666666666
8040457,K05468.01,81.704814,151.4216,0.06116666666666666
8044083,K05470.01,578.21805,273.3259,0.17416666666666664
8959240,K05591.01,317.009388,183.1035,0.12554166666666666
8971044,K05592.01,482.51701,276.2043,0.6162916666666667
9011877,K05597.01,7.77710639,133.86539,0.14241666666666666
9838582,K05718.01,233.64574,297.494,0.41875
9839030,K05719.01,27.285315,153.656,0.31124999999999997
7018210,K05344.01,445.351255,558.63755,0.27149999999999996
8076215,K05472.01,97.5137491,156.92462,0.11062499999999999
8094942,K05473.01,549.42772,132.9476,0.25375
8099517,K05474.01,284.666844,322.5718,0.11466666666666665
8105719,K05476.01,148.179343,202.2788,0.5305416666666667
9012244,K05598.01,376.934014,267.4192,0.17833333333333334
9018021,K05600.01,17.168095,134.637329,0.5433333333333332
9026007,K05602.01,403.163148,434.7531,0.23895833333333333
9026248,K05603.01,341.557931,244.88596,0.14020833333333332
9044060,K05604.01,476.91977,390.4731,0.21125
9047416,K05605.01,9.011888,138.658,0.17362499999999997
9851638,K05725.01,351.25069,226.8377,0.152
9881660,K05727.01,65.3558881,154.47727,0.09020833333333333
9910043,K05732.01,39.399926,160.2611,0.23870833333333333
7101726,K05352.01,270.1430241,210.960799,0.2633333333333333
7125794,K05358.01,126.586058,222.9909,0.22541666666666665
7130612,K05359.01,2.7200197,133.3342,0.07808333333333334
8125917,K05479.01,18.347081,145.001,0.11770833333333333
8129333,K05480.01,57.140035,145.8694,0.23683333333333334
8158429,K05482.01,31.707574649,138.2539898,0.31987916666666666
8197176,K05485.01,9.3589254,133.482,0.13204166666666667
8197406,K05486.01,4.15472242,132.61089,0.074625
9073549,K05608.01,87.565484,134.2932,0.10529166666666667
9079671,K05609.01,535.1515,477.1303,0.11775
9079767,K05610.01,495.40462,241.0,0.02625
9087853,K05612.01,353.65927,482.263,0.18929166666666666
9097470,K05613.01,346.4174,460.5646,0.38458333333333333
9935983,K05736.01,161.651504,289.32322,0.10454166666666666
9941136,K05737.01,376.24253,392.8316,0.16933333333333334
9942658,K05740.01,21.7997515,144.3188,0.19816666666666666
7132462,K05360.01,54.595746,156.83764,0.09208333333333332
7186436,K05365.01,585.64118,248.4981,0.5820833333333333
7191523,K05367.01,502.98283916,283.5049194,0.1225
8223445,K05487.01,48.8130123,157.60638,0.06408333333333333
9114614,K05616.01,441.61919,348.5033,0.22383333333333333
9116510,K05618.01,318.49078,167.0042,0.1255
9953491,K05741.01,362.0619,154.1605,0.5841666666666666
9962595,K05745.01,11.374442708,142.4558524,0.0961225
9968924,K05747.01,411.447056,522.27374,0.14504166666666665
9993683,K05748.01,29.9371143,145.1081,0.18479166666666663
7198587,K05369.01,651.358046,213.18162,0.18266666666666667
7204233,K05371.01,33.3037881,149.4642,0.125125
7205717,K05372.01,212.60398,213.4113,0.23916666666666667
7206422,K05373.01,50.550788,131.5846,0.09804166666666667
7213311,K05375.01,285.374561,311.29883,0.20270833333333332
8279146,K05497.01,93.359737,155.8348,0.224875
8294683,K05499.01,122.58481,178.4735,0.9320833333333334
8295087,K05500.01,84.934357,157.8966,0.13204166666666667
8307489,K05502.01,421.98194,226.9386,0.5749583333333332
9147012,K05625.01,116.454312,161.9891,0.6594166666666667
9147029,K05626.01,397.499229,418.76194,0.334125
9157030,K05628.01,24.9093027,155.3824,0.15833333333333333
9157523,K05629.01,192.138741,269.2098,0.13408333333333333
9994381,K05749.01,281.95332,231.2826,0.11483333333333332
10007916,K05755.01,388.67155,211.0496,0.48754166666666665
7282470,K05379.01,520.655224,160.5611,0.5391666666666666
7289139,K05380.01,369.93355,175.282,0.31666666666666665
8352009,K05506.01,641.60204,170.8404,0.6984166666666667
8378278,K05509.01,28.406342,133.0507,0.10824999999999999
9166700,K05632.01,264.466625,134.96749,0.26545833333333335
9173014,K05633.01,151.77884,204.5209,0.10895833333333334
9178894,K05635.01,113.993156,171.1834,0.3217083333333333
10027861,K05758.01,102.493119,166.0094,0.11725
10064591,K05759.01,284.94212784,359.5238684,0.13333333333333333
10083325,K05761.01,6.13292733,131.9926,0.06504166666666666
10090854,K05762.01,12.63063129,136.70398,0.09216666666666667
10098540,K05764.01,286.02266,373.7304,0.4345833333333333
7377343,K05384.01,7.95445779,135.48462,0.19171666666666667
7383840,K05385.01,331.70918,312.6153,0.31
7416016,K05387.01,297.78282,233.4002,0.7658333333333333
7416306,K05388.01,137.396194,158.9242,0.7337499999999999
7416646,K05389.01,365.739893,278.581,0.050749999999999997
7440715,K05390.01,104.198102,161.4469,0.13333333333333333
8395870,K05511.01,74.833577,196.5293,0.13529166666666664
8396288,K05512.01,8.5852872,137.39662,0.11808333333333333
8415353,K05514.01,102.100752,148.9663,0.08370833333333333
8429817,K05515.01,6.263491873,134.897906,0.035470833333333326
8432249,K05517.01,335.43143,395.1813,0.4291666666666667
8439618,K05518.01,558.21886,419.8232,0.5648333333333333
9209981,K05638.01,290.02002,138.2587,0.9945833333333334
9210738,K05639.01,279.21957,179.9274,0.41729166666666667
9214176,K05640.01,348.665961,165.8497,0.160375
9217583,K05642.01,222.28056,131.8546,0.12645833333333334
9220614,K05643.01,570.01886,375.0523,0.14666666666666667
9224514,K05644.01,378.93139106,254.5741017,0.5879166666666666
9229807,K05645.01,580.85326788,386.2877879,0.6929166666666666
10146103,K05769.01,7.58062893,132.89809,0.14516666666666667
7458743,K05393.01,248.421771,230.379,0.17445833333333333
7539277,K05398.01,551.22396,185.7811,0.24566666666666664
11444772,K05897.01,395.94327,183.6179,0.6704166666666667
11444974,K05898.01,76.37924,205.0612,0.026875
11446961,K05899.01,58.669218,168.6211,0.15466666666666667
11453930,K05900.01,355.84731,447.657,0.695
11456256,K05901.01,61.611129,133.8909,0.6233333333333333
11457664,K05902.01,150.728285,223.0487,0.11324999999999999
11465658,K05903.01,253.790434,267.5242,0.15425
11493378,K05905.01,35.6606167,151.4719632,0.06625
11513366,K05907.01,587.38162,188.1143,0.498875
11520114,K05909.01,7.07987663,131.6046,0.107875
11520465,K05910.01,91.240335,155.7237,0.09641666666666666
11559493,K05911.01,357.41382,311.3642,0.15312499999999998
11598638,K05912.01,359.854745,305.6179,0.14287499999999997
11598894,K05913.01,89.366114,208.893,0.164375
11599937,K05915.01,37.6259039,167.22072,0.16291666666666665
11600299,K05916.01,100.41475198,134.1167095,0.07166666666666666
11601425,K05917.01,41.9934673,143.89297,0.13441666666666666
11601633,K05918.01,94.67782,187.4731,0.09229166666666666
11601972,K05919.01,290.196139,264.8759,0.57075
11614808,K05921.01,175.452812,204.8241,0.11391666666666667
11615258,K05922.01,367.07446,182.838,0.24529166666666663
11615521,K05923.01,366.684634,315.09143,0.1368333333333333
11616434,K05924.01,291.306507,362.2906,0.12125
11651240,K05925.01,93.006,144.36,0.10254166666666666
11652427,K05926.01,26.46288074,133.4096502,0.05833333333333333
11674709,K05928.01,20.69920737,132.7199526,0.09041666666666666
11716643,K05929.01,466.002988,435.01156,0.42825
11722217,K05930.01,302.77571,323.5739,0.132625
11773174,K05931.01,115.19952922,218.1108918,0.11124999999999999
11803074,K05932.01,355.86134,358.0075,0.9745833333333334
11807906,K05933.01,236.506437,361.9687,0.20849999999999996
11811382,K05934.01,19.3854894,142.34859,0.04295833333333333
11818566,K05935.01,416.87893121,227.5106644,0.18541666666666667
11819396,K05936.01,48.38798413,176.4653521,0.05125
11824578,K05937.01,357.588538,250.4138,0.14029166666666665
11860294,K05938.01,545.205601,237.24091,0.1373333333333333
11868941,K05939.01,105.053389,208.7282,0.08283333333333333
11905398,K05940.01,24.7967294,131.91,0.17824999999999996
11910670,K05941.01,44.7060191,154.40282,0.010416666666666666
11911929,K05942.01,125.277815,170.8865,0.18508333333333332
11923213,K05943.01,27.2020672,151.86606,0.07545833333333332
11959893,K05945.01,40.7282314,162.1513,0.5698749999999999
11966643,K05946.01,183.38048452,298.0782368,0.13541666666666666
12007270,K05948.01,398.51312,165.2177,0.22541666666666665
12009917,K05949.01,559.785594,433.1966,0.14566666666666667
12020376,K05950.01,109.43946,223.4128,0.158375
12066767,K05951.01,194.25835342,288.4461343,0.13124999999999998
12071775,K05952.01,164.507439,212.7605,0.4761666666666667
12102775,K05953.01,370.84786,260.7921,0.5819166666666666
12105086,K05954.01,73.908995,159.8067,0.16316666666666665
12110901,K05955.01,96.32561456,153.0316267,0.09499999999999999
12121701,K05956.01,212.646179,221.6137,0.10579166666666667
12168895,K05959.01,251.48808,192.461,0.2833333333333333
12170767,K05960.01,32.4185265,161.4252,0.21475
12253490,K05961.01,19.159760875,141.5680129,0.12923583333333333
12300524,K05964.01,32.033211,146.8143,0.220375
12349560,K05965.01,43.3975622,153.934,0.16283333333333333
12350136,K05966.01,478.79185021,184.4598838,0.16916666666666663
10967168,K05845.01,22.2659599,144.87,0.20066666666666666
10977671,K05846.01,199.064336,180.0893,0.5676249999999999
10978581,K05847.01,277.114286,196.18868,0.16358333333333333
10979952,K05848.01,323.159363,149.1299,0.10112499999999999
10989620,K05849.01,21.512259,139.0225,0.1807083333333333
10991389,K05850.01,303.226376,344.05409,0.07508333333333334
12401859,K05967.01,22.8631517,143.1523,0.06912499999999999
12402588,K05968.01,97.942437,157.97325,0.10729166666666667
12418418,K05971.01,493.30572,361.8842,0.22604166666666664
12505590,K05972.01,449.87203,298.195,0.2724583333333333
12506986,K05973.01,419.93373,391.9313,0.42874999999999996
10991431,K05851.01,322.221973,217.0496,0.31379166666666664
11021266,K05852.01,235.413973,307.0728,0.1277083333333333
11021676,K05853.01,366.68293,257.6476,0.16058333333333333
11026582,K05854.01,240.57135,239.50353,0.4651666666666666
11036168,K05855.01,217.792748,210.6893,0.195625
11046723,K05857.01,388.03884851,513.4051356,0.185
12554212,K05974.01,4.76815507,131.85686,0.08812500000000001
12690465,K05977.01,49.49059818,160.3970528,0.06708333333333333
12734110,K05978.01,364.18129,245.1789,0.27708333333333335
12735793,K05979.01,37.7935113,167.4179,0.07158333333333333
11069681,K05859.01,172.621943,170.014,0.18479166666666663
11072982,K05860.01,264.708077,370.4525,0.165625
11080702,K05863.01,8.67237968,132.55073,0.11775
11082795,K05864.01,35.9216912,148.93441,0.024374999999999997
11090926,K05866.01,102.300622,208.6092,0.18637499999999999
11097752,K05867.01,359.8455,210.5057,1.4516666666666667
11098704,K05868.01,22.7783121,145.96798,0.04320833333333333
11100170,K05869.01,114.406187,225.7127,0.205
11129145,K05870.01,132.114,238.008,0.10474999999999998
11145391,K05871.01,623.2344,274.3089,0.602
11145637,K05872.01,46.16051579,137.0802908,0.09875
11147785,K05873.01,217.170081,229.9068,0.17879166666666668
11152511,K05874.01,287.33114,360.8412,0.5300833333333332
11182213,K05876.01,189.456089,233.6331,0.1282083333333333
11183752,K05877.01,230.358183,233.7677,0.084625
11191364,K05878.01,211.54114,236.2702,0.225
11198419,K05879.01,88.523517,189.2756,0.3008333333333333
11251991,K05881.01,134.35872,201.2636,0.5541666666666667
11298442,K05882.01,55.01469183,156.7945344,0.09749999999999999
11305417,K05883.01,198.781156,284.3868,0.2820833333333333
11340218,K05885.01,111.149082,193.6316,0.12129166666666666
11341266,K05886.01,284.87177,333.9721,0.65125
11348610,K05888.01,190.860818,256.5195,0.117625
11351454,K05889.01,374.41813,462.0983,0.7458333333333332
11355925,K05890.01,263.30198,308.8678,0.09220833333333334
11391512,K05891.01,370.31761,230.3001,0.5245
11393248,K05892.01,37.959659,145.234,0.116375
11393633,K05893.01,405.6296,245.7373,0.4691666666666666
11407847,K05895.01,11.8307724,140.1105,0.3662916666666667
11414368,K05896.01,434.28175,363.313,0.33916666666666667
8355178,K06178.02,33.814176,142.4542,0.3204166666666667
8374077,K06179.01,16.2957847,133.6205,0.215
8494783,K06180.01,28.201998,146.9903597,0.16083333333333333
8494783,K06180.02,58.92565,176.6709,0.6066666666666667
8590149,K06182.01,19.2405821,138.7454,0.20791666666666667
8590149,K06182.02,28.684308,148.2364,0.1933333333333333
3559935,K00492.02,265.29617,297.8704,0.1708333333333333
3559860,K03440.02,58.940569,159.6218,0.19870833333333332
5384713,K03444.04,14.1502311,141.47344,0.06262499999999999
6364582,K03456.02,486.12702,426.1722,0.39562499999999995
5471158,K03504.02,140.24408749,217.2997957,0.22624999999999998
10407086,K04568.02,48.04066636,162.9114822,0.0675
9947653,K04647.02,12.008552,141.7017,0.19220833333333334
6527078,K04657.02,10.4314847,135.54229,0.08708333333333332
12416597,K04895.02,47.5571352,135.8497,0.07116666666666666
2019477,K06093.02,27.2497521,131.8837,0.4837083333333333
8158127,K01015.03,16.9972894,143.87301,0.10770833333333332
2852810,K06097.01,93.05654364,174.8833198,0.09749999999999999
2852810,K06097.02,88.433122,212.6803,0.09966666666666665
2852810,K06097.03,282.34315,261.7746,0.16483333333333333
8822421,K06188.01,1.645319649,132.13077,0.06812499999999999
4472818,K03878.02,15.3573445,132.60166,0.06808333333333333
8934103,K04009.02,77.792718,190.1476,0.2533333333333333
9551430,K04030.02,163.51489847,144.8531292,0.12833333333333333
3532985,K05987.01,5.288547653,135.807213,0.136025
10718726,K00600.02,294.055263,421.853,0.5966666666666667
2852810,K06097.04,126.505657,239.693,0.36816666666666664
3229028,K06100.02,117.684591,157.4182,0.09245833333333332
5956656,K01053.02,46.245164,136.47891,0.23595833333333333
9093086,K06191.01,9.7043379,138.1975,0.14645833333333333
9015738,K01616.02,34.775371,162.2065,0.12208333333333334
7954278,K07859.01,0.306702491,131.51216,0.03780833333333333
9093086,K06191.02,12.7713826,141.3553,0.13945833333333332
9145861,K06194.01,42.294739,133.8808,1.4429166666666666
9153823,K06195.01,1.444486083,132.31096,0.059875
10089911,K04034.02,11.6089351,142.73625,0.12320833333333332
3747817,K04103.02,14.2378417,140.4771,0.2025
8162789,K00521.02,10.8206034,140.5078,0.11866666666666666
5613330,K00649.02,10.2090268,140.6805,0.261
3545840,K06102.01,54.2916336,172.0219,0.14016666666666666
3634051,K06103.02,122.8054416,179.31732,0.11095833333333333
6975129,K01628.03,37.8404232,146.77624,0.267
9389245,K06202.01,47.25643291,158.8207171,0.08333333333333333
9828127,K04192.02,32.0273169,150.635,0.21433333333333332
5177859,K04246.02,8.75630628,132.47009,0.11883333333333332
11081504,K04287.02,9.6183111,138.3435,0.17562499999999998
8110757,K07865.01,0.518060209,131.9425,0.07525833333333333
3645438,K04385.03,17.3695112,136.6159,0.16716666666666663
8278685,K04435.02,17.8693759,140.2811,0.28691666666666665
5511659,K04541.02,17.236085,148.4127,0.17537499999999998
4139254,K06108.01,485.92297,299.5015,0.15649999999999997
10141900,K01082.04,9.6550473,137.07505,0.11466666666666665
4255944,K06111.01,228.65412,282.7548,0.103625
9655711,K06209.01,12.7143635,134.79818,0.12920833333333331
5856571,K01839.02,80.4103783,171.29626,0.14529166666666665
8222395,K07873.01,1.93188768,133.1676,0.04529166666666666
8107150,K07863.01,5.2449156,136.0365,0.348625
4464394,K06115.01,168.66934782,132.5942053,0.16958333333333334
4739229,K06118.01,571.280892,368.0081,0.9094583333333334
4739229,K06118.02,4.66185924,133.58514,0.13183333333333333
8620565,K01250.02,1.213672208,131.94978,0.05685
4742420,K06120.01,90.097375,143.8471,0.5290416666666666
9655711,K06209.02,7.72966941,138.92566,0.08712500000000001
9727765,K06210.01,51.85656556,167.340205,0.09208333333333332
9974142,K06214.02,154.536881,177.697,0.6433333333333333
9008103,K03283.03,87.707513,205.7369,0.091
11296045,K04396.04,437.51586139,522.0553193,0.17333333333333334
5769810,K04913.02,8.97377221,139.73978,0.08895833333333332
4742420,K06120.02,205.41415,295.6538,0.4275
5306984,K06127.01,114.27173902,163.3628542,0.09125
10198662,K06216.01,26.40805532,155.746607,0.1125
10198662,K06216.02,46.07931317,159.6728081,0.07791666666666666
4157325,K01860.04,24.8434837,148.1777,0.19999999999999998
10200627,K06217.01,7.7016694,134.2294,0.4540833333333333
8332521,K04567.02,4.67250377,135.23678,0.18504166666666666
8242769,K07875.01,21.9711574,137.6914,0.20883333333333332
10964440,K01310.02,144.688915,256.343,0.39449999999999996
5428657,K06130.01,1.54287434,132.61697,0.046337500000000004
5629353,K06132.01,33.3200908,150.0494,0.2719375
10414727,K06224.01,91.20573037,210.1533987,0.17375
4736569,K01996.02,7.07394528,136.64371,0.09662499999999999
10662202,K00750.03,14.516741,138.83799,0.11274999999999999
9008103,K03283.02,20.5718107,142.80267,0.141625
5629353,K06132.03,11.867172,142.985,0.200625
4078157,K01319.02,142.685885,175.9722,0.15799999999999997
5816144,K06137.01,12.4970599,140.8987,0.16154166666666664
11968463,K02433.06,6.06330298,136.17607,0.13645833333333332
11968463,K02433.07,86.431871,423.0356,0.30724999999999997
11074835,K02533.03,26.1152887,145.5641,0.5225
5792202,K00841.04,269.306232,285.6272,0.6221249999999999
6032730,K06141.01,96.509214,223.808,0.024541666666666663
6116172,K06142.01,69.64679311,138.283056,0.15458333333333332
6116172,K06142.02,111.65546,148.8939,0.04379166666666666
6116172,K06142.03,86.13201864,164.2236993,0.12958333333333333
11296437,K06237.02,47.14404783,172.855768,0.18124999999999997
11341164,K06238.01,197.05431574,266.1346771,0.2658333333333333
11462969,K06239.01,406.496216,325.9025,0.145625
11462969,K06239.02,491.61516814,295.3512988,0.26291666666666663
5792202,K00841.05,499.47338,455.5672,0.5103333333333333
6221385,K06145.03,7.3138454,137.561,0.09470833333333334
11656928,K06242.01,212.43503674,239.8349648,0.1775
11566064,K00353.03,11.1619384,133.5538,0.21645833333333334
11656928,K06242.02,76.83994597,171.7707187,0.12958333333333333
11656928,K06242.03,78.86684,143.7314,0.1875
7825899,K00896.03,28.8672107,156.19578,0.15758333333333333
6946681,K06150.01,48.9528113,139.6768278,0.06916666666666665
6946708,K06151.01,431.78556,507.3561,0.380625
11775507,K06245.01,144.102562,198.0696,0.11470833333333333
11775507,K06245.02,112.317402,241.6462,0.144625
11856178,K06246.01,9.13315062,139.9861,0.08982083333333332
6768394,K02086.04,335.56311,340.6688,0.5441666666666667
10545066,K00337.02,154.607419,250.5204,0.38437499999999997
7663405,K01519.02,57.132855,152.9919,0.20658333333333334
11358389,K02163.03,28.2251049,153.7452,0.09808333333333333
5706595,K02183.03,150.381954,205.2811,0.207
12885212,K02184.02,95.906433,226.921,0.16999999999999998
3548044,K02194.03,445.21685,202.847,0.6820833333333334
8168187,K02209.02,35.502865,150.4186,0.33954166666666663
9605514,K00945.03,66.789347,184.4713,0.16999999999999998
9418619,K06068.01,6.150251376,134.4228253,0.07038458333333333
7835312,K06164.01,29.5126153,134.7234,0.26308333333333334
9221517,K02281.02,455.27405,367.95,0.09999999999999999
11623629,K00365.02,117.761,175.5599,0.14391666666666666
10730703,K02327.02,46.331703,173.2164,0.18808333333333332
7289317,K02450.02,7.1931193,137.2737,0.12229166666666666
7375348,K00266.02,47.7439509,160.15905,0.12458333333333334
1432789,K00992.02,4.57834367,132.2982,0.166125
12266636,K01522.02,12.654896,134.6826,0.18020833333333333
7974634,K06168.01,131.258668,182.3187,0.20375
8182107,K07870.01,92.552007,221.5872,0.08895833333333332
7974634,K06168.02,75.072964,147.1591,0.38375000000000004
8163784,K06172.01,31.8134892,137.82331,0.05925
2305866,K02610.02,115.230655,176.644,0.7389583333333333
5184911,K02719.02,106.25976,132.2417,0.2542083333333333
6436029,K02828.02,505.462916,458.07755,0.4219583333333333
7767162,K02869.02,274.743032,300.5018,0.3807083333333333
9478990,K00423.02,360.477635,253.9112,0.1805
10793172,K02871.03,18.0811429,140.5222,0.185
11404644,K06085.01,5.902596818,136.388994,0.23212916666666666
8165617,K06173.01,214.013044,179.8607,0.32791666666666663
8223568,K06176.01,143.09688,143.701,0.7391666666666665
8223568,K06176.02,73.4567573,172.3647107,0.11416666666666667
8355178,K06178.01,13.0327301,133.6778,0.16258333333333333
4770174,K02971.02,31.9533679,159.6588,0.351
9838804,K03028.02,458.16754,462.2522,0.29041666666666666
9020114,K03088.02,67.8766605,187.3703,0.10824999999999999
7983117,K03214.02,25.0901574,138.4988,0.3447083333333333
9966219,K03401.02,326.6708,327.7185,0.45166666666666666
11974540,K00129.02,143.21109362,221.7556468,0.11291666666666667
7219825,K00238.03,362.97828,256.5011,0.5867916666666666
9958962,K00593.04,240.192808,168.3047,0.405
1718189,K00993.03,86.723653,195.3511,0.20216666666666666
8263187,K07878.01,36.566324,141.4473,0.2013333333333333
2019477,K06093.01,20.5736113,149.1939,0.4675833333333333
9518710,K03207.01,0.954388314,132.44537,0.2608333333333333
7289338,K03420.01,5.77451117,134.51434,0.15633333333333332
8218379,K01920.02,10.1384691,137.7149,0.16774999999999998
5706592,K06618.01,8.6040858,138.163,0.12541666666666665
8364232,K07882.01,65.415183,140.2325,0.176
6670742,K06753.01,72.28198,156.753,0.10325000000000001
6697976,K06759.01,371.70965709,163.4814151,0.19375
7592529,K06889.01,75.906736,185.6963,0.485
7592922,K06890.01,2.15888911,131.97752,0.074625
7602351,K06892.01,17.5806026,148.6715,0.17375
8362974,K07023.01,2.71772323,133.9451,0.13416666666666666
9301564,K07157.01,23.9830523,136.7741,0.3654166666666666
10089123,K07283.01,134.413808,227.9768,0.5794583333333333
8555967,K07894.01,347.97611,169.433,0.69875
3765917,K04526.02,11.8187288,132.51,0.167375
3547760,K04535.02,5.78901936,136.9845,0.12924999999999998
11290515,K04716.02,12.26708306,141.2841427,0.1125
8216763,K04838.02,6.33342309,133.7198,0.14416666666666667
6767227,K04871.02,5.522479,133.1184,0.11108333333333333
3854496,K06368.01,9.4588054,136.8156,0.1525
3936061,K06372.01,71.008017,140.865,0.22479166666666664
3972432,K06375.01,2.90805147,134.3193,0.11716666666666666
5860347,K06631.01,2.56271232,131.69665,0.09012499999999998
6715997,K06762.01,15.08186,141.7289,0.1668333333333333
6763884,K06763.01,2.44693823,133.00092,0.039749999999999994
6768616,K06765.01,13.05609,140.7128,0.14575
8394475,K07032.01,3.64049242,134.96786,0.049749999999999996
9340411,K07162.01,5.1581317,131.7314,0.32387499999999997
10163067,K07291.01,25.9136674,131.8232,0.4374166666666666
11241560,K07426.01,6.96197304,135.55021,0.11691666666666667
11244571,K07427.01,7.8935324,133.8053,0.1435
11282568,K07430.01,1.320499473,132.61488,0.049333333333333326
11286311,K07432.01,13.1538409,143.31,0.4816666666666667
8043638,K00460.02,36.0484798,150.0591,0.24012499999999998
11176166,K05875.02,4.2742605,133.0463,0.11195833333333333
1293379,K06253.01,27.556452,132.1916,0.34291666666666665
4076061,K06384.01,566.28176,440.2605,0.8495833333333334
5951140,K06635.01,0.52740121,131.6718,0.20029166666666667
5966732,K06641.01,1.400903699,131.84562,0.03679166666666667
6842345,K06774.01,17.3816224,142.4067834,0.11394
6853172,K06776.01,28.655498,157.1618,0.3575
6859546,K06777.01,13.4450174,137.24788,0.08825
7687365,K06904.01,26.1556767,154.35223,0.06425
7700500,K06907.01,4.60687717,133.8738,0.09562499999999999
8442795,K07040.01,502.20642,162.9131,0.39125
8443812,K07041.01,8.3613732,139.2515,0.15204166666666666
9397900,K07169.01,10.5113779,140.9553,0.1975
9458266,K07174.01,1.58487898,132.69772,0.074625
10264293,K07301.01,20.9525604,146.3809,0.16608333333333333
10290021,K07305.01,3.72920972,131.9326,0.20883333333333332
11288492,K07434.01,5.704593,134.40102,0.047875
11288772,K07435.01,1.36752316,131.77163,0.05033333333333333
11296724,K07437.01,1.9997244,131.93045,0.08233333333333333
1871483,K06256.01,14.137062,136.69826,0.09433333333333332
2161949,K06259.01,4.78113942,131.7043,0.113875
2161949,K06259.02,7.18864064,133.14566,0.09849999999999999
5083138,K06511.01,27.122801,141.9673,0.2189583333333333
5087223,K06513.01,5.62241111,132.74702,0.049375
5092799,K06516.01,11.2901559,135.3964,0.4364583333333333
5092799,K06516.02,28.24753303,136.0869137,0.5499999999999999
6019971,K06646.01,7.1356633,135.09646,0.07454166666666666
6864706,K06781.01,14.5909249,142.72,0.06629166666666667
6867219,K06783.01,11.8496351,140.3663,0.13829166666666665
6878408,K06786.01,455.62395,581.8806,0.5445833333333333
7755741,K06913.02,1.75173647,132.2995,0.21341666666666664
9480398,K07179.01,407.14656,509.257,0.9691666666666667
9490342,K07180.01,487.83894,606.1226,1.3654166666666667
9513168,K07182.01,6.853888,136.5231,0.10670833333333332
12116489,K00547.02,7.34672485,134.5155,0.089
11411639,K07445.01,6.933574,134.558,0.10125
2283362,K06262.01,0.673141323,131.68751,0.038375
2301068,K06263.01,8.60965352,134.38829,0.09241666666666666
2422820,K06267.01,13.8911152,137.3481,0.21091666666666667
4274071,K06399.01,6.76890076,133.07724,0.15066666666666667
4282390,K06401.01,1.96134311,132.30563,0.494
5115688,K06526.01,486.77832,529.0865,0.6370833333333332
6045093,K06653.01,28.2682167,135.5505,0.05645833333333333
6057750,K06657.01,1.6037058,131.9529,0.37779166666666664
8391983,K07884.01,0.70965042,131.97695,0.05491666666666667
6947623,K06793.01,3.62657392,133.57658,0.074625
7811211,K06918.01,0.902403563,131.827273,0.07137083333333333
7812893,K06919.01,8.7998722,136.37744,0.04804166666666666
7816935,K06921.01,6.87778029,133.04176,0.13329166666666664
7868967,K06925.01,12.9489256,142.445,0.09008333333333332
8489260,K07889.01,130.235324,218.2719,0.2365833333333333
10388451,K07319.01,17.1677675,142.9943,0.12395833333333334
10396708,K07320.01,8.50207749,132.36121,0.127375
11495989,K07449.01,1.322475635,132.66777,0.22112500000000002
11551652,K07455.01,3.773744,131.8309,0.6333333333333333
2449245,K06274.01,18.1772927,145.8085,0.19595833333333335
2557350,K06276.01,3.09872834,134.39281,0.07874999999999999
4372620,K06409.01,19.9310602,145.7465,0.35333333333333333
5171707,K06532.01,0.813998812,132.1244,0.028125
6111011,K06664.01,14.7639145,133.532,0.13083333333333333
6128245,K06666.01,1.118510435,131.60882,0.04629166666666666
6956176,K06798.01,2.64185268,131.9331,0.07333333333333333
7902204,K06931.01,2.54031121,133.77849,0.07625
8566113,K07061.01,1.371587993,131.80506,0.5375416666666666
9588862,K07195.01,5.89773974,133.42423,0.09345833333333332
9596064,K07197.01,1.74145041,132.0107,0.07133333333333333
9596892,K07199.01,20.2944118,148.08554,0.014875
10450504,K07327.01,17.9908273,141.92539,0.05983333333333333
10464199,K07330.01,198.11309,175.3243,0.6495833333333333
11602794,K07460.01,5.70509519,136.20183,0.06583333333333333
5193439,K06538.01,129.847318,240.6812,0.5440416666666666
5215508,K06542.01,0.8867443,131.899639,0.13166666666666665
6187508,K06672.01,2.28494301,132.92343,0.042083333333333334
6209225,K06676.01,439.21978,523.3139,0.3913333333333333
7939761,K06934.01,22.2548897,142.2563,0.5605833333333333
8613446,K07069.01,1.01485981,131.6159,0.06874999999999999
8624860,K07072.01,15.3902613,140.8602,0.14295833333333333
8625408,K07073.01,279.036565,246.6289,1.33
8686442,K07074.01,26.8552365,146.688,0.09104166666666666
8693536,K07076.01,16.2347636,139.9705,0.175
9635520,K07205.01,2.3518268,134.352,0.24154166666666665
9639106,K07208.01,3.57944367,133.46198,0.077875
9640123,K07209.01,8.2553499,135.17,0.16495833333333332
10546063,K07339.01,10.6982275,140.6793,0.13324999999999998
11650543,K07467.01,7.20558084,138.3055,0.12487499999999999
11671646,K07470.01,392.50115,498.8298,0.4116666666666667
11672354,K07471.01,5.29655591,131.8704,0.16375
2716979,K06291.01,8.8324193,137.7004,0.09383333333333332
2834463,K06293.01,5.88836941,136.02799,0.04375
4567118,K06425.01,521.10826,189.5977,0.7649999999999999
5263167,K06546.01,3.39401963,134.37164,0.12433333333333332
6265961,K06680.01,5.52507406,135.15435,0.106875
7103300,K06819.01,3.226232203,134.41924,0.016758333333333333
8007675,K06949.01,2.352446342,131.9380482,0.07000833333333333
9651602,K07215.01,3.90735046,133.7385,0.12066666666666666
10586619,K07345.01,377.501257,278.8375,0.49916666666666665
11773625,K07479.01,7.1969168,133.4145,0.18854166666666666
2970670,K06299.01,0.947554749,131.87955,0.04570833333333333
2994092,K06301.01,50.271927,160.466,0.25304166666666666
8297017,K07879.01,128.208643,230.1943,0.114375
5295206,K06557.01,6.63448023,137.0694,0.150125
6307000,K06687.01,1.002591901,131.65849,0.051958333333333336
6345758,K06689.01,3.37116682,132.0176,0.19616666666666666
8016692,K06954.01,6.613671,136.4964,0.17545833333333333
8042644,K06957.01,1.48062814,131.51535,0.12075
8760760,K07088.01,2.68814059,132.66869,0.04666666666666667
8807057,K07093.01,97.991569,134.675,0.194375
9658089,K07220.01,1.057080807,131.69304,0.07583333333333334
9674320,K07223.01,317.062416,297.8371,0.3099166666666666
9693803,K07224.01,13.4959496,142.1992,0.086875
10659624,K07354.01,43.2675604,136.4574,0.34712499999999996
10665228,K07358.01,11.3251153,137.2423,0.08858333333333332
11825996,K07483.01,16.9163386,132.8922,0.10504166666666666
11854636,K07484.01,37.0200232,131.8379,0.059208333333333335
11904704,K07489.01,0.565713361,131.66357,0.039749999999999994
6368222,K06697.01,82.97062172,171.428214,0.3425
6372268,K06698.01,5.22422449,133.01192,0.18999999999999997
7135549,K06835.01,22.50053441,150.2171942,0.31
8091197,K06960.01,4.88698386,132.8804,0.04695833333333333
8098960,K06966.01,8.47484677,138.47733,0.08612500000000001
8815279,K07094.01,13.56092626,142.642578,0.10541666666666666
8845552,K07099.01,34.0357766,138.9291,0.160375
9726452,K07226.01,42.48452259,165.1372596,0.17333333333333334
9790965,K07231.02,4.74701479,133.33305,0.10266666666666666
9811915,K07232.01,1.96682825,132.68632,0.06854166666666667
10665749,K07359.01,4.237447181,135.17679,0.015799999999999998
10670112,K07360.01,4.0953585,135.7884,1.8479166666666667
10680424,K07361.01,0.92623983,131.7203,0.05279166666666666
5897826,K00126.02,0.875197345,131.8135915,0.0021666666666666666
3240158,K01106.03,13.2298203,134.3757,0.14858333333333332
2837111,K01110.02,3.71840884,134.6575,0.15045833333333333
3246867,K06315.01,5.32737192,133.27114,0.09275
3249334,K06318.01,5.90260586,136.35507,0.07633333333333334
3324069,K06320.01,22.80265,132.9476,0.8058333333333333
4760959,K06449.01,29.9315174,135.0082,0.10541666666666666
4764969,K06450.01,0.602277579,131.5303,0.09916666666666665
4830859,K06454.01,27.2173855,144.6728,0.13616666666666666
5353938,K06568.01,6.27651592,136.18032,0.08220833333333333
5380812,K06570.01,16.214474,136.435,0.172875
6423922,K06705.01,0.9951412,131.5268,0.23283333333333334
6436505,K06707.01,43.535891,155.20055,0.1963333333333333
8488381,K07888.01,4.7368156,131.7876,0.11833333333333332
8115647,K06970.01,40.7698541,158.86363,0.12487499999999999
8120820,K06971.01,129.222771,255.1859,0.303
8881169,K07106.01,5.01880305,132.25191,0.07595833333333332
8953278,K07111.01,23.59919017,134.2797605,0.08541666666666665
9821428,K07235.01,299.70688,360.3939,0.64125
9837013,K07236.01,14.461834,137.2566,0.29816666666666664
10751908,K07370.01,4.48538145,135.29081,0.09570833333333334
10812541,K07375.01,4.84847245,131.90954,0.03641666666666667
12016243,K07506.01,11.8436119,138.0037,0.2518333333333333
11129738,K01427.02,4.88446644,135.24744,0.08570833333333333
10028792,K01574.04,8.9772888,133.44748,0.19666666666666666
4860678,K01602.02,3.03359398,133.08355,0.16774999999999998
5531953,K01681.04,21.9139549,148.52144,0.13629166666666664
7765528,K01840.02,9.3888216,134.42144,0.1730833333333333
5456979,K06579.01,2.6528082,131.5439,0.09570833333333334
5466109,K06582.01,2.43135542,133.92077,0.058374999999999996
7217088,K06849.01,12.54474243,139.58304,0.051666666666666666
8145958,K06978.01,3.07551068,134.46857,0.07012499999999999
8155654,K06980.01,6.29340543,133.8686,0.126
8167504,K06983.01,7.7021729,138.4181,0.166125
8958811,K07116.01,2.52557582,133.06586,0.09666666666666665
8958939,K07117.01,8.2927558,135.0352,0.1993333333333333
8958939,K07117.02,22.786522,153.2108,0.09154166666666666
10815677,K07376.01,1.284241817,132.65223,0.081875
10848097,K07380.01,15.9474242,137.49449,0.04695833333333333
10866969,K07383.01,50.0122,153.9789,0.14275
12067960,K07510.01,5.60682001,135.84466,0.11308333333333333
6307083,K02050.02,3.17796408,134.35285,0.022583333333333334
7620413,K02103.02,3.66520844,131.50911,0.1378333333333333
11705004,K02199.02,3.05293416,132.96692,0.08979166666666666
2854181,K02232.02,12.834857,134.37229,0.08716666666666667
5978559,K02321.02,36.2530992,142.0377,0.19708333333333333
8838950,K02421.02,4.02321842,135.41629,0.09008333333333332
6867555,K02439.02,7.5017934,138.8271,0.17795833333333333
12208631,K02449.02,0.912351255,131.59612,0.04466666666666667
3346543,K06329.01,12.4701111,143.7236,0.15066666666666667
3356193,K06331.01,5.8229815,133.999,0.11666666666666665
7335514,K06860.01,0.576732089,132.07378,0.07733333333333334
8180290,K06985.01,10.9279755,139.9174,0.10358333333333333
9025739,K07125.01,7.918267,134.1991,0.14491666666666667
9909965,K07252.01,10.2170589,139.1299,0.09412499999999999
9932197,K07255.01,86.95432088,187.7282221,0.5045833333333333
10932270,K07389.01,27.5837778,142.9808,0.06316666666666666
12304728,K07520.01,3.14735789,133.3871,0.15179166666666666
7778767,K02523.02,2.61090223,133.25501,0.08233333333333333
9026749,K02564.02,17.6637979,144.239,0.25808333333333333
10916600,K02623.02,4.02664625,134.3954,0.157125
6198182,K02636.02,5.1777226,133.5044,0.34479166666666666
5695396,K00283.03,9.48814747,139.17907,0.04845833333333333
6964929,K02756.02,5.06993245,135.836,0.13504166666666667
3545626,K06341.01,9.78184193,132.3447759,0.09583333333333333
3547178,K06342.01,8.1770751,136.8217,0.19199999999999998
3548622,K06343.01,569.45051,143.4648,0.40125
4939265,K06475.01,4.84505985,134.94868,0.08658333333333332
8308516,K07880.01,623.70774,303.3588,0.2786666666666666
5552808,K06598.01,10.95210361,132.6922455,0.0625
5564082,K06600.01,2.70581614,132.53726,0.2733333333333333
6551106,K06731.01,3.84615171,133.3817,0.09333333333333334
6584278,K06733.01,1.28940823,132.0764,0.15216666666666667
6590726,K06734.01,498.27269,146.1528,0.37166666666666665
7345335,K06862.01,11.0495766,138.535,0.08875
8227086,K06993.01,13.8086331,141.604,0.15054166666666666
8227464,K06994.01,4.25907841,135.5815,0.18804166666666666
9085039,K07129.01,64.1983721,147.98378,0.03891666666666667
9099773,K07133.01,82.78482,141.3871,0.3133333333333333
9943009,K07258.01,2.4376438,132.1228,0.06612499999999999
9944201,K07259.01,0.721522907,131.7091421,0.060504166666666664
9959093,K07264.01,19.1644498,141.3045,0.14804166666666665
11019739,K07400.01,4.15736472,132.85855,0.092375
8709688,K03019.02,2.012094,131.5688,0.089875
2716801,K03053.02,9.4767057,134.7294,0.16220833333333332
3230805,K03068.02,6.65171459,137.6781,0.096875
11810124,K03344.03,208.54335,230.9934,0.41045833333333337
9349757,K03348.02,17.7189786,138.8021,0.17091666666666666
3219037,K03395.02,5.0395851,133.828,0.18983333333333333
9117416,K03425.03,7.64370363,137.87526,0.11408333333333333
3663494,K06352.01,5.11683678,133.9134,0.12995833333333334
4995716,K06484.01,16.1191449,146.7978,0.126625
5597361,K06601.01,17.9925973,135.4545,0.11508333333333333
5617510,K06605.01,74.371666,187.379,0.5245833333333333
6603765,K06739.01,19.164111,139.8244,0.11554166666666667
7381580,K06872.01,13.5164708,144.0259,0.1095
8248103,K07002.01,4.83014159,134.64407,0.039874999999999994
8256882,K07003.01,2.41194057,133.01849,0.07445833333333332
8283875,K07007.01,0.800263219,132.06684,0.030375
9150870,K07136.01,441.17369,374.0092,0.6174999999999999
10002049,K07270.01,19.2532128,144.8407,0.06974999999999999
10019854,K07272.01,14.1011023,133.4744,0.18804166666666666
11068630,K07404.01,1.817079849,131.90509,0.03704166666666667
11092783,K07408.01,5.15998178,132.69545,0.1398333333333333
12454800,K07534.01,23.3787733,143.2743,0.2816666666666666
12458817,K07535.01,15.09984259,140.82,0.00925
12519942,K07539.01,15.3416245,134.98686,0.08858333333333332
12555616,K07540.01,21.980467,150.728,0.19916666666666666
7100673,K04032.05,7.23524221,135.23173,0.111875
3937814,K04084.02,10.72900793,134.68026,0.028999999999999998
3937814,K04084.03,8.19619768,135.10435,0.087875
4548098,K04157.02,5.215752,133.404,0.047083333333333324
3733638,K06353.01,10.0714369,140.0456,0.28712499999999996
3748855,K06355.01,4.37198905,131.90923,0.09070833333333334
3748855,K06355.02,6.72876606,134.0424,0.094875
3765692,K06358.01,3.09383248,132.75691,0.06566666666666666
5021432,K06489.01,14.05652256,136.7555724,0.10666666666666666
5633259,K06610.01,315.07717192,286.7429498,0.4295833333333333
5702770,K06617.01,8.0018897,135.4193,0.14270833333333333
6614748,K06745.01,383.85362,426.5941,0.4066666666666666
6628926,K06746.01,2.564012541,134.2733914,0.03930416666666667
6664842,K06750.01,5.21395046,135.7252,0.13283333333333333
6665064,K06751.01,24.996068,144.9693,0.23429166666666668
6670610,K06752.01,8.9429645,137.26373,0.075125
7447895,K06878.01,2.405625303,133.14221,0.026179166666666663
7461521,K06882.01,0.7735301,132.1961,0.055624999999999994
7537660,K06884.01,2.42186898,132.7886605,0.25916666666666666
9203154,K07144.01,0.839907158,131.69426,0.04245833333333333
9221627,K07148.01,1.7613778,132.989,0.05645833333333333
10053138,K07279.01,11.7728146,138.78586,0.17216666666666663
10066755,K07281.01,2.46506501,132.8845,0.25908333333333333
10070479,K07282.01,1.758599866,131.7968,0.011370833333333332
7119481,K00566.02,14.1573717,135.5991,0.15775
11182260,K07415.01,1.291964282,132.63733,0.076575
11187972,K07416.01,37.4646974,138.6533,0.20641666666666664
8773015,K04301.02,6.31915999,134.14866,0.14437499999999998
9883606,K04383.02,2.58393841,131.80729,0.090375
9836563,K04421.02,6.5595368,132.0079,0.18016666666666664
6508221,K00416.04,31.5322987,160.3251,0.14541666666666667
9100953,K04500.03,14.7510068,141.1622,0.09375
10079420,K07607.01,54.54312996,169.8591463,0.29291666666666666
11559304,K07617.01,12.9284553,137.18564,0.10375000000000001
4735826,K03184.03,4.02018903,134.84387,0.15066666666666667
5003670,K04524.03,3.33930957,134.15098,0.10820833333333332
8973285,K04782.02,4.29251656,134.4818,0.17724999999999996
2861126,K04957.02,4.98792404,133.6552,0.06741666666666667
8105398,K05475.02,5.68325648,134.87698,0.07408333333333333
4758350,K06447.02,91.649983,175.7156,0.42891666666666667
4862625,K06464.03,541.742985,374.45854,0.43625
3965201,K07546.01,44.113873,164.8337,0.16483333333333333
4862924,K07554.01,482.62011,314.0653,0.5358333333333333
5271090,K07558.01,10.1551587,139.292,0.07508333333333334
5444276,K07559.01,0.708965461,132.20988,0.16441666666666666
5878506,K07562.01,11.76872507,137.1077498,0.04625
6443274,K07567.01,608.20572,160.7147,0.5679166666666666
5602588,K02369.03,7.2274321,134.4726,0.2069583333333333
6876575,K07572.01,91.069934,196.391,0.7220833333333332
8096395,K07587.01,366.088938,165.426,0.4952916666666667
8168509,K07589.01,414.45008,318.0665,0.7979166666666666
10397751,K02859.05,5.43103616,134.41711,0.102875
8297319,K07591.01,328.32211,144.0773,0.56375
8423344,K07592.01,381.97977,163.1805,0.6541666666666666
8444868,K07593.01,67.412998,196.1263,0.37916666666666665
8682094,K07596.01,359.8249913,284.5268595,0.21749999999999997
8677057,K07903.01,0.694611128,131.93244,0.04645833333333333
8702537,K07905.01,7.4751841,137.1908,0.21525
9043947,K07920.01,1.04347858,131.8424,0.08383333333333333
8880317,K07915.01,382.5891,372.8314,0.48749999999999993
10253977,K08201.01,392.601892,496.9922,0.13374999999999998
10351947,K08205.01,260.446151,235.469,0.38808333333333334
10160922,K07990.01,87.487573,154.5163,0.24504166666666666
10198225,K07991.01,11.9451376,142.3107,0.2872083333333333
10214341,K07992.01,277.13367,400.4719,0.40291666666666665
10515564,K08211.01,5.0487451,134.6825,0.16695833333333332
10321972,K07998.01,122.11555,228.38,0.6695833333333333
10331279,K08000.01,225.48805,224.2023,0.8108333333333333
5802205,K08107.01,578.88761,219.2878,0.7717083333333333
5858919,K08109.01,218.771117,250.92469,0.133375
10907307,K08217.01,277.25118,400.0395,0.36425
10403228,K08007.01,67.176626864,144.1192641,0.12977916666666667
10407191,K08011.01,0.93420696,131.742569,0.14583333333333331
5955197,K08111.01,359.33831,152.5082,0.7735833333333333
6114140,K08117.01,0.933745798,131.52118,0.268625
11338091,K08221.01,293.38641,308.6624,0.6345833333333333
11446424,K08223.01,66.716453,150.0569,0.160625
10452252,K08012.01,34.573718512,136.2275493,0.09059166666666665
6507334,K08122.01,54.753883835,156.2192927,0.0869375
11872364,K08232.01,189.183958,132.3331,0.28454166666666664
12554485,K08238.01,495.662346,561.4127,0.1845
10536241,K08026.01,7.7529342,137.4877,0.21133333333333332
10790401,K08031.01,254.336707,200.5875,0.35770833333333335
12647757,K08241.01,490.63941,561.5837,0.6875
3629119,K08242.01,331.55459,237.2754,0.22291666666666665
4446859,K08246.01,425.64971,284.3479,0.46125
9084569,K07923.01,395.13138,162.7395,0.8871249999999999
9087580,K07924.01,0.770658979,131.83206,0.058374999999999996
9099607,K07925.01,4.6318914,133.7073,0.16166666666666665
10844823,K08033.01,362.13187,369.541,0.23291666666666666
10862759,K08035.01,29.4856392,151.8669,0.17791666666666664
10920281,K08037.01,3.65034525,133.63577,0.06362499999999999
11032748,K08039.01,43.9438891,144.143,0.21916666666666665
4572728,K08249.01,309.191789,326.2209,0.4746666666666666
5098334,K08253.01,400.11482,316.2642,0.5154166666666666
9142714,K07928.01,1.12625975,132.296346,0.15083333333333332
9210820,K07930.01,377.67241,221.098,0.6591666666666667
9227215,K07931.01,242.0367,181.746,0.45875
9278575,K07932.01,502.25648,162.5842,0.6183333333333333
11139682,K08043.01,10.7781558,134.7939,0.1252083333333333
11182706,K08046.01,384.37706,309.208,0.6307916666666666
11294822,K08047.01,302.34971,418.9534,0.20741666666666664
5683219,K08257.01,9.4609418,138.7888,0.20366666666666666
5956171,K08259.01,402.27493,369.6734,0.6529166666666666
9390228,K07934.01,22.6432436,153.44607,0.03358333333333333
9469494,K07938.01,275.5603,237.0977,0.6287499999999999
9521317,K07940.01,188.881049,280.06822,0.06208333333333333
11296205,K08048.01,379.67276,445.9701,0.40258333333333335
11350634,K08050.01,278.38935,299.537,0.4345833333333333
11358305,K08052.01,7.8687123,133.2612,0.15579166666666666
11392362,K08053.01,9.9105786,135.9226,0.24770833333333334
11443757,K08054.01,43.9088053,169.335,0.2610416666666666
8439949,K08156.01,364.98242,188.6133,0.5144166666666666
8527297,K08157.01,0.58730021,132.3502325,0.034166666666666665
6356506,K08263.01,280.55544,308.0323,0.5315416666666666
11453349,K08055.01,4.40660737,133.35561,0.08779166666666667
8608544,K08159.02,353.01861,350.0863,0.6492916666666666
8708961,K08163.01,370.98253,308.2287,0.7433333333333333
7832787,K08270.01,338.00692,262.4,0.6977083333333334
8022520,K08272.01,432.42787,361.4078,0.8179166666666666
9604563,K07949.01,1.001916708,132.47033,0.05233333333333333
9640649,K07951.01,0.862329309,132.16214,0.0435
9650579,K07953.01,432.96905,186.7367,0.865
9650762,K07954.01,372.15035,453.6928,0.8845833333333333
11714107,K08063.01,405.35457,311.8,0.44908333333333333
11904835,K08068.01,9.4640413,138.45,0.29162499999999997
8329346,K08275.01,389.875816,273.6498,0.13899999999999998
8637903,K08276.01,385.858683,343.64827,0.5029583333333333
8673511,K08277.01,0.757261281,131.62154,0.03770833333333333
9011955,K08279.01,367.0896,178.6744,1.1675
9159288,K08280.01,66.67305,161.59,0.265875
8873873,K08174.01,295.06066,314.2081,0.6741666666666666
9592621,K08286.01,191.03728,153.9107,0.14979166666666666
12156930,K08076.01,71.10684,176.7154,0.288875
12266099,K08077.01,77.177672,146.9243,0.09633333333333333
12307496,K08078.01,0.805941833,132.127874,0.06013333333333333
12602999,K08082.01,8.2766028,131.7601,0.20141666666666663
9268159,K08180.01,185.97534,299.6938,0.3643333333333333
9468848,K08183.01,5.8877038,135.03738,0.16704166666666667
9873004,K07970.01,1.98514635,132.02682,0.06770833333333333
9899345,K07973.01,1.33199285,132.6475215,0.18041666666666667
9906688,K07976.01,5.82561701,136.0369,0.13524999999999998
2284957,K08085.01,419.2615,187.5475,0.8970833333333333
3663850,K08089.01,141.400279,208.22014,0.12629166666666666
12168280,K08297.01,229.957537,326.0184,0.31625
9938836,K07978.01,7.2681817,135.9348,0.20770833333333333
10011213,K07982.01,376.37989,486.6022,0.5829166666666666
10028127,K08193.01,367.947848,416.20998,0.17704166666666665
10128825,K07986.01,1.73984941,133.00127,0.12974999999999998
10155286,K07988.01,333.486169,153.61501,0.13329166666666664
