kepid,name,label,period,epoch,duration,depth,p_rad
10797460,K00752.01,1,9.48803557,170.53875,0.12322916666666667,615.8,2.26
10797460,K00752.02,1,54.4183827,162.51384,0.18779166666666663,874.8,2.83
10848459,K00754.01,0,1.736952453,170.307565,0.10026708333333334,8079.2,33.46
10854555,K00755.01,1,2.525591777,171.59555,0.0689375,603.3,2.75
10872983,K00756.01,1,11.09432054,171.20116,0.19143749999999998,1517.5,3.9
10872983,K00756.02,1,4.13443512,172.97937,0.13084166666666666,686.0,2.77
10872983,K00756.03,1,2.56658897,179.55437,0.10120833333333332,226.5,1.59
6721123,K00114.01,0,7.36178958,132.25053,0.20925,233.7,39.21
10910878,K00757.01,1,16.06864674,173.621937,0.14727916666666666,4914.3,5.76
11446443,K00001.01,1,2.470613377,122.763305,0.07263291666666666,14230.9,13.04
10666592,K00002.01,1,2.204735417,121.3585417,0.16202666666666665,6674.7,16.1
6922244,K00010.01,1,3.522498429,121.1194228,0.13326791666666665,9145.7,14.59
10984090,K00112.02,1,3.709214104,133.98318,0.10959166666666666,131.1,1.16
10419211,K00742.01,0,11.521446064,170.839688,0.15166249999999998,17984.3,150.51
10464078,K00743.01,0,19.40393776,172.484253,0.5089791666666666,8918.7,7.18
10480982,K00744.01,0,19.221388942,184.5521637,0.1999345833333333,74284.0,49.29
10485250,K00745.01,0,16.46983774,180.881761,0.3932416666666666,10478.9,7.94
10526549,K00746.01,1,9.27358173,173.258155,0.13697916666666665,1288.3,2.47
10583066,K00747.01,1,6.02930329,171.602959,0.06592083333333333,1912.7,2.85
10583180,K00748.01,0,2.696370652,170.73769,0.1505375,397.9,1.58
10601284,K00749.01,1,5.349553819,171.80694,0.12615833333333332,831.0,2.55
10601284,K00749.02,1,3.94105221,136.08662,0.10826666666666665,363.3,1.7
10601284,K00749.03,1,8.10904807,132.8031,0.14983333333333332,217.4,1.3
2306756,K00113.01,0,386.6030528,166.342079,0.2835708333333333,24926.6,41.5
10662202,K00750.01,1,21.67699193,171.53594,0.14397916666666666,857.2,2.95
10682541,K00751.01,1,4.99677968,171.74208,0.0904875,934.7,2.78
11460018,K00769.01,1,4.280963604,171.89659,0.11979166666666666,750.8,2.3
11463211,K00770.01,0,1.50635409,170.998064,0.06314583333333333,2211.7,4.53
11465813,K00771.01,0,670.645531,209.04355,2.2255,18090.6,14.14
11493732,K00772.01,0,61.2563628,173.83826,0.31804166666666667,5123.3,39.87
11507101,K00773.01,1,38.3775486,172.82048,0.23283333333333334,724.2,2.82
10910878,K00757.02,1,41.19725502,165.00404,0.19290416666666665,2213.9,3.86
10910878,K00757.03,1,6.252962249,171.30126,0.10757916666666667,1036.9,2.65
10987985,K00758.01,1,16.01308419,176.3608,0.13564166666666666,1121.9,3.1
11018648,K00759.01,1,32.62876672,194.1019,0.19987916666666666,1804.8,3.36
11018648,K00759.02,1,91.7732862,193.8378,0.2697083333333333,652.0,2.12
11138155,K00760.01,1,4.959319244,172.2585292,0.09280791666666667,9802.0,12.21
11152159,K00761.01,0,2.701287801,170.69579,0.14094583333333333,860.4,6.54
11153539,K00762.01,1,4.49876511,171.34905,0.155675,460.0,2.1
11242721,K00763.01,0,19.651209505,179.401981,0.21880833333333333,11766.3,12.42
9579641,K00115.01,1,5.412203927,133.143089,0.12279999999999999,601.6,2.94
11304958,K00764.01,1,41.43958662,208.93203,0.44162083333333335,2793.1,5.5
11391957,K00765.01,1,8.35389523,171.63257,0.09380833333333333,1041.6,2.52
11403044,K00766.01,1,4.125543472,169.752585,0.13226666666666664,1487.3,4.43
11414511,K00767.01,1,2.816504904,170.9676846,0.10441124999999998,16813.7,12.21
11442465,K00768.01,0,33.93373447,186.67608,0.6067083333333333,8503.7,7.34
12110942,K00786.01,1,3.689920099,170.36571,0.11065416666666666,426.7,1.89
12366084,K00787.01,1,4.431238488,171.015,0.13124999999999998,1010.9,3.25
12366084,K00787.02,1,11.37936986,133.84992,0.10939583333333333,1023.5,3.95
12404086,K00788.01,1,26.39432897,176.05459,0.14887499999999998,1510.9,3.07
8395660,K00116.01,1,13.57078281,136.279194,0.13974583333333332,511.7,2.64
9579641,K00115.02,1,7.12594387,139.00492,0.12505833333333333,192.4,1.79
11656840,K00774.01,0,7.442652004,169.9717797,0.09615833333333332,24446.2,15.03
11754553,K00775.01,1,16.38489988,172.72782,0.1260375,1127.1,2.0
11754553,K00775.02,1,7.8774163,176.3759,0.08668749999999999,1306.1,2.16
11754553,K00775.03,1,36.4454001,151.60125,0.16695833333333332,1122.3,1.99
11812062,K00776.01,1,3.728732147,171.793255,0.11179166666666665,5226.5,6.02
11853255,K00778.01,1,2.243380573,170.679233,0.04665,821.7,1.99
11909839,K00779.01,0,10.405998015,177.197466,0.2709833333333333,14488.8,11.23
11918099,K00780.01,1,2.337437946,171.761982,0.08325833333333332,971.2,2.34
11923270,K00781.01,1,11.59822233,180.395376,0.10515416666666666,2804.5,2.65
11960862,K00782.01,1,6.575315881,173.634044,0.17951666666666666,2793.3,5.31
12020329,K00783.01,1,7.275040844,169.994217,0.3140708333333333,3001.0,4.86
12066335,K00784.01,1,19.27153892,186.77093,0.114975,1219.8,1.93
12066335,K00784.02,1,10.06524317,136.28906,0.057041666666666664,1053.3,1.91
12070811,K00785.01,1,12.3935651,178.74725,0.16206666666666666,916.6,2.66
8395660,K00116.02,1,43.84439721,151.93538,0.28341666666666665,615.2,2.87
3120431,K00798.01,0,3.341913228,171.63943,0.158875,725.3,21.55
3246984,K00799.01,0,1.626630225,169.820171,0.08810416666666666,1620.6,32.43
3342970,K00800.01,1,2.711504086,170.03417,0.12541249999999998,837.5,3.12
3342970,K00800.02,1,7.21203748,172.81782,0.1687125,950.4,3.32
12459725,K00789.01,0,14.1798187,171.50237,0.104375,459.9,1.88
12470844,K00790.01,1,8.47237911,174.16212,0.11352083333333332,1123.5,2.59
12470844,K00790.02,1,60.4189369,181.16367,0.2099583333333333,931.3,2.36
12644822,K00791.01,1,12.611904345,180.892284,0.21457083333333332,6105.6,7.4
2440757,K00792.01,0,1.433769925,170.403536,0.07861666666666667,1976.3,46.58
2445129,K00793.01,0,10.31872301,173.31543,0.15983333333333333,871.7,28.59
2713049,K00794.01,1,2.539183147,169.67494,0.10117499999999999,382.1,2.06
3114167,K00795.01,1,6.770300385,170.57662,0.08685,1304.0,2.77
3114661,K00796.01,0,0.444291966,169.865406,0.08663333333333334,10967.4,27.51
4139816,K00812.02,1,20.06036336,147.46554,0.13834583333333333,1494.7,1.96
4139816,K00812.03,1,46.1842039,165.23729,0.19824999999999998,1394.7,1.83
8395660,K00116.04,1,23.9800854,147.537,0.22295833333333331,104.0,1.31
4139816,K00812.04,1,7.82502168,136.54995,0.09108333333333332,520.8,1.2
4275191,K00813.01,1,3.895936525,170.527552,0.09629583333333333,8544.8,7.34
4476123,K00814.01,1,22.36646466,175.45862,0.21783333333333332,986.8,2.32
3351888,K00801.01,1,1.625522174,170.8266564,0.09956791666666666,7969.0,9.73
3554600,K00803.01,0,7.544039,171.7982,0.25925,322.6,17.47
3641726,K00804.01,1,9.02930689,177.20422,0.13103749999999997,1019.8,2.57
3734868,K00805.01,0,10.328035714,174.581054,0.3246458333333333,16917.7,13.28
3832474,K00806.01,1,143.2063047,154.23552,0.3720916666666666,10565.7,8.9
8395660,K00116.03,1,6.164876,135.63916,0.13591666666666666,55.8,0.79
3832474,K00806.02,1,60.32494216,243.892578,0.2757833333333333,20280.4,12.19
3832474,K00806.03,1,29.1598615,150.69922,0.200125,488.0,1.91
3836375,K00807.01,0,1.540397253,170.50479,0.08975416666666666,816.1,25.69
3838486,K00808.01,0,2.99025443,171.9834,0.2255833333333333,589.2,1.7
3935914,K00809.01,1,1.594745374,170.6483505,0.08168333333333333,15044.5,11.3
3940418,K00810.01,1,4.783002698,170.508434,0.09729166666666667,1008.7,2.5
4049131,K00811.01,1,20.50588921,181.43428,0.16914583333333333,2105.5,3.41
4139816,K00812.01,1,3.340218842,171.979062,0.0796,1632.6,2.03
5287983,K00828.01,0,2.507089906,171.002455,0.08361249999999999,1339.2,30.26
5358241,K00829.01,1,18.64932728,174.771,0.18356666666666666,893.6,3.12
10875245,K00117.02,1,4.90144976,138.60548,0.17355833333333331,140.7,1.7
5358241,K00829.02,1,9.75192101,138.78608,0.19970833333333332,418.0,2.76
5358241,K00829.03,1,38.5576546,163.85063,0.24141666666666664,993.0,4.02
5358624,K00830.01,1,3.525632539,170.0479951,0.10831625,22335.0,11.58
4664847,K00816.01,1,7.748094239,174.997206,0.14982083333333332,2472.1,5.52
4725681,K00817.01,1,23.96793669,186.22182,0.1594583333333333,1182.3,1.8
4725681,K00817.02,1,8.29561738,135.79284,0.055920833333333336,824.3,1.82
4913852,K00818.01,1,8.11437482,176.33968,0.09473333333333334,1558.0,2.1
4932348,K00819.01,0,38.036729482,196.934947,0.18109041666666664,82871.6,27.5
11913073,K00011.01,0,3.747838198,171.66504,0.2110083333333333,616.0,13.65
10875245,K00117.01,1,14.74914825,138.77799,0.2541458333333333,430.2,2.89
5021899,K00821.01,1,21.81295996,174.01085,0.1824625,1175.4,3.38
5077629,K00822.01,0,7.91936937,172.181092,0.13811666666666667,15148.1,10.34
5164255,K00824.01,1,15.37562369,173.61402,0.13820416666666666,15337.0,11.01
5252423,K00825.01,1,8.10363271,176.9486,0.13170833333333332,887.9,2.11
5252423,K00825.02,1,4.71510843,134.96178,0.10441666666666666,417.5,1.46
5272878,K00826.01,1,6.365839713,171.13575,0.1238375,780.7,2.44
5283542,K00827.01,0,5.97581754,174.77602,0.1277083333333333,962.4,3.86
5649215,K00839.01,0,2.446737317,170.66951,0.19671249999999998,1177.9,26.25
5651104,K00840.01,1,3.04033046,169.9490106,0.07671249999999999,10858.8,8.99
5792202,K00841.01,1,15.33528675,174.00278,0.162375,3081.4,5.0
10875245,K00117.04,1,7.95825328,137.80219,0.18237499999999998,50.0,1.06
5792202,K00841.02,1,31.33046135,153.43031,0.21566666666666667,5073.8,6.5
5370302,K00831.01,0,3.9043425,173.393734,0.159625,16228.4,12.28
5372966,K00832.01,0,9.286358079,171.8214689,0.14581208333333334,44791.4,17.61
5376067,K00833.01,0,3.951405455,173.276125,0.09109166666666665,2453.9,31.44
5436502,K00834.01,1,23.65369415,171.376107,0.3424291666666666,3341.8,7.89
5436502,K00834.02,1,13.23352214,140.32196,0.2807166666666666,504.6,3.06
5436502,K00834.03,1,6.15560285,134.81656,0.20767916666666666,285.0,2.32
5436502,K00834.04,1,2.090811305,134.17462,0.14116666666666666,115.9,1.62
10875245,K00117.03,1,3.180027898,133.49863,0.14915416666666664,120.3,1.53
5436502,K00834.05,1,50.4467417,178.5014,0.2982916666666666,370.3,2.67
5456651,K00835.01,1,11.76307164,180.93613,0.12115,1037.3,2.35
5456651,K00835.02,1,56.2279271,132.29259,0.14875,862.7,2.37
5481416,K00836.01,0,2.384052875,171.58362,0.128825,1268.1,17.06
5531576,K00837.01,1,7.953547,174.66224,0.10963333333333333,875.4,2.25
5531576,K00837.02,1,4.14451656,135.92831,0.0975875,391.8,1.48
5534814,K00838.01,0,4.859386384,173.011469,0.09482083333333333,6044.3,38.33
6291653,K00850.01,1,10.526294577,176.522462,0.10504583333333334,9768.0,8.24
6392727,K00851.01,1,4.583520948,169.973972,0.11272916666666666,3812.1,5.39
6422070,K00852.01,1,3.76181843,171.90364,0.14656666666666665,510.6,2.66
6428700,K00853.01,1,8.20396958,169.69138,0.12361249999999999,1024.4,3.01
6428700,K00853.02,1,14.49645186,143.41659,0.16733333333333333,647.5,3.01
5792202,K00841.03,1,6.54626149,133.85964,0.11458333333333333,655.9,2.19
5794379,K00842.01,1,12.71809866,175.35526,0.12898749999999998,1149.4,2.31
5794379,K00842.02,1,36.06588163,198.58423,0.18019166666666667,1563.8,2.64
5881688,K00843.01,1,4.190425659,171.44122,0.11912083333333334,2877.4,6.21
6022556,K00844.01,1,3.709870784,171.987982,0.12789166666666665,2020.3,4.35
6032497,K00845.01,1,16.3297527,177.29506,0.26129166666666664,1187.5,3.75
6061119,K00846.01,1,27.807566216,186.713552,0.17566125,25391.1,13.84
6191521,K00847.01,1,80.8723469,203.895,0.4664583333333333,3604.6,7.59
6267425,K00848.01,0,3.166465862,172.002627,0.12242083333333333,4357.2,26.82
3531558,K00118.01,1,24.99324319,138.68167,0.2475375,269.6,2.29
6276477,K00849.01,1,10.35533116,170.93729,0.13239583333333332,750.6,2.47
6863998,K00867.01,1,16.08518937,180.28319,0.16599999999999998,1442.4,3.68
6948054,K00869.01,1,7.49018305,174.95037,0.11373749999999999,1123.6,2.56
6948054,K00869.02,1,36.2761238,201.2869,0.1994375,1572.6,3.03
6948054,K00869.03,1,17.46087931,137.26594,0.09433749999999999,812.4,2.32
6435936,K00854.01,1,56.0560754,201.16578,0.19520833333333332,1626.0,1.94
6522242,K00855.01,1,41.408316686,195.78745,0.2094333333333333,22838.9,11.38
6587280,K00857.01,1,5.715425977,174.87931,0.10517499999999999,908.1,2.47
9471974,K00119.01,1,49.18394185,141.911924,0.47234999999999994,1646.2,8.2
6587280,K00857.02,1,20.0261412,146.91109,0.06712499999999999,421.2,2.28
6675056,K00859.01,0,10.44331991,175.4046,0.11429166666666665,1159.8,2.66
6685526,K00861.01,1,2.237489571,170.81914,0.07549583333333333,315.8,1.41
6756669,K00862.01,0,5.851520671,173.8228336,0.1296075,33003.6,14.62
6784235,K00863.01,1,3.167893418,172.147959,0.09089166666666666,781.2,2.62
6849310,K00864.01,1,4.311780262,173.576483,0.11354583333333332,1154.0,3.11
6849310,K00864.02,1,20.0504494,188.08821,0.18983333333333333,840.9,2.69
6849310,K00864.03,1,9.76734503,186.57718,0.06910416666666666,569.1,2.67
9471974,K00119.02,1,190.3200468,312.68498,0.6368333333333334,1141.7,7.78
6862603,K00866.01,0,2.861159894,171.648106,0.07846666666666666,1014.3,4.37
7366258,K00880.01,1,26.44439337,194.12074,0.16576249999999998,1843.5,3.91
7366258,K00880.02,1,51.53997972,174.055011,0.26664166666666667,3644.3,5.51
7366258,K00880.03,1,5.902245782,136.78393,0.12084583333333333,702.3,2.43
7366258,K00880.04,1,2.382951591,135.080841,0.07865,391.6,1.86
7373451,K00881.01,1,21.02250608,207.67593,0.1711333333333333,1772.5,3.07
6948054,K00869.04,1,3.219814777,133.00406,0.08600833333333333,488.2,1.69
6949607,K00870.01,1,5.912273234,172.184012,0.09689166666666667,961.4,1.73
6949607,K00870.02,1,8.98581901,175.68418,0.11919166666666665,881.3,1.65
11869052,K00120.01,0,20.5452375,137.91394,0.104875,218.5,2.41
7109675,K00872.01,1,33.60123371,186.680343,0.18356666666666666,7425.9,8.46
7109675,K00872.02,1,6.76652928,138.0637,0.12084999999999999,450.7,1.97
7118364,K00873.01,1,4.347288783,172.23343,0.08759999999999998,451.6,2.36
7134976,K00874.01,1,4.601811819,169.98108,0.09419583333333333,755.9,2.35
7134976,K00874.02,1,11.18719905,137.17814,0.13549999999999998,353.6,1.55
7135852,K00875.01,1,4.220965778,170.622433,0.12855833333333333,2260.0,2.62
7270230,K00876.01,0,6.998099523,171.898913,0.08536666666666666,20285.0,588.66
7287995,K00877.01,1,5.95489993,170.955871,0.09955,1410.7,2.33
7287995,K00877.02,1,12.03987488,181.22536,0.11401249999999999,1250.6,2.18
7287995,K00877.03,1,20.83762895,132.08488,0.09889166666666667,439.0,1.42
3247396,K00121.01,0,8.8111022,136.4568,0.21117916666666664,401.1,63.66
7303253,K00878.01,1,23.58917143,173.81994,0.211375,1200.7,3.16
5094751,K00123.01,1,6.481633073,122.977657,0.15766666666666665,298.5,2.54
7678434,K00892.01,1,10.37168928,172.61729,0.12645833333333334,1254.9,3.2
7678434,K00892.02,1,3.96996298,137.75447,0.048987499999999996,299.2,1.78
7685981,K00893.01,1,4.40841331,172.18582,0.20883333333333332,549.4,2.66
7708215,K00894.01,0,7.9426176,174.52563,0.27929166666666666,1590.7,4.68
7373451,K00881.02,1,226.8904775,207.35971,0.3149166666666666,3136.4,4.53
7377033,K00882.01,0,1.956811408,170.694208,0.09149166666666667,24905.0,21.58
7434875,K00884.01,1,9.439459486,177.186096,0.12074583333333333,3036.1,4.16
8349582,K00122.01,1,11.523067458,131.969055,0.1614875,507.3,3.13
7434875,K00884.02,1,20.47748843,178.66786,0.11818333333333332,1382.4,2.92
7434875,K00884.03,1,3.336123113,135.31623,0.08173333333333332,516.3,1.74
7455287,K00886.01,1,8.01078456,170.20739,0.09633333333333333,1333.6,1.72
7455287,K00886.02,1,12.07134205,143.45948,0.18009999999999998,759.2,1.29
7455287,K00886.03,1,20.99587872,152.31554,0.10972083333333334,767.3,1.3
7458762,K00887.01,1,7.41113177,175.34754,0.10517499999999999,620.5,2.45
7552344,K00888.01,0,1.000747038,169.974229,0.041529166666666666,1823.5,4.14
757450,K00889.01,1,8.884922995,169.991686,0.08625166666666667,16053.4,10.51
7585481,K00890.01,1,8.09888906,176.623731,0.17510041666666668,6911.1,8.95
7663691,K00891.01,1,10.00653012,176.96898,0.22266666666666668,936.1,3.52
5812701,K00012.01,1,17.855221681,146.596466,0.3088695833333333,9065.2,13.16
8039892,K00903.01,1,5.007316661,173.433997,0.17650833333333332,6932.3,6.96
8150320,K00904.01,1,2.211116989,170.150139,0.0686875,724.2,1.85
8150320,K00904.02,1,27.9541337,178.73791,0.16458333333333333,942.5,1.9
11086270,K00124.01,1,12.69104387,137.12594,0.1571958333333333,252.1,2.57
7767559,K00895.01,0,4.409409243,171.89433,0.1609833333333333,12861.0,10.95
7825899,K00896.01,1,16.23947096,175.569907,0.16822499999999999,2590.7,4.14
7825899,K00896.02,1,6.308201629,174.047661,0.12410416666666665,1328.5,2.96
7849854,K00897.01,1,2.052349884,169.890622,0.08657499999999999,14280.6,13.12
7870390,K00898.01,1,9.7704486,175.71372,0.10215416666666667,1897.8,2.23
7870390,K00898.02,1,5.169804269,172.63153,0.08970833333333333,1037.4,1.66
5094751,K00123.02,1,21.22261195,137.57403,0.2712208333333333,366.0,2.48
7870390,K00898.03,1,20.09017037,147.97788,0.1730833333333333,1432.1,2.25
7907423,K00899.01,1,7.11373257,174.32351,0.09068333333333334,807.6,1.16
7907423,K00899.02,1,3.306551643,134.37211,0.0757375,509.2,0.91
7907423,K00899.03,1,15.36845737,147.38965,0.102975,756.1,1.11
7938496,K00900.01,1,13.81020318,172.33533,0.127,1309.7,4.56
8490993,K00911.01,1,4.093578461,171.00954,0.1076375,538.6,2.85
8490993,K00911.02,1,105.145959,178.367,0.35804166666666665,685.4,3.43
8505670,K00912.01,1,10.8484518,171.80584,0.12497083333333332,1675.6,2.34
8505670,K00912.02,1,6.66833241,137.43988,0.07979166666666666,362.3,1.18
8544996,K00913.01,1,4.082274889,169.6375652,0.13458958333333332,17859.2,10.55
8150320,K00904.03,1,42.1406089,139.0604,0.21179166666666666,895.5,1.85
8150320,K00904.04,1,4.617490562,135.04909,0.09424166666666667,575.8,1.62
8150320,K00904.05,1,10.19849255,137.92067,0.10117916666666667,634.1,1.75
8180063,K00905.01,0,5.795063956,172.697467,0.1354,1692.9,4.33
8226994,K00906.01,1,7.15681552,174.13511,0.10784166666666667,867.0,2.47
8226994,K00906.02,1,17.64830851,133.54533,0.08697083333333333,763.3,2.43
8226994,K00906.03,1,4.14810719,133.3881,0.105625,175.2,1.08
8247638,K00907.01,1,16.51410989,176.11686,0.17322916666666666,973.5,2.72
8247638,K00907.02,1,30.1329298,190.38336,0.21549999999999997,1015.8,3.14
8247638,K00907.03,1,4.79090809,136.31106,0.10845833333333334,251.3,1.36
11086270,K00124.02,1,31.71981013,142.82083,0.20079166666666665,363.4,3.09
8247638,K00907.04,1,99.6415962,198.68664,0.18533333333333335,952.5,2.64
8255887,K00908.01,1,4.708326451,171.446507,0.13171416666666666,7912.7,10.6
8256049,K00909.01,0,16.37198661,172.75926,0.16020416666666665,4147.6,540.37
8414716,K00910.01,1,5.392026903,171.72707,0.12418333333333333,1151.4,2.68
9141746,K00929.01,1,6.491682808,174.633553,0.17920833333333333,7163.3,9.66
9159275,K00930.01,0,3.044770796,172.01916,0.417225,1695.0,24.54
9166862,K00931.01,1,3.855603916,170.6787843,0.13407916666666667,16652.7,13.61
9166870,K00932.01,0,3.855599139,170.67957,0.132625,1030.9,3.57
11449844,K00125.01,1,38.47876629,151.852812,0.21007041666666665,23530.0,13.26
8605074,K00915.01,0,37.601661282,194.713383,0.346085,59130.1,27.22
8628973,K00916.01,1,3.314947362,171.313058,0.07502916666666666,1398.2,3.94
8655354,K00917.01,0,6.71969089,173.35776,0.12596249999999998,969.7,4.37
8672910,K00918.01,1,39.6431552,206.596798,0.27205,15663.8,10.98
8686150,K00919.01,0,51.42598578,173.535933,0.7059249999999999,66067.7,29.66
8689031,K00920.01,1,21.80451611,190.49737,0.1420708333333333,1144.9,2.6
8689373,K00921.01,1,10.28194593,175.33988,0.14319166666666666,1110.7,2.53
8689373,K00921.02,1,18.11993039,182.61535,0.17628749999999999,1506.9,2.95
8689373,K00921.03,1,3.78402867,133.28133,0.07921666666666666,426.1,1.7
8826878,K00922.01,1,5.15448142,171.6389,0.1345,697.5,2.94
5897826,K00126.01,0,33.80364366,202.259731,0.47838749999999997,13494.4,20.7
8883593,K00923.01,1,5.743469797,174.898924,0.1433833333333333,1240.2,3.13
9016295,K00925.01,0,19.974485239,171.6300909,0.17644958333333333,40293.1,26.56
9077124,K00926.01,1,3.166353562,170.966145,0.13803749999999998,1473.4,3.82
9097120,K00927.01,0,23.899634407,188.982797,0.15911708333333333,20953.1,44.04
9466668,K00939.01,1,3.388012244,170.5336,0.11187083333333332,280.1,2.11
9466668,K00939.02,1,5.83909761,132.09261,0.13297916666666665,273.6,2.06
9466668,K00939.03,1,1.620467654,132.06388,0.0912,159.6,1.57
9466668,K00939.04,1,10.6816951,131.55082,0.15020833333333333,307.8,2.3
9479273,K00940.01,1,6.104849417,169.573477,0.19546666666666668,2090.3,3.18
8359498,K00127.01,1,3.578780566,134.0304187,0.12128708333333334,11382.2,10.43
9171801,K00933.01,0,3.187067566,171.64976,0.12995833333333334,1037.4,23.88
9334289,K00934.01,1,5.826657508,173.011411,0.12159583333333332,1539.1,4.09
9334289,K00934.02,1,12.41216347,142.54039,0.15579166666666666,611.3,2.58
9334289,K00934.03,1,18.74649011,147.13074,0.16229166666666667,796.8,3.05
9347899,K00935.01,1,20.86021229,180.017757,0.21640416666666665,1910.5,5.5
9347899,K00935.02,1,42.63427848,141.16954,0.25832499999999997,1719.3,5.22
9347899,K00935.03,1,87.6476068,134.94222,0.369625,1009.6,4.0
9388479,K00936.01,1,9.467821474,178.415842,0.1013625,2237.0,2.13
9388479,K00936.02,1,0.893040969,134.540342,0.045754166666666665,741.7,1.24
11359879,K00128.01,1,4.942783419,136.3294353,0.13556083333333332,11144.7,10.62
9406990,K00937.01,1,20.83426731,176.58569,0.1685583333333333,988.4,2.74
9415172,K00938.01,1,9.94602357,171.70192,0.14109166666666667,994.5,3.12
9415172,K00938.02,1,1.04562195,133.91912,0.07897916666666666,213.0,1.45
9415172,K00938.03,1,5.71462396,132.63866,0.09733333333333333,297.8,1.78
9904059,K00145.01,0,102.9641952,158.07473,0.6556249999999999,1896.7,39.0
3231341,K01102.02,1,8.14515981,140.56811,0.211375,446.8,3.43
3231341,K01102.03,1,18.9985279,144.74157,0.1887083333333333,430.7,43.17
3231341,K01102.04,1,4.24439049,137.06643,0.13674999999999998,174.0,2.07
7626506,K00150.02,1,28.5742692,143.8315,0.20594583333333333,824.9,2.32
10482160,K01170.01,1,7.34373964,137.29874,0.04909999999999999,574.4,1.84
10485069,K01171.01,0,0.445277068,133.52312,0.14745833333333333,186.7,35.74
3233043,K00966.01,0,0.379463865,170.2480164,0.036206666666666665,1973.3,59.56
6579806,K00967.01,0,9.88047978,173.608672,0.11602416666666666,18541.0,23.6
3560301,K00968.01,0,4.6484156,261.09395,1.5914125,128.4,5.06
4044005,K00969.01,0,17.512014768,174.282592,0.07603333333333333,4511.7,13.66
5802246,K01044.01,0,0.525154153,133.744359,0.08933749999999999,747.5,23.61
6066403,K01045.01,0,1.303861044,134.212059,0.16892083333333333,598.2,27.85
6209637,K01046.01,0,0.73452496,133.43108,0.2791666666666667,nan,nan
5988031,K01047.01,0,2.55549176,134.50078,0.37845833333333334,113.8,23.35
7684873,K00014.01,0,2.947376671,171.522978,0.08712916666666666,433.2,403.59
8559644,K00139.01,1,224.7789355,142.095338,0.4662458333333333,3487.5,7.67
2851100,K01104.01,0,0.890110752,133.2647,0.03655833333333333,321.5,1.25
3130300,K01105.01,0,5.76573396,133.30941,0.12183333333333332,248.0,7.47
3240158,K01106.01,1,7.42608123,139.90039,0.15157916666666665,443.3,2.47
3240158,K01106.02,1,15.9868932,137.5964,0.17325000000000002,178.5,1.62
3228959,K01107.01,0,0.73094589,133.68876,0.18,250.2,17.12
3218908,K01108.01,1,18.92537246,149.49558,0.16597916666666665,640.9,13.92
10341913,K01172.01,0,0.933749106,134.31831,0.17733333333333334,186.2,3.22
10480921,K01173.01,0,2.037440623,133.59962,0.14341666666666666,118.6,1.19
10350571,K01175.01,1,31.5925809,142.9649,0.56525,145.1,1.78
10350571,K01175.02,1,17.157236,133.68951,0.4701666666666667,110.4,1.55
3749365,K01176.01,1,1.97376085,178.6894194,0.07605916666666666,30222.4,8.78
11013201,K00972.01,1,13.118962443,261.539434,0.17935416666666665,372.2,8.25
11673674,K00133.01,0,4.618767792,133.386535,0.24982083333333333,4399.1,7.48
3632418,K00975.01,1,2.785821236,260.83731,0.14832916666666665,68.9,1.69
3441784,K00976.01,0,52.56901867,184.971267,0.28127916666666664,26900.0,78.54
5820218,K01048.01,0,3.411758679,133.18086,0.13158333333333333,570.6,14.71
5876368,K01049.01,0,0.525426427,133.187901,0.045004166666666665,324.6,1.45
5809890,K01050.01,1,1.269091415,133.343682,0.06102916666666666,340.9,1.41
5809890,K01050.02,1,2.853133997,133.79678,0.06104166666666667,277.1,1.36
6131236,K01051.01,1,6.79685353,138.11324,0.13209166666666666,393.1,2.01
9048161,K00146.01,0,8.667822346,137.341841,0.2069083333333333,2121.9,67.37
3218908,K01108.02,1,1.475323222,131.83272,0.09647916666666667,154.9,5.88
3218908,K01108.03,1,4.15246118,134.57991,0.10731249999999999,223.4,7.62
3235672,K01109.01,0,6.7210783,134.7775984,0.3108333333333333,nan,nan
2837111,K01110.01,1,8.7348852,135.0818,0.18708333333333332,270.7,1.59
3120276,K01111.01,0,10.26547688,136.49663,0.15554166666666666,399.6,1.81
3547091,K01177.01,0,3.305577989,180.68154,0.10792916666666666,17971.0,25.89
3869825,K01178.01,0,4.800653901,134.365782,0.37674583333333334,15304.4,16.91
3655332,K01179.01,0,15.06649901,140.654788,0.24952083333333333,36348.0,56.44
4042026,K01180.01,0,34.82008158,163.015559,0.46546249999999995,18847.8,11.36
3344419,K01181.01,0,0.651784374,133.111707,0.08392083333333333,2779.3,33.65
11192141,K00977.01,0,1.353771892,261.43662,0.29216666666666663,1349.1,430.99
11494130,K00978.01,0,18.95491633,262.46677,1.0103749999999998,867.5,71.39
5648449,K00979.01,0,4.348866254,262.72768,0.13665416666666666,625.6,2436.69
12167361,K00980.01,0,47.93094546,179.096467,0.11207083333333334,2144.4,68.02
8607720,K00981.01,0,3.99751422,261.7243,0.15358333333333332,32.8,2.98
1433962,K00982.01,0,1.592633181,133.9243804,0.2316875,633.1,1.56
9032900,K00134.01,1,67.5923754,151.75056,0.510375,4158.1,12.1
5956342,K01052.01,1,17.02902786,143.33395,0.19354166666666664,568.9,2.54
5956342,K01052.02,1,6.84619236,132.17265,0.14704166666666665,246.8,1.67
5956342,K01052.03,1,67.8321638,125.881,0.3065833333333333,507.8,2.39
5956342,K01052.04,1,43.1312147,166.26105,0.13324999999999998,447.8,2.39
5956656,K01053.01,1,1.224866441,133.20824,0.07119166666666665,196.0,1.54
3109930,K01112.01,1,37.8102649,158.35799,0.363875,570.3,2.33
2854914,K01113.01,1,25.93406406,149.76273,0.19225833333333334,414.5,2.48
2854914,K01113.02,1,83.4463485,158.68061,0.2723333333333333,503.0,2.73
3337425,K01114.01,0,7.04710032,139.79737,0.12191666666666667,400.9,25.2
3116412,K01115.01,1,12.99204853,136.32016,0.25072916666666667,270.6,2.03
3865567,K01182.01,0,11.11620211,133.100575,0.17545833333333333,4843.9,8.96
3544689,K01183.01,0,1.922861499,134.658644,0.14889166666666664,1916.2,5.09
4037164,K01184.01,0,0.635445336,134.184037,0.07746666666666666,2547.4,19.0
3443790,K01185.01,0,1.665784138,133.863028,0.07894166666666666,2006.2,97.27
3966912,K01186.01,0,55.6639167,156.35017,0.9810833333333333,3414.4,34.14
8394721,K00152.01,1,52.09081627,158.744665,0.35995,2894.1,7.14
11607193,K00983.01,0,7.1548608,266.04847,0.32058333333333333,780.4,7.41
1161345,K00984.01,1,4.28746668,262.06245,0.06538749999999999,790.1,2.29
10227501,K00985.01,0,2.002779769,261.95791,0.09295833333333332,260.5,1.42
2854698,K00986.01,1,8.18739443,260.86931,0.12696666666666667,517.6,1.92
2854698,K00986.02,1,76.0498163,161.71445,0.29825,445.9,1.75
8559644,K00139.02,1,3.341799486,141.35472,0.12189166666666665,178.2,1.67
6032981,K01054.01,0,3.3226948,134.444,0.14866666666666667,78.7,15.33
5866099,K01055.01,0,36.97708808,133.62681,0.197375,1269.9,38.6
5964985,K01056.01,0,1.851409163,133.17995,0.4263333333333333,232.5,20.42
6066416,K01057.01,0,1.303859704,134.21201,0.1176625,36.7,0.98
1996679,K00147.01,0,145.5624926,146.0588,0.225525,2931.6,40.15
2849805,K01116.01,1,3.749105745,135.10837,0.08260833333333333,182.6,1.68
3114811,K01117.01,1,11.08956602,141.76142,0.2619875,148.1,3.51
3003992,K01119.01,0,7.24476126,139.10497,0.09643749999999998,58.0,0.65
3554031,K01194.01,1,8.70798309,363.05638,0.10376666666666667,1419.6,2.01
3554031,K01194.03,1,4.17634276,352.99674,0.09729166666666667,531.5,1.23
8394721,K00152.02,1,27.40229859,133.6284,0.28537916666666663,747.5,3.63
7295235,K00987.01,1,3.179267286,261.841607,0.04269166666666666,200.9,1.21
2302548,K00988.01,1,10.38122447,268.02421,0.11312499999999999,801.5,2.18
2302548,K00988.02,1,24.5709023,135.87209,0.14945833333333333,764.2,2.82
10743597,K00989.01,0,81.221876,184.26164,0.17139583333333333,9883.0,16.59
10743597,K00989.02,0,0.817026268,132.835239,0.08666249999999999,1145.5,2.92
9818381,K00135.01,1,3.024092505,132.4168573,0.11675416666666666,7765.0,12.14
6124941,K01058.01,0,5.670155713,136.201739,0.039004166666666666,536.7,5.85
6060203,K01059.01,1,1.022678654,133.45422,0.05713333333333333,129.2,1.14
5880320,K01060.01,1,12.10968709,140.21258,0.2644208333333333,284.7,2.98
5880320,K01060.02,1,4.75796103,137.69636,0.19416666666666665,124.5,1.7
5880320,K01060.03,1,20.4972755,147.43894,0.35566666666666663,242.9,2.96
3003992,K01119.02,0,13.55480534,139.81609,0.09533333333333333,48.3,0.62
6307537,K01120.01,0,29.74454668,172.386652,0.9701749999999999,66894.0,20.06
6359798,K01121.01,0,14.15402428,140.698466,0.18625041666666667,61625.1,53.25
6311681,K01122.01,0,0.844786082,134.216987,0.1470375,2468.5,35.27
6365321,K01123.01,0,0.848483947,133.585301,0.0602125,1907.4,32.11
6301035,K01124.01,0,11.99097576,143.28437,0.23917083333333333,2124.3,37.47
3859079,K01199.01,1,53.5292702,147.86464,0.23616666666666666,1086.1,2.28
3557493,K01200.01,0,0.393726813,133.310396,0.12291666666666667,564.6,24.17
4061149,K01201.01,1,2.757584622,133.05017,0.038612499999999994,563.1,1.01
3444588,K01202.01,1,0.928310036,133.80358,0.04957916666666666,376.2,1.16
8394721,K00152.03,1,13.48457668,136.61808,0.20915416666666667,653.5,3.39
3962243,K01203.01,1,31.8841473,160.20696,0.25508333333333333,910.0,3.7
10015516,K00990.01,0,67.69213907,138.534171,2.1395416666666662,25457.2,175.98
10154388,K00991.01,1,12.06222962,138.22229,0.08576666666666666,300.2,1.62
1432789,K00992.01,1,9.93146307,136.49128,0.2365833333333333,398.6,2.41
1718189,K00993.01,1,21.85362905,144.32031,0.14329166666666665,355.6,1.75
5880320,K01060.04,1,8.19345065,138.99617,0.21808333333333332,115.4,1.74
5130369,K00140.01,0,19.97867,137.17061,0.42366666666666664,944.3,6.85
6037187,K01061.01,1,41.8059544,142.81919,0.252375,434.4,2.02
6147122,K01062.01,0,15.45158184,142.21096,0.10025,85.3,2.02
8257407,K01063.01,0,89.698168533,176.3060152,0.23090833333333333,273106.0,102.08
8218274,K01064.01,0,1.187352427,133.465454,0.20829166666666665,20703.0,67.35
3964562,K00015.01,0,3.012476582,135.259271,0.13093333333333332,1138.5,65.25
5735762,K00148.01,1,4.77800306,124.061465,0.11400416666666666,473.0,1.85
6292162,K01125.01,0,7.814839231,357.519981,0.12550833333333333,2010.3,5.33
6307521,K01126.01,0,29.7452499,157.38519,0.9456249999999999,778.9,3.6
6359320,K01127.01,1,5.32667299,357.12617,0.14185416666666667,611.4,2.26
3848972,K01187.01,0,0.741057213,131.947273,0.043874583333333335,1996.3,26.67
3860441,K01188.01,0,2.988085455,133.27252,0.15333333333333332,802.8,21.81
3765771,K01189.01,0,2.783883492,133.227846,0.102275,903.9,67.17
3557341,K01190.01,0,0.393727296,178.587454,0.12583333333333332,903.5,23.05
3859628,K01191.01,1,8.17242644,361.20157,0.16258333333333333,864.3,3.29
1718189,K00993.02,1,13.0607936,137.63148,0.13395833333333332,236.6,1.45
3858949,K00995.01,0,25.9518461,154.88212,0.6075416666666666,1058.5,22.32
3858824,K00996.01,0,25.9518536,154.88278,0.6147916666666666,2017.9,24.6
2157247,K00997.01,0,5.68628739,135.89269,0.7322083333333333,5559.7,4.5
7601633,K00136.01,0,15.663886949,147.395712,0.10322916666666666,5144.4,27.36
8242681,K01065.01,0,4.020628573,133.638478,0.1836875,20901.0,16.94
8246781,K01067.01,0,185.02288222,273.185533,0.2030525,43546.7,49.82
8264070,K01068.01,0,2.897432135,450.75739,0.13247083333333332,1223.7,14.35
8222813,K01069.01,1,8.70420525,357.55941,0.12243749999999999,1074.9,2.86
6359320,K01127.02,1,8.1280933,358.68367,0.15529166666666666,224.1,1.39
6362874,K01128.01,1,0.974868896,133.076265,0.0674625,197.6,1.16
6272413,K01129.01,1,4.89721006,133.39852,0.0755,274.4,1.48
8279765,K01130.01,0,2.757794163,135.232863,0.11518333333333333,39043.0,20.05
8330548,K01132.01,0,1.914158508,134.644919,0.13715416666666666,7829.2,13.63
3348082,K01196.01,0,3.98216698,135.52749,0.09983333333333333,381.3,3.32
3853673,K01197.01,0,0.643794198,133.984483,0.06525833333333333,456.7,19.51
3447722,K01198.01,1,16.08832318,139.49184,0.23879166666666665,597.8,3.42
3447722,K01198.02,1,10.30067919,142.74251,0.20354166666666665,271.8,2.2
3447722,K01198.03,1,35.6757453,145.00717,0.30754166666666666,471.2,3.02
1432214,K00998.01,0,161.78832712,214.039,0.22124999999999997,87750.0,36.14
2165002,K00999.01,1,16.56806842,146.15285,0.17769583333333333,1331.4,2.54
2165002,K00999.02,1,47.3329299,151.41614,0.11283333333333334,931.5,2.18
2441728,K01000.01,0,0.856895349,133.67521,0.05449166666666667,82.2,0.82
1871056,K01001.01,1,40.8065333,155.71586,0.5472916666666666,313.9,3.71
8222813,K01069.02,1,2.46697039,354.93093,0.06810416666666666,308.7,1.56
8240904,K01070.01,1,6.61836309,360.36694,0.15338749999999998,549.1,2.98
8240904,K01070.02,1,107.7214092,354.19522,0.3350833333333333,1396.2,4.75
8374494,K01133.01,0,5.251916208,357.321883,0.2045625,10624.3,37.15
5735762,K00148.02,1,9.673958488,125.339418,0.13600416666666665,952.7,2.63
8414907,K01134.01,0,100.3039228,277.0607,0.3625833333333333,5450.0,29.55
8414907,K01134.02,0,200.61103346,456.84444,0.2970833333333333,nan,nan
8397446,K01135.01,0,0.986620248,448.5959,0.1655083333333333,1345.8,43.98
8386035,K01136.01,0,1.63484631,134.512115,0.25458333333333333,nan,nan
3962243,K01203.02,1,14.12847677,142.8971,0.15354166666666666,628.7,2.73
3962243,K01203.03,1,48.6478543,172.1271,0.22766666666666668,641.8,4.14
3438507,K01204.01,1,8.39842977,136.31152,0.2643333333333333,340.1,2.0
3869014,K01205.01,1,8.63847391,139.94684,0.22735833333333333,395.9,5.99
1871056,K01001.02,1,140.10765,216.21749,0.7709583333333333,266.8,3.42
1865042,K01002.01,1,3.4815917,132.98828,0.0752875,135.2,1.17
2438502,K01003.01,0,8.360616221,172.264978,0.31410416666666663,28066.3,40.35
2309585,K01004.01,0,1.838514968,352.72266,0.11412916666666667,2721.7,4.86
5780460,K01005.01,1,35.61760233,197.03573,0.35232916666666664,4634.9,5.17
8244190,K01071.01,0,1.09206833,133.19403,0.07748333333333332,219.2,1.29
8229696,K01072.01,1,10.12805158,139.1159,0.14654166666666665,477.4,1.95
8262210,K01073.01,0,1.613001111,178.52846,0.09975,104.1,1.25
10272640,K01074.01,1,3.770551475,357.11836,0.15865416666666665,12440.0,12.05
10232123,K01075.01,0,1.343767797,133.275862,0.08085416666666666,4702.6,18.66
10223616,K01076.01,0,29.12436474,142.16154,0.14253749999999998,6496.0,15.25
8415745,K01138.01,0,31.82814583,366.704854,0.12154166666666666,4456.8,35.8
8378634,K01139.01,0,3.629442796,134.70066,0.2345833333333333,426.6,3.28
8397675,K01140.01,0,0.553261874,133.446605,0.03697916666666666,1038.1,97.36
8346392,K01141.01,1,5.72812616,135.18066,0.0845625,643.4,1.38
8288947,K01142.01,1,3.75574267,133.4333,0.0954625,417.4,1.58
8312852,K01143.01,0,7.44042933,134.76331,0.124625,547.3,2.74
9480189,K00941.01,1,6.581477136,174.787814,0.1287333333333333,2318.9,4.56
11974540,K00129.01,1,24.669192732,132.864236,0.29313124999999995,7382.3,77.76
9480189,K00941.02,1,2.382652873,170.66626,0.07869999999999999,705.4,2.74
9480189,K00941.03,1,24.66461416,189.02031,0.11907916666666665,2398.8,5.34
9512687,K00942.01,1,11.51517167,174.85855,0.08358333333333332,1357.4,2.9
8644288,K00137.01,1,7.641567589,135.407564,0.14209083333333333,2269.7,4.91
5738346,K01006.01,0,30.6113932,374.6216,0.149,3472.0,19.68
1725016,K01007.01,1,7.40742502,355.49652,0.15312499999999998,442.0,2.01
1722276,K01008.01,0,569.934135,248.94045,0.1746,18904.0,38.98
892772,K01009.01,0,5.09246539,357.53594,0.1524583333333333,254.0,1.17
1027438,K01010.01,0,110.61576622,145.83537,0.20833333333333331,nan,nan
10268907,K01077.01,0,1.103971357,354.58216,0.03858333333333333,317.9,1.37
5446285,K00142.01,1,10.916108342,133.009227,0.15206666666666666,1479.0,3.93
10166274,K01078.01,1,3.353732008,134.869597,0.060825,1264.7,1.65
10166274,K01078.02,1,6.877446033,132.08426,0.05705,1632.3,2.05
10166274,K01078.03,1,28.46464804,158.03986,0.11107083333333334,1629.8,1.87
10153827,K01079.01,0,0.293630085,133.584241,0.09940416666666665,2017.7,26.35
5735762,K00148.03,1,42.89645024,146.0613,0.23707083333333334,555.3,2.0
8302450,K01144.01,0,2.44199803,134.57095,0.11495833333333333,251.7,1.44
8351704,K01146.01,1,7.09712124,136.34514,0.08774583333333333,369.5,0.74
8299955,K01147.01,0,2.6827683,134.25535,0.12320833333333332,79.8,1.19
9513865,K00943.01,1,3.601465336,171.99184,0.09480416666666666,777.7,2.31
9595686,K00944.01,0,3.108251172,170.244566,0.10436666666666666,1867.7,4.43
9605514,K00945.01,1,25.8474958,188.874,0.249375,537.4,2.4
9605514,K00945.02,1,40.715561,146.36485,0.28725,680.9,2.7
9661877,K00946.01,0,20.42720701,176.71737,0.143625,1273.0,4.42
5728283,K01011.01,0,6.198273591,183.3731434,0.31409875,47302.6,19.81
8127639,K01012.01,0,1.023471798,354.8182,0.09791249999999999,861.4,3.78
6047498,K01013.01,0,0.51872711,133.676312,0.05216666666666667,714.1,19.07
8125580,K01014.01,1,17.31711739,142.36094,0.131325,1473.0,2.04
8158127,K01015.01,1,9.42889884,140.1046,0.1853375,565.4,4.39
10158990,K01080.01,0,1.096583368,133.61436,0.08828333333333332,308.5,1.35
10141900,K01082.01,1,6.50327035,135.26657,0.10795833333333334,418.3,1.67
10141900,K01082.02,1,4.09667624,133.09833,0.09125,302.3,1.42
10141900,K01082.03,1,1.196548464,132.53363,0.05246666666666667,224.6,1.25
8410727,K01148.01,1,11.47609015,135.39622,0.21025,182.3,2.07
8410727,K01148.02,1,25.2630467,134.18397,0.25916666666666666,125.5,1.71
8349405,K01149.01,0,7.1688266,136.23827,0.05375,nan,nan
8278371,K01150.01,1,0.677374687,133.94573,0.07650416666666666,76.7,0.9
8280511,K01151.01,1,10.43547031,134.82462,0.1423625,210.2,1.22
8280511,K01151.02,1,7.41084314,135.75425,0.13520833333333332,124.1,0.94
9710326,K00947.01,1,28.59914031,189.92667,0.15236249999999998,1585.1,1.83
9761882,K00948.01,1,24.58716355,173.70572,0.16599999999999998,907.5,2.37
5297298,K00130.01,0,34.193600311,155.2966351,0.22557583333333334,13714.8,21.95
9766437,K00949.01,1,12.53248222,170.76535,0.16736666666666666,1145.9,3.24
9775938,K00951.01,1,13.19720694,171.545479,0.14529999999999998,2141.4,4.18
8644288,K00137.02,1,14.85890852,128.154869,0.1468833333333333,3269.0,5.94
8158127,K01015.02,1,4.08897299,135.76402,0.14937499999999998,157.9,2.36
8176653,K01016.01,0,2.866680334,134.066374,0.046933333333333334,712.4,2.93
8174625,K01017.01,1,17.44486016,141.6802,0.18520833333333334,826.9,3.24
8183911,K01018.01,0,8.30697421,137.08254,0.11499999999999999,158.7,37.99
8179973,K01019.01,0,2.49705175,135.3072596,0.15791666666666665,nan,nan
10157458,K01083.01,1,7.33685101,138.5829,0.14783333333333332,325.8,1.52
4649305,K00143.01,0,22.65117451,140.337593,0.15372916666666664,2250.0,7.62
10148521,K01084.01,0,1.204274435,134.05838,0.055675,185.8,1.19
10118816,K01085.01,1,7.71790675,139.15725,0.07666666666666666,306.8,0.9
10122255,K01086.01,1,27.6652847,144.8714,0.276375,469.2,2.21
3124412,K01087.01,0,0.948950734,134.368152,0.1676875,2133.0,36.87
3835670,K00149.01,1,14.55730897,145.095012,0.3235125,956.9,4.32
10287248,K01152.01,0,4.722254104,178.243313,0.14379166666666665,82670.0,14.45
10351767,K01153.01,0,0.635069939,134.0209283,0.08632124999999999,33117.3,57.77
10342041,K01155.01,0,0.933746515,133.387415,0.27717499999999995,2936.6,25.54
10514770,K01156.01,0,1.872421727,134.366162,0.06358749999999999,3018.9,5.65
9775938,K00951.02,1,33.6528474,147.8025,0.16506666666666664,1140.8,3.05
9787239,K00952.01,1,5.90127815,171.40674,0.09157916666666667,1525.2,1.94
9787239,K00952.02,1,8.75209691,170.63671,0.098925,1367.6,1.83
9787239,K00952.03,1,22.78078241,155.20408,0.13750833333333332,1925.1,2.17
9787239,K00952.04,1,2.896005211,133.61228,0.06989999999999999,614.1,1.23
9787239,K00952.05,1,0.742957911,133.27936,0.027866666666666665,843.3,1.47
2309719,K01020.01,0,54.35635067,164.070221,0.26810416666666664,10510.4,38.81
2558363,K01021.01,0,0.54624855,178.5614,0.08559583333333333,639.7,18.93
2716853,K01022.01,1,18.82744023,196.19088,0.1943333333333333,1006.2,2.7
2445154,K01023.01,0,8.4120069,139.64745,0.16345833333333332,819.6,1.71
2715135,K01024.01,1,5.747711909,133.29939,0.07884583333333334,820.1,1.86
8644288,K00137.03,1,3.504691252,133.511941,0.08254583333333333,315.1,2.03
3113266,K01088.01,0,0.995861402,132.346819,0.04794583333333333,4993.8,26.93
3247268,K01089.01,1,86.67856052,175.597013,0.42203749999999995,8244.1,9.83
3247268,K01089.02,1,12.21828097,140.321095,0.11237083333333332,1843.4,5.1
3232859,K01090.01,0,8.387210055,138.903759,0.06865416666666666,4952.0,72.52
3098184,K01091.01,0,15.2384539,369.56902,0.8038333333333334,7019.0,9.84
2720309,K01092.01,0,0.413334492,133.212225,0.09919999999999998,2025.1,31.52
10342065,K01157.01,0,0.93374614,133.388153,0.2729583333333333,1717.5,149.71
10352945,K01158.01,0,6.47179275,356.38477,0.2828333333333333,402.5,2.08
10354039,K01159.01,1,64.617518,166.14425,0.2415,2486.6,5.4
10330115,K01160.01,1,13.21409607,140.58492,0.14850416666666666,1154.8,2.77
10426656,K01161.01,1,6.05729966,135.92756,0.15591249999999998,385.2,1.94
9820483,K00953.01,1,3.584101048,170.427829,0.11381666666666665,2608.1,4.66
9941662,K00013.01,1,1.763587535,120.5659254,0.13203208333333333,4590.6,21.42
7778437,K00131.01,1,5.014234733,133.174289,0.19120833333333334,6536.0,10.63
9823457,K00954.01,1,8.11528727,174.52257,0.13379166666666664,834.9,3.1
9823457,K00954.02,1,36.9250409,174.22246,0.20575416666666668,902.0,3.01
2574201,K01025.01,0,37.4783492,157.31713,0.22154166666666666,1467.9,10.05
2166206,K01028.01,0,8.09695764,140.74216,0.13829166666666665,283.5,34.0
2164169,K01029.01,1,32.3122867,133.867,0.27370833333333333,677.8,4.84
2574338,K01030.01,1,9.22961384,138.43961,0.09312499999999999,492.1,2.79
2584163,K01031.01,1,14.5598556,135.95038,0.2343333333333333,290.6,1.64
4180280,K00144.01,1,4.176254191,133.090415,0.15298333333333333,1360.1,3.07
3239636,K01093.01,0,0.528755447,133.38227,0.23808333333333334,408.5,47.75
2721030,K01094.01,1,6.10027621,135.58656,0.19781666666666667,766.6,2.59
3340070,K01097.01,0,10.9110487,142.52714,0.29304166666666664,401.9,2.36
7626506,K00150.01,1,8.408878137,134.006366,0.14569583333333333,798.9,2.28
10426656,K01161.02,1,10.93725572,136.98549,0.12842499999999998,421.6,2.41
10426656,K01161.03,1,2.97136658,134.38662,0.11316666666666667,233.3,1.52
10528068,K01162.01,1,158.6850022,173.94993,0.4807166666666667,898.3,3.08
10468940,K01163.01,1,2.936527336,135.71829,0.07379166666666666,352.3,1.92
9825625,K00955.01,1,7.03902016,175.73059,0.16097083333333334,529.8,2.45
9875711,K00956.01,1,8.360870704,175.64459,0.11309999999999999,2039.7,3.67
7661409,K00957.01,0,3.14051153,178.4691,0.34502499999999997,1444.4,31.01
1026957,K00958.01,1,21.76129812,166.540438,0.051791666666666666,1300.7,2.53
10002261,K00959.01,0,12.713794177,175.0725677,0.10170541666666666,36718.7,2.31
8176650,K00960.01,0,15.801100028,177.1533515,0.2656270833333333,37545.0,15.61
5899544,K01034.01,0,1.739428983,354.889074,0.10372499999999998,5897.4,268.65
5963222,K01035.01,0,1.217266418,133.328666,0.13836666666666667,5811.5,14.49
5982353,K01036.01,0,19.563092517,134.3548284,0.28977916666666664,12992.2,23.76
6205468,K01037.01,0,3.7228551,179.30315,0.5340166666666666,2969.2,5.67
8506766,K00138.01,0,48.93786896,140.76639,0.27444999999999997,7240.1,24.19
3240706,K01098.01,0,5.48990788,134.10438,0.16749999999999998,598.9,23.6
2853093,K01099.01,1,161.5278347,198.00137,0.15305833333333332,4653.6,8.19
3228824,K01100.01,0,0.73093905,355.90306,0.1184875,451.1,1.45
3245969,K01101.01,1,11.39102358,137.70864,0.09595833333333333,448.6,1.67
3231341,K01102.01,1,12.33343853,137.58782,0.2592083333333333,536.4,4.12
10468940,K01163.02,1,8.01500821,134.8277,0.12557083333333333,363.0,2.0
10341831,K01164.01,0,0.933749941,133.38422,0.27525,415.3,12.93
10337517,K01165.01,1,7.053934488,136.357253,0.07185,511.5,2.36
10337517,K01165.02,1,4.29263699,134.80018,0.1125,61.4,0.68
10351231,K01166.01,1,7.6746614,133.22431,0.08072499999999999,503.0,2.8
10485179,K01167.01,0,0.445275074,133.971372,0.09483333333333333,254.7,1.21
8561063,K00961.01,1,1.213770423,170.483645,0.02305,1821.0,0.78
8561063,K00961.02,1,0.453287416,133.869741,0.018520833333333334,1461.5,0.76
8892910,K00132.01,0,10.810132734,132.95157,0.18590833333333334,6165.2,13.95
8561063,K00961.03,1,1.865114193,133.792344,0.017829166666666667,1124.8,0.66
10657664,K00964.01,0,3.273699006,171.2385098,0.1281775,6862.8,22.36
3337351,K00965.01,0,7.047103499,175.03337,0.13836666666666667,71318.0,51.86
6153201,K01038.01,0,0.530300102,354.985736,0.11875833333333333,3040.0,35.73
5802486,K01039.01,0,1.073917869,177.924088,0.10127083333333332,1926.6,33.01
5817553,K01040.01,0,4.206096814,136.44854,0.44742083333333327,1298.1,32.66
5982368,K01041.01,0,19.56313723,369.11182,0.28572916666666665,5536.0,9.73
5816811,K01042.01,0,2.227718792,134.452638,0.20707916666666665,1039.0,8.88
5816165,K01043.01,0,0.591914504,355.353791,0.042604166666666665,1057.7,27.21
7102227,K01360.01,1,36.7704935,164.29112,0.18416666666666665,1346.6,2.83
7102227,K01360.02,1,14.58932429,141.93498,0.10076666666666667,831.3,2.32
7102227,K01360.03,1,0.764017553,132.2214,0.04595833333333333,128.2,0.86
6960913,K01361.01,1,59.8780258,151.1847,0.20011249999999997,1419.1,2.19
11122894,K01426.02,1,74.92768653,124.99266,0.1975,4119.2,6.39
11122894,K01426.03,1,150.0189511,224.685714,0.18259583333333332,4319.7,32.6
11129738,K01427.01,1,2.613020421,133.11283,0.08161666666666667,599.7,1.5
11401182,K01428.01,1,0.927859786,133.905978,0.05949583333333333,515.3,1.79
11030711,K01429.01,1,205.912735,252.74129,0.41633333333333333,2378.8,4.68
11512246,K00168.03,1,7.10695741,138.32271,0.214425,131.0,1.72
6690082,K01240.01,1,2.1395563,133.65392,0.08615833333333334,266.1,1.76
6690082,K01240.02,1,4.807103254,134.640371,0.0391375,450.5,2.96
6448890,K01241.01,1,21.4054422,147.08981,0.488375,409.3,11.64
6448890,K01241.02,1,10.5007712,135.6479,0.6050833333333333,183.4,5.68
10730034,K01305.01,1,2.633852528,134.56431,0.08419166666666666,259.8,1.38
10730034,K01305.02,1,6.18670882,136.63308,0.12120833333333332,202.6,1.21
10858691,K01306.01,1,1.796320953,133.33662,0.07974583333333332,210.9,1.2
10858691,K01306.02,1,3.468073,136.00831,0.098375,243.9,1.29
10858691,K01306.03,1,5.9142668,133.49193,0.110875,253.2,1.31
8107380,K00162.01,1,14.00640392,142.20885,0.19549583333333334,716.4,3.11
6936909,K01363.01,1,3.546531809,134.90127,0.094775,442.7,2.18
6936909,K01363.02,1,5.70070626,132.69229,0.06836666666666666,379.8,2.03
6962977,K01364.01,1,20.8341497,186.03921,0.18841666666666668,803.1,2.26
6962977,K01364.02,1,7.0556584,181.91205,0.1269958333333333,705.6,2.13
11176127,K01430.01,1,10.47548084,152.64165,0.09593333333333333,1070.7,2.11
11176127,K01430.02,1,22.92886314,143.86271,0.08679583333333332,908.9,2.08
11176127,K01430.03,1,77.4740991,184.24533,0.17366666666666666,1543.6,2.63
11014932,K01432.01,1,6.88595222,138.40761,0.1728333333333333,428.5,2.68
6677256,K01243.01,0,3.125814002,356.41184,0.0745625,238.8,1.88
8030148,K00155.01,1,5.660669429,137.416045,0.19367916666666665,737.8,3.24
6692833,K01244.01,0,10.80487163,134.09498,0.11339583333333332,292.7,1.71
6693640,K01245.01,1,13.71938426,140.74483,0.2319875,316.4,1.98
10858691,K01306.04,1,29.2214959,139.32807,0.16725,394.0,1.81
10973814,K01307.01,1,44.8520997,172.46196,0.14887083333333334,780.8,3.35
10973814,K01307.02,1,20.34237838,137.6952,0.09729583333333333,564.6,2.88
6541920,K00157.05,1,118.3786735,287.28744,0.39822499999999994,1083.3,3.4
10586208,K01308.01,1,23.58444746,145.95798,0.2314375,429.2,3.0
6962977,K01364.03,1,11.97884409,178.96957,0.15629166666666666,707.9,2.11
6962977,K01364.04,1,3.71545593,169.78318,0.10658333333333332,331.7,1.46
6962977,K01364.05,1,2.58083264,171.56048,0.09053749999999999,270.2,1.31
7174351,K01365.01,0,1.487084251,133.97746,0.05513749999999999,295.7,1.6
6932987,K01366.01,1,19.25404023,164.78424,0.1937875,987.7,3.04
11014932,K01432.02,1,15.0549356,144.575,0.20004166666666667,256.4,1.6
11014932,K01432.03,1,2.92721119,133.82725,0.10604166666666666,170.2,1.29
11014932,K01432.04,1,38.2856338,143.2984,0.2713333333333333,322.8,1.77
11288505,K01433.01,1,19.80787763,139.37983,0.14387499999999998,616.3,2.08
11493431,K01434.01,1,2.343230566,133.20732,0.08510000000000001,246.5,1.18
8801343,K01247.01,0,2.73987398,134.5503077,0.1732858333333333,20632.2,34.83
8488878,K01248.01,0,5.801880653,357.453464,0.17753333333333332,41924.0,19.91
8560285,K01249.01,0,85.34092607,386.211642,0.44225416666666667,51746.2,1177.65
8620565,K01250.01,0,0.782045734,134.0214,0.07477083333333333,16185.0,45.05
10854768,K01309.01,1,10.1171684,137.44489,0.19448749999999998,288.7,3.07
10964440,K01310.01,1,19.12947603,139.4353,0.16509166666666666,451.2,4.23
10713616,K01311.01,1,83.5781976,202.45865,0.3020291666666667,630.8,6.63
10963242,K01312.01,1,6.1469956,135.07385,0.1381375,249.6,2.04
10785538,K01313.01,0,0.522457732,133.751976,0.0371125,143.8,1.52
6932987,K01366.02,1,54.1558384,172.36559,0.18466666666666667,1109.8,3.88
8191672,K00018.01,1,3.548465446,122.9014315,0.19037666666666667,7251.5,14.92
6851425,K00163.01,1,11.1199028,139.753524,0.1406625,636.3,2.08
6934291,K01367.01,1,0.567856484,134.063088,0.042741666666666664,334.8,1.55
7357531,K01368.01,0,251.0597249,230.027745,0.2128958333333333,7419.8,44.2
6185711,K00169.01,0,11.70219638,151.13414,0.111075,639.7,16.15
11037335,K01435.01,1,40.7150498,146.56647,0.3577916666666666,563.9,2.2
11037335,K01435.02,1,10.44635944,133.27821,0.11454166666666667,354.2,2.18
11389771,K01436.01,1,2.508553286,135.0112,0.09443333333333333,211.6,1.28
11389771,K01436.02,1,13.75129636,144.61389,0.16054166666666667,348.5,1.66
8737796,K01252.01,0,0.885747456,134.486834,0.18661666666666665,895.2,269.98
8462258,K01253.01,0,3.611541977,357.25064,0.35861666666666664,2972.3,28.07
10925104,K00156.01,1,8.041347775,143.038292,0.10971666666666666,591.0,1.29
8454250,K01254.01,0,5.082722475,137.26075,0.24641249999999998,1974.1,4.4
8848271,K01256.01,0,9.991625291,137.447816,0.16063333333333332,3450.5,38.93
10585852,K01314.01,1,8.57504983,140.14063,0.36054166666666665,160.6,4.26
10794087,K01316.01,1,7.64970832,138.33113,0.27604166666666663,55.4,1.43
6541920,K00157.06,1,10.30401132,138.50377,0.176025,316.1,1.84
4275739,K01317.01,0,2.171827838,355.083686,0.1341875,42086.0,58.56
7287415,K01369.01,1,3.016182013,133.88395,0.11812083333333334,222.5,2.25
6924203,K01370.01,1,6.8833761,135.26522,0.09459166666666666,458.4,1.69
6878167,K01371.01,0,0.833980196,133.68304,0.07316666666666666,261.2,1.45
6880531,K01372.01,0,69.62754202,176.3098622,0.46125,nan,nan
6863839,K01373.01,0,1.926353494,133.68077,0.10543749999999999,185.1,1.33
7296086,K01374.01,0,0.890737359,134.56707,0.08023749999999999,195.8,20.57
11389771,K01436.03,1,5.41908491,131.6422,0.09741249999999999,231.0,1.38
11599038,K01437.01,1,7.01733571,133.90592,0.148625,255.5,1.61
11193263,K01438.01,1,6.91134223,136.64878,0.23642916666666663,201.7,1.9
11027624,K01439.01,1,394.6249514,177.84534,1.0045,2013.3,7.79
11032227,K01440.01,1,7.19304935,136.05065,0.14195833333333333,255.3,1.59
8751933,K01257.01,1,86.64764448,173.794641,0.1763583333333333,7311.6,9.4
8630788,K01258.01,1,36.33750453,160.39806,0.29416666666666663,2828.4,5.3
8630788,K01258.02,1,14.64613058,136.5227,0.237,593.5,2.22
8630788,K01258.03,1,148.272013,138.00557,0.17466666666666666,1707.4,4.3
8823426,K01259.01,0,1.506507172,178.18515,0.18894166666666667,880.9,13.4
4070376,K01318.01,0,1.634614356,133.96855,0.143425,19761.5,44.22
4078157,K01319.01,0,16.025018977,367.693328,0.16178333333333333,29090.0,1069.01
4164994,K01320.01,1,10.50682978,360.082152,0.15737083333333332,13355.5,9.01
4480676,K01321.01,0,0.711966971,134.223486,0.08425416666666666,6227.5,33.34
4079535,K01322.01,0,17.72724392,356.795528,0.1711375,16878.0,14.77
6766634,K01375.01,1,321.2124365,206.930556,0.16716666666666663,2358.6,7.25
6774826,K01376.01,0,7.13895376,184.24569,0.1903333333333333,254.2,49.96
5652237,K00164.01,0,4.4645454,132.31538,0.12009583333333332,194.3,3.07
7211469,K01377.01,1,11.29689442,134.57233,0.192625,198.5,1.74
7375795,K01378.01,0,19.30112039,133.35614,0.2531333333333333,232.3,1.66
7255336,K00019.01,0,1.20320092,133.929836,0.07998749999999999,2807.1,49.25
7831264,K00171.01,1,5.968724048,137.158607,0.15212499999999998,510.6,3.26
7802136,K01449.01,0,10.980246199,137.1376073,0.15602666666666665,50078.0,21.94
7532973,K01450.01,1,2.144632238,133.984128,0.2612541666666667,19836.9,59.19
9632895,K01451.01,0,27.32204488,159.7472774,0.23631666666666665,77474.5,21.58
7449844,K01452.01,0,1.152216965,133.277861,0.09268749999999999,12072.0,187.73
8766222,K01260.01,0,5.2972293,177.95111,0.15829166666666666,1210.5,47.7
8678594,K01261.01,1,133.460999,216.04334,0.47915416666666666,5032.9,11.21
10925104,K00156.02,1,5.188563677,145.362252,0.09867916666666667,358.7,1.0
8678594,K01261.02,1,15.19423359,142.73422,0.12941666666666665,367.8,3.69
8703884,K01262.01,0,14.17098745,359.82956,0.14501666666666665,3070.8,4.19
8560840,K01263.01,0,31.9734169,133.86598,0.5525833333333333,1414.4,24.1
4076098,K01323.01,1,3.990105908,355.840837,0.10045,6154.9,7.45
4551328,K01324.01,0,0.52205862,133.138446,0.08686250000000001,1381.3,27.16
4282872,K01325.01,1,10.035381809,137.471481,0.141925,2829.7,4.42
4639868,K01326.01,0,53.100942624,135.9717179,0.09528333333333333,19981.1,24.02
10555375,K00158.01,0,5.80181368,137.57807,0.17162499999999997,269.6,4.52
4372768,K01327.01,0,15.6402515,359.07991,0.25925,800.3,18.11
7375795,K01378.02,0,0.691666384,135.94927,0.08167916666666666,35.6,0.58
7211221,K01379.01,1,5.62154315,136.89013,0.10059583333333333,172.3,1.37
7025526,K01380.01,0,1.074106954,133.84323,0.08248749999999999,64.5,0.52
9451127,K01381.01,0,5.117401517,134.586518,0.1794,62929.0,28.41
9446824,K01382.01,0,4.20233673,179.533899,0.15405416666666666,45982.0,23.53
11356260,K01441.01,1,8.50698069,134.64421,0.12241666666666667,295.5,1.9
11044770,K00170.01,0,15.60865244,144.29934,0.2608333333333333,311.4,6.17
11600889,K01442.01,1,0.669310092,134.131388,0.06780833333333333,131.8,1.13
11197126,K01443.01,0,4.494498254,134.77583,0.08225833333333332,248.2,62.11
11043167,K01444.01,1,44.9306706,140.2077,0.2724583333333333,438.4,2.49
8612847,K01264.01,1,14.13175309,142.26044,0.16723333333333334,1033.0,3.02
8552583,K01265.01,0,1.061934816,133.84801,0.13562916666666666,437.2,25.72
8547140,K01266.01,1,11.41926141,137.66894,0.16628333333333334,915.6,1.48
8519253,K01267.01,0,5.93821065,136.52839,0.10469999999999999,522.5,61.63
8757910,K01269.01,0,0.655001616,133.176794,0.07556666666666667,271.2,31.77
4072526,K01329.01,1,33.1996355,153.66086,0.20925,1112.5,2.85
4150539,K01330.01,0,8.65306587,134.30886,0.18691666666666665,1048.1,19.78
4455231,K01332.01,1,19.30581662,373.18998,0.1787583333333333,709.1,4.0
8953257,K01383.01,0,3.221785738,136.141517,0.1392125,46379.0,25.03
8971432,K01384.01,0,0.6243875,133.0436541,0.08004249999999999,36854.7,29.45
9278553,K01385.01,0,18.610092584,139.0850449,0.20762833333333333,50833.5,55.23
9527915,K00165.01,1,13.22175358,139.570627,0.11618333333333333,876.5,2.38
9143254,K01386.01,0,1.137525054,133.805565,0.11176166666666666,18006.1,42.74
8949247,K01387.01,0,23.799939273,152.5654761,0.20929958333333332,60186.4,51.74
11336883,K01445.01,1,7.16893064,135.67854,0.1948583333333333,112.8,1.61
12506351,K01446.01,0,1.22775877,133.78679,0.11477083333333334,46148.0,48.79
7622486,K01447.01,0,40.24649897,161.306577,0.2508458333333333,159414.0,97.54
7622486,K01447.02,0,2.27999662,133.640649,0.2407375,12831.0,20.74
9705459,K01448.01,0,2.48658617,134.110364,0.1132875,42122.0,24.39
8564587,K01270.01,1,5.729317577,138.559971,0.04923333333333333,865.4,2.41
10925104,K00156.03,1,11.776132317,142.705753,0.1207125,1430.8,2.08
8564587,K01270.02,1,11.60908533,133.99324,0.09417916666666666,489.3,1.71
8552498,K01272.01,0,0.530967162,133.849416,0.14024583333333332,244.9,23.72
8806072,K01273.01,1,40.05881661,169.91063,0.23312499999999997,1239.4,3.43
4455231,K01332.02,1,6.09747233,354.05919,0.14295833333333333,217.6,2.22
4455231,K01332.03,1,56.637918,135.51975,0.25716666666666665,589.7,3.68
4285107,K01333.01,0,2.243016513,133.45086,0.113375,299.6,1.37
4150624,K01334.01,0,8.6531216,134.30147,0.18291666666666664,654.8,22.58
8972058,K00159.01,1,8.99088621,136.73923,0.17686249999999998,469.7,2.78
9346253,K01388.01,0,34.064566412,150.452048,0.40047499999999997,28450.4,15.57
9002237,K01389.01,0,4.350087749,134.800238,0.11011666666666665,23593.0,24.77
9288786,K01390.01,0,1.744101106,134.50867,0.06457083333333333,9681.4,7.21
8958035,K01391.01,0,7.981187121,133.802114,0.07529583333333333,7609.5,18.75
9040849,K01392.01,0,4.118775582,357.261244,0.15666666666666665,2647.7,4.48
7842610,K01453.01,0,0.971933156,133.853925,0.08027083333333333,4786.0,50.75
7830637,K01454.01,0,121.5991278,137.27469,0.6316499999999999,10537.0,379.63
7832356,K01456.01,1,7.886632468,360.514132,0.21727916666666663,6331.2,8.99
9643874,K01457.01,1,8.027681123,360.171355,0.12892499999999998,8725.4,8.43
8800954,K01274.01,1,704.962626,492.77178,0.7501249999999999,2319.1,4.53
8583696,K01275.01,1,50.28635977,167.63351,0.2633833333333333,1119.3,3.88
8804283,K01276.01,1,22.79020351,138.68515,0.20997499999999997,617.9,2.57
8804283,K01276.02,1,13.26079792,139.0988,0.16299999999999998,199.4,1.47
8552565,K01277.01,0,1.061932545,133.850441,0.08928749999999999,133.6,2.29
4155328,K01335.01,1,127.8334997,293.41845,0.45475,1829.9,9.46
4077526,K01336.01,1,10.21864532,136.8622,0.15841666666666665,445.3,2.33
4077526,K01336.02,1,15.573637,132.44282,0.22191666666666665,468.1,2.94
4077526,K01336.03,1,40.1015561,132.71244,0.21858333333333335,550.0,2.92
4077526,K01336.04,1,4.45814897,134.39743,0.11945833333333333,188.1,1.61
8937021,K01394.01,0,5.663621501,133.89009,0.05403333333333333,1225.0,2.47
8935810,K01395.01,1,6.230335,181.29566,0.06872083333333333,1449.2,3.7
2441495,K00166.01,1,12.49340725,138.462232,0.094225,715.7,2.2
9455556,K01396.01,1,6.62643441,183.98789,0.13229999999999997,814.6,2.54
9455556,K01396.02,1,3.70122061,180.27172,0.105125,327.4,1.62
3732821,K01207.01,1,13.73474071,142.32752,0.115375,746.4,2.71
3962357,K01210.01,1,14.55387488,134.11669,0.29054166666666664,319.7,3.45
9110357,K00016.01,0,0.895277575,133.411986,0.11295833333333333,534.5,9.27
8394721,K00152.04,1,81.0637895,139.53492,0.12504166666666666,476.0,3.01
8609450,K01278.01,1,24.8056775,145.07526,0.25616666666666665,624.4,2.16
6541920,K00157.01,1,13.02493307,138.176157,0.19044166666666665,778.4,2.88
8609450,K01278.02,1,44.3471936,161.31738,0.26791666666666664,791.7,2.45
8609450,K01278.03,1,9.2207691,138.0072,0.20445833333333333,140.0,1.02
8609450,K01278.04,1,13.6396648,141.7301,0.22604166666666664,162.7,1.1
4243911,K01337.01,1,1.922799706,134.50174,0.07751666666666666,259.7,1.28
4466677,K01338.01,1,3.222975318,178.0701,0.1218625,232.7,1.47
4135665,K01339.01,1,4.16811839,134.89621,0.11701666666666666,263.0,2.28
9269281,K01398.01,1,5.82348911,354.99602,0.09350416666666667,888.7,3.0
9157908,K01400.01,0,9.41475056,142.32936,0.1973333333333333,483.4,19.33
9030447,K01401.01,0,0.56669006,133.81294,0.09030833333333334,104.6,1.52
9034103,K01402.01,1,7.13969705,137.18652,0.165875,512.9,2.24
9214942,K01403.01,1,18.75470238,141.7172,0.12637916666666665,995.3,1.67
3858704,K01211.01,0,3.00363219,135.64129,0.1555,101.2,1.43
3749134,K01212.01,1,11.30123036,134.91855,0.16758333333333333,277.1,1.85
3556220,K01213.01,0,0.796722833,133.07985,0.10229583333333332,107.1,1.44
3660924,K01214.01,1,4.24153629,133.45522,0.12379166666666666,188.1,1.44
3939150,K01215.01,1,17.32419108,142.09977,0.33520833333333333,241.3,3.14
8628758,K01279.01,1,14.37457572,138.20189,0.19955,335.8,1.94
8628758,K01279.02,1,9.65188331,132.15947,0.179,103.2,1.08
8509361,K01280.01,0,6.0990118,135.52357,0.15046666666666667,227.5,3.16
8742590,K01281.01,1,49.4781446,141.82465,0.103875,496.6,1.88
8822366,K01282.01,1,30.8639476,162.88077,0.36933333333333335,256.5,3.01
8972058,K00159.02,1,2.403640701,134.73065,0.05838333333333333,74.9,1.24
4386059,K01340.01,0,2.90060781,179.83386,0.10679166666666667,124.8,1.58
4650674,K01341.01,1,4.51436096,134.0293,0.12534583333333332,230.7,1.84
4275721,K01342.01,1,3.77359871,134.07013,0.113675,176.0,1.29
4275721,K01342.02,1,8.18182189,134.81423,0.10235833333333333,299.6,1.77
8874090,K01404.01,1,13.32389352,135.24585,0.13419999999999999,781.3,1.26
11666881,K00167.01,1,4.919584997,134.602396,0.17495,425.7,2.86
9264949,K01405.01,1,11.41911886,186.30498,0.2139583333333333,509.2,3.32
9271752,K01406.01,1,11.36113254,136.92584,0.17452499999999999,569.5,2.6
9007866,K01407.01,0,1.3866358,134.3472,0.19874999999999998,70.1,0.72
9150827,K01408.01,1,14.53410833,145.42643,0.13789166666666666,510.6,1.36
3939150,K01215.02,1,33.0063185,145.38821,0.2965833333333333,278.1,3.13
3839488,K01216.01,1,11.13127159,134.36341,0.17654999999999998,211.2,2.06
3542588,K01217.01,0,3.47143963,133.74061,0.15262499999999998,99.8,1.19
3442055,K01218.01,1,29.6193891,133.68205,0.20664583333333333,314.7,1.74
3440861,K01219.01,0,3.50376155,134.6825677,0.13166666666666665,nan,nan
12252424,K00153.01,1,8.925079516,139.71389,0.111525,977.5,2.36
8700771,K01283.01,1,8.0922105,138.04535,0.24039999999999997,65.3,1.44
10960993,K01284.01,0,3.117087797,134.684738,0.12789208333333332,12152.1,88.51
6541920,K00157.02,1,22.687155,148.455435,0.22883749999999997,960.0,3.2
10599397,K01285.01,0,0.937406378,134.726531,0.0813125,5079.6,7.09
10879208,K01286.01,0,0.668483615,178.281377,0.08712083333333333,2899.8,29.53
10843203,K01287.01,0,4.429633087,355.143546,0.12607083333333333,6120.1,32.12
4570931,K01343.01,0,1.544927524,133.54909,0.042225,138.5,1.39
4136466,K01344.01,1,4.48758768,133.36092,0.11975,112.0,1.37
7284688,K01345.01,0,0.323021692,133.603668,0.09767499999999998,47100.0,46.4
7199774,K01346.01,0,4.70818628,137.0593,0.13658333333333333,56545.0,42.99
7037540,K01347.01,0,14.405857436,360.3847471,0.22854541666666664,30430.6,23.42
6866228,K01348.01,0,7.702374154,137.563452,0.1602458333333333,18377.0,225.25
9391208,K01409.01,1,16.56062577,133.49703,0.10879166666666668,700.8,2.94
9391506,K01410.01,1,15.74958583,150.24579,0.19446666666666668,659.5,2.77
8950853,K01412.01,1,37.8145252,134.66424,0.37954166666666667,412.5,3.04
9006449,K01413.01,1,12.64504291,138.63149,0.379875,200.4,1.55
9006449,K01413.02,1,21.5262958,132.28787,0.3496666666666666,190.0,1.36
9006449,K01413.03,1,33.8845825,159.98819,0.27241666666666664,224.1,1.74
4043190,K01220.01,1,6.40087137,136.8824,0.10650416666666665,133.6,1.91
3640905,K01221.01,1,30.1599411,138.51774,0.3280833333333333,175.9,4.54
3640905,K01221.02,1,51.0771048,152.35694,0.4680416666666667,141.5,3.66
4060815,K01222.01,0,4.2856756,134.4812,0.169125,31.4,2.13
6613006,K01223.01,0,7.388833611,133.9344039,0.23452374999999998,13063.5,10.66
6606653,K01224.01,0,2.698021895,136.32786,0.9663333333333333,6721.2,52.51
10790387,K01288.01,1,117.93110803,219.704226,0.24498333333333333,8506.6,10.36
10748393,K01289.01,0,4.887806806,354.539481,0.100325,4676.0,5.71
10874226,K01290.01,0,11.973605044,144.779315,0.17965416666666667,3822.9,38.2
10661771,K01291.01,0,1.231364189,133.036618,0.24405833333333332,1097.1,5.39
10924853,K01292.01,0,2.102416517,134.394943,0.07368333333333332,1502.5,29.29
10874926,K01293.01,0,11.703109303,133.721698,0.08527916666666666,4201.0,37.3
6631721,K00160.01,0,13.73808249,134.43787,0.13974999999999999,660.7,3.84
6847018,K01349.01,0,16.66216657,142.186468,0.1615083333333333,27442.0,843.45
7220322,K01350.01,0,0.752159702,134.047229,0.09842083333333332,3425.0,43.73
6956233,K01352.01,0,4.81886153,358.16338,0.25929166666666664,1318.6,2.96
7303287,K01353.01,1,125.86540191,236.659731,0.37579583333333333,12389.5,12.37
7303287,K01353.02,1,34.5439452,132.68453,0.14508333333333334,429.8,2.67
11512246,K00168.01,1,10.74241765,133.2867,0.25263749999999996,415.2,3.06
8916492,K01414.01,0,4.02378908,136.23411,0.134875,32.1,2.24
11193447,K01415.01,0,0.312941621,133.810501,0.08602499999999999,35262.0,58.02
11517719,K01416.01,1,2.495780169,135.336948,0.17800416666666666,25070.0,15.75
11599264,K01417.01,0,8.428090255,358.303469,0.078375,11355.5,517.43
11100657,K01418.01,0,8.344104633,361.839209,0.07505833333333332,9695.0,836.31
6621116,K01226.01,0,137.75960504,173.16476,0.3821375,83298.0,49.52
6629332,K01227.01,0,2.155278342,133.576109,0.08776666666666666,20739.0,16.89
6387450,K01228.01,0,3.661326482,135.26995,0.10714166666666666,17846.0,12.07
12252424,K00153.02,1,4.75400072,128.547155,0.10580833333333334,748.7,2.0
6432059,K01229.01,0,0.76973817,133.2965754,0.10416666666666666,nan,nan
6470149,K01230.01,0,165.739861,214.039466,1.0391374999999998,7343.4,57.54
10549562,K01294.01,0,9.08937826,139.08364,0.260625,779.8,5.35
10874614,K00017.01,1,3.234699282,121.4865708,0.14974375,10558.7,13.06
6541920,K00157.03,1,31.99552485,154.160745,0.17840416666666664,1376.1,4.12
10666230,K01295.01,0,1.577800747,133.307724,0.09010833333333332,697.7,31.24
10971674,K01296.01,0,2.380862632,135.3252117,0.17517333333333332,32634.0,21.65
6891543,K01354.01,0,1.752567456,134.47196,0.2291375,607.3,26.56
7211141,K01355.01,1,51.92920654,151.93321,0.21932083333333333,3425.8,8.49
7376983,K01358.01,1,5.644914154,356.73699,0.0941625,1397.9,2.66
5084942,K00161.01,1,3.105507835,133.210427,0.07274166666666666,904.6,2.68
11125936,K01419.01,0,1.336109338,178.258786,0.07257916666666667,2204.3,35.19
11497958,K01422.01,1,5.841636615,135.92315,0.07805833333333333,1336.3,1.38
11497958,K01422.02,1,19.85029495,133.64933,0.1183625,1607.5,1.52
11512246,K00168.02,1,15.27443889,147.57983,0.2531875,206.7,2.17
6462874,K01231.01,0,22.34293693,155.08552,0.2950541666666666,2691.1,2.92
6665223,K01232.01,0,119.40817159,232.649303,0.38973749999999996,18563.3,16.26
6545358,K01233.01,0,1.171536413,178.597581,0.06615833333333333,1132.7,7.12
6390824,K01234.01,0,0.973547911,133.49742,0.09524166666666667,435.7,11.52
6546528,K01235.01,0,3.053563251,133.88354,0.13562916666666666,508.4,21.79
10676923,K01297.01,0,1.031096352,133.93938,0.115875,265.4,2.36
10604335,K01298.01,1,11.00817635,143.22611,0.08387499999999999,1462.5,2.15
10604335,K01298.02,1,92.7495777,173.27975,0.22941666666666666,1105.1,1.87
10864656,K01299.01,1,52.5008645,171.52114,0.6211083333333333,946.7,12.41
10975146,K01300.01,1,0.63133171,133.94488,0.0478625,434.5,1.2
10538176,K01301.01,1,12.69905011,184.9868,0.12457916666666666,797.4,2.62
7376983,K01358.02,1,8.74292005,358.59286,0.10948749999999999,779.5,1.92
7376983,K01358.03,1,3.64830183,355.39128,0.08327083333333332,371.7,1.33
7376983,K01358.04,1,2.345863002,354.11185,0.06997916666666666,316.7,1.23
6946199,K01359.01,1,37.1011418,370.4803,0.23148333333333332,1357.5,3.19
11497958,K01422.03,1,10.8644095,131.12833,0.07720833333333332,748.7,1.14
11177707,K01423.01,1,124.4197175,150.59616,0.1549875,4107.0,10.3
11611600,K01424.01,1,1.219568047,133.460233,0.06533749999999999,494.9,1.51
11254382,K01425.01,1,2.05388477,133.73432,0.09014583333333333,546.7,2.74
11122894,K01426.01,1,38.86848956,171.30369,0.2523875,1004.9,2.81
6677841,K01236.01,1,35.7353616,151.1133,0.3537916666666666,778.8,5.47
6677841,K01236.02,1,12.30971679,137.68401,0.2808333333333333,396.0,3.82
6677841,K01236.03,1,54.4205407,148.70471,0.35662499999999997,598.0,3.2
9970525,K00154.01,0,30.00908916,139.70643,0.13124999999999998,nan,nan
6531491,K01237.01,0,14.32407216,364.39537,0.19407083333333333,2053.9,38.86
6383821,K01238.01,1,27.07237655,139.1127,0.28996666666666665,514.2,2.18
10538176,K01301.02,1,37.5142128,189.30015,0.2209583333333333,935.0,2.68
10724369,K01302.01,1,55.6391882,187.55044,0.3048333333333333,853.0,3.13
6541920,K00157.04,1,46.6856205,225.04604,0.2658083333333333,588.8,2.52
10744335,K01304.01,1,4.59726613,136.47837,0.12120833333333332,313.0,1.69
4860678,K01602.01,1,9.97716876,137.2361,0.24616666666666667,252.9,2.53
5177104,K01603.01,1,3.02168007,133.47243,0.11776666666666666,171.9,1.31
7023960,K00187.01,0,30.882538697,151.5295103,0.22390416666666668,24012.0,15.4
10033279,K01604.01,0,72.4914068,139.77857,0.1505,1063.5,15.33
5009189,K01605.01,0,4.93913074,135.05172,0.05675,382.9,24.03
8230616,K01713.02,1,2.240486703,137.82477,0.05828333333333333,436.3,1.22
9836959,K01715.01,1,105.0145774,228.94455,0.3094166666666667,296.0,2.29
9838949,K01716.01,1,4.88084456,136.19585,0.10655833333333332,343.0,1.55
9895006,K01717.01,1,10.56137217,133.76396,0.1360208333333333,238.4,2.43
9896558,K01718.01,1,67.6690554,198.19427,0.3981666666666666,961.1,3.39
9589323,K01488.01,1,3.949627144,134.61096,0.06452083333333333,807.2,2.32
9823487,K01489.01,1,16.00460392,140.47981,0.16447916666666665,831.9,2.24
9602514,K01490.01,0,3.55650737,133.51831,0.35604166666666665,293.6,3.05
9726659,K01491.01,1,3.148661555,356.93612,0.09157499999999999,550.5,2.15
12108312,K01492.01,0,0.70544824,133.807063,0.12259583333333332,462.4,20.03
5371776,K01557.01,1,3.295701024,133.966333,0.07611666666666667,1745.7,2.81
5371776,K01557.02,1,9.65349016,134.85555,0.12095416666666665,1308.6,2.41
5371776,K01557.03,1,5.315954488,132.43002,0.04652083333333333,965.9,2.33
9573539,K00180.01,1,10.04556377,129.09371,0.13344583333333332,671.4,2.19
5371776,K01557.04,1,1.499144441,133.07022,0.05941249999999999,258.9,1.09
9886661,K01606.01,1,5.082748362,133.21176,0.07388333333333333,276.7,1.4
5477805,K01607.01,0,5.00673576,134.54239,0.080825,191.2,2.0
10055126,K01608.01,1,9.17617167,138.71393,0.17767499999999997,206.9,1.66
10055126,K01608.02,1,19.7383992,133.28544,0.20391666666666666,168.1,1.61
5009743,K01609.01,1,41.6980186,169.57548,0.23769583333333333,440.8,2.03
10015937,K01720.01,1,59.6585348,168.08764,0.22975,1043.8,3.59
10019065,K01721.01,1,52.6298542,155.61064,0.2549166666666667,675.8,3.68
7950644,K00192.01,1,10.290994129,137.0220594,0.17870375,9655.7,13.43
10080248,K01722.01,1,14.8783945,142.96841,0.312125,322.8,1.63
10213902,K01723.01,1,59.6222627,138.13805,0.287,993.4,3.63
9842906,K01493.01,0,4.9883873,358.23526,0.3774583333333333,507.6,3.28
11821363,K01494.01,1,8.19596647,136.68736,0.11766666666666666,792.8,2.04
7629518,K01495.01,1,15.59466045,137.5636,0.21032499999999998,867.7,2.74
10810838,K00174.01,1,56.35407916,144.83768,0.14353749999999998,1037.0,2.59
4828341,K01496.01,0,36.12895451,388.551318,0.09311666666666665,3758.6,53.72
10019763,K01558.01,0,32.50456309,365.358295,0.1027375,7589.6,10.68
9899280,K01559.01,0,1.332560589,133.38311,0.17677916666666665,566.6,1.4
4940438,K01561.01,0,9.08590495,182.08162,0.086325,2121.3,6.28
5308663,K01562.01,0,0.784512952,355.57263,0.10259583333333333,586.0,25.48
5474733,K01610.01,0,0.883778461,133.60599,0.06807916666666666,120.1,1.09
10963065,K01612.01,1,2.465024332,132.68122,0.05258333333333333,30.7,0.69
6268648,K01613.01,1,15.86624787,141.08734,0.17708333333333331,77.3,1.31
10125352,K00021.01,0,4.288515468,121.97268,0.0956625,3456.7,76.51
5357901,K00188.01,1,3.797018259,133.508776,0.0942,14431.2,10.07
4278221,K01615.01,1,1.340596782,132.24549,0.06868333333333333,107.5,1.16
10214162,K01724.01,1,17.42393582,148.82614,0.205375,770.9,3.29
10905746,K01725.01,1,9.8786461,138.41159,0.0788125,1472.7,1.6
8242434,K01726.01,1,44.96407458,144.56002,0.20754166666666665,811.6,2.0
6185331,K01727.01,1,49.7700907,159.98658,0.41937499999999994,3529.2,5.12
11820830,K01728.01,0,12.7319385,138.73144,0.1839875,11449.0,70.11
11774387,K01497.01,0,0.520222869,178.14846,0.0509,269.5,1.52
9636135,K01498.01,1,5.83376197,138.74892,0.16661666666666666,532.9,2.98
9636135,K01498.02,1,2.42150341,133.83517,0.12354166666666666,171.5,1.62
7841925,K01499.01,1,14.16400071,140.58934,0.17929583333333332,728.1,2.35
7841925,K01499.03,1,6.20920207,136.87938,0.109875,101.9,0.89
5219234,K01563.01,1,5.48711441,356.0773,0.12208333333333334,1328.6,3.24
5219234,K01563.02,1,8.29084167,359.63666,0.15054166666666666,1033.9,3.21
5219234,K01563.03,1,3.20539622,354.63069,0.08929166666666666,453.6,1.7
5219234,K01563.04,1,16.73869035,359.41655,0.09991666666666667,996.8,2.56
12504988,K00181.01,0,5.093938816,139.7178386,0.16380999999999998,25026.7,17.19
9015738,K01616.01,1,13.93291548,139.41058,0.10932916666666666,131.6,1.66
7215603,K01618.01,1,2.36436762,132.25007,0.14049999999999999,28.4,0.82
5561278,K01621.01,1,20.31047472,146.82534,0.22232083333333333,164.6,2.41
6387542,K01626.01,1,2.53475568,132.68024,0.19048333333333334,463.0,2.02
6869184,K01732.01,1,43.3167427,136.57435,0.208125,987.5,2.42
10799735,K00193.01,0,37.590298548,157.350357,0.18272916666666666,19938.9,14.39
6604328,K01736.01,1,31.0033072,143.29085,0.218875,645.2,2.72
9719634,K01500.01,0,3.351556891,134.28439,0.10002083333333334,341.9,1.64
7439316,K01501.01,1,2.617028373,134.03294,0.08524999999999999,499.4,1.57
12061238,K01502.01,0,1.876406096,133.12761,0.06379166666666666,433.8,1.57
8323753,K00175.01,0,6.71425632,134.31646,0.139125,283.5,5.76
12400538,K01503.01,1,150.2412582,138.29013,0.4520416666666667,2378.5,4.6
5184584,K01564.01,1,53.44944498,149.20185,0.22121249999999998,3437.0,5.82
5636648,K01565.01,0,0.466743525,133.971123,0.05814999999999999,796.1,20.43
5564247,K01566.01,0,1.727177258,355.37033,0.08670833333333333,347.4,1.42
5438099,K01567.01,1,7.24022418,355.01243,0.12147083333333332,864.9,2.14
5438099,K01567.02,1,4.64622383,354.58863,0.1047375,446.5,1.82
6543893,K01627.01,1,10.29674097,132.19453,0.11371666666666666,1011.8,5.75
6543893,K01627.02,1,5.93919041,353.75537,0.09520833333333334,424.5,3.7
6975129,K01628.01,1,19.74733983,147.10553,0.14351666666666665,480.7,2.62
11391018,K00189.01,1,30.360445359,148.091546,0.2505583333333333,21124.7,10.99
8685497,K01629.01,1,4.4096675,132.45003,0.08924166666666666,132.7,1.51
4365645,K01738.01,1,4.16787814,135.28334,0.09223333333333333,168.1,1.07
8197343,K01746.01,1,11.79161234,134.54064,0.1265,415.4,2.41
7032421,K01747.01,0,20.55848388,133.00401,0.060375,677.3,36.9
6786348,K01749.01,1,26.964501,145.34426,0.15799999999999997,601.7,2.2
6209677,K01750.01,1,7.76845639,138.06602,0.15370833333333334,217.8,1.35
9641018,K01504.01,0,2.178154348,134.203059,0.14530833333333332,428.6,22.22
9813499,K01505.01,1,5.03257009,137.32638,0.17554166666666665,439.1,2.53
12254792,K01506.01,1,40.4286676,139.50631,0.29591666666666666,916.1,2.92
12020218,K01507.01,1,21.3588236,135.07022,0.242625,640.1,2.52
7690844,K01508.01,1,22.0459163,136.47548,0.21749999999999997,804.8,3.05
9535080,K01509.01,0,49.6456235,153.0806,0.982,857.5,43.41
5438099,K01567.03,1,17.32670445,360.5083,0.177875,800.0,2.23
5438099,K01567.04,1,44.8411168,359.87359,0.24591666666666667,1051.6,2.75
5210475,K01568.01,0,1.008917105,354.85926,0.0607375,338.5,1.51
8009350,K01569.01,1,13.75207851,143.03241,0.12012916666666668,1215.6,2.81
8082001,K01570.01,1,6.33855946,354.85104,0.1442375,721.7,3.31
9277896,K01632.01,1,4.59489816,133.83995,0.13075416666666667,109.7,1.85
9401997,K01633.01,1,32.2964275,138.52615,0.19004166666666666,472.2,1.9
10686864,K01637.01,1,2.97041801,133.39136,0.09320416666666666,530.7,1.7
8043714,K01765.01,0,6.814984472,134.212391,0.12725375,23915.3,14.18
7918217,K01770.01,0,63.9354965,162.84657,0.5550416666666667,1250.6,2637.6
9631995,K00022.01,1,7.891448838,177.2499624,0.17855833333333332,10344.6,12.63
7901948,K01511.01,1,2.578852119,133.2237,0.09825416666666666,334.3,1.63
11955499,K01512.01,0,9.04189129,137.86611,0.11620833333333333,783.4,3.24
6442377,K00176.01,1,30.22910274,134.52081,0.27812916666666665,443.4,3.49
9784222,K01513.01,0,0.798200403,133.962079,0.0760875,396.8,24.03
5376836,K00182.01,0,3.479425638,136.797172,0.1436625,19550.0,12.86
5557821,K01571.01,0,2.92878704,356.28699,0.19308333333333333,549.4,22.76
10004519,K01572.01,1,9.80321143,363.98686,0.18590416666666668,813.4,2.99
5031857,K01573.01,1,24.81097206,156.506971,0.13435416666666666,2090.8,4.22
10879038,K01641.01,1,4.8538404,135.09902,0.13324999999999998,196.4,1.72
10990917,K01643.01,1,11.04605365,136.44056,0.19995833333333335,308.3,1.8
11043136,K01644.01,0,2.621706694,131.88227,0.080875,4572.0,34.68
11046025,K01646.01,1,3.72020708,133.41684,0.07883333333333332,156.9,0.99
5771719,K00190.01,0,12.264867364,139.304999,0.19735833333333333,11310.9,28.29
9729691,K01751.01,1,8.689301216,133.661284,0.10679166666666667,1117.0,2.92
9729691,K01751.02,1,20.99757968,132.05689,0.10225000000000001,1131.8,2.97
4950232,K01753.01,0,0.979442525,132.42297,0.043116666666666664,469.3,1.64
10904857,K00194.01,1,3.120828136,139.466594,0.09115833333333334,16456.0,14.16
8651389,K01754.01,1,15.13590453,146.58371,0.09316666666666668,255.7,2.57
9520668,K01514.01,0,1.399326503,133.61426,0.07627083333333333,206.4,1.0
7871954,K01515.01,1,1.937029968,134.72107,0.06136249999999999,312.3,0.87
7871954,K01515.02,1,7.06117322,136.27344,0.04335833333333333,481.7,1.23
12418724,K01516.01,1,20.55331441,139.5613,0.22139999999999999,678.3,3.19
7456001,K01517.01,1,40.0686713,151.80901,0.2453125,970.9,3.1
10028792,K01574.01,1,114.73658,165.150671,0.5014791666666667,4850.0,12.28
10028792,K01574.02,1,191.239133,286.22034,0.7059166666666666,1061.2,6.47
5553652,K01575.01,0,24.3282251,141.05149,0.25658333333333333,1120.6,294.02
5299459,K01576.01,1,10.41572666,143.04774,0.11549583333333333,825.3,3.01
11153121,K01647.01,1,14.97031664,134.50507,0.24516666666666667,290.5,2.53
11153121,K01647.02,1,32.2753853,149.046,0.35924999999999996,223.9,2.31
11177543,K01648.01,1,38.3262237,142.08401,0.12804166666666666,392.1,2.43
11337141,K01649.01,1,4.04355245,131.62995,0.081875,416.2,1.75
3967760,K01760.01,1,5.52418625,135.62306,0.11775,491.0,2.25
3967760,K01760.02,1,8.77514782,133.70319,0.13233333333333333,351.9,1.91
4067336,K01761.01,0,10.12742274,135.26504,0.053175,933.5,3.8
5387843,K01762.01,0,0.870693883,132.083949,0.05057083333333333,438.5,2.09
7549209,K01518.01,1,27.5071114,151.84775,0.24612499999999998,580.7,2.58
7663405,K01519.01,1,5.1443645,133.83044,0.11262499999999999,310.7,1.55
9765975,K01520.01,1,18.45848388,138.1635,0.14042916666666666,535.3,2.5
9818462,K01521.01,1,25.9421582,156.18894,0.16854166666666665,569.7,1.95
6803202,K00177.01,1,21.06075303,143.59983,0.21863333333333335,301.2,1.78
5299459,K01576.02,1,13.08424286,132.63129,0.12667083333333332,662.0,2.71
9651668,K00183.01,1,2.684328541,133.3548095,0.1122425,18136.5,12.73
12506770,K01577.01,1,2.806243488,133.7314,0.06779583333333333,599.6,1.41
5629985,K01578.01,0,2.27190723,134.79852,0.22429166666666667,149.0,1.12
9898364,K01579.01,0,7.132351753,134.473083,0.12364166666666666,744.1,49.34
11337372,K01650.01,1,6.53194024,136.03223,0.1389625,771.9,3.09
11337833,K01651.01,1,51.3011844,153.52571,0.22329166666666667,498.9,2.07
11546211,K01654.01,0,1.097211085,131.517201,0.06974166666666666,38946.0,16.07
11547505,K01655.01,1,0.938466959,135.600698,0.05422916666666667,217.4,1.58
11502867,K00195.01,1,3.217518511,133.6320632,0.08811708333333332,14319.4,11.38
9909735,K01779.01,1,4.66271902,134.08296,0.114875,1630.6,3.86
9909735,K01779.02,1,11.8150174,133.08929,0.11808333333333333,1003.0,3.48
11551692,K01781.01,1,7.834433676,135.222143,0.12041666666666667,2018.1,3.47
11551692,K01781.02,1,3.005156911,137.103362,0.08644583333333333,691.6,2.2
12266636,K01522.01,1,33.3856176,148.92764,0.2098375,553.2,2.48
9850893,K01523.01,0,8.48039789,135.85018,0.26037499999999997,259.7,1.71
4826110,K01524.01,0,1.333395306,134.18228,0.049499999999999995,114.5,0.86
7869917,K01525.01,1,7.71467686,133.55635,0.19112916666666668,233.9,4.65
9824805,K01526.01,1,4.4444826,133.46308,0.15358333333333332,163.0,1.71
5193400,K01580.01,0,21.3781146,147.2124,0.806625,556.1,3.18
7939330,K01581.01,1,29.5422566,137.57837,0.5792499999999999,879.9,3.15
7939330,K01581.02,1,144.551628,265.9401,0.6916249999999999,1035.2,3.06
12602568,K01583.01,1,8.04727721,137.2073,0.2149583333333333,486.0,2.33
9941066,K01584.01,1,5.87063416,137.24813,0.10723333333333332,505.6,1.44
5972334,K00191.01,1,15.358767771,132.385085,0.17176249999999998,14638.1,10.89
4650733,K01659.01,1,29.5390897,143.91607,0.17245833333333332,403.3,2.51
4832197,K01661.01,0,0.94773253,137.12993,0.07352083333333333,11306.0,45.58
4844004,K01662.01,0,0.784031658,133.38391,0.0323875,352.2,1.55
7831264,K00171.02,1,13.07141889,144.44217,0.12894166666666665,251.1,2.47
9761199,K01459.01,0,0.692015479,133.114177,0.04714583333333333,4518.1,19.31
7751571,K01460.01,0,17.0421346,363.97428,0.31279166666666663,3616.7,5.14
9579499,K01461.01,0,7.94671044,140.708207,0.11841249999999999,6084.4,27.43
11913013,K01462.01,0,3.74781242,355.31325,0.21837499999999999,5367.0,38.04
7691260,K01528.01,1,3.989544192,134.0989,0.06629166666666667,190.0,0.93
9821454,K01529.01,1,17.9776037,147.7515,0.19187500000000002,213.9,1.58
9821454,K01529.02,1,11.8693144,137.721,0.19387499999999996,101.9,1.09
11954842,K01530.01,1,12.98494603,139.78207,0.1437375,257.2,1.64
7972785,K00184.01,0,7.300735516,133.5664741,0.24113541666666666,13051.7,13.32
5470739,K01585.01,1,19.17893976,139.74552,0.21433333333333332,752.8,2.4
10022908,K01586.01,1,6.99130452,135.46291,0.08986666666666666,555.4,1.95
5617854,K01588.01,1,3.517494725,135.546724,0.0651625,532.8,1.42
4932442,K01665.01,1,6.93365167,137.07375,0.19199999999999998,119.6,1.7
5183357,K01669.01,1,61.0373591,175.17671,0.3490833333333333,437.5,3.38
5269467,K01672.01,1,33.8677783,137.51532,0.155,894.8,2.31
7672940,K01463.01,0,1064.2680956,144.086072,0.4813375,22771.7,33.63
7838655,K01464.01,0,2.113202658,356.32832,0.14680833333333332,2104.8,207.71
7770450,K01467.01,0,1.157808038,354.74488,0.1529375,866.7,22.9
11455491,K00178.01,0,6.14281498,135.16169,0.19266666666666665,122.0,1.82
11764462,K01531.01,1,5.69919592,136.58738,0.09960833333333333,159.4,1.16
11656246,K01532.01,1,18.11473813,147.4904,0.21960833333333332,241.5,2.49
7808587,K01533.01,1,6.24145791,134.88892,0.12915833333333332,163.7,1.6
4741126,K01534.01,1,20.4222447,146.9837,0.25916666666666666,189.3,1.78
5301750,K01589.01,1,8.72585478,138.76838,0.18637499999999999,446.7,2.86
5301750,K01589.02,1,12.88291395,135.18736,0.2365,460.5,3.15
5301750,K01589.03,1,27.4345973,145.12322,0.20991666666666667,472.6,2.56
5301750,K01589.04,1,4.22453631,135.42908,0.13033333333333333,159.1,1.6
5301750,K01589.05,1,44.5520266,160.29386,0.25,362.1,2.29
5526717,K01677.01,1,52.069002,178.15525,0.12537083333333332,558.3,2.92
5972334,K00191.02,1,2.418406841,132.505587,0.08643333333333332,665.4,2.25
5530882,K01680.01,0,5.0825188,132.95792,0.13866666666666666,105.0,0.88
6034945,K01683.01,1,9.11500269,133.97523,0.18991666666666665,268.3,1.78
9851226,K01468.01,0,8.48031942,135.85217,0.30404166666666665,1426.7,4.54
8692861,K00172.01,1,13.7223682,137.84083,0.2134625,571.1,2.23
7543649,K01469.01,0,3.582076914,355.515064,0.1842833333333333,1534.4,5.33
9480310,K01470.01,1,15.43400996,363.29494,0.17738333333333334,1785.9,4.3
11858748,K01471.01,0,1.780984316,177.8249,0.09054166666666666,590.9,2.33
4741126,K01534.02,1,7.63846084,138.24557,0.164875,71.7,1.12
11669125,K01535.01,1,70.6981724,188.56795,0.2763333333333333,357.7,1.63
12159249,K01536.01,1,3.74443645,133.55997,0.12162916666666665,73.3,1.1
9963461,K01538.01,0,10.581581895,183.008458,0.27788708333333334,112642.0,53.19
8081482,K01539.01,0,2.819453322,133.870141,0.18386249999999998,71867.0,29.8
5542466,K01590.02,1,2.35574505,177.88824,0.07483333333333334,266.9,1.34
10028140,K01591.01,1,19.65639342,140.29937,0.13441666666666666,843.2,2.83
6048024,K01684.01,0,62.81584402,151.47691,0.1120875,1688.4,57.62
6049190,K01685.01,1,70.468171,189.15822,0.2772083333333333,922.4,3.46
6149553,K01686.01,0,56.86716792,157.2619128,0.17625000000000002,nan,nan
6198999,K01687.01,1,3.93246069,132.55435,0.09067916666666666,455.5,1.65
6310636,K01688.01,1,0.921030497,132.03171,0.10865416666666666,101.5,1.62
6616218,K01692.01,1,5.960400011,137.265171,0.1192375,828.3,2.85
7761545,K01472.01,1,85.3514875,161.007608,0.28126666666666666,4674.7,6.31
12365184,K01474.01,1,69.72646639,196.093243,0.15490416666666665,4491.2,11.65
4770365,K01475.01,1,1.609321941,178.94178,0.06694583333333333,728.5,1.57
4770365,K01475.02,1,9.51220046,185.47893,0.12290416666666666,1169.4,1.99
4770365,K01475.03,1,4.72941177,132.93871,0.09308333333333332,434.3,1.22
10748390,K00003.01,1,4.887803076,124.8130808,0.09843958333333333,4315.8,4.82
11804465,K00020.01,1,4.437962934,171.0091259,0.19575541666666665,16387.6,18.05
9663113,K00179.01,1,20.74028645,142.80003,0.4330791666666667,1023.3,4.24
5649956,K01540.01,0,1.207852845,178.2142,0.149175,49720.0,38.59
4840513,K01541.01,0,2.379282197,133.651365,0.13220416666666665,48434.0,25.74
5217586,K01592.01,0,26.0692512,143.12549,0.31195833333333334,831.5,23.61
5289854,K01593.01,1,9.69501146,182.45413,0.11458333333333333,515.2,2.08
5289854,K01593.02,1,15.3825394,139.07648,0.1589583333333333,550.5,2.14
9895709,K01594.01,0,1.818939148,133.12299,0.06849999999999999,331.2,1.82
10006581,K01595.01,1,40.1097817,142.08227,0.21706666666666666,732.0,3.11
6616218,K01692.02,1,2.46106962,133.32138,0.091,84.2,0.84
6696462,K01693.01,0,3.403743926,137.232574,0.06257083333333333,815.9,10.77
7220429,K01700.01,1,8.03753796,139.3582,0.12132499999999999,286.5,1.54
7222086,K01701.01,0,2.43902575,133.58474,0.04832499999999999,82.5,2.61
12406749,K01476.01,1,56.3587987,222.31819,0.28862499999999996,2559.6,5.04
8692861,K00172.02,1,242.467406,150.85827,0.5336666666666666,340.3,1.73
12403119,K01478.01,1,76.13622222,199.476237,0.3308041666666667,2949.5,4.78
9842890,K01479.01,0,4.9883872,358.2335,0.3809166666666666,638.2,2.59
8113154,K01542.01,0,2.586878667,133.817008,0.256725,25480.0,19.84
5270698,K01543.01,0,3.964333304,136.029542,0.19639999999999996,25886.2,37.09
5024450,K01544.01,0,1.525924389,355.479571,0.13166583333333332,24627.2,49.86
5282049,K01545.01,0,5.910371418,360.2852478,0.16206749999999998,17219.2,12.62
10027323,K01596.01,1,5.92365747,134.68361,0.10959166666666666,406.5,0.99
10027323,K01596.02,1,105.3582299,138.68069,0.15875,1210.2,1.87
12019440,K00186.01,1,3.24325988,133.6690203,0.1263825,16450.9,12.91
10004738,K01598.01,1,56.4758069,143.81128,0.248375,1091.8,3.22
10004738,K01598.02,1,92.8747294,145.93535,0.3114166666666667,658.8,2.64
7304449,K01702.01,1,1.538180949,131.822823,0.052645833333333336,841.0,1.0
7386827,K01704.01,1,10.4188915,137.74971,0.1252875,670.0,3.17
7522911,K01705.01,1,20.4998763,131.82068,0.270875,437.8,2.8
7626370,K01706.01,1,1.921437488,131.806204,0.07935833333333334,278.7,1.77
7703955,K01707.01,1,96.109323,187.699,0.4115416666666667,982.3,4.01
7512982,K01480.01,1,20.38174802,142.31499,0.1580083333333333,1597.1,3.16
9597806,K01481.01,1,5.101375725,357.48217,0.108125,894.6,2.84
7812167,K01482.01,0,17.7940049,365.34666,0.17045833333333332,879.4,312.48
11760959,K01484.01,0,3.47021401,356.09943,0.095375,1105.2,2.4
9940565,K01548.01,0,2.139325409,135.062261,0.1169,6897.8,11.61
9663113,K00179.02,1,572.376632,306.51006,1.0175,1743.4,5.8
8111381,K01550.01,0,2.233799622,134.720709,0.12666666666666665,2658.5,28.63
5444549,K01551.01,0,31.13862664,415.9492,0.21867499999999998,11427.0,12.88
10004738,K01598.03,1,13.93068791,134.42851,0.09633333333333333,186.5,1.4
5474613,K01599.01,1,20.4074846,140.1821,0.3682916666666667,363.4,2.9
4860932,K01600.01,0,12.36564669,140.92029,0.15183333333333332,388.4,24.89
5438757,K01601.01,1,10.35078415,133.71163,0.26054166666666667,273.1,1.97
5438757,K01601.02,1,62.9224936,151.6882,0.485,417.8,2.75
5972334,K00191.04,1,38.6520796,164.04455,0.233625,566.5,2.07
7815744,K01710.01,1,14.20442616,142.7332,0.16241666666666665,800.6,1.9
7955580,K01711.01,1,55.673582,136.54906,0.15741666666666665,765.1,2.19
8230616,K01713.01,1,6.82778157,131.78839,0.09885833333333333,545.8,1.34
9692345,K01485.01,0,0.687895191,133.66492,0.10097083333333332,462.5,1.35
7898352,K01486.01,1,127.2824442,163.89,0.2981041666666666,8088.6,12.04
11402995,K00173.01,1,10.06083238,138.96723,0.19049166666666664,460.2,2.58
7898352,K01486.02,1,30.1837021,146.64675,0.2449583333333333,974.9,3.65
12062667,K01487.01,0,2.92928244,133.72275,0.2830833333333333,268.6,38.42
7951018,K01553.01,1,52.75878505,156.306351,0.27715416666666665,5805.8,8.76
9899355,K01554.01,0,1.332564478,354.58908,0.25135416666666666,1071.5,27.04
12644774,K01555.01,0,41.0772969,379.12848,0.23020833333333335,1216.8,3.25
9902856,K01556.01,0,135.9121619,277.33,0.2345,10188.0,40.18
7747425,K01952.04,1,42.4729078,146.28712,0.3022083333333333,334.0,2.03
9892816,K01955.01,1,15.17026921,132.6655,0.1804625,224.8,2.47
9892816,K01955.02,1,39.4576228,136.47398,0.39820833333333333,244.8,2.8
9836149,K01958.01,1,17.8159689,134.4832,0.15318749999999998,776.8,3.12
4813563,K01959.01,1,36.5157639,151.28989,0.15240416666666667,861.3,2.55
2985767,K02032.01,1,14.07969236,139.96053,0.057291666666666664,169.5,2.08
2304320,K02033.01,1,16.54081386,133.95274,0.10831666666666667,370.0,1.57
3657758,K02034.01,1,3.609313059,133.79024,0.07396666666666665,1375.1,3.26
9790806,K02035.01,1,1.93155546,131.76708,0.06725,504.9,2.25
6382217,K02036.01,1,8.41100305,133.79856,0.10230416666666665,755.6,1.8
5375194,K01825.01,1,13.52252364,142.17932,0.166125,690.6,2.11
6468138,K01826.01,1,134.2520474,182.70534,0.37764999999999993,832.1,3.43
10019708,K00199.01,1,3.268695042,137.4817205,0.14382833333333334,10091.4,16.91
11875734,K01828.01,1,99.7468804,208.39688,0.2835,1287.0,3.94
7697568,K01829.01,0,22.84156293,138.632,0.10832083333333332,2940.7,30.0
7046804,K00205.01,1,11.720123999,142.173999,0.12516249999999998,9763.3,7.94
7449136,K01890.01,1,4.33643506,133.85442,0.1726875,108.5,1.75
8680979,K01891.01,1,15.95541913,143.30236,0.16604583333333334,762.6,2.18
8680979,K01891.02,1,8.25980352,137.47021,0.122,298.4,1.35
9030537,K01892.01,1,62.5613879,178.40847,0.24612499999999998,1372.6,3.54
6949061,K01960.01,1,8.96847034,139.39473,0.1836375,234.3,2.17
7269493,K01961.01,1,1.907810683,131.63784,0.07794583333333333,120.5,0.91
9164836,K00213.01,0,48.118812545,170.8396102,0.2199825,69850.7,45.18
11657891,K01965.01,1,2.514628496,132.90904,0.06766249999999999,228.4,1.27
6305192,K00219.01,1,8.025118521,132.469133,0.22372499999999998,3120.4,7.79
6382217,K02036.02,1,5.79529495,136.77974,0.09466666666666665,334.3,1.05
9634821,K02037.01,1,73.7578875,183.72348,0.11208333333333333,1836.9,4.28
8950568,K02038.01,1,8.30537702,139.7437,0.15629166666666666,365.6,1.69
3326377,K01830.01,1,13.22714056,142.20251,0.13692083333333332,812.0,2.22
11601584,K01831.01,1,51.8098276,182.97335,0.26429166666666665,1025.4,2.6
11601584,K01831.02,1,4.38536428,139.22548,0.10469166666666666,198.5,1.15
11601584,K01831.03,1,34.205785079,148.8050925,0.21537916666666668,183.2,1.1
11601584,K01831.04,1,13.97945055,142.33829,0.05135416666666666,356.1,1.97
8689793,K01893.01,1,3.554856338,131.80398,0.08751666666666666,232.9,1.29
11673802,K01894.01,1,5.28790754,135.36119,0.35530833333333334,343.9,7.1
4263293,K01895.01,1,8.45746636,133.87132,0.09544166666666666,1320.3,1.87
4263293,K01895.02,1,17.28116957,136.00718,0.11787500000000001,1562.8,2.04
4263293,K01895.03,1,32.1340014,142.27582,0.11212499999999999,1262.0,1.84
5695524,K01897.01,1,59.7711433,148.96886,0.20179166666666665,574.5,3.17
6205897,K01967.01,1,4.417692516,133.96139,0.09679166666666666,279.2,1.57
7948784,K01968.01,1,10.08744556,135.13582,0.12451666666666666,568.1,3.15
9244756,K01969.01,1,16.34355902,145.04116,0.22808333333333333,829.4,3.26
9650808,K01970.01,1,21.96401646,133.03586,0.11462083333333334,693.4,2.57
9650808,K01970.02,1,125.602323,215.4336,0.29604166666666665,925.7,2.89
8950568,K02038.02,1,12.51353325,139.42461,0.17920833333333333,430.8,1.88
8950568,K02038.03,1,17.9134215,135.52921,0.18183333333333332,197.8,1.39
8950568,K02038.04,1,25.2149143,152.6912,0.24,174.1,1.19
8804845,K02039.01,1,5.42586901,135.86589,0.10559166666666665,259.0,1.48
10480915,K02040.01,1,19.58561177,132.36472,0.073125,532.9,3.09
11709244,K01832.01,1,4.544436472,134.90159,0.0755875,879.3,3.0
11709244,K01832.02,1,12.76220558,143.73026,0.0862,653.8,3.18
11709244,K01832.03,1,38.7149617,134.0313,0.14337499999999997,694.8,2.62
10019708,K00199.02,0,8.78458274,135.37812,0.26912499999999995,210.8,2.6
11853878,K01833.01,1,3.69298623,132.73624,0.07393333333333332,763.3,1.74
5728139,K00206.01,1,5.334082429,131.981761,0.259275,4676.5,13.08
7668663,K01898.01,1,6.4980147,136.00108,0.1016,190.9,1.87
7047922,K01899.01,1,19.76169247,135.17794,0.16290416666666666,392.5,2.81
9353314,K01900.01,1,5.18498961,131.8814,0.08915416666666666,430.1,1.15
3629967,K01901.01,1,85.6542476,155.12346,0.2860833333333333,476.0,3.56
9347009,K01971.01,1,19.32945602,133.26717,0.15808333333333333,935.5,2.26
4917596,K01973.01,1,3.290114076,133.15709,0.06312916666666665,645.3,1.49
4743513,K00024.01,0,2.086075752,170.965627,0.09436249999999999,3657.8,10.3
11046458,K00214.01,1,3.311864148,131.7427761,0.0585375,5976.5,9.06
7132798,K00220.01,1,2.422084188,132.940079,0.10672083333333333,1871.8,3.55
3448130,K02043.01,1,78.5461106,144.06871,0.36204166666666665,658.7,3.55
9656252,K02044.01,1,16.92342126,145.81407,0.17443333333333333,1125.3,3.4
6026438,K02045.01,1,5.47665801,135.70431,0.10617499999999999,648.0,2.01
9471268,K01835.01,1,4.580346161,134.0754,0.087375,308.3,1.38
9471268,K01835.02,1,2.248288213,133.425805,0.08483749999999998,263.2,1.25
9471268,K01835.03,1,6.76690759,136.61633,0.07109166666666666,249.3,1.31
10657406,K01837.01,1,34.1732156,137.78862,0.1986625,635.0,2.37
5526527,K01838.01,1,16.7364755,143.13606,0.08962499999999998,1147.0,2.73
5809954,K01902.01,0,137.8645881,172.8113,0.08008333333333333,2363.0,15.9
8766650,K01904.01,1,12.43929428,136.37952,0.13233333333333333,254.3,1.3
10328393,K01905.01,1,7.62635494,136.01585,0.10069999999999998,296.1,1.21
7094486,K01907.01,1,11.35010642,134.04612,0.09496666666666666,1221.0,1.75
7289577,K01974.01,1,109.4450597,197.9832,0.15799999999999997,1269.6,3.04
8543100,K01975.01,1,7.56052209,134.47889,0.1607208333333333,659.8,2.4
2693736,K01976.01,1,12.12401737,134.955,0.13787916666666666,788.4,2.37
9412760,K01977.01,1,9.38740646,137.38383,0.06735416666666666,384.6,1.69
9412760,K01977.02,1,7.41556471,137.81512,0.08220833333333333,150.4,0.79
6026438,K02045.02,1,24.2101973,141.4698,0.16858333333333334,458.0,1.5
10663396,K02046.01,1,23.8990075,151.39847,0.6647916666666667,293.4,3.26
11457726,K02047.01,1,6.22161107,131.99094,0.14215416666666666,165.0,1.59
8956206,K02048.01,1,6.17998508,132.72278,0.08789166666666666,750.5,2.12
9649706,K02049.01,1,1.569066598,133.04032,0.11584583333333333,147.2,1.68
5856571,K01839.01,1,9.59068586,132.68264,0.1438333333333333,544.6,3.93
7765528,K01840.01,1,7.03932913,133.85433,0.14641666666666664,836.7,4.67
11760231,K01841.01,1,49.6075771,138.41517,0.12322916666666667,626.7,2.12
7779077,K01842.01,1,16.84183355,137.99443,0.10914166666666666,822.1,3.08
6046540,K00200.01,1,7.340714946,134.3457036,0.12494583333333333,8510.5,14.31
5706966,K01908.01,1,12.55111099,137.26226,0.1303875,494.1,1.34
3762468,K00208.01,1,3.003879547,134.709874,0.13686666666666666,8538.0,10.96
5706966,K01908.02,1,24.0884178,134.42178,0.16466666666666666,387.2,1.16
10130039,K01909.01,1,12.75800092,133.95888,0.17428333333333335,187.9,1.49
10130039,K01909.02,1,5.47033376,131.49548,0.13100416666666664,112.0,1.15
9518318,K01978.01,1,6.51112385,131.70646,0.07049583333333333,695.1,3.09
9518318,K01978.02,1,23.85163321,147.61456,0.10188749999999999,833.7,3.37
7273277,K01979.01,1,2.714078374,133.71179,0.05464583333333334,143.5,1.38
11769890,K01980.01,1,122.8799543,165.46356,0.3264583333333333,717.7,2.7
6862721,K01982.01,1,4.88753111,132.70783,0.08474999999999999,679.6,2.45
12301181,K02059.01,1,6.14728341,134.87289,0.1151875,119.7,0.79
9279354,K02060.01,1,2.800111267,132.04865,0.04265416666666667,706.7,2.13
6774880,K02062.01,1,34.3511339,134.19046,0.18503333333333333,599.4,2.75
3937519,K00221.01,1,3.413036353,132.443054,0.10890249999999999,3868.7,6.62
7449541,K02063.01,1,3.00725068,131.90484,0.18459166666666665,285.8,1.56
5080636,K01843.01,1,4.194496867,134.13511,0.07419583333333332,660.7,1.57
3338885,K01845.01,1,1.970340203,131.948389,0.0745875,403.2,3.97
3338885,K01845.02,1,5.05821338,135.702454,0.04716666666666666,748.3,10.69
6776401,K01847.01,1,26.85323647,143.31303,0.18565416666666668,965.8,2.65
10130039,K01909.03,1,25.0985083,145.56829,0.11552916666666666,167.6,1.59
8226050,K01910.01,1,34.2685741,147.05143,0.2010458333333333,699.3,2.44
9965957,K01911.01,1,5.75321539,136.75617,0.07478333333333333,733.8,3.14
9704384,K01913.01,1,5.50860699,132.2983,0.12828333333333333,203.9,1.49
8426567,K01914.01,1,18.93055119,143.25058,0.14049999999999999,684.0,4.41
12508335,K00215.01,0,42.94386258,155.206515,0.15662916666666665,9207.9,41.62
10094670,K01984.01,1,22.06402,148.9199,0.1708333333333333,388.7,2.67
8142942,K01985.01,1,5.756245244,133.903421,0.044625,623.6,2.24
8257205,K01986.01,1,148.4601819,151.38686,0.22912499999999997,1532.1,3.61
9044228,K01988.01,1,0.934885365,131.580676,0.05867916666666667,270.4,3.21
7265298,K02051.01,1,25.7626846,147.6963,0.28783333333333333,619.5,2.66
7265298,K02051.02,1,11.0317836,362.3431,0.19804166666666667,182.3,1.45
7132798,K00220.02,1,4.12511935,133.64014,0.11987499999999998,114.7,0.88
2307415,K02053.01,1,13.12162167,133.39526,0.150575,196.9,1.99
7430034,K01848.01,1,49.6220669,137.10149,0.30091666666666667,505.5,3.33
9735426,K01849.01,1,8.08801663,138.73516,0.07639166666666666,952.9,2.94
8826168,K01850.01,1,11.55103848,134.90803,0.14000416666666665,402.8,2.17
10464050,K01851.01,1,4.469754641,131.84402,0.07554166666666666,553.9,2.26
9763348,K01852.01,1,15.77382794,137.53051,0.20654166666666665,313.6,2.72
9101496,K01915.01,1,6.56226483,132.61123,0.16726666666666667,260.8,3.07
6037581,K01916.01,1,20.67876365,151.69245,0.1933125,323.9,2.42
10723750,K00209.01,1,50.79034648,135.632759,0.451975,5671.1,10.6
6037581,K01916.02,1,9.59993246,136.58227,0.180025,271.2,2.08
6037581,K01916.03,1,2.0248205,132.35465,0.10624999999999998,63.3,1.01
10779233,K01989.01,1,201.118319,187.56986,0.4303333333333333,584.8,2.28
11614617,K01990.01,1,24.7577652,142.06826,0.2915833333333333,458.7,2.44
11450414,K01992.01,1,12.7983174,133.64979,0.2667083333333333,336.6,2.88
4736569,K01996.01,1,10.13200555,132.91155,0.13201249999999998,911.6,1.67
10384798,K01997.01,1,38.505224,158.30491,0.24754166666666666,695.2,2.45
2307415,K02053.02,1,4.6126736,132.7757,0.12767916666666665,133.2,1.6
3128552,K02055.01,1,8.67890312,133.03651,0.14715416666666664,540.6,2.56
10134152,K02056.01,1,39.3135699,154.93767,0.20890416666666667,500.1,2.07
9573685,K02057.01,1,5.94565516,133.99359,0.09001666666666666,401.2,1.12
10329835,K02058.01,1,1.52373073,131.61813,0.061649999999999996,364.7,1.26
6849046,K00201.01,1,4.225384543,137.5606891,0.11751583333333333,7563.0,9.0
8804397,K01853.01,1,60.0853848,153.25707,0.2919583333333333,432.2,2.4
9662811,K01854.01,1,43.0343364,137.69007,0.27379166666666666,541.6,2.5
11297236,K01857.01,1,88.6440015,145.47193,0.3258333333333333,625.5,2.51
10074466,K01917.01,1,35.01190875,150.37126,0.1195,436.7,2.97
8218379,K01920.01,1,16.57099265,133.90704,0.12104999999999999,644.9,2.03
7755636,K01921.01,1,16.00496657,135.25305,0.27102916666666665,377.5,3.71
9411166,K01922.01,1,1.954525966,132.29679,0.08726666666666666,392.8,2.38
4989057,K01923.01,1,7.23400381,137.67742,0.09020833333333333,453.3,1.78
9834040,K01998.01,1,6.77408984,135.95524,0.10922916666666667,520.3,2.5
6152974,K00216.01,1,20.172024672,141.209182,0.13119999999999998,5368.1,6.24
8802693,K02000.01,1,26.41044199,149.39541,0.12797916666666664,991.1,2.45
6061773,K02001.01,1,8.27745764,138.25667,0.11304166666666667,197.2,2.46
10024701,K02002.01,1,14.37504582,139.05924,0.13366666666666666,251.1,2.05
3239671,K02066.01,1,147.97391,263.08561,0.2855833333333333,1267.1,3.33
9304101,K02067.01,1,13.24503482,142.00573,0.1836583333333333,156.1,1.77
11360571,K02069.01,1,77.2550726,159.32399,0.4255833333333333,589.5,3.7
6035124,K02071.01,1,3.85690686,134.47405,0.0867,127.8,0.93
8160953,K01858.01,1,116.3311739,173.68887,0.29270833333333335,1586.3,3.26
4157325,K01860.01,1,6.31943553,132.22892,0.13925833333333332,581.1,2.71
4157325,K01860.02,1,12.20951755,360.3204,0.17419999999999997,538.1,2.61
4157325,K01860.03,1,3.07644709,353.7643,0.10969166666666666,216.7,1.61
5108214,K01924.01,0,2.11913005,132.59,0.17254166666666665,28.7,1.35
9955598,K01925.01,1,68.958447,179.08158,0.13033333333333333,123.3,1.11
10723750,K00209.02,1,18.79591276,145.821854,0.31347916666666664,2431.4,7.39
7219761,K01927.01,0,47.76397728,165.041066,0.16999999999999998,nan,nan
5770074,K01928.01,1,63.0380366,169.12161,0.30709166666666665,658.7,2.59
10136549,K01929.01,1,9.69315023,132.81362,0.23635416666666667,141.8,1.89
9851271,K02003.01,0,8.48031229,135.85319,0.29604166666666665,351.1,2.58
12154526,K02004.01,1,56.1886436,146.37945,0.27196666666666663,346.2,2.56
6665512,K02005.01,1,6.92101452,135.64343,0.18162916666666665,529.7,1.48
10525027,K02006.01,1,3.27344784,134.45023,0.07205,262.5,0.81
11069176,K02007.01,1,15.3789014,143.40629,0.19424999999999998,185.1,2.94
10005758,K01783.01,1,134.4785189,169.28141,0.24703333333333333,4033.5,10.52
3128793,K01786.01,0,24.68662378,137.53976,0.6319999999999999,8052.3,48.04
5864975,K01787.01,1,98.7179332,131.58694,0.27470833333333333,7320.0,6.99
2975770,K01788.01,1,71.52543938,191.69147,0.24662083333333332,5904.3,5.76
7877496,K00202.01,1,1.72086129,133.0209998,0.08434583333333334,10184.5,13.25
7286173,K01862.01,1,56.4349933,151.41082,0.19742083333333332,580.0,2.37
11126381,K01863.01,1,33.7888028,153.65384,0.229,649.2,2.71
4149450,K01864.01,1,3.215109385,133.77747,0.181875,158.0,1.54
10136549,K01929.02,1,3.29276797,133.00741,0.20028749999999998,80.7,1.39
5511081,K01930.01,1,13.72710334,138.74473,0.3059125,199.2,2.38
5511081,K01930.02,1,24.3110031,137.0394,0.3653416666666667,184.4,2.3
5511081,K01930.03,1,44.4304059,143.5462,0.4294166666666666,238.5,2.61
5511081,K01930.04,1,9.34145925,132.38581,0.25749999999999995,81.7,1.56
10978763,K01931.01,1,4.97760447,134.67304,0.1071625,287.3,1.75
11069176,K02007.02,1,21.1285655,149.27632,0.16049999999999998,176.7,2.88
8098728,K02008.01,0,24.4851178,137.6248,0.19341666666666668,263.8,7.14
6152974,K00216.02,1,7.51854537,132.53078,0.11854166666666667,286.7,1.42
5631630,K02010.01,1,25.96190067,138.96908,0.2613833333333333,350.3,3.25
6504954,K01790.01,1,130.3543929,144.06022,0.26975,5128.7,7.7
9410930,K00196.01,1,1.855557556,137.181028,0.09819666666666667,10570.1,10.05
6153672,K01794.01,0,3.364425589,131.66843,0.05525416666666667,4843.0,56.83
10676014,K01797.01,1,16.78175788,139.79356,0.155775,908.0,2.25
9520838,K01866.01,1,105.3035093,207.17015,0.2589166666666667,1362.2,3.18
8167996,K01867.01,1,2.549562652,132.60803,0.07082916666666667,495.1,1.11
8167996,K01867.02,1,13.96950181,132.17062,0.06612916666666666,1110.0,2.04
8167996,K01867.03,1,5.21230171,132.71052,0.08741666666666666,430.0,1.04
6773862,K01868.01,1,17.76076524,137.50778,0.06949583333333333,1287.2,1.93
10978763,K01931.02,1,10.55840479,136.34449,0.14024999999999999,194.2,1.41
10978763,K01931.03,1,6.98800953,132.56964,0.12929166666666667,193.2,1.39
5202905,K01932.01,1,22.8245144,144.46843,0.27570833333333333,322.7,3.36
9072190,K01933.01,1,49.1011093,136.47265,0.2642083333333333,845.6,3.28
5384079,K02011.01,1,7.05675145,132.53512,0.08442083333333333,130.0,1.68
9839821,K02012.01,1,34.8536903,164.04668,0.22220833333333334,767.7,2.4
4056616,K02013.01,1,2.41434868,132.42878,0.052920833333333334,191.0,0.97
6707908,K02014.01,0,2.466070972,132.32097,0.08149583333333332,704.5,24.3
8492026,K02016.01,1,4.30656389,132.44098,0.17127916666666665,257.0,1.95
6867766,K01798.01,0,12.964717746,136.143342,0.0762625,3732.9,39.93
6058614,K01799.01,0,1.731079436,134.77977,0.07674583333333333,11974.0,56.05
11017901,K01800.01,1,7.794302043,137.260385,0.046170833333333335,3387.4,16.51
5088591,K01801.01,1,14.5324483,140.72407,0.13041666666666665,1355.9,3.11
11298298,K01802.01,1,5.248667607,135.516708,0.079875,601.2,2.84
10187159,K01870.01,1,7.96431492,136.81646,0.063925,746.0,2.44
9758089,K01871.01,1,92.7297248,177.43808,0.2845833333333333,1257.5,2.81
10619192,K00203.01,1,1.485710994,132.7935653,0.09530833333333333,20823.9,14.48
4939346,K01873.01,1,71.3116598,132.39239,0.36720833333333336,2138.0,4.94
5396122,K01935.01,0,15.44428875,138.1678,0.08662916666666666,3596.2,37.58
10190777,K01937.01,1,1.411230023,132.641925,0.059687500000000004,388.2,1.71
9651234,K01938.01,1,96.9151707,187.08955,0.2527083333333333,862.8,2.37
7045496,K01939.01,1,13.47472742,133.48999,0.10831249999999999,729.6,1.96
8750043,K02017.01,1,2.29503515,132.69329,0.06891666666666665,172.1,1.18
9973109,K02018.01,1,27.495634,133.28538,0.20241666666666663,483.3,2.11
6226290,K02019.01,1,14.08826442,137.34334,0.1743625,889.4,2.66
9595827,K00217.01,1,3.905081685,133.4150433,0.11755416666666665,21340.5,12.78
9349482,K02020.01,1,110.9643706,187.04621,0.5346249999999999,1283.2,2.11
4644952,K01805.01,1,6.94135824,137.5437,0.07874583333333332,825.0,2.96
2987027,K00197.01,1,17.276296682,133.839172,0.16447416666666664,10458.0,7.31
4644952,K01805.02,1,31.7821117,134.8645,0.16066666666666665,570.2,2.08
4644952,K01805.03,1,4.36273233,135.23342,0.09322916666666665,341.6,1.76
8978528,K01874.01,1,18.6848377,136.14587,0.15818749999999998,1251.5,1.93
8978528,K01874.02,1,7.41634701,135.85372,0.08900833333333333,505.5,1.24
9967771,K01875.01,1,9.91724268,135.1389,0.1343375,457.9,2.85
11622600,K01876.01,1,82.5341188,209.12763,0.20231666666666664,1895.4,2.45
10454632,K01877.01,1,20.16037858,144.34281,0.1720833333333333,343.6,1.75
10005788,K01940.01,1,10.99470891,137.35769,0.06637083333333332,884.7,1.71
5213902,K01941.01,0,1.194812329,132.18329,0.05740416666666666,189.5,1.36
2832589,K01942.01,1,10.84969477,136.74432,0.14475,1122.1,2.67
2438513,K01944.01,1,12.18420006,139.05644,0.10422499999999998,499.3,2.59
6356207,K02021.01,1,3.76417012,132.35462,0.08379583333333332,558.4,1.7
8564674,K02022.01,1,5.92972237,135.49811,0.10491666666666666,412.1,1.92
8564674,K02022.02,1,12.2476121,138.2196,0.13370833333333332,402.7,1.9
8578780,K02023.01,1,13.59051547,133.07217,0.15766666666666665,621.9,2.4
4544907,K02024.01,1,46.8776724,137.66791,0.418375,539.8,2.62
7761918,K01808.01,1,89.1935737,217.82184,0.16709999999999997,868.3,3.81
8240797,K01809.01,1,13.09390911,144.525,0.09502083333333333,398.7,2.2
8240797,K01809.02,1,4.915385452,132.69448,0.11565416666666667,225.5,1.46
8164262,K01810.01,0,87.455958,136.23042,0.7607083333333333,1604.9,70.11
6279974,K01812.01,0,0.805259257,132.100916,0.059269166666666664,1384.3,63.55
9455325,K01813.01,1,9.76785911,139.43968,0.09020416666666665,585.4,2.54
3098810,K01878.01,1,40.80957343,142.69218,0.13158333333333333,436.1,3.44
8367644,K01879.01,1,22.08551599,135.23432,0.09052916666666666,3157.4,3.34
10332883,K01880.01,1,1.151166776,133.231766,0.04544583333333333,578.4,1.28
9071386,K00023.01,0,4.693305543,136.8627229,0.21552041666666666,14522.9,17.85
9305831,K00204.01,1,3.246732048,133.379165,0.12722916666666667,6998.2,12.4
2438513,K01944.02,0,8.3606759,138.81934,0.2619583333333333,194.8,1.49
11656918,K01945.01,1,62.1385979,161.14834,0.17890833333333334,886.3,5.14
9536692,K01948.01,0,26.635216,155.5577,0.24787499999999998,1492.8,27.64
4636578,K02025.01,1,17.84850835,148.39117,0.2454958333333333,391.2,3.29
4636578,K02025.02,1,26.1363443,131.61796,0.2755416666666667,362.2,2.8
4636578,K02025.03,1,11.1895709,140.63504,0.22083333333333333,143.3,1.81
11923284,K02026.01,1,2.757977384,131.87907,0.08953749999999999,211.0,1.69
9838975,K00218.01,0,18.692860599,143.8331829,0.16191,51256.5,14.81
5621125,K01814.01,1,14.80075082,132.82179,0.24008333333333332,501.4,17.38
9872283,K01815.01,1,3.126861192,133.724959,0.04969166666666667,794.6,5.12
10666242,K00198.01,0,87.24250316,153.344695,0.17169166666666663,17860.5,15.86
7870032,K01818.01,1,16.87725775,138.64907,0.1579875,818.4,2.54
9597058,K01819.01,1,12.05705659,135.41595,0.09775833333333334,523.9,1.96
4035640,K01881.01,1,28.26727385,140.92561,0.1909958333333333,1160.2,2.93
6205228,K01882.01,1,3.770590654,133.39088,0.08454166666666665,314.4,2.13
11758544,K01883.01,1,2.7073064,132.43068,0.14324166666666666,69.5,1.36
3118797,K01950.01,1,66.4159789,188.13988,0.2942083333333333,2053.2,3.44
7747425,K01952.01,1,8.0103929,135.31823,0.17797083333333333,294.1,1.88
7747425,K01952.02,1,27.6666375,143.86343,0.263125,324.0,2.04
7747425,K01952.03,1,5.19559398,132.72178,0.15616666666666668,116.0,1.18
7102316,K02028.01,1,57.2488518,184.6864,0.25345833333333334,1455.6,3.19
7102316,K02028.02,1,37.0551726,200.20176,0.226625,1028.8,3.19
9489524,K02029.01,1,16.33269981,136.90909,0.09058333333333332,300.4,1.61
9489524,K02029.02,1,10.05550267,173.2234,0.12295833333333334,147.7,0.92
5940165,K02031.01,1,9.30413878,140.33868,0.08022499999999999,637.3,1.67
8277797,K01820.01,1,4.33722007,132.85152,0.10405416666666667,358.5,1.63
8277797,K01820.02,1,1.653889476,132.18845,0.07184166666666666,124.4,0.97
5124667,K01822.01,1,150.8783198,206.69223,0.36165416666666667,659.9,4.37
2989404,K01824.01,1,3.553831111,134.64066,0.1292875,191.8,1.62
2989404,K01824.02,1,1.6783263,136.05259,0.10467916666666667,146.3,1.57
11413812,K01885.01,1,5.65378163,131.71154,0.08117916666666666,366.8,1.82
9549648,K01886.01,1,5.99185827,136.88244,0.07172916666666666,186.3,2.75
10063802,K01888.01,1,120.0183551,134.18742,0.484875,886.0,4.54
11074178,K01889.01,1,14.30517579,135.06301,0.18895833333333334,863.4,3.05
11074178,K01889.02,1,9.18189122,132.40505,0.18095833333333333,363.6,2.17
5942808,K02250.01,1,2.935362067,136.18415,0.06267916666666666,1052.6,3.15
6206214,K02252.01,1,13.53953595,143.15629,0.182875,134.2,2.32
8959839,K02253.01,1,22.7082375,133.72114,0.14595833333333333,298.8,1.72
7672097,K02255.01,1,7.97033985,136.55775,0.11114583333333333,490.8,1.81
6142862,K02336.01,0,5.33459393,133.43443,0.11008333333333332,226.3,0.79
5599774,K02337.01,1,8.49640437,138.73595,0.0922,834.0,2.14
8099138,K02338.01,1,66.1843646,141.62259,0.21479166666666666,560.5,2.72
7033233,K02339.01,1,2.032318856,132.64394,0.04831666666666666,287.5,1.12
6383785,K00239.02,1,3.62275506,132.99267,0.11611666666666666,180.6,1.62
9411412,K02101.01,1,2.892216772,132.87726,0.05664999999999999,360.5,1.31
7008211,K02102.01,1,187.746606,157.35064,0.2452083333333333,1583.0,2.95
7620413,K02103.01,1,2.543063763,132.68159,0.1186375,152.0,1.26
4545187,K00223.01,1,3.177414601,134.478892,0.06359166666666666,1134.3,2.65
10854546,K02104.01,1,2.168451063,132.14107,0.06075,466.9,2.41
11774991,K02173.01,1,37.8154157,141.10346,0.19424999999999998,286.4,1.21
11774991,K02173.02,1,53.5783052,171.1857,0.21641666666666665,224.9,1.16
8261920,K02174.02,1,33.1362861,169.50676,0.17345833333333333,825.2,2.05
8261920,K02174.03,1,7.72513619,176.80202,0.08508333333333332,382.2,1.71
9112931,K02256.01,1,10.71253475,137.16499,0.11327499999999999,1198.6,2.02
9071593,K02257.01,1,32.5635249,163.46038,0.22575,578.3,2.05
8126558,K02259.01,1,12.19140405,136.33677,0.07846666666666666,665.8,2.46
11811193,K02260.01,1,6.11784972,133.61873,0.14408333333333334,60.5,1.05
3734418,K02261.01,1,3.97599629,133.62238,0.0917875,206.0,1.11
8681734,K02340.01,1,7.68478504,137.64035,0.10195833333333333,274.1,1.47
10232693,K02341.01,0,0.990516282,131.84152,0.084125,101.6,3.52
10212441,K02342.01,1,15.0447098,133.20895,0.242625,97.9,1.51
8247771,K02344.01,1,1.118547814,132.84826,0.06472499999999999,234.8,0.98
8165946,K02105.01,1,6.42199919,134.58037,0.10913333333333333,161.6,1.25
12017109,K02106.01,1,9.75374033,134.06014,0.09783333333333333,430.8,1.87
9225395,K02107.01,1,81.3153052,175.9957,0.24195833333333333,715.5,2.55
10709622,K02108.01,1,51.3283527,177.67418,0.38987499999999997,692.3,3.06
11499228,K02109.01,1,19.7919389,149.30719,0.15779166666666666,383.7,2.58
9022166,K02175.01,1,26.8475962,142.17023,0.4195,254.1,3.2
10965588,K02177.01,1,62.8917493,139.12778,0.284625,791.0,2.5
10670119,K02179.01,1,14.87149773,137.69573,0.10031666666666667,944.9,1.59
10670119,K02179.02,1,2.732767897,354.09581,0.04625833333333333,613.1,1.42
4043443,K00231.01,0,119.8401019,161.863461,0.15331666666666666,5448.7,26.96
8491277,K00234.01,1,9.61375316,132.185679,0.19391666666666665,797.9,3.27
8613535,K02263.01,1,29.9685917,147.8598,0.27825,309.5,1.91
12256520,K02264.01,1,33.2407985,143.46683,0.19479166666666664,341.9,1.51
3337432,K02265.01,0,2.97600846,132.98121,0.17808333333333332,103.2,2.27
5629538,K02345.01,1,15.18727049,134.05495,0.18787500000000001,292.5,1.94
8561231,K02346.01,1,28.6853212,159.87094,0.26279166666666665,689.1,2.69
8235924,K02347.01,1,0.588001053,132.058754,0.0477125,297.4,0.99
6941084,K02348.01,1,85.7357202,170.98121,0.3177083333333333,747.7,2.94
6200235,K02350.01,1,1.078389713,133.25041,0.05580833333333333,300.5,1.98
11460462,K02110.01,1,5.03728033,134.1094,0.0859125,76.3,1.55
8612275,K02111.01,1,3.289726319,131.75522,0.09697499999999999,234.9,1.37
8612275,K02111.02,1,7.18644594,136.62345,0.06238333333333333,402.0,2.19
7207061,K02113.01,1,15.94248453,146.33157,0.14539166666666664,1093.7,2.62
4545187,K00223.02,1,41.0081117,147.03382,0.18233333333333335,1004.5,2.64
7286911,K02180.01,1,11.55562042,138.19752,0.069825,441.5,2.11
8591173,K02181.01,1,12.2885046,141.61869,0.11695833333333333,342.1,3.22
6962109,K02182.01,1,17.13263125,147.1546,0.1273125,850.2,2.31
5706595,K02183.01,1,19.0231361,139.65988,0.14295833333333333,401.6,2.04
5706595,K02183.02,1,4.57948235,135.09685,0.12941666666666665,207.1,1.35
10489345,K02266.01,1,1.003931703,132.09988,0.059837499999999995,491.1,1.6
11774303,K02269.01,0,0.614083885,132.46969,0.040904166666666665,389.5,2.55
10329469,K02271.01,1,55.8224775,169.03741,0.227375,879.6,2.13
9717943,K02273.01,1,6.11010439,136.91214,0.09641666666666666,59.7,0.93
8026752,K00240.01,1,4.286866229,138.614882,0.18635833333333332,1321.9,4.14
1872821,K02351.01,1,10.27380957,134.65748,0.13549999999999998,352.8,1.68
8013439,K02352.01,1,13.39155154,133.05499,0.14129166666666665,48.9,1.58
8013439,K02352.02,1,5.62904396,134.74679,0.15539583333333332,39.5,1.39
8013439,K02352.03,1,8.2562857,137.9267,0.08490833333333332,37.3,1.49
7207061,K02113.02,1,12.33087921,361.9744,0.12776666666666664,872.2,2.34
6921944,K02114.01,1,4.421566535,132.18465,0.08845416666666667,684.0,2.19
9532052,K02115.01,1,15.72585941,133.98774,0.15951666666666664,1313.1,2.69
8164012,K02116.01,1,1.252753881,133.17054,0.08946666666666667,200.0,2.44
4140813,K02117.01,1,13.36019864,131.81481,0.11616666666666665,699.9,1.84
8611781,K02185.01,1,76.957056,192.33682,0.3979583333333333,367.1,2.09
5601258,K02191.01,1,8.84784273,140.15085,0.08571666666666666,460.2,1.15
7960980,K02274.01,1,9.98970266,133.76102,0.15416666666666667,988.4,2.48
8107225,K00235.01,1,5.63252508,133.81818,0.08936666666666666,634.4,2.04
3458028,K02276.01,1,1.442592305,134.07188,0.12374166666666667,166.0,2.67
3342794,K02278.01,1,14.17222858,142.60134,0.10957083333333334,246.8,2.39
3342794,K02278.02,1,4.92031063,135.40577,0.16858333333333334,81.0,1.18
5716932,K02358.01,1,56.4931698,143.99262,0.3626666666666667,411.9,4.43
11288051,K00241.01,1,13.82142084,131.79237,0.16604166666666664,765.2,2.2
7515670,K02360.01,0,2.30367952,133.76909,0.12874166666666664,136.4,1.3
11566256,K02361.01,1,5.78387049,135.5798,0.05819166666666667,413.3,2.07
8495415,K02362.02,1,11.08507658,355.03627,0.07295833333333332,771.8,2.5
4055304,K02119.01,1,0.571038347,131.653752,0.04694583333333333,242.1,1.65
4857213,K02120.01,1,8.77425786,132.33386,0.09268749999999999,239.6,1.75
9415108,K02121.01,1,4.51005082,134.56954,0.08972083333333333,294.8,1.74
4262581,K02122.01,1,37.6468519,161.46355,0.2643333333333333,427.4,5.37
8591693,K02123.01,1,29.4557841,154.17062,0.14379166666666665,533.8,2.19
4833421,K00232.01,1,12.466004437,134.003258,0.2086083333333333,2232.1,5.65
8282651,K02193.01,1,2.361724472,133.23932,0.05069583333333333,587.0,1.53
3548044,K02194.01,1,34.7630543,161.74217,0.17954166666666665,293.7,1.75
11401767,K02195.01,1,20.0545282,136.56587,0.298875,305.4,2.63
10909127,K02200.01,1,3.17059731,132.67813,0.069525,325.4,1.69
3661886,K02279.01,1,27.0142622,132.52245,0.224375,287.6,2.0
3661886,K02279.02,1,12.50945798,136.99217,0.14495833333333333,155.3,1.54
2439243,K02280.01,1,26.0203329,154.5286,0.20687499999999998,1164.4,4.53
9221517,K02281.01,1,0.769854899,132.51944,0.042679166666666664,109.6,0.93
6751874,K02282.01,1,6.89226333,132.4644,0.1038375,214.4,2.13
10863608,K02368.01,1,8.07127043,137.76604,0.09970833333333332,318.2,1.53
5602588,K02369.01,1,11.01819178,139.87858,0.193125,545.7,2.64
11288051,K00241.02,1,30.9505927,153.84507,0.22475,301.4,1.51
5547480,K00224.01,0,3.979867514,132.071233,0.09836249999999999,907.6,26.5
9405595,K02125.01,1,23.3593589,144.01826,0.22454166666666667,570.1,2.98
3546060,K02126.01,1,9.69310837,134.53003,0.11391666666666667,1130.7,2.12
7019489,K02128.01,0,24.2598301,132.47982,0.162375,1540.3,25.42
2141783,K02201.01,0,116.5214317,144.13378,0.232375,771.5,44.41
4144576,K02202.01,1,0.813166357,131.82536,0.05884166666666666,173.5,1.14
8494542,K02204.01,1,10.86062378,136.65957,0.09530833333333333,189.6,2.09
9992325,K02205.01,1,24.08632177,148.20086,0.09316666666666668,1041.7,2.78
10206675,K02283.01,0,17.40208965,141.93057,0.15604166666666666,616.5,16.37
9945370,K02285.01,1,37.9456138,134.78331,0.17054166666666665,1032.9,2.79
3832716,K00027.01,0,1.141877248,170.3386848,0.18080458333333332,309490.0,88.62
8453211,K00236.01,0,5.77675928,143.09616,0.282875,3522.5,32.77
8973129,K02286.01,1,24.1738244,135.62471,0.12733333333333333,532.6,2.21
12505654,K02353.01,1,5.186737262,134.99509,0.03342916666666666,712.7,2.4
11670125,K02355.01,1,1.217000383,132.03128,0.05535416666666666,459.8,1.58
11461844,K02356.01,1,13.6823798,139.18611,0.17304166666666665,179.6,1.43
9351920,K02129.01,1,8.79618433,135.67645,0.14075416666666665,286.3,1.77
2161536,K02130.01,1,16.85592593,138.26808,0.09620833333333334,871.5,1.7
10549023,K02131.01,1,14.36270451,141.435,0.19016666666666665,349.4,2.31
9661979,K02132.01,1,69.8956789,160.66805,0.21983333333333333,548.4,3.04
8219268,K02133.01,1,6.24667547,136.38688,0.4692083333333333,396.8,14.93
10531955,K02208.01,1,2.344512589,132.87316,0.05881666666666666,58.9,0.97
4833421,K00232.02,1,5.766165573,134.01725,0.15964166666666665,364.8,2.27
8168187,K02209.01,1,18.3027235,142.89166,0.34425,186.7,2.72
4142847,K02210.01,1,2.888904439,132.15271,0.06684583333333333,402.2,1.68
10203349,K02212.01,1,17.14648756,140.66122,0.176475,440.3,3.64
9718066,K02287.01,1,16.09227518,142.51659,0.0878,128.5,0.98
3867615,K02289.01,1,62.7843981,157.30698,0.20041666666666663,325.0,2.28
12121570,K02290.01,1,91.500873,165.67309,0.20174999999999998,704.8,1.82
8410415,K02291.01,1,44.2993483,141.28194,0.17908333333333332,797.9,2.68
7987866,K02363.01,1,3.13877646,133.65614,0.06942916666666665,174.1,0.97
11560897,K02365.01,1,35.9682692,138.66885,0.11829166666666666,269.7,2.95
11342416,K02366.01,1,25.3690868,143.68699,0.19775,110.1,1.67
9086251,K02367.01,1,6.89213244,131.63179,0.071875,82.0,1.35
4254466,K02134.01,1,42.3006282,168.77783,0.18216666666666664,507.9,2.54
5801571,K00225.01,0,0.838597429,141.537817,0.07027833333333333,2482.1,44.67
9904006,K02135.01,1,55.1866213,180.75953,0.3805416666666666,375.5,2.47
5288570,K02136.01,0,1.728528176,131.80851,0.15341666666666665,197.6,5.07
9364609,K02137.01,1,14.97436238,141.50057,0.10192083333333332,265.4,1.28
7457296,K02213.01,1,3.97076603,134.63962,0.07558333333333334,349.2,1.6
10328458,K02214.01,1,2.352273912,131.80267,0.07245416666666665,318.6,1.29
7050060,K02215.01,0,22.0425953,134.1281,2.5500749999999996,348.0,28.78
4248120,K02216.01,1,23.34036251,136.20727,0.08558333333333332,615.1,2.21
8321314,K02293.01,1,15.03366411,144.98055,0.1363333333333333,374.9,1.7
11498128,K02296.01,1,106.247882,135.7435,0.5741666666666666,397.4,2.01
8041216,K00237.01,1,8.508333104,134.785645,0.14399583333333332,646.5,2.6
11824786,K02371.01,1,12.94123564,139.89901,0.19316666666666665,328.8,1.7
12254909,K02372.01,1,5.349791,133.8836,0.17829166666666665,88.8,1.29
9364290,K02374.01,1,5.26211833,136.37566,0.13516666666666666,194.5,1.95
9364290,K02374.02,1,12.1628195,137.52402,0.09650416666666667,306.3,3.14
5022828,K02138.01,1,23.5541012,144.21486,0.30416666666666664,95.2,2.33
8233702,K02140.01,1,41.6977582,134.24608,0.22970833333333332,684.8,2.26
11403339,K02143.01,1,4.79029482,134.95277,0.1134125,142.0,1.01
8260902,K02144.01,1,38.6715843,157.61988,0.23049999999999998,599.3,2.45
8381204,K02145.01,1,8.32651854,135.58655,0.22845833333333332,267.9,1.8
12058204,K02218.01,1,5.53533152,132.76087,0.116375,260.6,1.75
12058204,K02218.02,1,16.7261969,143.74673,0.11283333333333334,194.9,1.56
4833421,K00232.03,1,21.58752788,142.96728,0.18736666666666668,336.8,2.18
5357545,K02219.01,1,3.757294695,133.95965,0.038620833333333326,273.3,1.23
6871071,K02220.01,1,3.2828024,131.89965,0.13555,142.5,1.79
5342473,K02297.01,1,4.64495172,136.02095,0.14024999999999999,147.4,1.38
9963265,K02299.01,1,16.48686712,139.20338,0.059625,987.9,27.45
10583761,K02300.01,1,2.685054445,132.60443,0.043637499999999996,252.7,1.46
7542813,K02302.01,1,16.8600805,139.84916,0.23154166666666667,273.4,1.71
12058147,K02072.01,1,1.54320541,131.5554,0.1074125,91.2,1.23
8164257,K02073.01,1,49.5004725,139.04294,0.2405,965.2,2.49
8164257,K02073.02,1,6.47539108,137.5825,0.1127,530.6,1.92
8164257,K02073.03,1,16.85825609,142.34289,0.08636666666666666,759.6,2.51
10593759,K00025.01,0,3.132604547,136.010454,0.15140416666666667,9969.2,48.73
6774537,K02146.01,1,2.949029106,133.13832,0.08462916666666666,358.3,1.48
10404582,K02147.01,1,37.8658964,134.36237,0.19924999999999998,395.2,2.01
5959753,K00226.01,1,8.30865307,138.10788,0.13644583333333332,836.1,2.42
6021193,K02148.01,1,11.93205399,142.10648,0.25854166666666667,178.5,1.83
6021193,K02148.02,1,7.54235832,132.96117,0.19708333333333333,132.5,1.59
6871071,K02220.02,1,5.02818253,134.10891,0.14691666666666664,181.3,2.03
6871071,K02220.03,1,1.897828815,132.6785,0.11297499999999999,132.4,1.73
6287313,K02221.01,1,10.62788695,137.81843,0.19066666666666665,326.7,1.87
9278725,K02223.01,1,1.104462494,132.32134,0.043575,469.1,1.6
4458082,K02303.01,1,4.89336495,133.6449,0.14520833333333333,138.3,1.6
8042453,K02304.01,1,11.17392077,134.70626,0.13779166666666665,324.8,1.64
10874215,K02305.01,1,31.0325991,152.27157,0.14483333333333331,737.4,2.64
6666233,K02306.01,0,0.512407185,132.240449,0.04407916666666667,329.2,1.03
7661065,K02307.01,0,4.150297119,134.9355,0.050241666666666664,593.4,3.03
3937519,K00221.02,1,5.89661966,134.03046,0.13141666666666665,144.0,1.28
8866137,K02074.01,1,33.4178173,155.58781,0.19354166666666664,1166.8,3.13
10857519,K02075.01,1,2.053341891,134.51606,0.10816666666666666,65.5,1.44
9517393,K02076.01,1,56.7769831,181.09789,0.286,884.3,3.21
9351316,K02078.01,1,18.78429232,137.88207,0.1297333333333333,1009.5,2.14
6021193,K02148.03,1,3.61460279,134.69521,0.13445833333333332,64.8,1.14
10617017,K02149.01,1,13.15140223,144.16237,0.226625,97.8,1.87
3229150,K02150.01,1,18.5084526,131.54555,0.2748333333333333,758.9,29.33
7989422,K02151.01,0,7.47763833,133.40976,0.10705416666666667,110.0,2.05
9641481,K02152.01,1,42.1918331,155.31211,0.29512499999999997,488.7,2.35
8892157,K02224.01,1,3.73090026,132.89428,0.12122916666666667,191.2,1.48
11569782,K02225.01,1,2.787874175,133.90417,0.08478333333333334,197.4,2.33
4833421,K00232.04,1,37.9962369,162.97984,0.2822958333333333,403.7,2.39
7219825,K00238.01,1,17.23232894,135.0922,0.18986666666666666,509.8,2.79
3749978,K02308.01,1,28.5057217,132.92075,0.26349999999999996,755.8,2.55
10010440,K02309.01,1,53.5991459,147.43015,0.28379166666666666,523.1,2.49
11718144,K02310.01,1,16.4581861,134.01969,0.08182083333333333,435.8,1.82
9473078,K02079.01,1,0.693842661,132.18157,0.06748749999999999,49.3,0.83
10864531,K02080.01,1,83.4887405,188.53792,0.25875,955.4,2.95
10864531,K02080.02,1,34.0607677,141.35928,0.10295833333333333,818.9,2.96
9472000,K02082.01,1,31.5888979,155.61538,0.14325,360.6,2.59
10253547,K02153.01,1,59.9809868,176.14903,0.31616666666666665,282.4,2.81
10253547,K02153.02,1,25.7457957,135.94806,0.29470833333333335,140.3,1.73
12505076,K02154.01,1,11.92979348,136.66919,0.2563333333333333,709.3,2.43
12116380,K02155.01,1,4.3394569,132.80309,0.09855,337.4,2.11
2556650,K02156.01,1,2.852348262,132.044534,0.029379166666666665,1402.9,1.66
10600955,K02227.01,1,65.6480892,173.30166,0.23941666666666667,588.7,3.93
10801100,K02228.01,0,102.653705,222.9895,2.2328625,687.3,39.16
4473226,K02229.01,1,14.83340944,135.44213,0.163625,783.0,2.54
8914779,K02230.01,0,0.987338654,131.88155,0.10795833333333334,26.5,0.98
2854181,K02232.01,1,101.1323475,210.18316,0.18191666666666664,1502.9,3.87
8963721,K02233.01,0,1.811460943,132.93207,0.21104166666666668,428.5,2.83
10132832,K02313.01,1,16.07673148,143.39091,0.091875,488.0,2.14
3219995,K02314.01,1,18.87058705,143.95639,0.14458749999999998,588.0,2.67
6062929,K02315.01,1,22.1334224,152.18405,0.08537499999999999,654.6,1.76
7504778,K02316.01,1,17.1369408,141.01497,0.2673333333333333,362.1,2.05
7219825,K00238.02,1,26.6951944,143.9999,0.19066666666666665,132.6,1.4
7097965,K02083.01,1,7.72085047,136.563,0.0761,267.0,2.53
4249725,K00222.01,1,6.312508525,132.654418,0.11439583333333332,1286.0,2.0
3967326,K02084.01,1,4.19577385,135.17605,0.08982083333333332,874.2,3.02
6768394,K02086.01,1,7.1329472,135.99259,0.182,145.0,1.64
6768394,K02086.02,1,8.91901228,140.0777,0.17254166666666665,180.6,1.84
5211199,K02158.01,1,4.5620407,132.64295,0.1188375,81.6,2.82
8804455,K02159.02,0,2.392630668,133.7861,0.057104166666666664,101.5,1.33
5546761,K02160.01,1,17.6700291,131.60103,0.278875,348.4,2.89
9205938,K02162.01,1,108.593113,173.75198,0.332875,338.2,1.68
10723367,K02236.01,1,19.9865916,135.52265,0.18295833333333333,648.0,4.22
10723367,K02236.02,1,12.12580644,142.10763,0.13704166666666667,327.5,2.5
5005121,K02237.01,1,76.421501,164.4879,0.30074999999999996,578.4,2.81
4833421,K00232.05,1,56.2590881,164.21993,0.33808333333333335,348.8,2.22
8229458,K02238.01,1,1.646801683,132.0615,0.04985833333333334,284.2,0.86
10684670,K02317.01,1,3.78861833,134.61419,0.11699999999999999,143.4,1.23
11495458,K02318.01,1,10.45839865,137.65416,0.13141666666666665,306.8,1.25
9003401,K02319.01,1,21.1033014,144.66035,0.08579166666666667,192.5,1.56
5978559,K02321.01,1,95.6114617,138.35664,0.31204166666666666,487.4,2.37
6768394,K02086.03,1,11.8984948,133.34685,0.125625,130.9,1.69
6922710,K02087.01,1,23.1274171,145.66194,0.20420833333333333,157.3,1.44
11348997,K02090.01,1,5.132486123,132.15985,0.06072916666666667,908.4,1.69
5705819,K02091.01,1,8.77997349,138.48383,0.13417083333333332,755.7,2.12
6696580,K02092.01,1,57.6896212,139.92753,0.21325,1626.6,5.14
11358389,K02163.01,1,10.66489514,132.00872,0.131625,292.6,1.76
7204981,K02164.01,1,5.1233204,132.08472,0.11444166666666666,286.2,1.65
3847907,K00229.01,1,3.573202801,134.934397,0.12,2975.0,5.81
4370527,K02166.01,1,61.6174528,179.08282,0.15899999999999997,1350.7,3.36
6041734,K02167.01,1,24.3398202,136.05813,0.162125,777.3,5.09
5125347,K02241.01,1,7.16520428,132.96921,0.07104166666666667,433.8,2.31
9336200,K02242.01,1,1.755843555,133.15509,0.0809375,386.0,1.94
4770617,K02243.01,1,5.18560081,132.32455,0.16891666666666666,252.6,2.34
4454934,K02245.01,1,33.4698571,140.14977,0.19787499999999997,370.7,2.45
9458343,K02246.01,1,11.89520436,132.8908,0.14304166666666665,184.3,1.33
7120108,K02325.01,1,1.025857984,131.655621,0.03362083333333333,270.7,1.57
10730703,K02327.01,1,5.60013327,135.96495,0.11044999999999999,329.2,1.73
8007644,K02328.01,1,25.2034128,137.56393,0.188125,697.1,2.42
11192235,K02329.01,1,1.615357809,132.7846,0.04764583333333333,499.6,1.37
6383785,K00239.01,1,5.640676975,138.556259,0.11814166666666666,1453.3,4.59
6696580,K02092.02,1,25.5638626,375.27811,0.19520833333333332,1124.9,4.0
4249725,K00222.02,1,12.7945474,130.7668,0.1424875,816.7,1.6
8505920,K02094.01,1,42.4269647,156.17194,0.24612499999999998,632.4,3.44
7918992,K02095.01,1,1.434745129,132.62802,0.07758333333333334,200.7,1.5
11308499,K02168.01,1,3.28192056,132.42485,0.12154166666666666,191.0,1.6
11308499,K02168.02,1,12.51610549,135.03333,0.20220833333333332,263.0,1.87
9006186,K02169.01,1,5.45298742,134.15183,0.08886666666666666,86.0,0.92
9006186,K02169.02,1,3.26662733,136.08452,0.08566666666666667,59.9,0.68
7802719,K02247.01,1,4.45743267,132.16006,0.096775,175.7,0.79
11030475,K02248.01,1,2.81814715,132.25336,0.07345833333333332,278.6,1.3
5023956,K00233.01,0,1.824649,147.482662,0.1761875,3218.5,5.31
12401863,K02331.01,1,2.832647249,131.82642,0.09608333333333333,114.7,1.37
5534941,K02332.01,1,3.70063251,133.16065,0.22533333333333333,68.6,1.24
11121752,K02333.01,1,3.93083997,135.19393,0.12216666666666666,101.4,1.2
11121752,K02333.02,1,7.63008196,137.07948,0.11583333333333332,124.0,1.39
2990873,K02335.01,1,16.22378479,136.02454,0.10609166666666665,262.3,1.51
9307509,K02096.01,1,9.76293284,139.15802,0.12766666666666665,553.2,1.94
10158729,K02097.01,1,58.601926,137.66825,0.23008333333333333,396.4,2.06
6105462,K02098.01,1,25.0823402,134.13568,0.267625,244.6,2.26
3120355,K02099.01,1,78.0998908,139.49646,0.35091666666666665,656.9,3.37
6047072,K02100.01,1,4.27103727,133.14028,0.09482916666666666,180.4,1.22
9006186,K02169.03,1,4.27226421,133.21863,0.08804166666666666,48.9,0.64
11410904,K02171.01,1,3.53232429,134.74727,0.11520833333333333,224.2,1.43
5021737,K00026.01,0,15.03946326,144.137461,0.2125333333333333,5237.7,12.36
3862246,K00230.01,0,4.702495974,136.308468,0.0975875,4787.3,37.24
4173026,K02172.01,1,10.44087398,137.97113,0.1559583333333333,821.5,3.41
5350244,K02555.01,1,12.5722897,143.0663,0.19854166666666664,86.5,1.09
5374403,K02556.01,1,40.8366307,152.87346,0.20650000000000002,264.8,1.5
10925113,K02557.01,0,11.7761073,142.70558,0.11787500000000001,281.3,1.31
11769801,K02633.01,0,29.7123181,151.5603,2.9321124999999997,385.4,46.43
11752906,K00253.02,1,20.6180348,145.51232,0.136125,769.5,1.57
1995519,K02634.01,1,19.9401211,142.34849,0.17845833333333333,758.9,2.42
4914566,K02635.01,1,22.2420032,144.72364,0.3138333333333333,63.5,2.04
6198182,K02636.01,1,3.88148385,135.12314,0.11162499999999999,36.3,0.59
10024051,K02409.01,1,0.577369336,132.425795,0.04521666666666666,400.4,1.42
8676038,K02410.01,0,186.65435483,187.3800339,0.4379166666666666,nan,nan
4349452,K00244.01,1,12.720370263,178.528297,0.11377499999999999,1180.1,4.75
8676038,K02410.02,0,86.59322294,201.0035479,0.3325,nan,nan
8073806,K02411.01,1,11.96407399,133.15804,0.18858333333333333,784.2,3.21
10419312,K02412.01,0,2.493237866,132.63633,0.11016666666666666,259.2,9.48
3234598,K02413.01,1,12.90467523,144.32009,0.13666666666666666,412.4,1.49
10453588,K02484.01,1,68.8861017,160.29958,0.24687499999999998,143.9,1.47
11125613,K02485.01,1,9.99115241,134.39335,0.11070833333333333,391.7,1.68
7212184,K02487.01,1,36.292017,132.17691,0.34158333333333335,374.7,3.1
6956014,K00031.01,0,0.925589891,169.69275,0.08195833333333333,400.8,50.6
9757613,K00250.02,1,17.25121397,149.886479,0.08487916666666667,2054.8,2.64
5307858,K02558.01,0,1.867281146,132.07744,0.31229166666666663,701.1,31.18
6605493,K02559.01,1,9.30991834,136.39785,0.14395833333333333,114.5,1.21
7259298,K02561.01,1,3.23941775,133.98383,0.10704166666666666,77.4,0.77
6211812,K02638.01,1,2.524017517,133.85946,0.04986666666666667,303.0,1.5
3234598,K02413.02,1,31.2012202,140.07042,0.169875,360.1,1.47
8611832,K02414.01,1,22.5968256,140.42654,0.25745833333333334,142.9,1.3
8611832,K02414.02,1,45.3486381,142.25049,0.20241666666666663,162.9,1.61
5621586,K02415.01,1,5.25419589,133.72952,0.12449166666666667,461.8,2.12
9210387,K02416.01,1,5.90608902,131.56096,0.10037499999999999,340.7,1.77
11852982,K00247.01,1,13.81504449,181.12621,0.09684999999999999,1032.6,1.91
8559152,K02488.01,1,12.4128518,140.35679,0.17908333333333332,108.1,1.5
2718778,K02489.01,1,3.92453009,132.40179,0.15379166666666666,463.5,1.82
3122913,K02490.01,1,11.60653061,134.41637,0.09141666666666666,771.7,1.88
9229657,K02491.01,1,2.66831274,131.68823,0.1005875,266.2,1.48
10415227,K02562.01,0,2.9322509,133.7648,0.122125,181.2,1.33
5175024,K02563.01,1,23.4772553,145.3641,0.280625,141.4,1.34
9026749,K02564.01,1,66.5576728,181.3241,0.4388333333333333,214.2,4.96
12216278,K02565.01,0,2.01948607,132.9238,0.21866666666666668,275.4,2.15
9159242,K02566.01,0,3.04468229,132.464,0.2479583333333333,71.4,0.86
12061096,K02642.01,0,15.05028313,141.53522,0.077,615.2,2.46
5794240,K00254.01,1,2.455240626,170.821762,0.07196749999999999,36911.9,10.6
6933567,K02643.01,1,9.08233411,139.65489,0.08366666666666667,296.9,1.35
9993529,K02644.01,0,0.790539912,131.87702,0.04402916666666666,277.3,1.24
11303815,K02645.01,0,1.705782214,133.15607,0.04195833333333333,278.0,1.82
6044553,K02646.01,0,0.532086296,131.9134,0.16762499999999997,495.8,16.99
9654468,K02417.01,1,47.7052566,146.3164,0.24829166666666663,1161.5,2.89
4349452,K00244.02,1,6.238535444,171.706325,0.14689583333333334,401.6,2.53
10027247,K02418.01,1,86.829519,189.26162,0.311,751.0,1.68
6343170,K02419.01,1,9.95667035,136.5827,0.14725,586.8,3.41
7107802,K02420.01,1,10.41728722,137.45784,0.171875,210.4,1.64
11752632,K02492.01,1,0.984941669,133.31801,0.08218333333333333,81.4,1.49
10028535,K02493.01,1,0.663085361,131.97961,0.048008333333333326,322.7,1.6
7047207,K02494.01,1,19.1187425,138.42824,0.28354166666666664,217.5,2.33
5212220,K02495.01,0,1.08749101,131.77034,0.06746666666666666,126.4,4.91
9964748,K02496.01,0,1.183818383,131.88403,0.058041666666666665,84.3,0.91
9842937,K02567.01,0,4.98845099,133.74684,0.31054166666666666,193.9,1.33
9757613,K00250.03,1,3.543919702,136.26075,0.07798749999999999,507.0,1.21
11962284,K02647.01,1,8.83929462,135.54125,0.071625,316.2,1.94
2573056,K02648.01,0,0.631795416,132.53963,0.044595833333333335,145.2,1.88
6842682,K02649.01,1,7.56126152,135.6368,0.11879166666666666,180.6,1.2
8890150,K02650.01,1,34.9897847,144.20912,0.17533333333333334,498.5,1.14
8890150,K02650.02,1,7.05429483,136.18961,0.0715,359.3,1.0
11360805,K02422.01,1,26.7838935,140.75396,0.19099999999999998,365.3,1.59
9845898,K02423.01,1,45.126216,165.42066,0.2773333333333333,373.1,2.32
12453581,K02424.01,1,11.94019101,136.55603,0.11941666666666667,631.7,1.86
11922678,K02425.01,0,3.51295674,133.78198,0.1275,83.1,1.1
11179076,K02497.01,1,48.4313003,141.45612,0.16791666666666666,886.4,2.78
5364071,K00248.01,1,7.203855862,170.285731,0.10590833333333333,1765.9,2.25
5959719,K02498.01,1,6.73808701,133.32953,0.10795833333333334,92.9,0.73
5544903,K02499.01,0,7.57571414,138.2166,0.09820833333333334,418.5,2.45
5542983,K02501.01,0,4.76887671,132.09888,0.06966666666666665,115.8,2.11
8256453,K02573.01,0,1.347512632,132.127858,0.08257083333333333,2651.8,23.45
9474493,K02574.01,0,0.512581697,132.80609,0.0657875,259.1,1.32
4551663,K02576.01,0,12.07760884,140.46287,0.09304166666666666,151.0,1.03
11752908,K02651.01,0,6.38315744,132.30539,0.07114583333333332,1112.6,2.35
7021681,K00255.01,1,27.52194772,189.824523,0.16862499999999997,2312.8,2.47
4346178,K02652.01,1,16.1289679,143.75518,0.26129166666666664,389.0,2.94
9664142,K02654.01,1,13.5631157,140.65364,0.2265833333333333,336.4,1.75
10018233,K02655.01,1,16.2959916,133.90784,0.08816666666666667,369.6,1.83
8081899,K02426.01,1,4.16056658,132.27418,0.10874999999999999,75.8,0.7
10189557,K02427.01,0,2.93101771,131.92959,0.09295833333333332,199.1,1.15
8478994,K00245.01,1,39.79220077,175.250558,0.18608333333333332,610.4,1.9
9965184,K02428.01,0,16.2276756,136.62586,0.15412499999999998,525.8,2.11
9911882,K02429.01,0,1.595630597,136.13782,0.07470833333333332,259.6,17.94
8631504,K02503.01,1,14.8200596,133.39933,0.16258333333333333,184.9,0.96
8110767,K02504.01,1,20.49041,144.41979,0.18204166666666666,661.8,2.34
5471574,K02505.01,0,0.962827066,132.20517,0.18666666666666668,86.3,29.27
6767840,K02506.01,1,8.679037,140.90423,0.11933333333333332,301.6,1.79
8379705,K02507.01,1,11.1296971,138.57573,0.12258333333333334,371.0,1.93
9896018,K02579.01,1,2.7296036,133.28661,0.113375,145.6,1.53
11037511,K02580.01,1,3.11604194,133.84988,0.0740125,345.2,1.59
9757613,K00250.04,1,46.82767725,136.74468,0.07930416666666666,1537.7,2.13
11818872,K02581.01,1,12.7372371,136.0162,0.13991666666666666,100.8,0.87
11771430,K02582.01,1,40.0306267,148.85882,0.200625,214.5,2.01
5513012,K02668.01,1,0.679336747,132.856178,0.05078333333333333,240.7,1.4
11761199,K02669.01,0,213.6103207,141.655562,0.4485125,110990.0,46.07
8074805,K02670.01,0,170.8658492,299.660385,0.7078958333333333,29840.8,24.4
2437505,K02671.02,0,17.5509742,133.9459,0.16933333333333334,3859.0,5.97
11253827,K02672.01,1,88.5122014,182.67266,0.28422499999999995,2518.7,4.7
3533469,K02430.01,0,10.21507506,133.64546,0.14145833333333332,258.6,1.5
8956706,K02431.01,0,8.3806973,134.7287,0.12616666666666665,650.8,1.91
7047363,K02432.01,1,31.0572947,147.56275,0.14170833333333333,636.6,1.85
11968463,K02433.01,1,15.1622287,144.474,0.3055,479.8,3.12
11968463,K02433.02,1,10.04378351,353.61859,0.23116666666666666,437.9,2.94
9880190,K02509.01,1,4.5513988,133.05954,0.102375,188.7,1.13
5364071,K00248.02,1,10.91274065,169.85247,0.09083749999999999,1387.2,2.13
5392702,K02510.01,0,12.2141545,141.3677,0.4275833333333333,535.8,18.13
8429566,K02511.01,0,3.732261,131.93795,0.08558333333333332,153.6,1.09
10387742,K02583.01,1,3.03267135,134.0668,0.07391666666666666,42.4,0.6
7673841,K02585.01,1,5.34182466,136.3186,0.14904166666666666,70.5,0.95
9827149,K02586.01,1,2.131945045,133.65547,0.07525416666666666,269.4,1.66
5546691,K02587.01,1,12.9462567,139.4165,0.3986666666666666,168.7,1.13
12156347,K02588.01,1,5.77957133,136.53014,0.10505416666666667,396.6,1.5
8547429,K02658.01,1,11.6601667,140.62189,0.24508333333333332,181.0,2.08
8803882,K02659.01,0,89.465468,170.8426,0.4116666666666667,67.9,2.57
9893318,K02660.01,1,18.0161227,145.24169,0.16733333333333333,499.5,2.39
6864885,K02434.01,0,40.8777605,163.43477,0.40604166666666663,719.1,29.55
5097868,K02435.01,0,6.80243431,132.40355,0.15904166666666666,249.1,2.6
8570333,K02436.01,1,84.5733346,150.152,0.24008333333333332,891.6,2.59
8478994,K00245.02,1,21.30181863,191.84136,0.1615125,87.3,0.72
5036705,K02437.01,1,4.14789051,135.53291,0.15954166666666666,137.6,1.93
9653622,K02513.01,1,19.0054098,144.15574,0.07679166666666666,542.4,28.47
4391348,K02514.01,0,1.96433113,131.65195,0.09920833333333332,139.1,1.33
8947520,K02517.01,1,0.968527683,131.50954,0.056966666666666665,114.6,1.21
10468885,K02589.01,1,0.664074145,133.40285,0.04552083333333333,212.6,1.19
12016267,K02590.01,0,11.7489907,135.68045,0.16845833333333332,36.7,1.01
3861595,K00004.01,1,3.849371737,157.526686,0.10966666666666666,1298.6,12.94
5725087,K00033.01,0,0.366197145,133.55969,0.051395833333333335,275.3,51.34
10489206,K00251.01,1,4.164384505,171.087935,0.07693333333333333,2338.0,2.54
3426367,K02662.01,1,2.10433534,133.31612,0.04653333333333333,242.1,0.79
5562090,K02664.01,1,28.8431751,143.82307,0.132125,756.7,2.66
11548140,K00256.01,0,1.378649746,169.780113,0.05096666666666667,22462.0,6.51
12110786,K02665.01,0,1.112207126,131.8505,0.05625,54.7,0.73
3654095,K02667.01,0,1.303576682,133.0758,0.04254166666666666,245.5,1.51
5078939,K02438.01,0,1.958577398,132.26115,0.09949999999999999,453.0,1.8
6867555,K02439.01,1,5.19103699,135.21628,0.17591666666666667,290.1,1.92
5339567,K02440.01,1,4.86638504,134.01501,0.09566666666666665,143.8,1.32
4459924,K02441.01,0,4.79176993,134.03502,0.1883333333333333,116.6,0.81
11080405,K02442.01,1,25.1933989,146.4301,0.1925,481.2,1.95
5529738,K02518.01,0,0.759762021,131.79506,0.20466666666666666,227.0,24.2
10059645,K02520.01,1,6.49441464,132.25189,0.09766666666666665,357.3,1.75
5364071,K00248.03,1,2.576571021,172.126911,0.06665416666666665,852.8,1.57
7183745,K02521.01,1,28.4750006,154.5706,0.19658333333333333,763.8,2.64
8212002,K02593.01,1,14.7966306,142.74484,0.233875,56.1,0.98
8004903,K02594.01,1,11.25401871,136.8901,0.19829166666666667,433.4,2.42
8883329,K02595.01,1,9.18244299,134.04601,0.17991666666666664,87.6,1.24
8883329,K02595.02,1,14.6134781,140.41368,0.21941666666666665,72.8,1.12
3644653,K02596.01,0,119.682075,176.0877,1.3033333333333332,1704.1,30.39
11253827,K02672.02,1,42.9923284,162.50532,0.19691666666666666,1120.1,3.32
5514383,K00257.01,1,6.88341278,172.66227,0.08614166666666667,487.4,2.63
10747445,K02673.01,0,4.593595496,134.88971,0.11445,45034.0,44.14
8022489,K02674.01,1,197.5111484,272.3864,0.46275,2575.6,9.52
8022489,K02674.02,1,11.1726723,140.00764,0.2544166666666666,76.8,1.5
8022489,K02674.03,1,2.53573284,133.01581,0.16620833333333332,68.0,1.36
9209624,K02443.01,1,6.79164656,136.48519,0.13929166666666665,102.6,1.01
9209624,K02443.02,1,11.8376933,142.21212,0.14087499999999997,92.9,1.0
3354846,K02444.01,1,18.5525162,135.51322,0.1827083333333333,771.5,2.53
8478994,K00245.03,1,13.3669309,184.0734,0.15554166666666666,12.2,0.27
3946023,K02447.01,0,1.045492348,132.27517,0.12220833333333332,28.7,0.83
7183745,K02521.02,1,4.86634094,353.34131,0.07854166666666666,366.7,1.94
9177629,K02522.01,1,5.60402307,133.82508,0.04280416666666667,224.9,1.25
7778767,K02523.01,1,13.0313583,144.11544,0.188375,573.3,2.88
7515762,K02524.01,1,40.9905002,132.4136,0.30566666666666664,297.3,2.41
5942949,K02525.01,1,57.2932309,146.23112,0.20325,773.6,1.95
12120307,K02597.01,1,8.00504749,138.71228,0.1383333333333333,187.5,1.52
12120307,K02597.02,1,12.13070414,139.89855,0.160125,211.2,1.61
12120307,K02597.03,1,5.61357653,131.81669,0.12104166666666666,162.3,1.41
9777251,K02600.01,0,1.33255087,132.059,0.14854166666666666,123.3,1.19
6864893,K02375.01,0,40.8792243,163.41583,0.291875,413.6,1.62
11701407,K02376.01,1,18.8262877,134.70322,0.09766666666666665,795.8,2.34
11288051,K00241.03,1,3.41045981,131.58062,0.11941666666666667,136.2,1.06
10813132,K02378.01,1,4.76702759,132.69368,0.08387499999999999,163.4,1.19
5857540,K02448.01,1,13.62801048,135.45073,0.14739166666666664,912.8,3.28
7289317,K02450.01,1,16.83203175,140.53041,0.16795833333333332,326.0,1.86
6500206,K02451.01,0,13.37499553,142.38153,0.06829166666666667,458.1,2.01
5545815,K02452.01,0,4.35370136,134.09426,0.07970833333333333,168.9,1.33
3116302,K02526.01,0,134.96694,205.9674,0.7679166666666666,68.4,0.87
7879433,K02527.01,1,1.385787741,135.49119,0.0685375,85.4,0.55
9205907,K02528.01,1,12.02295362,136.20687,0.05277916666666666,778.6,3.28
8463346,K02529.01,1,16.79716262,134.0417,0.15958333333333333,1023.8,2.75
5364071,K00248.04,1,18.59611518,141.26331,0.09605,813.8,1.53
10489206,K00251.02,1,5.77440326,132.96695,0.07366666666666666,245.3,0.8
7531677,K02601.01,0,2.622134451,131.87323,0.19729166666666667,128.2,1.64
10068659,K02602.01,1,11.47685263,139.63194,0.11483333333333332,240.6,1.58
9718379,K02379.01,0,40.0088894,141.74475,0.15066666666666667,582.3,20.75
4055774,K02381.01,0,6.58738839,133.35768,0.19824999999999998,258.5,1.35
6670075,K02382.01,0,0.759706632,131.7692,0.045399999999999996,39.7,1.38
9395024,K02383.01,1,4.37033233,131.92696,0.11854166666666667,177.8,1.56
11401822,K02454.01,0,1.08070294,131.86686,0.140125,145.6,1.04
6507427,K02455.01,0,4.74254518,133.13916,0.042624999999999996,305.7,1.77
5521300,K02456.01,0,18.13559979,138.31557,0.084125,452.7,24.49
8478994,K00245.04,1,51.20690303,195.7303,0.3745833333333333,nan,nan
9753154,K02457.01,1,3.70429015,132.21478,0.14041666666666666,55.7,1.45
9011825,K02530.01,1,37.3331165,162.90453,0.3184583333333333,187.8,2.5
5174858,K02532.01,1,7.9709719,134.0507,0.05372083333333333,488.4,2.27
11074835,K02533.01,1,6.03355539,137.121,0.4187083333333333,89.5,3.34
1996180,K02534.01,1,3.02558494,134.36744,0.12503333333333333,128.3,1.62
10407221,K02605.01,0,0.933746783,131.51962,0.17729166666666665,417.5,1.3
5991936,K02606.01,0,6.09740316,133.32402,0.193125,568.5,45.49
6269070,K02608.01,1,2.7612237,131.6081,0.15337499999999998,66.8,1.84
6705137,K02609.01,0,5.59727625,131.86798,0.06912499999999999,200.8,1.26
8345172,K02385.01,0,50.5715805,161.11366,0.15525,1282.6,2.74
12254378,K02387.01,1,2.032319072,132.32157,0.06984166666666666,315.5,1.87
4247791,K00028.01,0,4.100870416,168.1460533,0.33973375,123521.0,82.46
7604328,K02458.01,1,4.35407371,132.85695,0.10112499999999999,277.1,1.63
11236244,K02460.01,1,11.32269749,136.05511,0.14654166666666665,311.0,1.51
9837685,K02461.01,1,13.71218522,135.51875,0.10154166666666666,786.7,2.47
5042210,K02462.01,1,12.14684625,131.55623,0.2582083333333333,70.7,1.75
12454461,K02463.01,1,7.46718958,136.39348,0.15137499999999998,75.7,1.04
9635606,K02535.01,1,48.8882668,153.8341,0.26949999999999996,462.8,2.96
3728701,K02536.01,1,51.1319346,137.1568,0.25079166666666663,382.3,2.43
10861715,K02537.01,0,133.516435,134.8898,0.0915,510.0,2.01
1849702,K02538.01,1,39.8312536,155.6409,0.10175000000000001,388.8,1.46
9390653,K00249.01,1,9.549277089,175.757183,0.06596666666666666,1826.9,1.57
11187837,K00252.01,1,17.60461401,170.4984,0.15483333333333332,2292.1,2.64
8885673,K02611.01,0,1.228721184,133.49967,0.043375,465.6,1.62
8025596,K02615.01,1,4.69505576,133.93643,0.12741666666666665,240.0,1.49
5956787,K02616.01,0,0.569115976,132.01945,0.08449999999999999,796.9,1.8
3642741,K00242.01,0,7.258450123,138.344691,0.2387375,3714.7,5.53
12071037,K02388.01,0,6.0959841,135.0254,0.43291666666666667,112.7,0.99
8494617,K02389.01,1,22.9221181,133.66805,0.3416666666666666,140.3,1.33
10289119,K02390.01,1,16.10474503,135.01186,0.238,124.1,3.21
7382313,K02392.01,1,7.42697378,133.099,0.13358333333333333,205.2,1.4
9887224,K02464.01,0,0.874629873,132.25706,0.07425,68.1,0.72
7542369,K02465.01,0,5.46091846,131.66849,0.07420833333333332,172.0,1.25
8544992,K02466.01,1,3.17323012,133.69979,0.07955833333333333,204.5,0.88
8544992,K02466.02,1,13.2970695,140.94606,0.13679166666666664,219.7,0.91
11295426,K00246.01,1,5.398752862,173.858666,0.14292916666666666,346.5,2.21
7289162,K02539.01,0,5.26648126,131.6902,0.08183333333333333,97.8,1.07
3001885,K02540.01,0,2.67596808,133.70492,0.08420833333333333,420.6,1.57
12306058,K02541.01,1,7.41683033,137.96389,0.3030833333333333,72.6,3.36
6183511,K02542.01,1,0.727331746,132.37007,0.034679166666666664,357.4,0.67
12469800,K02543.01,1,1.302017467,131.93696,0.05705,290.5,1.37
4915638,K02617.01,1,8.63050092,139.57438,0.131,325.8,1.43
6351097,K02618.01,0,12.49117388,136.31491,0.11866666666666666,189.9,1.36
8081905,K02619.01,1,3.27645723,131.97924,0.09245833333333332,323.0,1.71
11465950,K02620.01,1,16.0573291,132.39054,0.14775,575.0,2.27
9996632,K02621.01,0,8.44326557,136.26748,0.13970833333333332,359.5,1.97
4665571,K02393.01,1,4.60300256,133.22313,0.11186666666666667,302.5,1.32
4829935,K02395.01,0,16.9329284,132.15407,0.050749999999999997,488.3,2.46
9269042,K02397.01,1,12.00089667,142.04182,0.13608333333333333,420.7,1.47
6199056,K02398.01,0,1.169010526,131.738567,0.04882083333333333,165.9,91.91
11461433,K02399.01,1,1.916940872,132.46734,0.05934583333333333,105.1,0.89
11818607,K02467.01,1,5.05661302,134.39648,0.16358333333333333,137.9,1.15
8380709,K02468.01,1,24.3344939,147.41892,0.27320833333333333,323.1,1.74
6149910,K02469.01,1,131.187921,172.3923,0.28770833333333334,915.9,2.34
9108085,K02470.01,0,2.17489806,134.11887,0.191625,74.8,1.08
5436013,K02471.01,1,25.8859397,157.04329,0.1895,217.1,1.66
8676148,K02544.01,1,28.6253502,158.11827,0.189625,652.7,2.38
9696358,K02545.01,1,6.98141327,132.7883,0.2719583333333333,38.0,1.42
5039129,K02546.01,0,1.319677953,132.06143,0.08241666666666667,100.7,1.13
4484336,K02547.01,1,8.94337724,137.30234,0.102875,215.1,1.48
9757613,K00250.01,1,12.282998287,170.39809,0.1129,2794.7,2.83
10527135,K02622.01,0,0.328686504,132.77146,0.0358,171.9,1.11
11752906,K00253.01,1,6.383159135,170.604622,0.07293333333333332,2313.2,2.73
10916600,K02623.01,1,5.57654782,136.42668,0.15304166666666666,53.6,0.92
8429314,K02624.01,1,115.6863392,246.98666,0.19375,945.9,3.52
9153570,K02625.01,1,3.81371423,132.57465,0.08220833333333333,281.0,1.37
11768142,K02626.01,1,38.0970717,140.00353,0.17945833333333333,913.3,1.58
9592579,K00243.01,0,2.637574744,134.212775,0.2273875,5423.5,9.16
8481129,K02402.01,1,16.3012727,133.79446,0.16558333333333333,259.5,1.54
2142522,K02403.01,1,13.32354078,134.03671,0.161375,116.6,1.32
9395719,K02472.01,1,2.607545159,131.83453,0.05798333333333333,351.5,2.07
8753896,K02473.01,1,3.24417541,132.94014,0.08299999999999999,371.9,1.84
8746295,K02475.01,0,6.85567248,136.01953,0.09449999999999999,197.7,1.27
10090257,K02476.01,0,2.28607282,133.557,0.3258333333333333,261.8,1.01
11295426,K00246.02,1,9.60505976,136.37863,0.1252625,55.0,0.91
10679583,K02549.01,0,3.54789928,133.78212,0.11920833333333333,185.3,0.99
8757824,K02552.01,1,3.65690909,134.95269,0.086,107.4,1.32
9832208,K02553.01,1,88.0712769,214.51304,0.2815833333333333,885.4,2.4
6124512,K02627.01,1,8.38395796,134.41408,0.21666666666666667,108.5,3.24
10070468,K02628.01,1,1.68189051,133.07951,0.12466666666666666,83.2,1.27
10031656,K02629.01,0,8.59000355,131.97492,0.2783333333333333,298.1,1.82
7584650,K02631.01,1,44.9977604,160.2298,0.4035833333333333,170.2,1.59
11337566,K02632.01,1,7.12815163,136.88006,0.23008333333333333,45.9,1.36
10202759,K02405.01,0,0.872952088,131.49734,0.060412499999999994,137.3,25.5
5007345,K02406.01,1,7.01074295,138.4027,0.09077916666666666,222.8,3.76
12120484,K02407.01,1,17.2922631,135.75448,0.29341666666666666,203.1,2.13
6429812,K02408.01,1,94.289223,166.50826,0.17091666666666666,505.4,2.11
6846911,K02477.01,1,14.02634692,135.17539,0.05336666666666666,403.6,2.66
5385439,K02478.01,0,12.425866431,141.5137911,1.2142833333333334,257.9,2.12
5963582,K02479.01,1,25.5433704,140.58705,0.3569583333333333,138.6,2.11
4476423,K02481.01,0,33.8542586,132.1329,0.5287083333333333,253.3,15.96
11403389,K02482.01,1,45.0909201,133.55146,0.19187500000000002,436.3,2.44
9851662,K02483.01,1,15.0539886,135.53329,0.18424999999999997,221.5,1.44
8758204,K02841.01,1,159.388788,226.9313,0.35133333333333333,1033.0,2.73
8733898,K02842.01,1,1.565412613,132.91281,0.031549999999999995,2754.6,1.73
8733898,K02842.02,1,5.14892346,133.31971,0.04005416666666667,2355.0,1.72
3228945,K02917.01,0,0.730943372,131.49862,0.12516666666666665,134.7,1.37
7008149,K02918.01,0,0.515552803,131.651719,0.07445416666666665,1224.1,13.96
10332213,K02919.01,1,2.522590567,131.64534,0.05858333333333333,210.2,25.82
7090524,K02920.01,1,6.73968289,132.29296,0.17429166666666665,142.0,1.48
11133306,K00276.01,1,41.74598855,210.399151,0.19218749999999998,421.8,2.4
6307063,K02702.01,0,75.378004,167.11715,0.28099999999999997,447.8,3.82
5871985,K02703.01,1,213.258526,268.13424,0.32366666666666666,1992.3,2.72
8292840,K00260.02,1,100.2830675,245.04318,0.45265,351.2,2.51
9730163,K02704.01,1,4.871223664,133.64255,0.06631666666666666,6462.0,1.56
9730163,K02704.02,1,2.984157711,133.11908,0.05265416666666667,2598.0,0.92
11453592,K02705.01,1,2.8867624,131.66592,0.0411625,631.8,1.24
3834322,K02763.01,0,0.498434645,131.57053,0.03979166666666666,239.2,1.08
11188249,K02765.01,0,2.75505467,133.42201,0.14275,85.5,1.74
4677282,K02766.01,0,1.572181216,131.77456,0.3007916666666667,219.5,77.12
5097470,K02767.01,0,1.28805834,131.9914,0.14245833333333333,92.6,1.08
4858610,K02844.01,0,2.72288246,131.90948,0.10033333333333333,152.6,1.06
10591855,K02845.01,1,1.574090323,131.86116,0.06581666666666666,224.9,0.93
4832175,K02846.01,0,0.947738312,132.38567,0.050249999999999996,202.2,0.88
7749773,K02848.01,1,13.7872627,144.77403,0.23945833333333333,75.1,1.55
9451706,K00271.03,1,14.4359459,141.51253,0.14225,107.3,1.46
10064256,K02849.01,1,5.95958637,135.00822,0.12079166666666666,133.1,1.02
4381282,K02922.01,0,0.497581917,131.6572,0.06083333333333333,140.6,0.76
7609553,K02924.01,1,2.279523364,133.3576,0.06750833333333334,126.8,0.87
10122538,K02926.01,1,12.2854718,131.90073,0.12483333333333332,1617.1,2.21
10122538,K02926.02,1,5.53609368,131.88286,0.09559166666666666,1223.3,2.2
5480640,K02707.01,1,58.0337426,138.7412,0.23266666666666663,807.1,3.21
5480640,K02707.02,1,14.4252635,136.75608,0.15641666666666665,221.2,1.68
5480640,K02707.03,1,26.6757818,149.99527,0.11233333333333334,474.8,2.69
5175986,K02708.01,1,0.868386354,132.06741,0.04441666666666667,488.5,1.52
9008737,K02768.01,1,11.8288843,137.6991,0.13904166666666667,191.0,1.18
9008737,K02768.02,1,14.7512034,137.1559,0.05208333333333333,261.1,1.63
9692128,K02769.01,0,1.480323978,131.7553,0.076375,166.2,1.46
6521045,K00041.02,1,6.88707073,133.17797,0.1861625,68.7,1.3
8167959,K00267.01,0,165.75597,207.3074,0.3520833333333333,57.3,15049.8
4075015,K02850.01,0,1.11431205,131.75649,0.088,160.4,1.07
6697605,K02851.01,1,3.42064689,132.30629,0.073625,356.8,2.27
6294819,K02852.01,1,0.675650404,131.68114,0.0760875,200.7,1.36
3230753,K02928.01,0,17.7337356,143.9223,0.2315833333333333,217.3,1.24
8358012,K02929.01,0,10.06478627,135.24121,0.11916666666666666,285.7,1.49
4664046,K02930.01,0,1.12976597,132.526,0.129,133.7,0.83
11401755,K00277.01,1,16.23191704,171.67758,0.310875,501.6,3.54
4180401,K02709.01,0,15.4126766,144.9757,0.14175,599.8,2.82
6350476,K02710.01,0,1.110599919,131.57274,0.05622083333333333,157.6,1.07
8292840,K00260.03,1,21.86965714,140.29513,0.22990416666666663,125.5,1.51
5272233,K02711.01,1,9.02436414,133.54199,0.12545833333333334,214.6,1.62
5272233,K02711.02,1,17.3408735,138.96694,0.14158333333333334,159.0,1.43
11456382,K02771.01,0,0.814280672,131.64736,0.09691666666666666,134.9,1.91
3130548,K02773.01,0,0.878855771,131.49524,0.045891666666666664,269.7,1.57
9593757,K02774.01,0,2.49432176,133.61066,0.09695416666666667,8043.0,8.91
4275117,K02776.01,0,1.00652785,131.71627,0.054895833333333324,125.9,1.03
6545051,K02777.01,0,1.99566293,132.8585,0.18808333333333332,197.0,1.11
5513866,K02854.01,0,0.755111225,131.80687,0.13183333333333333,168.0,1.38
5688910,K02856.01,1,25.8730914,143.28644,0.21187499999999998,694.4,2.88
6345732,K02857.01,1,20.2642023,135.27919,0.1943333333333333,185.3,2.12
6345732,K02857.02,1,7.44136102,137.74695,0.18975,79.7,1.33
8611257,K02931.01,1,99.2532336,148.53067,0.30033333333333334,538.0,2.17
3861611,K02932.01,0,3.84933401,134.43526,0.09579166666666666,503.9,2.12
10880507,K02936.01,1,6.4802138,132.8598,0.13624999999999998,142.0,1.26
5443604,K02713.01,0,21.3910125,141.29764,0.14633333333333332,645.8,1.72
12206313,K02714.01,1,14.3832267,140.57648,0.3490833333333333,178.5,1.84
12206313,K02714.02,1,47.3186631,170.06035,0.43604166666666666,263.4,2.1
9837661,K02715.01,1,11.12827427,139.54417,0.108825,6057.0,4.04
7769819,K02778.01,1,2.21571296,131.82107,0.07587916666666666,285.1,1.7
11874577,K02779.01,1,34.4585495,147.82493,0.30974999999999997,431.0,1.88
12164564,K02780.01,1,3.35184041,131.64441,0.08272916666666666,345.3,1.88
8190354,K02781.01,0,1.615758517,131.68535,0.07225,41.7,1.31
10397751,K02859.01,1,3.4462125,132.22894,0.08754166666666666,83.5,0.7
10397751,K02859.02,1,2.005414293,133.24526,0.08058333333333333,59.5,0.65
7815931,K02861.01,0,1.868564038,132.51442,0.049666666666666665,176.7,1.4
9642292,K02946.01,1,15.1408916,143.74584,0.18162499999999998,476.8,1.93
6356692,K02948.01,1,11.39169531,141.55983,0.20833333333333331,51.0,1.02
4991208,K02951.01,1,2.44358543,132.80194,0.07716666666666666,59.1,0.67
8243283,K02952.01,0,1.7592691,132.07552,0.09920833333333332,140.4,1.21
9837661,K02715.02,1,2.226496196,133.37195,0.07113749999999999,1839.1,2.1
9837661,K02715.03,1,5.72084599,134.66576,0.11433333333333334,1316.0,1.78
9092504,K02716.01,1,0.962864171,132.12548,0.07000833333333333,303.5,1.52
5383248,K00261.01,1,16.23847733,171.019564,0.1654125,646.7,2.76
9092504,K02716.02,1,6.46004728,135.96779,0.08245833333333333,394.2,1.8
10001368,K02785.01,1,4.76831033,134.86116,0.13484583333333333,251.8,1.78
9466429,K02786.01,1,44.616751,164.45238,0.32629166666666665,239.7,2.31
4365442,K02787.01,0,1.714410345,131.86549,0.13899999999999998,50.4,1.84
8885643,K02789.01,1,3.40165617,132.06195,0.08173749999999999,155.9,1.34
5652893,K02790.01,1,14.00948631,132.96947,0.141625,169.9,0.98
3241557,K02863.01,0,1.703359172,132.46185,0.07974999999999999,57.6,0.69
3957082,K02864.01,0,3.77881664,134.208,0.24245833333333333,47.1,3.99
8681833,K02865.01,1,1.311558909,131.53283,0.07995833333333333,141.3,1.15
4138951,K02866.01,1,1.291233083,131.99105,0.07729166666666666,66.0,0.89
3102384,K00273.01,1,10.573751447,175.067739,0.07191249999999999,298.9,2.07
10471515,K02961.01,1,3.7847507,133.50785,0.12183333333333332,33.5,0.7
8760040,K02963.01,1,18.2206024,141.37607,0.21287499999999998,201.8,1.78
10098844,K02964.01,1,47.4497134,173.4565,0.4447916666666667,206.4,1.61
9467404,K02717.01,1,0.929906166,132.25126,0.072625,108.7,1.48
5308666,K02718.01,0,0.784513087,131.98751,0.080025,316.6,131.4
5184911,K02719.01,1,4.11585514,134.11726,0.06190833333333333,425.8,1.93
6587105,K02721.01,1,33.878639,160.21869,0.25808333333333333,700.1,3.52
11662184,K02791.01,1,27.5722144,145.39543,0.219,296.3,1.94
11127479,K02792.01,1,2.12821621,132.48055,0.13108333333333333,25.9,0.7
5428668,K02794.01,0,0.703399912,131.65929,0.034291666666666665,531.4,2.15
5041569,K02795.01,0,2.5355023,132.20054,0.29954166666666665,354.6,2.7
9899181,K02867.01,0,1.332560553,132.05303,0.138125,31.7,0.4
9899181,K02867.02,0,18.936061,139.0725,0.9279166666666666,24.3,0.34
8884274,K02868.01,1,10.65275054,136.08994,0.11183333333333334,740.7,2.2
7767162,K02869.01,1,3.30040818,133.56723,0.18591666666666665,98.8,1.43
4861791,K02870.01,0,5.62950902,136.8607,0.2725833333333333,297.5,2.11
4385148,K02942.02,1,24.2758992,152.43133,0.19124999999999998,702.2,2.25
9838468,K02943.01,1,54.4099612,175.40307,0.38808333333333334,193.0,1.56
6781548,K02944.01,0,9.12209336,138.83306,0.181125,906.8,28.17
8617363,K02945.01,1,19.94752741,144.2469,0.07316666666666666,861.3,2.52
11401755,K00277.02,1,13.84984567,141.64914,0.3032625,84.6,1.45
7673192,K02722.01,1,6.12479773,134.93803,0.14441666666666667,129.3,1.51
7673192,K02722.02,1,11.24284815,136.32084,0.1767083333333333,136.0,1.44
7673192,K02722.03,1,4.02877097,133.76774,0.13220833333333332,100.4,1.21
7673192,K02722.04,1,8.92114318,137.49071,0.163875,110.8,1.27
11807274,K00262.01,1,7.81285862,172.6138,0.17074999999999999,117.3,1.68
7670943,K00269.01,1,18.01164974,185.09162,0.2806958333333333,107.8,1.83
6697756,K02798.01,1,0.916142298,132.02221,0.04814583333333333,98.5,0.6
5649833,K02799.01,0,0.597933473,131.95386,0.07991666666666666,106.0,1.24
10518399,K02800.01,0,2.69636494,132.99372,0.16216666666666665,109.0,1.24
5905822,K02801.01,1,6.99205021,138.05147,0.20987499999999998,33.4,1.06
10793172,K02871.01,1,12.0999065,143.04424,0.14825,165.5,1.39
10793172,K02871.02,1,5.36375016,134.65014,0.1225,114.3,1.15
7136729,K02872.01,0,3.17319407,133.38365,0.10466666666666666,135.8,0.91
6364276,K02873.01,0,5.24368302,132.7109,0.4530416666666666,225.4,0.91
5108946,K02955.01,0,0.591280187,131.74406,0.04856666666666666,135.0,1.3
8801316,K02956.01,1,3.93766786,135.27724,0.19395833333333334,24.3,1.36
10876237,K02960.01,0,1.465943491,132.32801,0.06304166666666666,52.3,1.6
12314973,K00279.01,1,28.45489091,176.706265,0.33997083333333333,1418.6,6.08
3346154,K02723.01,1,1.952711161,133.160986,0.03633333333333333,403.0,2.58
5308387,K02724.01,0,0.620739667,132.10051,0.10320833333333332,108.2,29.28
6233573,K02725.01,0,0.587470828,131.49788,0.10159166666666666,193.8,51.02
10363281,K02726.01,0,0.934924739,132.17846,0.08549999999999999,73.8,2.29
4861527,K02727.01,0,25.7054557,156.66709,0.25245833333333334,266.3,1.75
5775129,K02802.01,1,3.84822189,131.9185,0.08387499999999999,203.9,1.72
9898447,K02803.01,1,2.37752442,133.39854,0.09612499999999999,32.1,0.53
5307568,K02804.01,0,2.62838097,131.62343,0.13304166666666667,89.9,1.01
11135308,K02805.01,1,1.877878538,132.26131,0.09958333333333333,47.5,0.78
6521045,K00041.03,1,35.3331932,153.98249,0.24858333333333332,99.7,1.55
8077137,K00274.01,1,15.0896415,175.95371,0.18062083333333334,77.8,1.42
7019524,K02877.01,1,5.30873978,134.25061,0.12574999999999997,127.5,1.08
5106313,K02878.01,1,3.89524296,131.85929,0.070375,189.0,1.13
9825174,K02880.01,1,0.740926358,131.91163,0.04234583333333333,195.5,1.22
8429415,K02965.01,0,1.352564873,132.04752,0.14454166666666665,56.7,1.45
5014903,K02966.01,0,7.72768833,136.19387,0.08583333333333333,404.8,1.89
5980783,K02967.01,1,37.3033197,133.3072,0.3247083333333333,551.7,2.31
8560804,K02969.01,0,31.9729501,133.88218,0.39208333333333334,156.3,2.41
12008872,K02729.01,1,14.8877665,141.95432,0.20754166666666665,252.5,1.96
8415200,K02730.01,1,4.52158614,133.21804,0.14459166666666667,106.2,1.31
4072333,K02731.01,0,2.007750531,132.57843,0.08631249999999999,352.0,1.64
9886361,K02732.01,1,7.03146295,134.4525,0.24674999999999997,85.4,1.38
9886361,K02732.03,1,54.2811949,140.71639,0.229875,147.8,2.07
3730335,K02808.01,0,0.596087893,131.82296,0.029829166666666664,105.1,1.92
6528464,K00270.01,1,12.58229808,175.02129,0.265625,118.7,1.53
7428316,K02809.01,0,7.12684695,137.42807,0.13245833333333332,206.3,1.38
10275766,K02810.01,0,0.661749944,131.86076,0.17133333333333334,215.6,23.92
10275766,K02810.02,0,354.95118,156.9947,0.5425,421.9,2.53
6370120,K02811.01,0,1.35477049,131.64321,0.06741666666666667,145.3,0.8
5642620,K02882.02,0,0.493393859,131.57378,0.047162499999999996,264.7,1.4
5209845,K02883.01,1,11.95401876,140.26226,0.11066666666666666,855.9,2.1
9652649,K02884.01,0,2.48883033,132.11766,0.17783333333333332,51.4,0.64
11100670,K02885.01,0,20.2340219,141.38622,0.15308333333333332,193.6,0.99
6129524,K02886.01,1,0.88184263,131.68869,0.05465416666666667,249.9,1.24
5794570,K02675.01,1,5.448321078,132.49088,0.09255416666666666,529.4,2.17
5794570,K02675.02,1,1.116127169,131.84982,0.055145833333333324,109.2,1.0
5649325,K02676.01,0,195.613824,167.73974,0.9907083333333333,1651.9,10.65
6779260,K02678.01,1,3.833087643,131.63482,0.06291666666666666,461.4,2.25
11807274,K00262.02,1,9.37663713,136.95319,0.0876375,118.4,1.89
5953297,K02733.01,1,5.62006198,132.95381,0.11462499999999999,190.1,1.45
7659389,K02734.01,1,3.8259005,132.20163,0.0752375,857.2,3.45
9472074,K02735.01,1,0.558841234,131.57991,0.03299166666666666,280.9,1.33
10842192,K02736.01,1,9.33648141,140.67893,0.1060375,885.4,2.39
2442448,K02812.01,1,76.6139446,153.79301,0.42583333333333334,498.7,2.61
9665922,K02815.01,0,1.545388842,132.63059,0.12654166666666666,52.8,0.56
11283615,K02816.01,1,1.289590179,131.89057,0.05642083333333334,286.0,1.38
7605093,K02817.01,1,0.634003002,131.89476,0.038362499999999994,316.9,1.35
3859363,K02887.01,0,1.56859048,131.64081,0.48295833333333327,280.6,23.41
8077137,K00274.02,1,22.8030252,153.37541,0.19866666666666666,62.9,1.29
12023078,K02888.01,0,0.623441939,131.990423,0.058554166666666664,128.1,13.89
6364162,K02889.01,0,5.24364571,132.7242,0.7076666666666667,270.4,25.01
7463685,K02890.01,1,8.98826122,138.83733,0.20666666666666667,160.8,1.39
11231334,K00258.01,0,4.15743922,172.50464,0.39883333333333326,1472.0,96.99
6878240,K02681.01,1,135.4978256,233.6923,0.28204166666666663,5038.1,6.01
6878240,K02681.02,1,22.2508509,149.43326,0.07270833333333333,618.7,2.07
2436378,K02682.01,0,8.53161917,136.27763,0.12331666666666666,65744.0,54.6
6614629,K02737.01,0,0.526615152,131.49908,0.04409166666666667,64.0,1.46
6630943,K02738.01,0,0.690405794,131.7301,0.07252916666666666,178.4,1.04
4831728,K02739.01,1,10.10773789,135.1032,0.15949999999999998,294.9,1.98
3336765,K02740.01,0,1.844857057,132.16167,0.0689875,85.6,0.97
4270565,K02819.01,0,18.0116764,139.19459,0.25025,417.2,2.02
6528464,K00270.02,1,33.67280658,162.03676,0.34277916666666663,170.9,1.86
11963206,K02820.01,1,3.00912491,131.62696,0.09283333333333334,191.4,1.22
8263545,K02822.01,1,4.44589508,131.74309,0.09923333333333334,441.4,1.94
10068024,K02891.01,0,2.023126394,132.07328,0.053212499999999996,72.2,0.92
9636563,K02892.01,0,10.63609504,139.7996,0.145,290.6,1.36
6937402,K02894.01,1,10.3108232,141.5114,0.23404166666666665,204.0,1.27
5475641,K02895.01,0,1.069842837,132.4449,0.21979166666666666,540.3,1.77
2853828,K02896.01,0,1.077467951,131.58234,0.08802083333333333,75.7,31.06
4035667,K02684.01,0,2.8736467,132.58652,0.07008333333333333,215.7,6.47
9612825,K02685.01,0,2.846517614,133.24348,0.17616666666666664,2154.4,1.88
7826659,K02686.01,1,211.032819,279.12891,0.29662499999999997,1953.4,3.43
7202957,K02687.01,1,1.716828304,132.03204,0.08616666666666667,59.5,0.74
5513893,K02741.01,0,0.755103143,131.81388,0.12020833333333332,43.8,1.49
10514430,K00263.01,0,20.71927223,184.73851,0.16828333333333334,224.6,2.51
8095441,K02743.01,1,11.87457664,140.21259,0.08248749999999999,220.7,1.32
5881813,K02744.01,1,109.6469948,190.67271,0.2736666666666666,899.7,4.85
12456601,K02745.01,1,15.64588656,146.04926,0.16495833333333332,572.1,2.18
10341917,K02823.01,0,0.93375241,131.5113,0.26466666666666666,518.0,3.18
3241604,K02824.01,0,1.70336496,132.45889,0.07102083333333332,316.7,1.67
9591070,K02825.01,0,0.764174368,131.68497,0.09775,100.2,1.18
8227661,K02826.01,0,1.85373924,132.66885,0.07566666666666666,348.6,0.23
7428736,K02827.01,1,7.06321927,132.52395,0.10045833333333333,207.2,1.21
5817986,K02897.01,0,0.584310213,132.013258,0.09083749999999999,809.4,23.09
11129258,K02898.01,1,25.384175,137.77326,0.149,594.0,2.44
10586004,K00275.01,1,15.79196594,176.81888,0.30321666666666663,203.1,2.4
7202957,K02687.02,1,8.16733851,136.20356,0.13904166666666667,104.9,1.03
6521045,K00041.01,1,12.81590421,122.94682,0.2660666666666667,220.5,2.26
5790807,K00259.01,0,79.99623328,207.126264,0.2639125,24383.5,40.73
8892303,K02688.01,1,5.424749327,133.728952,0.04745833333333333,7680.0,5.15
5369827,K02690.01,1,3.606940379,134.77442,0.043408333333333333,432.3,2.04
5302643,K02746.01,0,69.2002312,145.95159,0.236625,2271.5,45.24
6586746,K02747.01,1,6.26404774,132.82928,0.09958333333333333,378.7,1.55
9962455,K02748.01,1,23.1985852,142.62801,0.4092083333333333,224.7,2.61
9962455,K02748.02,1,5.77721259,137.16696,0.10258333333333333,134.3,2.17
8687088,K02749.01,0,0.905037231,132.21703,0.05979583333333333,37.5,1.1
6436029,K02828.01,1,59.4969009,146.95193,0.22516666666666665,1262.1,2.92
6197215,K02829.01,1,10.61345333,135.6898,0.040954166666666666,150.2,1.77
9451706,K00271.01,1,48.6303805,172.54736,0.2950208333333333,339.8,2.48
9244508,K02830.01,1,40.5289885,168.01669,0.4418333333333333,360.7,5.92
9692557,K02831.01,0,0.571940563,131.71371,0.037629166666666665,54.3,1.88
9366886,K02901.01,0,0.633514386,131.56236,0.05329999999999999,179.1,0.81
3657176,K02903.01,0,17.4166143,141.10369,0.101875,314.2,1.84
3969687,K02904.01,1,16.3583482,141.25354,0.41075,116.4,2.23
9369366,K02905.01,0,36.0054414,144.34331,0.13591666666666666,117.5,3.33
6716545,K02906.01,1,13.9093544,142.8769,0.281875,86.8,1.33
2989706,K02692.01,0,1.257689465,132.503649,0.03499583333333333,945.6,2.45
5185897,K02693.01,1,4.081411554,133.85992,0.09682916666666666,171.9,1.0
5185897,K02693.02,1,11.41941928,142.11859,0.1378125,150.5,0.99
5185897,K02693.03,1,6.83440674,136.86023,0.09469166666666667,177.1,1.01
9881077,K02751.01,1,24.4004378,135.62326,0.12445833333333334,860.5,2.47
3097346,K00264.01,0,4.029810359,170.69131,0.13881666666666664,111.1,1.77
5717567,K02752.01,0,1.287622419,132.43069,0.03420833333333333,36.5,0.87
6265792,K02753.01,1,0.935115863,132.20193,0.06738333333333332,64.8,1.05
9995402,K02832.01,1,3.57551429,132.86125,0.09849999999999999,92.8,0.89
5609593,K02834.01,1,136.205112,234.72601,0.23199999999999998,1209.3,2.35
5436338,K02835.01,1,6.30922043,133.99677,0.0552125,691.2,1.37
11414465,K02836.01,1,2.94194296,133.1044,0.08566666666666667,278.0,1.22
2708885,K02907.01,0,1.146934644,132.2666,0.0718625,256.2,1.39
6612284,K02908.01,0,1.245353252,132.21522,0.08966666666666667,224.2,1.48
10586004,K00275.02,1,82.2001239,208.79417,0.4427916666666667,233.9,2.57
4483138,K02910.01,1,15.3626052,145.5732,0.15566666666666668,468.3,1.8
9475552,K02694.01,1,0.843379985,131.966174,0.06030833333333333,343.3,1.7
9475552,K02694.02,1,6.56606941,134.49512,0.07689583333333333,402.4,1.83
8292840,K00260.01,1,10.49566303,172.79335,0.19731666666666664,106.1,1.34
10905911,K02754.01,1,1.34155642,132.73743,0.06859166666666666,58.2,0.74
3545135,K02755.01,1,8.48299282,132.96583,0.104375,69.1,0.8
6964929,K02756.01,1,0.665025941,131.65962,0.07309166666666667,104.7,1.11
6432345,K02757.01,1,234.635652,172.64615,0.2902083333333333,868.5,2.56
11565924,K02837.01,1,13.32191461,142.7235,0.25887499999999997,133.5,2.88
6607357,K02838.01,1,7.69994466,134.39282,0.18466666666666667,70.9,0.92
6607357,K02838.02,1,4.77466043,135.16338,0.15849999999999997,54.3,0.81
9451706,K00271.02,1,29.39337161,209.06737,0.29352083333333334,327.0,2.5
6186964,K02839.01,1,2.164570593,131.83142,0.05359166666666666,525.1,1.27
5471202,K02911.01,0,12.4258343,141.5311,1.1715458333333333,449.4,2.75
9640439,K02912.01,0,0.873227249,132.23359,0.03311666666666666,221.8,1.68
9693006,K02913.01,1,2.88878583,132.33651,0.12404166666666666,40.9,0.84
6627507,K02697.01,0,7.37453336,131.55947,0.15604166666666666,304.4,87.08
5128673,K02698.01,1,87.9724227,168.29785,0.6099166666666667,866.7,3.39
6690836,K02699.01,1,0.568874717,132.048771,0.0507375,378.4,1.49
5481148,K02701.01,0,22.023514,135.18349,0.08049999999999999,1670.0,4.79
7877978,K02760.01,1,56.5732318,146.57984,0.1745,688.5,2.69
7903086,K02761.01,0,1.846861455,131.90493,0.0691875,648.6,2.23
12024120,K00265.01,1,3.568099612,169.74278,0.13387916666666666,98.4,1.36
8210018,K02762.01,1,132.9955503,258.3961,0.3098333333333333,1275.4,2.51
3642289,K00301.01,1,6.002548291,171.71419,0.17345,202.0,2.33
3642289,K00301.02,1,11.44865823,141.38705,0.206375,75.2,1.32
3662838,K00302.01,1,24.85466504,173.99971,0.38258333333333333,776.2,7.61
5966322,K00303.01,1,60.92818866,173.37212,0.26389999999999997,755.6,2.78
6029239,K00304.01,1,8.512037736,174.909816,0.0910875,597.8,2.14
12106929,K00359.01,0,5.93720557,171.57597,0.20341666666666663,371.4,1.84
12107021,K00360.01,0,5.93719982,135.95338,0.16458333333333333,175.6,1.47
8248939,K00061.01,0,1.63345402,181.8556,0.15904166666666666,359.0,24.87
12404954,K00361.01,1,3.247548814,171.27807,0.10477500000000001,209.7,1.41
1571511,K00362.01,0,14.022451457,177.5952096,0.3369245833333333,20082.9,14.93
2438070,K00363.01,0,2.442945167,171.09721,0.1672708333333333,677.9,38.29
3747262,K03005.01,0,1.312459403,132.22569,0.06079166666666667,36.9,1.65
9070666,K03008.01,1,2.99792926,131.76579,0.18324999999999997,45.4,1.12
3642335,K03010.01,1,60.8660974,179.28674,0.18320833333333333,714.3,1.39
3328052,K03011.01,0,2.11547854,132.0118,0.15270833333333333,222.9,1.66
9119568,K03087.01,0,5.54867998,133.9285,0.194375,68.9,0.68
9119568,K03087.02,0,1.22174063,132.0174,0.310125,32.2,0.46
9020114,K03088.01,1,3.48412874,134.5504,0.05925,161.6,1.16
6196457,K00285.01,1,13.74883059,179.279158,0.25403333333333333,425.9,3.63
6063220,K00305.01,1,4.603575293,171.840124,0.09791249999999999,440.4,1.51
6071903,K00306.01,1,24.30784323,178.36629,0.10855833333333333,677.1,2.14
6289257,K00307.01,1,19.67409703,176.27119,0.15639583333333332,204.9,1.78
10905239,K00046.01,1,3.487688776,170.932217,0.15985875,1298.8,5.64
11623629,K00365.01,1,81.737872,211.678818,0.27884583333333335,628.8,2.16
4815520,K00367.01,1,31.578651216,177.206237,0.08866291666666666,2125.4,4.52
6603043,K00368.01,0,110.32167272,197.365128,0.5567666666666666,7296.6,18.6
7175184,K00369.01,1,5.88527364,174.42554,0.08137916666666667,112.7,1.59
7109851,K03012.01,0,1.086486129,131.96598,0.034929166666666664,66.0,1.69
7347246,K03014.01,1,86.1160885,134.8808,0.2524166666666666,875.2,3.11
11403530,K03015.01,1,3.61460332,133.09123,0.13445833333333332,43.9,0.9
5088536,K00282.02,1,8.45744892,139.06689,0.13705416666666664,77.4,1.02
6609270,K03090.01,1,3.82223397,132.14965,0.08016666666666666,362.7,1.05
12406807,K03091.01,1,17.067644,145.56929,0.2510833333333333,262.4,1.62
8046689,K03092.01,0,5.78542702,137.09181,0.09462499999999999,256.2,1.91
5096590,K03093.01,1,29.6099055,137.3316,0.3097083333333333,120.1,1.74
9650989,K03095.01,1,3.42390809,132.88326,0.073875,153.1,1.25
6289257,K00307.02,1,5.21104597,131.53797,0.1393625,102.7,1.18
6291837,K00308.01,1,35.5969684,187.52765,0.27879166666666666,684.5,3.72
7024222,K00309.01,0,1.633107509,170.19649,0.062125,60.8,0.53
7024511,K00311.01,0,66.1544958,175.64641,0.289375,1972.0,3.33
7050989,K00312.01,1,11.57890926,175.58603,0.11336249999999999,243.4,2.06
7175184,K00369.02,1,10.10463142,135.55718,0.09870833333333334,114.6,1.59
8494142,K00370.01,1,42.88247951,203.6483,0.40612916666666665,408.9,3.61
11554435,K00063.01,1,9.43414171,177.84346,0.11713333333333333,3977.0,5.73
8494142,K00370.02,1,22.95062278,151.53259,0.18672499999999997,129.8,2.17
5652983,K00371.01,0,498.391282,244.08166,0.255625,1590.0,17.14
6471021,K00372.01,1,125.6291479,253.35079,0.3795,7841.6,10.02
7906671,K03018.01,0,45.1178526,156.99133,0.15570833333333334,389.2,2.78
8709688,K03019.01,1,4.17939037,133.84818,0.11029166666666665,172.8,1.52
3348285,K03021.01,0,0.803835923,131.80207,0.058208333333333334,52.6,0.78
11618601,K03022.01,1,2.76263737,132.99574,0.075875,185.0,1.25
7582689,K03097.01,1,11.9216035,137.47581,0.20870833333333333,43.2,0.87
7582689,K03097.02,1,6.80257947,138.0478,0.19199999999999998,32.7,0.73
7582689,K03097.03,1,8.70312154,140.15531,0.20029166666666667,32.0,0.72
9959589,K03098.01,0,1.332557603,132.05691,0.25179166666666664,225.3,19.88
9025922,K00043.01,0,11.32029599,177.08388,0.19110833333333332,4303.5,8.02
6196457,K00285.02,1,26.723169,147.93696,0.3542083333333333,195.0,2.31
7050989,K00312.02,1,16.39926461,131.96806,0.14211666666666667,220.8,1.94
7419318,K00313.01,1,18.73577127,177.634372,0.12648333333333334,567.2,2.1
7419318,K00313.02,1,8.43639829,179.88704,0.13521249999999999,345.5,1.5
7603200,K00314.01,1,13.78109471,177.852785,0.09661666666666666,756.0,1.42
7603200,K00314.02,1,23.08902241,171.007634,0.07088333333333333,598.3,1.24
10905239,K00046.02,1,6.02977241,132.48162,0.16504166666666664,54.6,1.18
7364176,K00373.01,1,135.1879934,190.93292,0.3674625,663.4,2.32
8686097,K00374.01,1,172.7046083,236.92574,0.4727916666666666,659.1,2.85
12356617,K00375.01,1,988.8811177,239.224189,0.24793333333333334,5060.0,10.81
12643589,K00376.01,0,44.14599042,211.531127,0.14172916666666666,4467.8,121.48
12643589,K00376.02,0,1.411627439,178.263426,0.045058333333333325,515.2,2.99
3323887,K00377.01,1,19.270825843,182.5436,0.17200416666666665,6660.5,7.74
11618601,K03022.02,1,5.05368985,135.11296,0.10474999999999998,171.5,1.21
7732285,K03023.01,0,4.39049637,134.12735,0.12546666666666667,113.5,2.07
9716391,K03025.01,1,13.1829329,141.82648,0.14975,518.0,1.84
6929841,K03026.01,1,3.51575492,134.29974,0.057541666666666665,237.4,1.35
5088536,K00282.03,1,87.5177787,201.15451,0.10624999999999998,136.5,1.85
5124254,K03099.01,0,14.0498182,140.50396,0.121125,472.0,1.45
11508644,K03101.01,1,14.2563272,133.40971,0.19983333333333334,206.1,1.73
8895758,K03106.01,1,0.968980781,132.41921,0.06320833333333332,118.5,1.08
10031500,K03107.01,0,8.589562,132.0335,0.411875,245.4,15.95
7603200,K00314.03,1,10.31282204,133.53528,0.08390833333333332,137.6,0.59
7700622,K00315.01,1,35.58349688,189.03562,0.1661875,937.6,2.03
8008067,K00316.01,1,15.77111067,184.90347,0.210725,547.1,2.62
8008067,K00316.02,1,157.0659976,481.26942,0.33870416666666664,551.4,2.63
8008067,K00316.03,1,7.305706326,131.77905,0.059283333333333334,264.9,2.11
3323887,K00377.02,1,38.90787517,175.425847,0.18862916666666665,6159.1,7.98
3323887,K00377.03,1,1.59295975,182.08924,0.08047083333333332,248.3,1.48
2449074,K00378.01,0,4.94402197,173.75192,0.16925,363.3,32.92
2446113,K00379.01,0,6.71725648,170.99733,0.10502916666666667,272.7,2.78
11137180,K03027.01,1,6.07032548,135.30933,0.055874999999999994,311.6,1.36
9838804,K03028.01,0,1.33256952,132.03835,0.12145833333333333,163.5,1.06
5524881,K03030.01,0,7.19552624,136.03008,0.17062499999999997,214.6,1.67
3756264,K03108.01,1,7.36272124,136.86143,0.055362499999999995,429.3,1.86
11572193,K03109.01,1,10.6761592,140.59136,0.19141666666666668,151.0,1.79
11285870,K03110.01,1,4.48494315,135.01836,0.11466666666666665,134.9,1.23
6196457,K00285.03,1,49.3567907,134.29533,0.4564166666666667,130.2,1.91
8121310,K00317.01,1,22.20809549,206.35965,0.30552916666666663,463.2,3.02
8156120,K00318.01,1,38.5833679,174.84868,0.5162916666666666,1388.2,8.56
8700558,K00320.01,0,4.79179893,173.51679,0.1220125,123.9,26.26
8753657,K00321.01,1,2.426304127,170.455517,0.11093333333333333,185.4,1.41
3847708,K00389.01,0,3.741231778,171.70626,0.102875,419.0,1.55
3849155,K00390.01,0,1.168310132,170.604205,0.05458333333333333,283.3,1.43
3858804,K00391.01,0,25.9525478,174.84275,0.8886666666666666,478.4,74.69
3942670,K00392.01,1,33.4160553,171.33696,0.35854166666666665,275.8,2.98
3942670,K00392.02,1,12.6119685,138.1189,0.26549999999999996,76.5,1.33
10585738,K03032.01,1,0.636424848,131.68872,0.03945833333333333,217.9,1.31
7186665,K03033.01,0,8.55935323,137.22854,0.17929166666666665,148.8,1.21
6388770,K03035.01,0,21.3419702,134.094,0.44708333333333333,nan,nan
7676423,K03113.01,1,2.46050095,133.61605,0.07754166666666666,276.8,1.03
11714231,K03115.01,1,5.8660127,136.35647,0.16604166666666664,183.0,1.45
11720424,K03116.01,1,23.9107056,150.5394,0.20816666666666667,294.0,1.91
7837302,K00048.01,0,23.836808884,173.7759431,0.25118916666666663,29684.7,59.31
8753657,K00321.02,1,4.62334491,132.37083,0.1257875,62.0,0.77
8948424,K00322.01,0,5.888835386,173.582863,0.15828333333333333,19466.0,584.67
9139084,K00323.01,1,5.83599485,169.87446,0.08591666666666666,553.3,1.92
9641041,K00324.01,0,1.089077863,171.230501,0.10281666666666667,133.6,1.96
9724984,K00325.01,0,7.86335883,171.00299,0.14292916666666666,467.3,7.84
2452450,K00380.01,0,8.0970583,170.81044,0.23745833333333333,680.7,4.83
3230578,K00381.01,0,6.337614357,170.189414,0.07258333333333333,1807.4,9.57
3231137,K00382.01,0,3.900140077,172.37193,0.15708333333333332,543.1,23.78
3353050,K00384.01,1,5.0800579,174.42853,0.2169583333333333,222.8,3.95
3446746,K00385.01,1,13.14496741,174.8467,0.15166249999999998,300.8,1.59
5695396,K00283.01,1,16.09196369,170.598832,0.12059583333333332,415.8,2.13
5217891,K03036.01,0,161.239891,189.1791,1.0196666666666667,1075.4,3.48
8051946,K03038.01,1,1.4951513,132.66025,0.14291666666666666,52.0,1.44
5445681,K03039.01,1,20.3504704,142.7588,0.30104166666666665,101.8,1.01
11499192,K03120.01,1,4.13592927,133.53763,0.09904166666666665,156.2,1.43
12416661,K03122.01,1,8.05337912,134.9588,0.22424999999999998,38.3,1.28
8258171,K00286.01,0,23.6272223,173.65096,0.32916666666666666,154.6,3.84
9880467,K00326.01,0,8.97349999,171.03075,0.13086666666666666,935.1,36.0
9880467,K00326.02,0,108.546946,151.1275,0.31529166666666664,711.3,29.67
9881662,K00327.01,1,3.254277742,172.66256,0.12459583333333332,159.9,1.38
9881662,K00327.02,1,91.3514816,189.60082,0.3627916666666667,210.0,1.57
9895004,K00328.01,0,2.250826647,170.321819,0.064,534.4,30.03
3656121,K00386.01,1,31.1588249,173.90355,0.21584583333333332,959.0,3.56
10620329,K00066.01,0,0.436282594,170.702041,0.05828333333333333,536.4,83.25
3656121,K00386.02,1,76.7324556,200.6722,0.260125,685.7,3.08
3733628,K00387.01,1,13.89963233,182.864454,0.14912916666666665,1121.7,2.46
3831053,K00388.01,1,6.14955931,169.55182,0.2320583333333333,333.7,3.26
5092266,K03045.01,1,44.8702042,141.11446,0.17495833333333333,636.1,2.56
4076976,K03124.01,0,4.8807805,133.705,0.39166666666666666,79.0,0.48
8751796,K03125.01,1,4.45342418,133.09066,0.15225,46.6,0.9
7097534,K03126.01,0,2.21396685,132.56407,0.18224999999999997,81.6,0.84
9907129,K03127.01,1,9.705693,140.3709,0.32091666666666663,140.8,2.07
9527334,K00049.01,1,8.31377304,175.99137,0.1235,837.4,2.74
10031885,K00329.01,0,8.58969597,174.9625,0.3529583333333333,245.1,20.8
11361646,K00330.01,1,7.97420583,174.52718,0.22292916666666665,293.1,1.85
11361646,K00330.02,1,1.88899036,132.09517,0.14525,59.0,0.83
10285631,K00331.01,1,18.68405716,170.83245,0.2888708333333333,381.5,3.64
3964109,K00393.01,1,21.41624083,176.24991,0.29504166666666665,314.5,2.09
4159347,K00394.01,0,12.28351275,174.36652,0.15141666666666664,597.8,74.76
3544595,K00069.01,1,4.72674037,134.926396,0.12194583333333332,273.1,1.56
4165960,K00395.01,0,6.77449545,171.0118,0.1059,481.9,29.41
4376644,K00397.01,0,27.677680103,173.796579,0.09043333333333332,11545.0,14.41
9301506,K03047.01,0,0.605223042,131.75593,0.037441666666666665,232.3,1.14
5695396,K00283.02,1,25.5172744,154.4165,0.19729166666666667,66.8,0.83
9714550,K03048.01,1,4.73292061,131.579,0.07275,151.6,0.97
6263593,K03049.01,1,22.4765952,136.82336,0.14320833333333333,481.4,1.21
6964159,K03129.01,0,25.503628,139.3578,0.16304166666666664,204.4,1.61
10252275,K03130.01,1,14.8638496,142.95729,0.11270833333333333,220.6,2.9
10252275,K03130.02,1,5.65245733,136.97891,0.08591666666666666,121.0,1.05
11455181,K03131.01,1,10.9294815,141.5034,0.24554166666666666,196.9,1.21
10290666,K00332.01,1,5.45849914,172.08857,0.16853333333333334,255.9,1.91
10337258,K00333.01,1,13.28536452,169.86052,0.26179166666666664,377.6,4.03
10383687,K00334.01,0,8.4879444,176.92505,0.13433333333333333,119.3,1.23
10470206,K00335.01,0,46.56675437,196.31173,0.32629166666666665,801.1,5.25
10518725,K00336.01,0,19.5148412,132.60757,0.129,102.7,2.8
12314973,K00279.02,1,15.4130812,136.94324,0.27649166666666664,264.3,2.59
5450893,K02970.01,1,4.82051088,135.78541,0.1495,40.9,1.08
5091016,K02973.01,0,5.76556718,134.96501,0.13074999999999998,213.3,1.66
8827575,K03052.02,1,15.6112238,144.8735,0.161375,113.5,0.91
2716801,K03053.01,1,42.5217006,136.1274,0.23845833333333333,685.6,2.45
7281454,K03055.01,0,0.566805887,131.8203886,0.2179875,1.7,0.08
7216284,K03056.01,1,6.69958851,134.1468,0.11795833333333333,253.7,1.24
8703887,K00287.01,0,14.170972781,175.60775,0.1554833333333333,13496.5,20.88
9899352,K03135.01,0,1.332562831,132.05088,0.26,297.9,24.29
6945786,K03136.01,1,2.39161966,133.07956,0.07941666666666666,189.2,0.93
5978170,K03140.01,1,5.68879083,131.6672,0.10624999999999998,241.5,0.99
5440317,K03141.01,1,2.31941571,131.93925,0.06629166666666667,96.4,1.24
10545066,K00337.01,1,19.7830259,177.72013,0.22874166666666665,373.2,2.1
6056992,K00051.01,0,10.431146765,133.936337,0.1618875,29375.6,50.44
10552611,K00338.01,1,7.0106324,174.57542,0.12786666666666666,327.3,1.5
10552611,K00338.02,1,3.10762684,132.63359,0.098375,77.2,0.73
10587105,K00339.01,1,1.980356674,170.139601,0.10309583333333333,271.9,2.1
10587105,K00339.02,1,12.8344771,138.32626,0.16025,281.0,2.55
6948480,K02975.01,0,175.329014,230.9292,0.2612083333333333,1059.1,27.03
11090556,K02977.01,1,2.7881793,131.84558,0.14154166666666665,55.8,1.02
11090556,K02977.02,1,4.13827684,133.2285,0.14370833333333333,63.8,1.13
10686814,K02978.01,0,2.61846258,134.02945,0.14604166666666665,275.3,1.03
3234843,K03057.01,1,29.72722,134.6581,0.14375,1010.2,3.02
6021275,K00284.01,1,18.01019956,179.42137,0.1465,177.7,1.93
3234843,K03057.02,1,10.61368712,140.85316,0.14575,559.8,2.06
8192911,K03058.01,0,7.53887442,135.3319,0.131125,342.1,1.33
10554967,K03059.01,0,0.53633519,131.71447,0.04394583333333333,444.1,1.81
5688790,K03144.01,1,8.07394097,540.04161,0.10229166666666667,1056.0,1.59
1717722,K03145.01,1,4.53702121,132.1846,0.07554166666666666,504.4,1.66
10908248,K03146.01,1,39.859505,154.7616,0.33279166666666665,155.5,1.62
10616571,K00340.01,0,23.6731242,160.628756,0.5997833333333333,23112.9,17.74
10878263,K00341.01,1,7.170710381,176.666844,0.12177083333333333,863.3,2.73
10878263,K00341.02,1,4.699652821,177.61519,0.106375,351.4,1.74
10982872,K00343.01,1,4.761705895,170.335759,0.13775416666666665,497.1,2.75
10982872,K00343.02,1,2.024143568,170.496204,0.10530416666666666,239.4,1.94
2720514,K02979.01,0,1.371288853,131.93796,0.060533333333333335,66.2,1.15
4141376,K00280.01,1,11.87290814,180.895933,0.10559166666666665,332.7,2.25
9468551,K02980.01,1,1.638652525,132.29025,0.08133333333333333,166.9,1.29
9076971,K02981.01,1,9.06687613,134.75185,0.14087499999999997,367.2,1.9
8360640,K02982.01,1,4.0223109,135.17298,0.035541666666666666,227.8,1.37
11019987,K03060.01,1,6.9131732,138.4219,0.19708333333333333,39.1,0.91
4857058,K03061.01,1,7.32851947,132.12857,0.050458333333333334,277.8,2.33
10924562,K03063.01,1,18.6052046,149.0376,0.28454166666666664,242.5,1.94
9899505,K03064.01,0,1.332562787,132.05138,0.26166666666666666,1111.9,29.1
7534267,K03147.01,1,39.4420781,169.1411,0.292875,172.4,2.51
9592705,K00288.01,1,10.27532513,177.27227,0.2628875,209.7,3.04
10611420,K03148.01,0,11.50528603,135.1016,0.08741666666666666,260.2,1.83
10386922,K00289.01,1,26.62941953,191.99627,0.32795416666666666,492.8,3.13
10386922,K00289.02,1,296.6375817,403.672042,0.684375,2763.1,7.56
10982872,K00343.03,1,41.8085031,148.70814,0.32487499999999997,190.4,1.67
3558981,K00052.01,0,2.98786272,168.011233,0.10755833333333333,42789.0,17.82
11015108,K00344.01,1,39.30944096,171.334861,0.24041666666666664,1132.1,2.87
11074541,K00345.01,1,29.88487723,173.194404,0.19005,1275.7,2.81
11100383,K00346.01,1,12.92489803,170.78679,0.11171249999999999,959.0,2.62
8847111,K02985.01,0,0.575884418,132.00778,0.08639166666666666,272.2,31.17
4568298,K02986.01,0,0.562555067,131.74958,0.07250833333333333,198.3,1.21
4374339,K02987.01,0,0.993703494,132.142,0.03185416666666666,67.4,2.32
6636320,K02989.01,1,6.33125228,137.14149,0.112,306.6,1.31
4067925,K03066.01,1,24.2204192,146.42459,0.13629166666666664,806.3,2.1
4847782,K03067.01,0,30.9597053,139.43903,0.22583333333333333,410.7,16.63
6021275,K00284.02,1,6.41491277,169.64044,0.1401208333333333,121.0,1.4
10350571,K01175.03,0,93.881556,131.5771,0.8601666666666665,188.7,2.02
10488450,K00290.01,0,2.683395376,171.42605,0.07746666666666666,234.7,2.55
10933561,K00291.01,1,31.51779463,185.1533,0.31808333333333333,357.6,2.72
10933561,K00291.02,1,8.12999858,134.10067,0.08954999999999999,148.0,2.04
8845026,K00044.01,0,66.46746217,160.47651,0.8193249999999999,12643.7,11.97
11075737,K00292.01,1,2.586639524,171.842572,0.093875,217.7,1.44
11189127,K00347.01,0,2.671942657,169.853908,0.0796625,15942.0,22.36
11194032,K00348.01,1,28.51117639,187.363955,0.19142083333333332,1844.6,3.27
11394027,K00349.01,1,14.38682567,170.455049,0.0892375,569.6,2.54
11442793,K00351.01,1,331.5972732,140.498929,0.6001666666666666,8322.1,10.89
5520547,K02990.01,1,11.20058855,137.51003,0.19008333333333333,219.9,1.7
4848424,K02991.01,0,1.50179931,131.55611,0.13645833333333332,100.1,0.72
8866102,K00042.01,1,17.83367834,181.233943,0.18796666666666664,326.9,2.43
4143755,K00281.01,1,19.55662003,189.04354,0.3369583333333333,298.9,2.45
11244137,K02994.01,1,2.03387483,131.91927,0.12904166666666667,73.6,1.6
6072593,K03070.01,0,5.07538255,133.92978,0.07083333333333333,163.1,1.74
5865654,K03071.01,1,23.9553986,146.66221,0.1335,228.7,2.84
8197560,K03074.01,0,1.02425556,131.49437,0.1101625,1631.7,29.83
11200415,K00293.01,0,4.63958598,172.21917,0.11533333333333332,83.4,1.52
11259686,K00294.01,1,34.4359387,193.038,0.2425,424.5,2.78
11547513,K00295.01,1,5.317440164,171.875619,0.1222125,292.5,1.94
11547513,K00295.02,1,10.10575764,135.50958,0.08390833333333332,116.8,1.28
11802615,K00296.01,1,28.86236571,178.48498,0.2251375,449.2,2.53
11442793,K00351.02,1,210.6013843,147.056867,0.499675,4159.3,7.7
11442793,K00351.03,1,59.7371443,158.95974,0.3333583333333333,566.4,2.84
2445975,K00053.01,0,3.388887193,172.259054,0.10197916666666665,11267.8,10.72
11521793,K00352.01,1,27.08239734,191.80728,0.20882916666666665,423.2,3.25
11566064,K00353.02,1,30.6528935,135.04211,0.20791666666666667,269.7,2.86
6531496,K03646.02,0,0.512869432,132.01554,0.16729166666666664,2313.0,31.12
3848275,K02995.01,1,5.19492747,131.62458,0.13195833333333332,272.9,2.03
12021625,K02996.01,1,15.9314412,141.81212,0.10145833333333333,556.7,1.77
9777256,K02997.01,0,1.33251589,132.0842,0.17566666666666667,140.5,1.3
4175630,K02998.01,1,28.227413,141.49504,0.24091666666666667,1113.4,2.82
7433585,K02999.01,0,0.545544979,131.72408,0.08141666666666666,92.6,0.93
6665223,K01232.02,0,419.97507836,524.8465031,0.5070291666666666,275.1,1.53
3328080,K03075.01,1,4.76559056,133.50531,0.09166666666666667,67.5,0.92
8430964,K03078.01,1,2.98618134,133.46926,0.12370833333333332,122.9,1.16
3654719,K03081.01,0,25.9200092,138.1757,0.23370833333333332,331.4,1.28
6021275,K00284.03,1,6.17817366,168.8626,0.1358375,101.9,1.22
10619142,K03082.01,0,2.04516705,132.36168,0.15104166666666666,154.8,2.9
11905011,K00297.01,1,5.65178922,172.27915,0.1288875,134.1,2.03
12785320,K00298.01,1,19.96367208,178.30806,0.11001249999999999,270.9,1.5
2692377,K00299.01,1,1.541676547,170.543719,0.07965833333333333,296.5,1.88
3742855,K00045.01,0,6.397185875,174.365353,0.24432500000000001,18887.0,15.02
3438975,K00300.01,0,2.976020742,171.65845,0.15541666666666665,114.9,2.07
11568987,K00354.01,1,15.95995611,171.52098,0.1797875,523.2,2.27
11568987,K00354.02,1,7.37867551,135.82271,0.13954166666666667,125.1,1.11
11621223,K00355.01,1,4.903321801,172.900587,0.1203625,334.5,2.37
11624249,K00356.01,1,1.82708193,170.52583,0.08183375,1164.7,5.95
12017140,K00358.01,0,22.845241036,172.8026986,0.2208625,45676.5,30.35
5702939,K03000.01,0,18.3980827,144.9175,0.18491666666666665,145.0,1.26
3852655,K03002.01,1,11.62904159,132.82099,0.12375,88.0,1.31
11255231,K03003.01,0,13.6550963,137.52651,0.17154166666666665,196.3,1.35
5088536,K00282.01,1,27.50871575,182.103494,0.24704583333333333,639.2,2.98
6103377,K03004.01,1,20.0708757,136.9462,0.26475,405.7,3.2
6677841,K01236.04,1,98.353149,217.883,1.0294999999999999,423.0,4.13
3324986,K03084.01,0,1.540411479,131.99239,0.07095833333333333,107.1,0.92
11912932,K03085.01,0,3.74785358,134.18012,0.15470833333333334,98.2,0.89
8037145,K00520.03,1,25.75274977,136.43851,0.11532499999999998,738.9,2.27
8162789,K00521.01,1,10.161023528,172.000736,0.13177916666666667,1653.9,4.62
8806123,K00523.01,1,49.41121127,198.238709,0.21991666666666665,3184.0,6.77
8806123,K00523.02,1,36.8567758,138.90683,0.31229166666666663,714.1,2.68
10098844,K02964.02,0,35.080928,164.4576,0.28833333333333333,100.7,1.21
8355239,K00574.02,1,10.39986173,141.51366,0.14070833333333332,275.3,1.5
9210823,K00090.01,0,0.828206212,135.722038,0.072375,132.3,3.88
8367113,K00575.01,1,24.31574009,183.40875,0.17226666666666668,643.3,2.8
8474898,K00576.01,0,199.443024,240.85148,0.3087083333333333,4036.0,9.3
8558011,K00577.01,1,39.6766071,178.55555,0.21,611.2,2.29
7429287,K04260.03,0,358.66044,296.9516,0.6971666666666666,133.8,1.62
9115800,K00421.01,1,4.454194254,172.8202233,0.09608749999999999,16041.5,11.76
9478990,K00423.01,1,21.0871953,202.858405,0.24695458333333334,8894.7,14.43
9597411,K00424.01,0,1.575631524,170.393276,0.10800083333333334,25626.6,28.66
6850504,K00070.04,1,6.09855603,135.92906,0.12422916666666667,84.4,0.84
8609450,K01278.05,0,203.250506,208.4914,0.40875,238.9,1.35
10934674,K00477.01,1,16.54295261,169.65031,0.1604833333333333,726.0,2.31
10990886,K00478.01,1,11.023474798,171.114662,0.061725,1795.5,2.46
11015323,K00479.01,1,34.18884323,193.38946,0.22199166666666664,1063.2,2.97
11134879,K00480.01,1,4.30165843,172.311001,0.08772916666666666,739.4,2.42
11192998,K00481.01,1,7.650243513,171.972352,0.11466666666666665,981.4,2.3
8934495,K00524.01,1,4.592393816,172.004723,0.09478333333333333,1027.7,2.51
5866724,K00085.01,1,5.859935955,132.040528,0.16743750000000002,322.8,2.56
9157634,K00526.01,1,2.104721971,171.044219,0.0731125,905.5,2.89
9636569,K00527.01,0,10.63624422,171.69616,0.21062499999999998,231.7,1.58
8565266,K00578.01,1,6.412512953,169.879804,0.21948749999999997,1156.4,3.89
8616637,K00579.01,1,2.019997006,170.07102,0.07530416666666666,332.8,1.46
8616637,K00579.02,1,3.763041531,132.59298,0.0667125,354.5,1.63
8625925,K00580.01,1,6.521209629,175.7111,0.11656249999999999,760.4,2.54
8822216,K00581.01,1,6.996926239,175.914281,0.11405833333333333,1317.4,3.21
9967884,K00425.01,0,5.428344915,169.753676,0.07887916666666667,13756.0,14.88
10189546,K00427.01,1,24.61480613,191.741225,0.11084166666666667,1798.0,4.2
10189546,K00427.02,1,42.949522,153.73786,0.22564166666666666,959.1,2.98
10189546,K00427.03,1,117.033521,245.65151,0.28425,770.4,2.68
10748393,K01289.02,0,386.39833,365.94877,0.3549583333333333,748.0,2.2
11192998,K00481.02,1,1.55400389,169.830304,0.0736,465.8,1.59
11192998,K00481.03,1,34.25951418,183.23718,0.19892916666666666,1072.5,2.41
8823868,K00081.01,0,23.8761144,143.07006,0.38797083333333326,1611.7,10.45
11255761,K00482.01,0,4.99270186,169.55323,0.12919999999999998,557.4,26.6
11497977,K00483.01,1,4.79860021,173.257466,0.1266,817.4,2.51
7021681,K00255.03,0,7.7333361,133.58981,0.11695833333333333,126.9,0.57
9941859,K00528.01,1,9.57665962,176.683759,0.14001249999999998,746.8,2.88
9941859,K00528.02,1,96.6781852,140.18339,0.23732083333333334,951.3,3.29
9941859,K00528.03,1,20.55280311,145.02837,0.09172083333333332,727.3,2.99
10068030,K00529.01,0,2.023123903,170.513161,0.0492875,1288.9,2.87
10266615,K00530.01,1,10.94026745,170.30551,0.09789166666666667,538.6,2.08
6444896,K03138.02,1,19.5352551,148.20374,0.04220833333333333,1732.0,0.53
8822216,K00581.02,1,151.863949,143.31451,0.357375,747.0,2.41
9020160,K00582.01,1,5.945043548,170.472237,0.11251666666666667,800.2,2.69
7941200,K00092.01,1,65.7045275,137.44275,0.13793333333333332,636.1,2.78
9020160,K00582.02,1,17.73842886,148.99011,0.12520416666666667,605.5,2.47
9020160,K00582.03,1,9.93962361,131.58267,0.143,300.1,1.93
10418224,K00428.01,1,6.8731664,172.518826,0.28570416666666665,3753.8,13.44
10616679,K00429.01,1,8.600099313,172.529281,0.16698749999999998,2791.6,4.17
10717241,K00430.01,1,12.37646897,179.404945,0.1128125,1709.0,2.53
7303287,K01353.03,1,330.071558,340.9871,0.17895833333333333,616.7,2.94
10843590,K00431.01,1,18.87022157,178.71167,0.13085,1096.6,2.82
6850504,K00070.05,1,19.5776073,135.2032,0.14091666666666666,98.1,0.9
12061222,K00484.01,1,17.20522898,175.05878,0.15286666666666665,1080.6,2.22
12316431,K00485.01,0,17.90766147,175.55977,0.22483333333333333,1089.3,4.89
12404305,K00486.01,1,22.18332255,169.49619,0.21401666666666666,748.1,2.78
10212441,K02342.02,0,354.78194,175.7246,0.26916666666666667,193.0,30.53
12834874,K00487.01,1,7.65880048,173.03964,0.12677916666666667,668.2,2.19
2557816,K00488.01,1,9.3789167,176.45197,0.13927916666666665,563.5,2.03
10454313,K00532.01,1,4.221626193,173.699895,0.12757916666666666,658.0,2.87
10513530,K00533.01,1,16.54967098,171.69398,0.18253333333333333,744.5,2.95
5866724,K00085.02,1,2.154911236,133.498613,0.1305875,99.7,1.42
10513530,K00533.02,1,3.52467888,131.63994,0.1035,129.7,1.46
10554999,K00534.01,1,6.400157105,174.02214,0.08335,743.2,2.52
9076513,K00583.01,1,2.437029217,170.73808,0.13335416666666666,244.0,2.04
9146018,K00584.01,1,9.9267215,175.68671,0.16011666666666666,725.5,2.76
9146018,K00584.02,1,21.22349325,170.37387,0.2059,582.9,2.63
9146018,K00584.03,1,6.47027706,136.50567,0.13929166666666665,116.9,1.15
9279669,K00585.01,1,3.722158895,171.560055,0.0830875,757.4,2.33
10843590,K00431.02,1,46.9026431,154.30327,0.1636,821.3,2.6
10858832,K00432.01,1,5.263415218,174.351207,0.08935833333333333,1030.7,3.77
10937029,K00433.01,1,4.030466786,171.092308,0.11555833333333333,2908.3,4.48
11599038,K01437.02,0,9.27989,133.7457,0.13874999999999998,164.3,1.29
10937029,K00433.02,1,328.240201,199.203375,0.5113583333333334,13888.6,10.99
11656302,K00434.01,0,22.264806569,173.103028,0.3664208333333333,19372.6,12.34
2576197,K00489.01,0,2.217038096,171.69587,0.07739583333333333,543.7,3.23
2576197,K00489.02,0,8.874603,140.2954,0.12,93.3,1.24
3239945,K00490.01,1,4.393157678,172.867528,0.10189583333333332,447.2,1.41
10387742,K02583.02,0,251.7512,271.06864,0.17975,114.3,1.25
10187017,K00082.01,1,16.145671932,134.754877,0.15514999999999998,941.1,2.48
3239945,K00490.02,1,1071.232624,420.286557,0.6740999999999999,19045.6,9.27
10554999,K00534.02,1,2.735900074,171.0964,0.0806625,428.9,1.56
10873260,K00535.01,1,5.852968845,171.181624,0.19155416666666664,1146.5,3.46
10965008,K00536.01,1,81.1701587,178.58702,0.34825,1183.2,4.71
10467815,K03191.02,0,371.17573,458.7146,0.3416666666666666,133.7,4.07
11073351,K00537.01,1,2.820190603,170.787705,0.10641666666666666,467.5,2.53
11090765,K00538.01,1,21.21712312,171.64936,0.24541666666666664,636.0,2.97
11246364,K00539.01,0,200.0,171.27413,0.3029166666666666,nan,nan
9570741,K00586.01,1,15.77980122,175.96934,0.16820416666666665,541.4,2.11
9607164,K00587.01,1,14.03490255,171.60491,0.15158333333333332,851.8,2.41
9631762,K00588.01,1,10.35586478,175.68106,0.1184625,660.9,1.92
6462863,K00094.01,1,22.342964828,132.741641,0.27766874999999996,5612.8,9.99
9782691,K00590.01,1,11.38840217,174.55377,0.15395416666666667,438.0,3.04
11709124,K00435.01,1,20.5498184,178.946396,0.23118333333333332,1564.3,4.04
11599038,K01437.03,0,17.4217322,145.9011,0.19658333333333333,208.4,1.42
12302530,K00438.01,1,5.931196562,174.796908,0.10416249999999999,1007.4,2.01
11904151,K00072.01,1,0.837491225,131.574858,0.07483333333333334,190.4,1.43
3239945,K00490.03,1,7.40611676,134.07481,0.12010833333333333,417.9,1.37
3239945,K00490.04,1,21.803708,139.07199,0.140375,246.4,1.11
3541800,K00491.01,0,4.66229074,169.65558,0.15541666666666665,345.4,24.12
3559935,K00492.01,1,29.9111886,194.71129,0.27681666666666666,942.0,2.9
3834360,K00493.01,0,2.908453928,170.12474,0.10567916666666667,427.5,19.44
3966801,K00494.01,1,25.69581456,188.78889,0.1677125,1130.8,1.7
11521048,K00540.01,0,25.70280003,194.82512,0.13185,5623.8,33.1
11656721,K00541.01,1,13.64617478,180.34991,0.142075,633.0,2.06
11853905,K00007.01,1,3.213668926,123.611878,0.16593124999999997,727.8,4.13
5866724,K00085.03,1,8.13121389,137.99254,0.1766083333333333,111.8,1.58
11669239,K00542.01,1,41.8854433,178.6919,0.28179166666666666,687.4,3.28
11669239,K00542.02,1,13.81733587,135.03413,0.17754166666666665,223.2,2.04
10600261,K00597.03,1,52.8148051,164.90456,0.30454166666666665,553.7,3.33
10656823,K00598.01,1,8.30783912,171.17201,0.13131666666666666,777.5,2.15
10656823,K00598.02,1,34.0963441,153.82654,0.16233333333333333,472.7,1.71
10676824,K00599.01,1,6.45442931,173.21478,0.11155,586.1,2.48
10718726,K00600.01,1,3.595769013,170.36915,0.13153749999999997,383.7,2.39
12302530,K00438.02,1,52.6615266,183.52054,0.13163333333333332,1078.1,1.87
12470954,K00439.01,1,1.902208647,170.449657,0.09161541666666667,2343.5,4.45
2438264,K00440.01,1,15.90688891,177.9305,0.1661625,924.7,2.35
2438264,K00440.02,1,4.973455252,170.885791,0.06882916666666666,741.6,2.46
3340312,K00441.01,0,30.5528972,173.90269,0.21954166666666666,865.2,30.74
4049108,K00495.01,0,4.804469031,169.63529,0.14411249999999998,744.4,3.35
4454752,K00496.01,1,1.616883373,169.80396,0.06802083333333334,437.3,4.47
4757437,K00497.01,1,13.19322809,175.6096,0.2084833333333333,585.7,2.94
10187017,K00082.02,1,10.31174786,134.07991,0.132575,275.9,1.34
4757437,K00497.02,1,4.42535097,134.56312,0.146,179.0,1.63
11823054,K00543.01,1,4.302139338,173.438922,0.0845375,747.2,2.46
11823054,K00543.02,1,3.137845914,133.55689,0.07958333333333333,305.7,1.5
11913012,K00544.01,0,3.74782314,171.66634,0.21387499999999998,423.4,25.59
11972666,K00545.01,0,1.09173174,170.37724,0.0821625,186.9,1.07
12058931,K00546.01,1,20.68420772,170.19034,0.2683958333333333,858.5,3.28
9782691,K00590.02,1,50.6985408,141.31813,0.24883333333333335,610.9,3.58
9886221,K00591.01,0,2.9926465,170.80128,0.07541666666666666,105.9,0.89
9957627,K00592.01,1,39.7529915,175.46244,0.2068375,549.3,2.37
9958962,K00593.01,1,9.99760285,171.78828,0.14342916666666666,638.7,2.82
9958962,K00593.02,1,90.4117992,208.5028,0.2960833333333333,1265.0,3.96
3745690,K00442.01,1,13.54057461,171.67762,0.18613749999999998,461.0,2.17
3745690,K00442.02,1,1.732346403,134.53123,0.09224583333333333,182.4,1.37
3745690,K00442.03,1,7.0257409,133.62713,0.09354166666666666,190.7,1.56
3833007,K00443.01,1,16.21774917,180.0425,0.20530833333333331,758.3,2.22
3847138,K00444.01,1,11.72291212,177.3196,0.17526666666666668,492.2,2.08
4833135,K00498.01,0,8.661374,177.5427,0.12383333333333332,160.1,1.32
4847534,K00499.01,1,9.66857386,174.53483,0.10273333333333332,411.7,1.9
4852528,K00500.01,1,7.053527145,176.474146,0.099925,1480.1,2.16
4852528,K00500.02,1,9.521644639,177.484839,0.09820416666666666,1491.3,2.16
4852528,K00500.03,1,3.072146607,134.030017,0.07805,539.0,1.3
4852528,K00500.04,1,4.645382149,134.58939,0.0844625,565.5,1.33
12058931,K00546.02,1,9.82578495,131.42495,0.21874166666666664,433.3,2.66
12116489,K00547.01,1,25.30291816,188.060148,0.18709583333333335,2105.7,3.95
12600735,K00548.01,1,21.30020491,189.70595,0.17021666666666668,659.8,2.99
10593626,K00087.01,1,289.864067,133.69719,0.3152083333333333,529.1,2.34
3437776,K00549.01,0,10.29767658,131.73374,0.27704166666666663,655.5,39.14
9958962,K00593.03,1,51.0674355,147.60941,0.18224999999999997,597.5,2.44
10294465,K00595.01,0,199.99763493,250.97231,0.14291666666666666,nan,nan
10388286,K00596.01,1,1.682695938,170.453117,0.057779166666666666,703.8,1.23
10600261,K00597.01,1,17.30795548,176.94326,0.21302499999999996,633.0,3.56
6462863,K00094.02,1,10.423677439,138.009041,0.21773749999999997,777.3,3.72
10600261,K00597.02,1,2.09227115,133.06258,0.10025833333333334,207.6,2.06
11904151,K00072.02,1,45.29422297,138.678725,0.2845833333333333,477.1,2.26
4384675,K00445.01,0,260.20717331,258.34887,0.2745833333333333,nan,nan
4633570,K00446.01,1,16.70920628,174.75417,0.11271666666666666,839.8,2.27
4633570,K00446.02,1,28.55158187,185.47672,0.172925,807.8,1.97
5021176,K00447.01,0,4.045057186,172.68365,0.12480833333333333,752.7,30.33
5640085,K00448.01,1,10.13958818,178.45074,0.11019166666666666,1155.9,1.68
5640085,K00448.02,1,43.5859419,194.6107,0.19505833333333333,1708.7,2.05
4852528,K00500.05,1,0.986785834,133.171292,0.04949583333333333,450.0,1.19
5282051,K00502.01,0,5.91037674,171.15166,0.14254166666666665,256.9,1.38
10187017,K00082.03,1,27.4536146,145.02866,0.15612499999999999,136.4,0.95
5340644,K00503.01,1,8.22241355,172.95657,0.11291666666666667,1468.6,2.28
3437776,K00549.02,0,0.635587392,133.41665,0.19583333333333333,147.7,28.58
4165473,K00550.01,1,13.02363236,178.52482,0.1655583333333333,607.0,2.3
4270253,K00551.01,1,11.6370303,178.84448,0.13905,604.3,2.9
4270253,K00551.02,1,5.68798675,133.95607,0.09450833333333333,476.4,2.76
5122112,K00552.01,0,3.055171082,171.099046,0.06999166666666666,8665.3,35.24
10973664,K00601.01,1,5.40426917,172.18553,0.10547916666666665,860.6,2.85
10973664,K00601.02,1,11.67894236,131.5119,0.05267083333333333,1185.1,4.17
10973664,K00601.03,1,1.208462378,133.67712,0.06433333333333333,227.3,1.64
9141746,K00929.02,1,2.85188338,132.1455,0.11108333333333333,114.9,1.23
12459913,K00602.01,1,12.91385906,177.27535,0.22368749999999998,487.9,2.49
6462863,K00094.03,1,54.31996151,161.239869,0.3577416666666667,1975.0,6.07
5779852,K00449.01,0,252.0792347,240.234923,0.16586666666666666,5582.6,41.07
6042214,K00450.01,0,27.04627886,171.95525,0.11108333333333333,900.8,3.54
6200715,K00451.01,0,3.723560726,172.17977,0.143125,540.0,3.46
6291033,K00452.01,1,3.705991661,169.94286,0.21524166666666666,501.4,2.43
6889235,K00074.01,0,5.188671659,125.879388,0.21055833333333332,548.9,5.2
6758917,K00453.01,0,2.236100588,169.64852,0.07767916666666666,27241.0,55.59
5461440,K00504.01,1,40.606895,199.25748,0.23983333333333334,657.5,2.67
5689351,K00505.01,1,13.76710058,174.81089,0.12127083333333333,684.8,2.24
5689351,K00505.02,1,6.1954595,134.71507,0.123,296.4,1.37
5689351,K00505.03,1,3.25058201,133.69472,0.09390416666666665,218.4,1.19
5689351,K00505.04,1,8.34819209,136.84111,0.118125,288.9,1.45
5303551,K00553.01,0,2.399069173,171.45413,0.13573333333333332,286.6,1.78
7692093,K03337.02,0,91.172033,154.9657,0.2781666666666667,368.5,1.58
5709725,K00555.01,1,3.701765401,172.44778,0.1085875,288.3,1.63
5709725,K00555.02,1,86.4943704,181.88967,0.31129166666666663,995.2,3.07
7700871,K00088.01,0,5.17968868,136.46144,0.15523333333333333,121.8,18.91
9946525,K00398.01,1,51.84688984,170.08076,0.1990375,9636.3,8.73
9946525,K00398.02,1,4.180048081,173.719249,0.10199583333333334,1765.6,3.44
2716853,K01022.02,0,68.832195,172.12379,0.13791666666666666,678.1,2.35
9946525,K00398.03,1,1.729367077,133.81929,0.07267499999999999,484.4,1.82
7289157,K00399.01,0,5.26640614,173.833637,0.15067916666666664,59294.0,38.05
2695110,K00400.01,0,44.18938922,209.98968,0.2839625,4293.5,14.0
7098355,K00454.01,1,29.00789166,170.55349,0.209475,906.3,2.64
7101828,K00455.01,0,47.878243,193.20518,0.16941666666666666,910.0,8.15
7269974,K00456.01,1,13.69942266,171.48036,0.18087083333333334,1292.9,3.85
7269974,K00456.02,1,4.309381978,134.03552,0.1207375,310.7,1.89
7440748,K00457.01,1,4.9213639,174.299322,0.07835833333333334,761.3,2.14
5689351,K00505.05,1,87.0912594,187.31231,0.29166666666666663,1129.1,2.95
5780715,K00506.01,0,1.583160478,169.965242,0.049729166666666665,732.6,3.27
5812960,K00507.01,1,18.49234792,173.49816,0.14476666666666665,1655.5,3.34
6266741,K00508.01,1,7.930583519,169.516944,0.15034583333333332,826.1,3.05
10187017,K00082.04,1,7.07136119,139.98763,0.114875,65.7,0.63
5738496,K00556.01,0,9.50150926,175.67002,0.2855,509.5,25.77
5774349,K00557.01,1,15.65563866,170.78358,0.1637708333333333,955.9,2.55
5978361,K00558.01,1,9.17858526,173.08746,0.0914375,796.5,2.3
6422367,K00559.01,0,4.33144839,173.69466,0.1075,216.4,1.07
6501635,K00560.01,1,23.67513153,179.27676,0.193625,980.4,2.76
3217264,K00401.01,1,29.19899219,185.440631,0.21344583333333333,2047.2,4.15
3217264,K00401.02,1,160.0191598,251.28261,0.228,1552.8,4.28
8554498,K00005.02,0,7.05185637,133.3669015,0.15375,nan,nan
6850504,K00070.01,1,10.854095934,138.608031,0.15736666666666665,1034.4,2.99
3217264,K00401.03,1,55.3291399,186.31545,0.28825,325.7,1.67
3342592,K00402.01,0,17.177328207,170.54643,0.31959166666666666,24419.2,15.29
7440748,K00457.02,1,7.064252021,135.379512,0.057779166666666666,728.9,2.37
8219268,K02133.02,0,43.501748,164.2859,0.448125,167.1,10.1
7977197,K00459.01,1,19.44639139,170.10238,0.15094583333333333,926.0,3.24
7977197,K00459.02,1,6.91986988,134.11594,0.14272083333333332,170.1,1.39
6266741,K00508.02,1,16.6658994,180.20215,0.17472499999999996,754.2,2.85
6381846,K00509.01,1,4.16696628,169.715517,0.11472916666666666,877.7,2.74
4367854,K02876.02,0,0.535224793,131.73629,0.139175,228.7,1.09
6381846,K00509.02,1,11.46347165,137.38521,0.10829166666666667,1048.6,3.0
6381846,K00509.03,1,39.6034,168.07114,0.27029166666666665,572.7,2.22
6422155,K00510.01,1,2.940304817,169.90496,0.11344166666666666,472.4,2.59
6665695,K00561.01,1,5.378868001,169.61512,0.113425,483.4,1.86
6707833,K00563.01,1,15.28467725,175.62345,0.2532,321.3,2.7
9785921,K03372.02,0,73.506021,163.5692,0.23891666666666667,485.6,2.37
6786037,K00564.01,1,21.05349939,171.92457,0.29835416666666664,496.6,2.75
6786037,K00564.02,1,127.905412,246.46401,0.6031249999999999,4020.6,8.03
6786037,K00564.03,1,6.21716039,131.71857,0.18453749999999997,211.2,1.81
4247092,K00403.01,0,21.05647572,171.133613,0.05158333333333333,1293.6,5.05
4949751,K00404.01,0,31.80514278,186.38905,0.31755416666666664,4675.3,34.82
5003117,K00405.01,0,37.60936976,190.724991,0.28589583333333335,27590.8,15.8
5035972,K00406.01,0,49.26678528,191.187887,0.23205,8494.0,929.36
5218441,K00407.01,0,3.613757526,171.422542,0.24636666666666665,4872.2,7.05
5351250,K00408.01,1,7.381980206,173.072659,0.1298,1433.8,3.42
8043638,K00460.01,1,17.58751692,176.077382,0.18238749999999998,1377.8,4.03
8621348,K00461.01,0,11.34436822,172.84392,0.2315833333333333,586.3,17.21
8773869,K00462.01,0,1.576341127,170.88145,0.13013333333333332,335.1,2.96
8845205,K00463.01,1,18.47762694,185.269061,0.08083333333333333,2604.6,1.55
8890783,K00464.01,1,58.36205791,196.555405,0.2640125,5374.7,7.02
8890783,K00464.02,1,5.350156114,195.761347,0.09436249999999999,764.8,2.6
6422155,K00510.02,1,6.38899658,175.4761,0.14596666666666666,543.3,2.89
6422155,K00510.03,1,14.62709685,136.23467,0.17070833333333335,396.4,2.7
6422155,K00510.04,1,35.1184432,152.12282,0.19124999999999998,542.4,3.26
6451936,K00511.01,1,8.00579096,170.50325,0.1272875,629.7,2.36
6451936,K00511.02,1,4.26374378,133.72073,0.0946875,182.0,1.28
8056665,K00089.01,1,84.6877524,150.57084,0.4177,347.7,3.37
7025846,K00565.01,0,2.340523247,170.19754,0.1315,175.4,1.4
7119481,K00566.01,1,25.85499978,192.57484,0.16140416666666665,610.5,2.4
7445445,K00567.01,1,10.68758211,169.93115,0.14088333333333333,777.7,2.64
7445445,K00567.02,1,20.30303506,176.8028,0.18765833333333332,533.4,2.16
8397947,K04772.03,0,39.0930875,147.6774,0.23695833333333333,476.3,2.99
5351250,K00408.02,1,12.56096618,166.79483,0.1568625,923.1,2.74
5351250,K00408.03,1,30.8261043,153.01503,0.24641666666666664,742.2,3.18
6850504,K00070.02,1,3.696121272,134.5014,0.102625,383.4,1.78
5351250,K00408.04,1,3.42806306,132.36268,0.10070833333333332,178.4,1.21
5444548,K00409.01,1,13.24931848,179.52171,0.18691249999999998,647.6,2.86
10187017,K00082.06,0,22.4098677,147.38366,0.09462499999999999,69.8,0.73
8891318,K00465.01,0,363.706662,204.02069,0.356375,1624.6,5.26
9583881,K00467.01,1,18.00932214,182.441015,0.2067125,3004.4,4.96
9589524,K00468.01,1,22.18431824,174.597325,0.12665416666666665,1593.0,3.18
8019043,K06048.02,0,0.80489537,132.0521644,0.03833333333333333,nan,nan
11775507,K06245.03,0,276.32360146,162.1955353,0.41235,81.3,1.21
10187017,K00082.05,1,5.28691996,135.85427,0.10745833333333334,41.5,0.51
6838050,K00512.01,1,6.51003001,172.91588,0.13789583333333333,602.8,2.78
6937692,K00513.01,1,35.18105723,170.09969,0.31437499999999996,987.7,4.17
7602070,K00514.01,0,11.75560012,176.07519,0.19583333333333333,648.8,22.39
7812179,K00515.01,0,17.79421914,169.605214,0.1746583333333333,1549.4,25.27
1868404,K07625.01,0,6.12601169,134.83637,0.07220833333333333,40.2,0.83
7445445,K00567.03,1,29.02235217,198.37025,0.16776249999999998,637.6,2.55
7595157,K00568.01,1,3.383540239,169.63859,0.058458333333333334,255.7,1.65
7595157,K00568.02,1,2.358952404,132.68957,0.06637499999999999,94.1,0.96
8008206,K00569.01,1,20.72904234,185.43113,0.11694166666666667,561.7,1.94
8008206,K00569.02,1,1.632916419,134.54956,0.06499583333333334,209.2,1.13
5449777,K00410.01,0,7.216951388,176.283024,0.07878416666666666,4284.5,41.57
5478055,K00411.01,0,15.85238672,174.22654,0.21579166666666666,928.5,32.21
5683743,K00412.01,1,4.147021189,170.325835,0.12082083333333334,3680.7,7.31
5791986,K00413.01,1,15.22895514,176.56001,0.10819583333333332,1124.8,3.0
5791986,K00413.02,1,24.67458244,146.77261,0.13603333333333334,650.6,2.33
9844088,K00470.01,1,3.750832927,171.151696,0.08107083333333333,2397.9,4.61
10019643,K00471.01,1,21.34736612,171.73531,0.17433333333333334,630.5,3.2
10019643,K00471.02,1,7.81100952,132.30566,0.134625,126.7,1.36
10123064,K00472.01,1,4.243748097,173.563074,0.14001249999999998,1409.7,3.16
5653126,K06612.02,0,2.404483552,133.170974,0.012337499999999998,0.8,0.48
7840044,K00516.01,0,13.54204116,171.09767,0.13891666666666666,338.7,2.01
8015907,K00517.01,1,2.752359689,171.259808,0.08634166666666666,791.9,2.54
8017703,K00518.01,1,13.98177862,181.975114,0.12325,1018.4,2.09
8017703,K00518.02,1,44.0003975,210.76222,0.21297916666666666,599.6,1.56
8017703,K00518.03,1,247.354914,364.15832,0.36154166666666665,1291.8,2.29
1995712,K07626.01,0,462.12069,307.6255,0.43416666666666665,633.7,2.46
8106610,K00570.01,0,12.39894005,172.78184,0.17758333333333332,702.9,4.06
8056665,K00089.02,1,207.5829306,289.88311,0.294525,505.1,4.52
8120608,K00571.01,1,7.26731094,174.31292,0.09454583333333333,659.1,1.14
8120608,K00571.02,1,13.3430025,176.90387,0.1141625,799.7,1.29
8120608,K00571.03,1,3.886795001,133.32959,0.073225,471.3,0.97
8120608,K00571.04,1,22.40777833,153.79858,0.13700416666666665,661.3,1.15
5872150,K00414.01,0,20.35509657,175.3437299,0.22219375,25079.5,17.53
5872150,K00414.02,0,5.92240377,173.81802,0.15379166666666666,413.4,2.77
6850504,K00070.03,1,77.6114427,164.7292,0.2991083333333333,814.5,2.59
6508221,K00416.01,1,18.20795835,185.84306,0.15818749999999998,1596.9,3.08
10155434,K00473.01,1,12.70636123,180.63164,0.09979166666666667,871.7,2.75
10460984,K00474.01,1,10.94577783,176.71834,0.12890416666666665,532.8,2.84
10460984,K00474.02,1,28.9869016,134.7812,0.15097083333333333,471.6,2.7
10460984,K00474.03,1,94.886902,214.82879,0.2884583333333333,641.7,4.24
10460984,K00474.04,1,5.03505665,132.65597,0.07516666666666666,151.5,1.63
6436505,K06707.02,0,24.7222403,146.4611,0.18875,290.1,1.31
8022244,K00519.01,1,11.90352088,178.34161,0.17904166666666665,633.0,2.56
2571238,K00084.01,1,9.286964466,135.9945,0.14020416666666666,691.7,2.1
8022244,K00519.02,1,34.0350605,134.42752,0.2789583333333333,727.8,2.76
8037145,K00520.01,1,12.75934489,170.32152,0.1495375,882.1,2.58
8037145,K00520.02,1,5.433132902,138.36644,0.10004999999999999,328.2,1.61
2140389,K07627.01,0,0.967427812,132.258305,0.24534583333333332,9127.8,29.01
8193178,K00572.01,1,10.64021008,179.77776,0.2265875,455.3,2.87
8193178,K00572.02,1,4.93883135,135.95465,0.18283333333333332,123.5,1.44
8344004,K00573.01,1,5.996533443,172.50558,0.13803749999999998,711.4,2.96
8344004,K00573.02,1,2.06190864,133.19888,0.08226249999999999,214.0,1.63
8355239,K00574.01,1,20.13490007,171.36734,0.15817499999999998,1035.2,2.98
6508221,K00416.02,1,88.2553729,153.77974,0.189125,1132.2,2.96
7975727,K00418.01,0,22.418319842,172.797099,0.222875,11929.1,9.94
8219673,K00419.01,0,20.131477716,189.390784,0.13669166666666666,8243.2,39.89
8352537,K00420.01,1,6.010383339,174.084883,0.09141250000000001,2652.1,3.8
3248033,K00006.01,0,1.334101467,133.703081,0.0876375,120.8,1.74
10577994,K00475.01,1,8.1808949,176.69885,0.11477499999999999,723.5,2.1
10577994,K00475.02,1,15.31296388,171.79412,0.12889583333333332,864.9,2.34
10599206,K00476.01,1,18.42794957,178.43963,0.12193333333333334,706.6,2.24
6768616,K06765.02,0,8.8249556,131.7064,0.124,121.1,1.1
10068383,K00725.01,0,7.30497811,169.64592,0.189225,10930.0,10.86
10157573,K00726.01,0,5.115750935,173.26599,0.10574166666666665,1055.8,60.74
10191070,K00727.01,0,1.213745575,170.582782,0.23264583333333333,2012.2,21.69
10225800,K00729.01,0,1.423799421,169.67436,0.06194166666666666,2008.4,4.69
10227020,K00730.01,1,14.78767172,176.79399,0.2549625,781.8,3.46
4563268,K00627.02,1,4.16536757,132.04068,0.13722916666666665,120.0,1.0
4644604,K00628.01,1,14.48584765,175.00624,0.13068749999999998,457.1,2.88
4656049,K00629.01,1,40.6992062,172.57123,0.29474999999999996,429.9,3.2
4659405,K00630.01,0,4.532402495,171.92667,0.13,339.1,3.69
7941635,K05449.02,0,25.273355,134.5501,1.4366666666666665,496.1,24.74
4742414,K00631.01,1,15.458056682,173.782454,0.3664733333333333,4253.2,9.11
7764367,K00685.01,1,3.173914037,170.92525,0.1502875,303.0,3.07
9024857,K07124.02,0,379.11996,267.6893,0.3008333333333333,1107.7,2.74
10227020,K00730.02,1,9.84824649,138.38845,0.23946249999999997,436.7,2.68
10227020,K00730.03,1,19.7243672,135.05923,0.3000833333333333,577.9,3.57
6678383,K00111.03,1,51.75530504,271.08808,0.3098125,609.2,2.61
10227020,K00730.04,1,7.38443269,137.47412,0.2389625,349.8,2.42
10259031,K00731.01,0,7.06115081,169.86425,0.14779166666666665,1526.9,171.85
4827723,K00632.01,1,7.23858162,171.21912,0.1299958333333333,268.2,1.34
4841374,K00633.01,1,161.4746786,170.60338,0.44049999999999995,828.2,3.25
4861736,K00634.01,0,6.277827312,172.5786,0.36183750000000003,1856.8,4.87
5020319,K00635.01,1,16.71987303,171.40143,0.13820833333333332,523.1,2.52
5090690,K00636.01,0,12.011661094,176.6358115,0.15729833333333332,14293.6,55.2
8161561,K00688.01,1,3.275821982,170.25357,0.12677916666666667,274.9,3.54
8361905,K00689.01,1,15.87360981,182.40408,0.1468583333333333,415.6,1.53
12116489,K00547.03,1,12.3860474,132.8175,0.1085,151.3,1.11
8409588,K00690.01,0,1.360834768,169.709729,0.062025,1570.5,7.24
11250587,K00107.01,1,7.256962446,134.023923,0.20584166666666665,463.2,3.53
8480285,K00691.01,1,29.66631669,189.36948,0.35050000000000003,668.0,2.83
8480285,K00691.02,1,16.2254975,144.02673,0.269625,120.4,1.21
10265898,K00732.01,1,1.260258822,170.408984,0.07747499999999999,1130.7,3.57
2302758,K07629.01,0,0.542122617,131.98408,0.05345833333333333,88.3,0.94
10265898,K00732.03,1,5.25449393,132.55624,0.12824999999999998,169.0,1.41
10271806,K00733.01,1,5.924993927,169.71629,0.12030833333333332,1608.1,3.15
10271806,K00733.02,1,11.34934848,134.31805,0.1295875,1249.8,2.39
5098444,K00637.01,0,26.94927489,177.968689,0.44573749999999995,19963.9,7.37
5113822,K00638.01,1,23.6421965,172.58844,0.20908333333333332,1102.2,2.9
5113822,K00638.02,1,67.0930642,146.57047,0.3055833333333333,1254.2,3.51
5120087,K00639.01,1,17.97979816,182.24179,0.23261666666666664,459.1,2.89
5121511,K00640.01,1,30.99664113,191.78502,0.12159166666666667,655.3,2.43
8557374,K00692.01,1,2.462344253,171.84315,0.07547083333333332,180.1,1.33
8557374,K00692.02,1,4.822969318,134.43535,0.03646666666666666,332.1,2.22
8738735,K00693.01,1,28.7796446,193.30374,0.347875,253.2,1.95
8738735,K00693.02,1,15.66057688,146.3487,0.29216666666666663,384.1,2.05
8802165,K00694.01,1,17.42115972,184.245906,0.208225,928.1,3.11
10271806,K00733.03,1,3.13295351,135.67494,0.09252916666666666,435.2,1.39
10271806,K00733.04,1,18.64349986,141.62687,0.07704583333333333,813.4,2.14
5351250,K00408.05,0,93.803766,170.55916,0.12275,460.1,2.05
10272442,K00734.01,1,24.5434566,187.92215,0.3021583333333333,1151.3,3.08
10984090,K00112.01,1,51.07926451,185.18087,0.2655375,736.8,2.75
5181817,K00642.01,0,4.350413063,171.43565,0.073725,192.5,1.26
5309353,K00643.01,0,1.376384817,169.72919,0.07270833333333333,365.9,1.47
5356593,K00644.01,0,45.977861823,240.597609,0.3103875,23886.1,17.09
8805348,K00695.01,1,29.90721859,175.29337,0.20197916666666665,588.0,2.16
8869680,K00696.01,0,7.03380109,174.15772,0.2674375,138.5,2.61
8878187,K00697.01,1,3.032147946,171.734281,0.16094583333333332,488.6,3.62
4914423,K00108.01,1,15.96532718,142.178033,0.1909875,482.2,3.33
8891278,K00698.01,0,12.718711489,172.995345,0.10374916666666667,8378.9,120.02
10340423,K00736.01,1,18.79418506,177.79426,0.13710833333333333,1529.0,2.33
10340423,K00736.02,1,6.73893544,135.28218,0.11720833333333333,601.3,1.44
10345478,K00737.01,0,14.49839316,182.679596,0.15559583333333332,3271.1,5.16
10358759,K00738.01,1,10.3392408,170.38549,0.128125,1184.6,2.98
5374854,K00645.01,1,8.50339249,170.86894,0.12320416666666667,188.9,1.95
5374854,K00645.02,1,23.7832097,179.75013,0.33079166666666665,256.5,2.01
5384802,K00646.01,0,3.041547148,170.4878722,0.13449916666666667,20690.7,60.05
5531694,K00647.01,1,5.16949729,170.31339,0.18800833333333333,210.6,2.06
8908102,K00699.01,0,5.41460536,174.65563,1.4077916666666666,4080.1,116.93
8962094,K00700.01,1,30.86436512,172.93477,0.12315416666666668,551.3,2.23
8962094,K00700.02,1,9.36059705,171.97292,0.13362083333333333,236.5,1.42
8962094,K00700.03,1,14.6672293,145.42058,0.15591666666666665,198.1,1.21
8962094,K00700.04,1,68.1609897,187.03346,0.23591666666666666,295.6,1.45
10358759,K00738.02,1,13.28689997,172.11932,0.13677083333333334,1039.6,2.78
10386984,K00739.01,1,1.287076693,169.815491,0.06225833333333333,729.4,1.39
10395381,K00740.01,1,17.6717714,186.3704,0.14250833333333332,918.6,2.44
10418797,K00741.01,0,23.355341391,169.8339432,0.19194666666666665,38524.0,21.55
5613330,K00649.01,1,23.44970494,182.92295,0.3606958333333333,315.6,2.71
8456679,K00102.01,1,1.73513619,135.060047,0.09475416666666665,952.6,3.27
5786676,K00650.01,1,11.95474513,178.721694,0.08930416666666666,903.4,5.15
5796186,K00651.01,0,42.55930625,204.130006,0.12561666666666665,2303.5,5.45
5796675,K00652.01,1,16.080657264,182.7601,0.11958749999999999,3076.0,4.43
9002278,K00701.01,1,18.16407304,180.812425,0.1223125,943.2,1.98
12306808,K07521.02,0,7.334073405,137.1334748,0.11378333333333332,326.9,1.42
9002278,K00701.02,1,5.71489692,170.921904,0.09821666666666667,425.9,1.33
9002278,K00701.03,1,122.3858681,150.41158,0.2967916666666667,711.1,1.72
9053112,K00702.01,0,1.274840187,169.86973,0.6180416666666666,229.2,66.76
4914423,K00108.02,1,179.609803,295.330361,0.573125,1273.0,5.47
9162741,K00703.01,0,1.368617188,169.95175,0.06764583333333332,126.9,1.84
5893123,K00653.01,0,1.125963085,169.634,0.06264166666666666,146.0,1.41
5941160,K00654.01,1,8.59481851,171.62781,0.13558333333333333,336.5,1.75
5941160,K00654.02,1,10.22215697,135.89017,0.04974583333333333,238.2,1.72
5966154,K00655.01,1,25.6721559,192.09679,0.24845416666666667,387.1,2.68
5966154,K00655.02,1,151.8851881,176.41272,0.5037916666666666,360.6,2.47
3749508,K07544.02,0,1.065731229,132.039287,0.07291249999999999,3639.6,384.26
9266431,K00704.01,1,18.39629744,185.13946,0.11599166666666666,680.2,2.47
9300285,K00705.01,0,1.012672041,170.189232,0.12713333333333332,1197.6,5.89
9426071,K00706.01,0,28.714216138,182.608668,0.2526,43701.9,42.19
9458613,K00707.01,1,21.77568158,189.63828,0.33161666666666667,797.9,4.76
9458613,K00707.02,1,41.0283424,172.57481,0.40854999999999997,541.4,3.92
10729472,K04453.02,0,0.83442282,131.7827,0.07804166666666666,50.9,0.64
5966660,K00656.01,0,1.906633332,170.064102,0.12843749999999998,268.0,2.72
6020753,K00657.01,1,4.069425638,171.017743,0.08498333333333333,549.1,1.53
8456679,K00102.02,1,4.06844957,132.27614,0.11812083333333334,79.8,0.98
6020753,K00657.02,1,16.28247625,180.79815,0.12177916666666666,792.6,1.88
6062088,K00658.01,1,3.162692075,169.64186,0.08137083333333334,503.7,2.61
9458613,K00707.03,1,31.7848157,135.87105,0.3669875,444.5,3.55
9458613,K00707.04,1,13.17555999,143.6789,0.2778208333333333,280.0,2.82
9458613,K00707.05,1,5.66815821,131.88743,0.2044333333333333,119.7,1.85
9530945,K00708.01,1,17.40665216,171.00688,0.286,586.9,2.95
4752451,K00109.01,0,6.41496453,132.86482,0.1625625,201.2,25.79
6062088,K00658.02,1,5.370639542,172.23815,0.08800416666666666,491.3,2.54
6062088,K00658.03,1,11.32977062,133.96755,0.16020833333333334,162.4,1.37
6125481,K00659.01,1,23.20579353,180.7628,0.18017916666666667,342.5,5.86
6267535,K00660.01,1,6.07972016,170.58389,0.2967833333333333,290.8,2.32
6347299,K00661.01,1,14.40090414,174.98964,0.17367499999999997,379.6,2.71
9530945,K00708.02,1,7.69363627,176.5035,0.20968333333333333,295.1,2.12
9578686,K00709.01,1,21.3851584,178.78285,0.17007916666666667,663.9,2.17
9590976,K00710.01,1,5.37493289,170.93379,0.1648625,155.8,2.12
9590976,K00710.02,1,8.58600968,137.95984,0.13934583333333334,102.1,1.84
9590976,K00710.03,1,3.88688862,132.4955,0.1534583333333333,58.3,1.29
2441151,K00603.01,0,2.192009479,171.671953,0.12272083333333333,1475.6,35.9
3970233,K00604.01,0,8.254912972,174.43554,0.28675833333333334,19242.4,11.86
4832837,K00605.01,1,2.628117322,169.718913,0.07620416666666666,936.8,1.77
5014753,K00606.01,0,3.170626881,172.047171,0.1132875,14610.0,14.37
6347299,K00661.02,1,25.6613816,155.13806,0.18579166666666663,166.5,1.78
6365156,K00662.01,1,10.21418792,170.70466,0.24250416666666666,303.8,2.29
6425957,K00663.01,1,2.755637216,170.845854,0.07732916666666667,536.7,1.37
1293046,K07622.01,0,36.2671673,155.0813,0.08604166666666666,627.1,1.5
2444412,K00103.01,1,14.91095177,141.336726,0.13854166666666667,864.5,2.62
6425957,K00663.02,1,20.30652862,172.6581,0.116725,715.4,1.58
9597345,K00711.01,1,44.6996563,174.82144,0.2595375,837.7,3.05
9597345,K00711.02,1,3.619309734,135.44164,0.1271,206.6,1.47
9597345,K00711.03,1,124.5245224,254.17788,0.40225,689.9,2.69
9640976,K00712.01,0,2.178150857,171.2325,0.08045833333333333,162.5,1.11
9640985,K00713.01,0,2.178150567,171.232233,0.14610416666666665,511.3,34.19
5562784,K00608.01,0,25.33709016,192.91451,0.4026666666666666,2279.4,3.47
5608566,K00609.01,0,4.396999852,172.023406,0.078125,4576.8,13.57
5686174,K00610.01,1,14.28228147,180.84677,0.11078333333333332,983.2,1.82
5903312,K00008.01,0,1.16015259,121.704645,0.05597083333333333,170.2,1.4
6462863,K00094.04,1,3.743166733,131.61967,0.1537,126.3,1.5
6442340,K00664.01,1,13.13747785,170.22786,0.20272916666666665,212.8,1.85
6442340,K00664.02,1,7.78199862,133.58871,0.16445833333333332,106.9,1.32
1434395,K07623.01,0,2.2227289,131.895,0.10904166666666666,279.1,34.14
6442340,K00664.03,1,23.4433748,152.00588,0.24033333333333332,85.0,1.29
6685609,K00665.01,1,5.868066282,170.324046,0.17185833333333334,436.5,3.6
6685609,K00665.02,1,1.61189046,133.5704,0.1283,101.1,1.72
9450647,K00110.01,1,9.940666412,135.21559,0.16288333333333332,520.2,2.87
9702072,K00714.01,1,4.182001885,172.789576,0.0925375,847.4,2.46
9834719,K00715.01,0,1.621668852,170.358337,0.0729875,7662.0,32.76
9873254,K00717.01,1,14.70749512,175.79267,0.13127499999999998,262.0,2.04
6587002,K00612.01,1,20.73989406,173.21912,0.13127083333333334,616.1,2.11
6587002,K00612.02,1,47.4277116,216.55737,0.21949583333333333,820.4,2.33
6960456,K00613.01,0,5.07442951,171.55916,0.16933333333333334,250.2,1.38
7368664,K00614.01,1,12.874712426,170.022499,0.09371249999999999,3860.7,11.26
8374580,K00615.01,0,176.2432946,192.50359,0.21009583333333332,4981.4,48.15
6685609,K00665.03,1,3.07155284,133.30255,0.17056249999999998,86.0,1.65
6707835,K00666.01,1,22.24814617,174.13676,0.1728458333333333,613.7,2.72
6752502,K00667.01,0,4.305219002,170.453154,0.11185416666666666,9738.6,10.34
6805146,K00668.01,0,13.779711352,178.6879965,0.3182795833333333,25479.1,47.58
10318874,K00104.01,1,2.508057497,135.000657,0.046391666666666664,1507.6,3.25
6960445,K00669.01,0,5.07437786,171.56544,0.24758333333333332,605.7,23.71
9873254,K00717.02,1,0.900375925,133.11787,0.05237499999999999,41.4,0.82
9884104,K00718.01,1,4.585466941,169.86095,0.1434875,383.5,3.29
9884104,K00718.02,1,22.71443351,147.29684,0.25364583333333335,575.1,4.01
9884104,K00718.03,1,47.903427,141.98347,0.2579583333333333,379.3,3.55
9950612,K00719.01,1,9.034190783,171.015329,0.06458749999999999,577.6,1.8
9714696,K00616.01,0,1.433339604,169.85606,0.0569375,305.2,2.08
9846086,K00617.01,0,37.86511904,198.599331,0.12416250000000001,6941.7,40.36
10353968,K00618.01,1,9.07098164,178.3435,0.11209583333333334,1026.2,2.94
10384962,K00619.01,0,2.879243323,170.710636,0.10947083333333332,48050.0,21.02
11773022,K00620.01,1,45.15535633,159.10544,0.24102083333333335,6208.7,7.65
7033671,K00670.01,1,9.48965527,171.92604,0.14945833333333333,262.2,2.16
7040629,K00671.01,1,4.22865217,170.74053,0.13864583333333333,150.0,1.83
2711131,K07637.01,0,2.85889907,134.16649,0.06104166666666667,55.7,0.73
7040629,K00671.02,1,7.46662068,132.7755,0.16125,120.9,1.65
7040629,K00671.03,1,16.25951967,144.53203,0.16058333333333333,129.5,1.72
7040629,K00671.04,1,11.1317901,134.42272,0.16879166666666667,95.5,1.47
9950612,K00719.02,1,28.1224393,146.91763,0.17391666666666666,194.3,0.9
6678383,K00111.01,1,11.427550984,137.613711,0.191975,500.9,2.35
2308411,K07631.01,0,0.983304511,132.48478,0.07416666666666666,79.9,1.1
9950612,K00719.03,1,45.9029768,166.55667,0.20850416666666666,361.8,1.18
9950612,K00719.04,1,4.159816554,133.78616,0.06775416666666667,160.3,0.86
9963524,K00720.01,1,5.69059163,174.04885,0.10654166666666666,1384.3,3.1
5780885,K00097.01,1,4.885488596,134.2768785,0.21506874999999998,7458.4,16.66
11773022,K00620.02,1,130.17802962,212.032638,0.352225,11570.9,10.44
11773022,K00620.03,1,85.3162004,295.31588,0.1143375,1902.6,6.34
12068975,K00623.01,1,10.34973276,174.06193,0.18691249999999998,119.0,1.44
7115785,K00672.01,1,16.08786246,172.81384,0.12895833333333334,612.5,2.56
7115785,K00672.02,1,41.74938613,153.84636,0.23374166666666665,1055.4,2.94
7115785,K00672.03,0,0.56680081,131.81737,0.15048333333333333,127.7,1.02
7124613,K00673.01,1,4.41746257,170.79073,0.12354166666666666,291.0,3.95
8711794,K00105.01,1,8.981014925,136.649307,0.07699166666666667,1059.3,3.14
7277317,K00674.01,1,16.33888067,177.917586,0.3899958333333333,1718.4,10.47
2446134,K07632.01,0,39.1307086,165.7408,0.09562499999999999,201.0,1.54
9963524,K00720.02,1,10.04157214,137.08442,0.1107375,1114.0,2.97
9963524,K00720.03,1,18.36974658,131.86573,0.12245833333333334,1143.3,3.58
9963524,K00720.04,1,2.79590004,132.72971,0.08566666666666667,383.7,1.66
9964801,K00721.01,1,13.72462702,180.64807,0.2906583333333333,281.8,2.13
9965439,K00722.01,1,46.40626,192.99633,0.2928375,469.1,2.66
12068975,K00623.02,1,15.67750191,179.47311,0.22950833333333334,115.5,1.42
12068975,K00623.03,1,5.59931543,171.47391,0.16226666666666667,84.8,1.22
12068975,K00623.04,1,25.2100146,154.41122,0.2730416666666666,62.1,0.95
3541946,K00624.01,1,17.79001678,182.43745,0.18381666666666666,871.4,2.7
3541946,K00624.02,1,49.5674085,169.54227,0.16674999999999998,730.0,2.91
10264660,K00098.01,1,6.790120801,138.088199,0.2518208333333333,2302.3,9.86
7385509,K00675.01,0,1.655467295,169.54872,0.1351,1059.4,2.17
7447200,K00676.01,1,7.972510087,171.585057,0.123975,3139.0,3.22
7447200,K00676.02,1,2.453236139,170.892059,0.06954583333333333,1723.2,2.26
7466863,K00677.01,0,11.9710626,171.08425,0.11502916666666665,421.8,5.84
7509886,K00678.01,1,6.0404622,172.59327,0.08249999999999999,241.0,1.3
7509886,K00678.02,1,4.13852825,132.01882,0.09504166666666666,256.5,1.3
10002866,K00723.01,1,3.936993144,169.650592,0.078625,1266.0,3.36
10002866,K00723.02,1,28.08185982,194.91696,0.1887,1840.3,3.63
6678383,K00111.02,1,23.66834635,132.71421,0.24290416666666664,449.4,2.32
10002866,K00723.03,1,10.08881066,173.083353,0.07385833333333333,1995.9,4.71
10005020,K00724.01,0,6.97106919,174.70305,0.16302083333333334,452.8,2.07
3541946,K00624.03,1,1.311842968,133.11058,0.07448333333333333,245.1,1.43
4449034,K00625.01,0,38.13853099,180.43748,0.16090416666666665,1230.2,68.75
4478168,K00626.01,1,14.58649856,172.22185,0.16770416666666665,378.7,2.45
2854839,K07639.01,0,1.05569286,131.5576,0.05370833333333333,37.5,0.45
4563268,K00627.01,1,7.75192755,176.17197,0.14755416666666665,407.3,1.89
7515212,K00679.01,1,31.80475991,190.25413,0.3624583333333333,360.6,2.99
7515212,K00679.02,1,16.2580276,139.6381,0.265625,47.0,0.92
7529266,K00680.01,1,8.600153929,177.642421,0.37506249999999997,4510.2,26.52
11553706,K00009.01,0,3.719809197,135.068298,0.14715416666666664,2958.2,87.21
2449053,K07633.01,0,0.73975345,131.81739,0.175,481.8,2.09
10489525,K00106.01,0,1.612249049,131.85204,0.17645833333333333,154.0,50.98
7598128,K00681.01,0,44.258173075,188.495537,0.3159433333333333,20541.7,37.38
11858979,K04062.01,0,3.05933906,131.7541,0.07221666666666667,1169.2,36.0
5900390,K04063.01,0,0.624677585,131.8663,0.10045833333333333,37.3,1.28
5444334,K04064.01,0,0.759763198,131.78816,0.12845833333333334,202.5,1.2
10139620,K04065.01,0,372.37369,138.0835,0.5137499999999999,666.1,2.68
8686373,K04066.01,1,126.55719,145.69736,0.336625,366.4,4.59
5386264,K04135.01,0,12.435190544,140.8323906,0.15960416666666666,71.9,0.52
3867615,K02289.02,1,20.0983676,207.57757,0.2169583333333333,157.8,1.58
3218844,K07646.01,0,85.112898,171.8254,0.10429166666666667,513.8,2.21
3542222,K04137.01,0,0.504426087,131.894825,0.06781666666666666,614.5,33.96
5530112,K04067.01,1,9.6887216,131.8295,0.08333333333333333,655.5,3.09
6226908,K04068.01,1,19.597317,135.26526,0.18783333333333332,1014.1,3.78
5906694,K04069.01,1,13.06243545,144.18426,0.13516666666666666,464.3,1.36
10186945,K04070.01,0,0.793663156,131.79065,0.03435,186.2,1.14
4636565,K04138.01,0,2.81401302,133.0785,0.24170833333333333,55.7,1.51
9956082,K04139.01,1,3.74031708,134.70305,0.09975,165.6,1.38
3241647,K07650.01,0,0.851678507,131.62317,0.08449999999999999,67.9,0.85
7761585,K04140.01,0,205.30627,186.434,0.3275,671.0,2.48
3241248,K04141.01,0,0.978046982,131.68639,0.10890416666666666,838.8,129.67
9716302,K04142.01,0,1.332566763,132.04547,0.16670833333333335,384.9,1.49
2708286,K04071.01,0,1.89131005,132.66204,0.23695833333333333,155.6,6.4
6755944,K04072.01,1,0.692978457,131.80142,0.047358333333333336,61.0,2.24
10419797,K04073.01,0,87.140633,169.262,0.7545833333333333,nan,nan
6515335,K04074.01,0,185.53285,310.2503,1.3108333333333333,877.0,28.39
7777471,K04075.01,0,0.885131111,131.8742,0.14070833333333332,93.2,0.9
10294509,K04143.01,0,1.85447373,132.50369,0.11104166666666666,306.8,1.33
3003019,K07642.01,0,0.502622858,131.61123,0.12854166666666667,146.0,1.41
9334893,K02298.02,1,31.8055128,150.6791,0.16579166666666667,141.7,0.63
10000941,K04146.01,1,3.50472344,133.72225,0.08109999999999999,90.7,0.8
9455677,K04076.01,1,124.827797,208.79191,0.2699583333333333,647.5,2.57
7690855,K04077.01,0,0.786260569,132.166816,0.18983333333333333,877.1,15.72
5649837,K04078.01,0,0.597934463,131.95507,0.13010416666666666,515.0,23.2
10141938,K04079.01,0,360.76458,148.5386,0.8841666666666665,383.7,60.3
8029197,K04147.01,0,2.15292788,132.36514,0.12679166666666666,41.4,1.02
12257886,K04148.01,0,2.61585431,132.42844,0.271625,169.8,1.28
11465651,K04150.01,1,31.3351094,136.97538,0.2529583333333333,264.9,1.99
5036480,K04080.01,0,1.061002863,132.52463,0.08174999999999999,142.4,1.06
10275077,K04081.01,0,363.35755,135.9933,0.8270833333333334,395.3,3.45
6592832,K04082.01,0,0.924821319,132.09187,0.10808333333333332,122.4,1.1
8524346,K04083.01,0,4.4697452,133.00892,0.22208333333333333,241.5,2.43
3937814,K04084.01,1,214.881456,213.4044,0.3992083333333333,759.2,2.68
5551228,K04154.02,0,122.906853,195.9104,0.6654166666666667,819.7,3.55
5471271,K04155.01,0,12.422216754,141.8461927,0.27305416666666665,54.5,0.8
5881120,K04156.01,1,4.85018974,135.31157,0.2365,64.5,1.1
3248696,K07651.01,0,383.43595,483.2484,0.4607916666666666,1228.0,2.53
4548098,K04157.01,1,3.82315697,133.06936,0.09949999999999999,47.2,0.77
5306383,K04158.01,0,0.842336445,131.73901,0.06329166666666666,80.1,0.9
5446285,K00142.02,0,339.42934084,187.5194914,0.3125,nan,nan
5041847,K04085.01,0,0.914468919,132.120912,0.11229166666666665,3426.3,36.84
3836558,K04086.01,0,1.54039744,131.99974,0.07445833333333332,127.6,1.08
4770617,K02243.02,1,8.45805119,137.06123,0.12491666666666668,258.7,2.52
6106282,K04087.01,1,101.1107014,215.5204,0.3345416666666666,878.1,1.61
4946584,K04088.01,0,0.907943645,132.133484,0.07976666666666667,1028.9,49.37
6463499,K04163.01,0,94.446856,166.1513,0.3125833333333333,436.4,7.13
8254882,K04164.01,0,0.92565941,132.11002,0.062,30.0,0.88
6042031,K04165.01,0,0.537110149,131.55982,0.0749,92.0,32.19
4078311,K04166.01,1,9.84262076,134.02155,0.06674166666666666,626.4,2.41
5475735,K04167.01,0,2.99194823,134.1641,0.18291666666666664,99.6,0.78
11709124,K00435.05,1,62.3026877,179.09948,0.312875,859.3,3.05
9022166,K02175.02,1,72.3826983,179.49813,0.3449583333333333,366.4,4.21
10075409,K04019.01,0,360.33012,159.4314,0.6316666666666666,1022.0,2.34
7038096,K04020.01,0,0.566803149,131.79596,0.06845833333333333,246.0,1.93
3345973,K07652.01,0,15.3466028,143.8142,0.20691666666666667,238.5,3.64
11972872,K04089.01,0,0.531106622,131.906467,0.12622083333333334,5133.6,7.54
9899233,K04090.01,0,1.332547503,132.05767,0.188375,130.3,1.23
3103227,K04091.01,1,225.585245,272.79566,0.46525,754.9,3.71
4850961,K04092.01,1,24.4972683,133.92177,0.22624999999999998,449.1,2.74
3102309,K07643.01,0,4.20253859,132.3097,0.22454166666666667,31.5,0.71
8521059,K04093.01,0,0.535578808,131.80805,0.0748875,193.6,33.97
5217574,K04151.01,0,0.89486317,132.21767,0.11070833333333333,172.0,1.19
8439323,K04153.01,1,4.62602867,134.68092,0.026791666666666665,346.9,1.65
4458082,K02303.02,1,8.93484887,133.39108,0.10745833333333334,135.9,1.83
3230095,K07647.01,0,7.04716175,132.7504,0.11220833333333333,150.8,1.1
5551228,K04154.01,0,368.71479,318.8424,0.6858333333333333,1210.0,91.06
6862332,K04023.01,0,119.0192648,341.26197,0.33749999999999997,1977.0,4.44
10714072,K04024.01,1,8.40693068,133.42739,0.07775,167.1,1.95
10992011,K04025.01,0,0.974479091,132.37246,0.07775,221.2,1.19
8128247,K04094.01,0,3.57017774,134.4442,0.18637499999999999,79.6,57.36
6276994,K04095.01,0,1.10601182,131.83599,0.107375,52.9,0.77
9674564,K04096.01,0,6.873655305,132.4527832,0.14756249999999999,181.3,1.21
5942808,K02250.02,1,0.626281766,131.90594,0.049216666666666666,433.1,1.76
5688683,K04097.01,1,2.790643481,133.1555,0.028629166666666667,202.0,0.99
6607644,K04159.01,1,0.971915957,132.16504,0.0667625,73.7,0.79
7610663,K04160.01,1,3.03196812,133.98825,0.07179166666666667,81.5,0.9
5565707,K04161.01,0,1.2940561,131.861,0.04041666666666666,51.2,5.27
1293031,K04162.01,0,0.53936593,131.97457,0.22641666666666665,145.0,9.19
2859299,K07640.01,0,0.643703667,131.984908,0.033375,172.0,1.48
4067110,K04026.01,0,0.735146413,131.49953,0.21054166666666665,275.4,168.34
8694309,K04027.01,0,0.827351796,131.92381,0.09118749999999999,44.7,0.9
7818447,K04028.01,0,0.618952198,131.590434,0.11768333333333332,8324.1,4.96
11569475,K04029.01,0,1.31723412,132.13735,0.3035,422.7,125.56
8951205,K04099.01,1,4.95060632,132.80914,0.071625,309.5,1.28
5700900,K04100.01,0,379.08202,287.504,1.41125,1609.1,23.99
7026477,K04101.01,0,366.31509,312.1401,0.5170833333333333,336.0,2.87
9402583,K04168.01,0,0.536544193,132.03219,0.12158333333333333,159.5,0.9
7838675,K04169.01,1,1.005205893,132.45541,0.06791666666666665,97.5,0.85
8700537,K04170.01,0,43.796785,158.9316,0.7849999999999999,256.3,20.79
10858785,K04171.01,0,0.952371227,132.34095,0.16358333333333333,352.5,21.96
9640907,K04172.01,0,1.089088292,132.0149343,0.07749583333333333,141.7,1.28
7515670,K02360.02,0,1.1518407,132.6197092,0.10541666666666666,nan,nan
9551430,K04030.01,0,7.7553808,134.5191,0.9300416666666667,839.6,22.2
3228986,K04031.01,0,0.730949487,132.22503,0.09862499999999999,87.3,1.27
7100673,K04032.01,1,3.95116635,134.22411,0.10691666666666666,60.9,0.83
7100673,K04032.02,1,2.89223998,132.86232,0.10504166666666666,44.3,0.7
4138557,K04033.01,0,0.991552822,131.90235,0.04729166666666666,607.2,37.93
2708278,K04102.01,0,1.89124187,132.7082,0.18395833333333333,105.8,0.93
3747817,K04103.01,1,184.77271,217.3573,0.3986666666666666,951.4,2.41
8483366,K04104.01,0,392.49728,203.1308,0.43875,1062.0,2.82
9071593,K02257.02,1,59.284064,148.75407,0.22583333333333333,424.4,1.81
10089911,K04034.01,1,6.96704926,138.24776,0.15541666666666665,213.7,6.14
3247404,K04035.01,0,8.8109721,136.4718,0.20091666666666666,24048.0,47.94
11415243,K04036.01,1,168.81133,211.43982,0.27425,614.4,1.69
3548044,K02194.02,1,67.968656,163.55972,0.33116666666666666,321.8,1.71
7773179,K04038.01,0,2.15681538,133.27151,0.213125,106.5,1.06
11017094,K04106.01,0,0.708563091,132.10298,0.26445833333333335,414.5,15.38
5956633,K04107.01,0,366.24282,307.2714,0.6566666666666666,733.7,2.4
9899065,K04108.01,0,1.33256418,132.0473,0.19587499999999997,162.3,0.81
5471792,K04110.01,0,12.4258833,141.5008,1.0345833333333332,93.6,2.19
11145831,K04039.01,0,1.387838134,132.11351,0.09383333333333332,136.8,1.24
11444952,K04040.01,0,0.678349364,132.16318,0.12883333333333333,486.0,19.06
8647295,K04041.01,0,1.022028468,132.3717,0.3694166666666666,1344.5,26.91
3444098,K04042.01,0,0.72359699,131.57754,0.05525,495.6,6.73
5112567,K04043.01,0,1.6156052,131.4952,0.60625,1582.0,34.69
2708343,K04111.01,0,1.8913182,132.66252,0.18224999999999997,202.3,0.9
3235282,K07649.01,0,494.165759,472.0427,0.09329166666666666,1440.0,4.5
3348090,K04112.01,0,2.43585046,132.89661,0.087,60.5,2.6
9282762,K04113.01,0,1.33255441,132.05269,0.15949999999999998,106.7,1.12
3117046,K04114.01,0,359.1015,415.3142,0.47754166666666664,496.5,2.37
6311520,K04115.01,0,0.941840589,131.80464,0.21083333333333332,388.3,27.05
5201115,K04044.01,0,1.728521892,131.81736,0.14004166666666668,92.2,1.19
2708203,K04045.01,0,1.89125855,132.6891,0.225625,67.9,0.81
4150496,K04046.01,0,8.65312868,136.65308,0.14066666666666666,508.6,20.38
11401767,K02195.02,1,30.0899459,149.06413,0.27725,242.6,2.25
9655005,K04047.01,0,1.39862757,132.65615,0.40104166666666663,45.5,2.39
11709124,K00435.06,1,9.91937693,136.87361,0.18024999999999997,186.7,1.32
3851194,K07671.01,0,0.918510251,131.82791,0.10779166666666667,52.6,1.77
8613535,K02263.02,1,9.47850818,140.16526,0.2564166666666666,184.6,1.47
5092655,K04116.01,0,0.783258387,131.74358,0.095525,328.5,1.28
3955817,K04117.01,1,4.24263096,135.0304,0.10758333333333332,187.6,1.1
10661778,K04118.01,0,1.231363214,131.80615,0.2420875,4774.7,10.75
5513857,K04119.01,0,0.755101928,131.81199,0.12683333333333333,119.8,0.91
10272389,K04048.01,0,4.56447463,133.0783,0.26729166666666665,208.4,1.13
4679687,K04049.01,0,1.027904857,132.444316,0.06825416666666666,2381.2,30.48
7968683,K04050.01,0,367.95566,236.4537,0.9115416666666666,1414.1,3.62
10360722,K04051.01,1,163.692336,238.76817,0.28554166666666664,1138.0,2.75
9091755,K04052.01,0,1.106529843,132.30528,0.26075,319.5,1.91
3852476,K07672.01,0,111.741576,166.3408,0.15958333333333333,238.8,6.88
6349881,K04121.01,1,198.088873,319.73002,0.3314583333333333,1027.7,3.24
9851970,K04122.01,0,1.08193721,131.5344,0.1995,115.3,0.77
5726910,K04124.01,0,2.43142974,133.83385,0.11304166666666667,146.6,1.17
1718958,K04053.01,1,1.41975831,132.92,0.059541666666666666,60.9,0.85
6428794,K04054.01,1,169.135056,201.8055,0.37212499999999993,640.7,2.21
3228825,K04055.01,0,0.73095491,132.2174,0.09191666666666666,29.6,0.88
4673628,K04056.01,1,3.951383138,132.06462,0.04409166666666667,405.7,23.51
11401767,K02195.03,1,6.84978728,134.66167,0.2049583333333333,139.2,1.83
9099950,K04125.01,0,1.111362442,132.30056,0.26,133.9,2.86
9718066,K02287.02,1,28.9060526,158.82431,0.129125,99.0,0.79
9272070,K04126.01,1,8.10503551,135.88389,0.18579166666666663,209.9,1.45
5088400,K04127.01,1,8.82715783,139.73416,0.084125,368.6,1.67
4669402,K04128.01,0,143.196381,227.3054,0.4343333333333333,618.1,6.64
3757407,K04057.01,0,9.089151782,132.0565248,0.13285833333333333,110.1,4.35
4769931,K04058.01,0,1.87886973,133.07604,0.16149999999999998,181.9,1.04
9220612,K04059.01,0,0.979161676,132.21831,0.12258333333333334,160.2,1.03
6806695,K04061.01,0,0.855922327,131.64426,0.06308333333333332,130.9,0.87
3858943,K07674.01,0,25.9528725,154.8736,0.5180833333333332,164.1,1.53
10858803,K04130.01,0,0.952374508,132.33436,0.12524999999999997,204.8,1.13
6129694,K04131.01,0,0.936751792,132.2026,0.23575000000000002,26.4,2.07
5957181,K04132.01,0,393.34331,264.7706,0.3950416666666666,1750.0,2.27
7601918,K04133.01,0,0.621361411,131.67283,0.04428333333333333,45.0,1.12
6119877,K04134.01,0,250.23760741,260.3057733,0.6908333333333332,nan,nan
7211879,K04342.01,0,0.594310785,131.7595,0.04164166666666666,112.5,0.91
8087812,K04343.01,1,27.2106807,132.3793,0.438125,99.4,1.73
4863956,K04344.01,0,4.31978105,134.1491,0.30016666666666664,65.8,3.87
5308537,K04409.01,1,14.2651545,143.22024,0.15004166666666666,66.3,1.06
5281113,K04411.01,1,11.17931581,131.64123,0.12929166666666667,90.6,1.81
7847104,K04412.01,0,1.284991846,132.74087,0.09475,29.1,1.17
3347807,K07653.01,0,324.18028,445.8295,0.7562499999999999,87.9,2.2
8487805,K04206.01,0,0.530959357,131.73991,0.10070833333333332,84.4,0.69
3336845,K04275.01,0,0.996864568,132.09898,0.04575,86.7,0.77
3645282,K07661.01,0,0.673684895,131.61938,0.048375,51.1,0.7
6026924,K04276.01,1,56.644452,138.762,0.6896249999999999,104.6,2.44
6525280,K04277.01,0,1.710319812,131.60513,0.12429166666666666,43.6,0.56
4861784,K04278.01,0,5.62978034,136.8349,0.243625,379.2,1.61
5876360,K04279.01,0,1.050852976,132.138232,0.06995,41694.0,45.89
3732972,K07664.01,0,1.540398683,131.99063,0.06531666666666666,73.0,12.65
3244792,K04347.01,1,3.0570982,134.50122,0.14879166666666666,144.0,0.99
8743082,K04348.01,0,365.25921,236.672,0.5725,529.0,2.39
9142742,K04349.01,0,372.72688,175.6195,0.5312916666666666,331.7,3.52
6891513,K04413.01,0,9.9398272,140.8334549,0.1716583333333333,478.6,101.71
4579598,K04414.01,0,0.866346,131.6286,0.08379166666666667,116.4,1.24
7777522,K04415.01,0,0.885129679,131.88274,0.1315,177.3,1.21
9305012,K04416.01,0,56.898749,160.0479,0.14675,514.0,6.33
9597729,K04417.01,0,0.438153876,131.5167,0.057854166666666665,164.8,14.0
11390109,K04210.01,0,398.40957,178.4393,0.47858333333333336,880.3,3.33
5078025,K04211.01,0,0.696286519,131.87824,0.13308333333333333,120.8,1.34
1724719,K04212.01,1,5.79179934,133.35814,0.14475,118.5,1.69
8120608,K00571.05,1,129.945392,176.82285,0.24108333333333332,500.1,1.18
5026326,K04280.01,0,1.39772545,132.3377,0.17204166666666665,181.3,1.58
5471574,K02505.02,0,12.4246697,134.0396,1.83625,424.0,168.91
5512580,K04281.01,0,383.00806,281.6723,0.40458333333333335,632.1,2.2
11670599,K04282.01,0,0.847588864,131.55971,0.09358333333333332,67.1,0.91
6359820,K04283.01,0,331.81534,347.0408,0.44,370.3,1.84
11872139,K04350.01,0,1.75649346,132.01087,0.14287499999999997,27.5,1.62
2708221,K04352.01,0,1.8912501,132.6923,0.31866666666666665,731.0,23.5
5040223,K04354.01,0,0.996023763,132.16613,0.22549999999999998,98.3,18.36
4571004,K04355.01,0,36.616669,156.001,0.35916666666666663,237.4,1.68
7031942,K04420.01,0,0.566795467,131.84,0.1963333333333333,38.2,0.67
5632701,K04213.01,0,3.67515329,131.681,0.29512499999999997,56.0,0.71
10549924,K04214.01,0,0.715825886,132.06428,0.050499999999999996,40.6,0.58
9366617,K04215.01,1,26.5487294,137.24401,0.33199999999999996,142.0,2.54
6187341,K04216.01,0,0.492291661,132.393012,0.03725,1107.6,3.42
3353454,K07654.01,0,1.6911935,132.93323,0.3949583333333333,2801.0,6.36
10156055,K04284.01,0,2.42803503,133.5931,0.126875,73.8,0.85
8418018,K04285.01,0,372.94844,217.8357,0.5782916666666666,253.5,1.34
5024177,K04286.01,0,0.787120016,131.73939,0.13186666666666666,265.5,23.81
4548011,K04288.01,1,6.28384079,133.20513,0.17879166666666668,35.7,0.73
4571004,K04355.02,0,21.131609,139.7493,0.5691666666666666,73.5,0.94
4571004,K04355.03,0,81.675841,158.9694,0.4804166666666666,143.4,1.31
4571004,K04355.04,0,28.5463574,159.2763,0.3870833333333333,153.3,1.35
4571004,K04355.05,0,72.563291,202.0235,0.12866666666666665,332.3,1.99
8459663,K04356.01,1,174.510276,201.47056,0.27870833333333334,1530.0,1.74
10155321,K04422.01,0,15.705388,135.0768,0.20295833333333335,283.7,3.3
3866536,K04423.01,0,7.65270746,134.46038,3.3290375,641.1,3.21
7046035,K04424.01,1,2.27164952,131.82601,0.16891666666666666,82.4,0.97
4679314,K04425.01,0,3.84835742,133.25649,0.42416666666666664,84.2,0.77
5702637,K04217.01,0,1.0388961,132.37849,0.198125,600.8,114.1
8309169,K04218.01,0,293.76887,257.9779,0.19499999999999998,462.0,1.97
4678919,K04219.01,0,1.87885327,133.08861,0.13758333333333334,120.9,0.97
5563080,K04220.01,0,0.785473311,131.861548,0.0579625,339.6,1.61
6364067,K04221.01,0,5.2438982,132.6882,0.328375,162.2,1.24
5983532,K04289.01,0,441.877824,251.778,0.2769583333333333,1300.0,39.55
3439126,K07655.01,0,2.9761504,132.9276,0.25329166666666664,259.5,1.02
8463346,K02529.02,1,64.0019669,132.61779,0.19683333333333333,1112.5,2.48
5868793,K04290.01,1,4.83809469,135.1562,0.04566666666666667,1544.0,0.79
8483021,K04291.01,0,361.91436,241.7138,0.36166666666666664,228.2,1.84
10063208,K04292.01,1,9.3281912,132.85459,0.16629166666666667,45.2,0.59
1575873,K04359.01,0,0.629001455,131.55662,0.05262499999999999,14.7,0.81
10669994,K04360.01,1,2.71603664,132.35962,0.07266666666666666,98.5,1.05
11449918,K04362.01,0,374.59003,303.4857,0.6329166666666666,267.9,1.34
3750350,K07665.01,0,319.30633,221.3106,0.2808333333333333,155.2,1.26
4584865,K04429.01,0,1.75254087,132.73775,0.17074999999999999,42.5,1.41
11968463,K02433.05,0,0.646745436,132.02582,0.049499999999999995,115.6,1.49
9183378,K04222.01,1,3.38557445,133.97411,0.07829166666666666,121.9,1.63
11188254,K04223.01,0,2.754024,133.731,0.17291666666666666,172.2,1.68
1724513,K04224.01,0,1.975208831,131.63127,0.06304166666666666,76.3,1.59
9535876,K04225.01,0,0.960843605,131.7739,0.13416666666666666,141.7,19.15
5817533,K04293.01,0,4.206109,132.2382,0.215,120.0,0.91
7681230,K04294.01,0,0.962590772,132.421278,0.052370833333333325,1021.6,31.51
7596240,K04295.01,1,13.3997555,131.84235,0.14725,167.3,1.51
3448456,K07656.01,0,0.776950288,132.0396,0.05366666666666667,396.0,1.72
12107008,K04297.01,0,5.93725628,135.9371,0.15162499999999998,115.6,0.86
7427764,K04364.01,1,4.56383697,132.26068,0.09462499999999999,201.8,1.22
4754831,K04365.01,0,55.119831,153.6508,0.19595833333333335,114.5,1.68
4754831,K04365.02,0,25.6416117,152.9007,0.22916666666666666,126.4,1.76
9899630,K04439.01,0,1.33258455,132.0268,0.24041666666666664,152.7,15.89
4367528,K04440.01,0,350.81029,147.6369,0.4704166666666666,538.3,2.86
8416523,K04441.01,1,0.341842017,131.660336,0.048141666666666666,285.6,1.72
3751231,K07666.01,0,0.570953851,131.5725,0.04158333333333333,76.1,1.01
7816665,K04227.01,0,4.29258258,131.77675,0.127875,369.6,1.87
9535881,K04228.01,0,0.960842633,131.777663,0.11017083333333333,2022.9,67.53
11616596,K04229.01,0,14.5893928,136.1407,0.6475,nan,nan
9872831,K04230.01,1,5.49548533,133.63966,0.10254166666666666,85.8,1.3
8508126,K04299.01,0,0.980505042,132.097771,0.058616666666666664,426.6,26.35
12306058,K02541.02,1,20.4853893,146.9183,0.4262083333333333,89.5,3.6
8507475,K04300.01,1,3.58273837,134.95108,0.06345833333333332,360.5,1.64
8773015,K04301.01,1,15.604841,131.9989,0.18929166666666666,73.4,1.57
4754831,K04365.03,0,75.681309,167.6921,0.48416666666666663,107.7,1.64
3531231,K07657.01,0,62.060783,134.4944,1.175125,472.9,2.11
5471489,K04368.01,0,12.4252735,141.5658,0.8648333333333333,84.7,2.37
5471489,K04368.02,0,39.2820405,139.9224,0.1393333333333333,157.5,58.67
9011874,K04369.01,0,361.54561249,190.4475347,1.0533333333333332,nan,nan
9936080,K04431.02,0,355.79978,346.7189,0.24883333333333335,172.3,1.87
8611344,K04432.01,0,410.99389,190.8191,0.5004166666666666,550.0,2.09
9518651,K04433.01,0,2.17823752,132.00513,0.09412499999999999,44.0,0.64
2305311,K04434.01,0,1.404674486,131.55621,0.21066666666666667,155.5,0.86
6383595,K04231.01,0,24.9097436,143.0403,0.16066666666666665,150.2,2.24
11080405,K02442.02,1,12.3101351,141.8765,0.15820833333333334,263.7,1.51
11509504,K04232.01,1,2.61576515,131.97896,0.11570833333333333,120.4,1.06
6599949,K04233.01,0,409.2452,265.2465,0.5441666666666667,531.2,2.1
11611275,K04234.01,1,6.94245216,135.95819,0.14545833333333333,160.8,1.34
11612280,K04304.01,1,9.4061364,137.7073,0.20341666666666663,79.5,1.14
5536715,K04305.01,0,0.935086665,131.52593,0.04666666666666667,71.2,1.18
8149484,K04306.01,0,1.489457454,131.99809,0.12616666666666665,56.3,1.58
12407623,K04370.01,0,1.181165291,132.42522,0.04220833333333333,370.4,1.52
11444514,K04371.01,1,66.373298,174.01595,0.35662499999999997,415.0,1.99
9886361,K02732.02,1,13.61165024,144.16808,0.31737499999999996,95.5,1.46
9702006,K04372.01,1,6.24564633,137.16241,0.10245833333333333,212.0,1.06
6778008,K04373.01,0,0.945829261,132.09286,0.07145833333333333,98.2,0.86
8308260,K04436.01,0,0.973160836,132.25412,0.036,138.3,1.22
8492101,K04437.01,0,4.05943749,133.1883,0.13520833333333332,105.4,2.11
6343576,K04438.01,0,6.39903778,134.7133,0.13124999999999998,186.6,6.54
2449101,K04236.01,0,0.739761008,131.80913,0.3162083333333333,292.1,9.67
7259249,K04237.01,0,0.950735805,131.7794,0.047641666666666665,175.1,1.39
8678691,K04238.01,0,369.819993,179.3674,0.843,1599.0,4.25
9640924,K04239.01,0,2.17815935,132.02414,0.076625,116.3,1.22
11151677,K04308.01,0,0.720460644,132.012909,0.07435833333333333,2111.5,37.33
11037128,K04309.01,0,3.7948721,134.40039,0.071375,305.1,16.1
6587002,K00612.03,1,122.0804953,155.02532,0.16891666666666666,799.9,2.92
11969092,K04375.01,0,0.638437699,131.592552,0.012616666666666667,286.8,2.48
2570773,K04376.01,0,1.8912851,132.676,0.25758333333333333,1223.4,19.96
6356885,K04378.01,0,343.42046,327.4112,0.46291666666666664,482.7,2.15
3542542,K07658.01,0,3.47148164,133.7138,0.19495833333333334,122.7,0.85
11718389,K04444.01,1,5.94373492,135.25897,0.07695833333333332,301.0,1.14
11124703,K04445.01,0,244.60373,230.282,0.45291666666666663,769.8,2.1
10329196,K04446.01,1,85.7567919,162.71914,0.23729166666666668,159.1,2.99
10604592,K04447.01,1,2.18660188,131.94832,0.06604166666666667,122.3,0.98
9593773,K04240.01,0,3.1339356,133.5458,0.18654166666666666,203.7,1.58
9285568,K04241.01,1,2.55315031,132.44849,0.07704166666666666,185.3,1.25
7604328,K02458.02,1,2.936587946,133.03618,0.07896666666666666,279.6,1.77
9777757,K04243.01,0,1.33254212,132.0554,0.16033333333333333,37.4,1.45
7103919,K04310.01,1,10.7769944,140.2902,0.109,185.6,1.15
8645191,K04311.01,0,0.918921494,131.68016,0.03927083333333333,321.0,1.49
10722485,K04312.01,1,7.84931877,134.8747,0.15612499999999999,68.2,0.81
9717958,K04313.01,0,67.7125988,149.82165,0.06408333333333333,542.4,82.63
8128067,K04314.01,0,12.4285576,133.7175,0.5825,620.1,2.22
7703910,K04379.01,0,1.275511306,132.44654,0.07870833333333332,69.3,0.84
7777818,K04380.01,0,5.78159956,136.77178,0.09258333333333332,72.8,1.7
9851360,K04381.01,0,8.4805019,135.8339,0.34770833333333334,164.9,1.26
6937529,K04382.01,1,2.94648935,132.42208,0.13145833333333332,57.0,0.89
9490653,K04173.01,0,1.227986164,131.84491,0.06462499999999999,150.5,1.17
3328027,K04174.01,0,2.11548883,132.00942,0.16699999999999998,169.5,1.29
3644631,K07659.01,0,358.96247,295.9933,0.9787499999999999,670.8,2.37
9640931,K04175.01,0,2.17815196,132.02208,0.101875,245.0,1.09
5125196,K04176.01,0,342.315407,157.0157,0.5198333333333334,719.7,3.15
9640962,K04177.01,0,1.089077224,132.02477,0.11270833333333333,152.7,1.0
5097454,K04244.01,0,1.288066288,133.273187,0.2692333333333333,10082.6,34.84
3663141,K07663.01,0,2.31894284,132.9696,0.2217083333333333,66.5,0.87
5177859,K04246.01,1,6.98472143,135.99731,0.1135,90.7,1.19
4568117,K04248.01,0,0.562563871,131.73458,0.06629166666666667,34.6,0.69
10342248,K04315.01,0,0.93373458,131.53478,0.18183333333333332,127.7,0.93
9777290,K04316.01,0,1.33251948,132.0885,0.15554166666666666,233.7,1.64
8548427,K04317.01,0,168.84663,231.2295,0.40625,215.1,1.45
6289344,K04319.01,0,160.4122022,262.40022,0.205,2538.0,4.45
9883606,K04383.01,1,4.34195312,134.18767,0.10824999999999999,73.3,0.94
5860968,K04384.01,1,122.358116,134.3477,0.44866666666666666,352.8,2.15
3645438,K04385.01,1,7.298142,137.85674,0.126,370.5,1.6
8480582,K04386.01,1,18.5010898,149.17569,0.13245833333333332,421.1,1.62
10936786,K04179.01,0,0.569961046,131.80273,0.06025,44.2,1.04
6938264,K04180.01,0,1.121634781,132.31311,0.048125,71.5,0.6
9899315,K04181.01,0,1.33256979,132.05279,0.13720833333333332,104.2,0.97
9541089,K04182.01,0,0.536650896,131.709931,0.19591666666666666,273.2,18.45
3650049,K04249.01,0,397.73699,222.0316,0.49,1131.5,3.05
9641076,K04250.01,0,2.17818699,132.00477,0.11191666666666666,115.8,1.03
11125613,K02485.02,1,3.60082855,134.037,0.08074999999999999,296.3,1.36
10525049,K04252.01,1,15.5714121,136.58529,0.09558333333333333,173.5,0.72
9896018,K02579.02,1,3.59645081,132.77209,0.110875,149.6,1.66
5095082,K04320.01,1,20.6579443,145.6348,0.3665833333333333,98.2,1.27
12418891,K04321.01,0,0.760941405,131.62978,0.073875,186.6,1.18
3839294,K07669.01,0,137.665706,240.44616,0.1555,536.9,15.41
7698701,K04322.01,0,370.90237,205.0559,0.4399166666666666,545.8,1.97
7698701,K04322.02,0,321.55087,241.849,0.24429166666666668,397.0,1.68
2830919,K04387.01,0,1.54038914,132.00494,0.07012499999999999,71.8,0.84
9588822,K04388.01,0,71.76236302,170.095082,1.2264583333333332,8591.9,25.76
11560897,K02365.02,1,110.978266,147.0226,0.47133333333333327,150.2,1.86
10858737,K04183.01,0,0.952378454,131.85999,0.16216666666666665,43.8,1.46
6752002,K04184.01,1,6.08003714,136.88262,0.0545,184.0,1.07
7257966,K04185.01,1,3.035206175,132.3291,0.02575833333333333,696.9,3.59
3644738,K07660.01,0,358.96844,295.8289,0.9045833333333333,807.8,2.7
9406892,K04186.01,0,2.21316437,132.71281,0.16141666666666665,116.1,0.95
8487645,K04254.01,0,0.530967987,131.72336,0.0755,26.9,1.08
10407482,K04255.01,1,6.30558387,131.53058,0.109125,193.1,2.52
5817613,K04256.01,0,4.2058608,132.2913,0.3079166666666666,182.0,1.14
9910942,K04324.01,0,8.4803326,135.8598,0.24658333333333332,35.6,1.35
10924340,K04326.01,0,0.750744255,132.18261,0.07467083333333333,170.6,17.07
5371777,K04327.01,1,0.991659646,131.53686,0.09229166666666666,77.3,1.19
6629993,K04392.01,0,118.609553,172.0788,0.9474999999999999,380.9,2.86
10427700,K04394.01,0,0.616386349,131.64315,0.0339,79.4,2.94
11296045,K04396.01,0,88.91323139,145.6230854,0.12166666666666666,nan,nan
3124598,K04187.01,0,7.07162308,136.46253,0.10779166666666667,123.0,1.42
6879171,K04188.01,1,6.96352699,133.01717,0.133,68.1,1.4
9897364,K04189.01,1,64.2729088,186.7353,0.5056666666666666,1213.9,5.38
12505503,K04190.01,1,3.4327371,132.92055,0.16670833333333335,63.2,0.75
3548639,K04191.01,0,13.8452726,136.9596,0.10645833333333334,93.2,2.34
4390912,K07695.01,0,0.687506554,131.85964,0.06004166666666667,130.3,8.73
7115925,K04258.01,0,0.566801617,131.80435,0.11458333333333333,24.9,0.88
7429287,K04260.01,0,371.63327,296.9495,0.6216666666666666,107.0,1.83
10526887,K04261.01,1,1.450889836,132.2306,0.07304166666666666,135.7,1.21
11125613,K02485.03,1,5.72716067,133.96409,0.09291666666666666,310.9,1.4
3545583,K04328.01,0,407.59415,273.5955,0.30416666666666664,462.4,2.11
8374741,K04330.01,0,358.101884,425.6837,0.266375,114.0,0.95
11296045,K04396.02,0,46.0771501,143.6839655,0.12624999999999997,nan,nan
11296045,K04396.03,0,42.62423329,156.1855401,0.06125,nan,nan
3247503,K04397.01,0,0.447861451,131.9752,0.035587499999999994,265.4,1.42
8733898,K02842.03,1,3.036208739,134.06146,0.038849999999999996,1820.5,1.4
9828127,K04192.01,1,18.0541469,147.7943,0.191125,283.1,1.51
4281068,K07689.01,0,1.01530474,131.517946,0.36509166666666665,16445.2,64.77
9092496,K04193.01,0,94.180473,200.2662,0.30604166666666666,1104.4,4.17
5644412,K04194.01,1,1.538185321,132.49067,0.07012499999999999,277.2,1.29
9959545,K04195.01,0,1.332567643,132.04299,0.1785,56.7,0.62
9641144,K04262.01,0,1.089076495,132.02703,0.09475,43.7,0.75
8572168,K04263.01,0,1.662710314,132.44469,0.07625,85.9,2.16
4472143,K07696.01,0,472.071079,310.7718,0.23995833333333333,252.6,2.01
7368137,K04265.01,0,2.18242002,132.39594,0.17095833333333332,69.7,0.7
9027841,K04266.01,0,0.503999678,131.631544,0.0225875,975.6,2.97
8953414,K04332.01,0,2.66588544,131.6037,0.20849999999999996,167.0,0.98
10730070,K04335.01,1,7.61758198,137.50008,0.14770833333333333,85.4,1.0
4458109,K04336.01,0,41.477908,144.9193,0.4354166666666666,29.9,1.09
2831055,K04400.01,1,2.20923119,131.90288,0.09966666666666665,59.8,0.84
11044826,K04401.01,0,260.54832,218.5525,0.6466666666666666,161.6,1.35
6681687,K04402.01,0,370.47678,307.4992,0.6537499999999999,656.2,2.37
7703882,K04403.01,1,5.88350251,136.9451,0.1065,217.7,1.27
8179190,K04196.01,0,0.662457501,131.90556,0.06362499999999999,64.1,8.3
9777724,K04197.01,0,1.33258458,132.03624,0.13424999999999998,127.0,1.25
5340878,K04199.01,1,0.539915033,131.55207,0.047775,97.0,0.82
10273903,K04200.01,0,372.54353,137.9147,0.9095833333333332,1106.0,74.14
7450747,K04267.01,1,2.20829637,131.63091,0.11837500000000001,87.9,1.36
7826620,K04268.01,1,0.849906734,131.6741,0.04754166666666666,124.3,0.59
8890924,K04269.01,1,26.6565737,131.59433,0.20641666666666664,163.4,4.15
8483241,K04270.01,0,373.72257,178.1825,0.5920833333333333,470.9,67.13
8573193,K04337.01,1,8.18504859,134.554,0.19470833333333332,97.6,0.93
9240664,K04338.01,0,10.78438513,141.40685,0.05866666666666666,233.6,75.04
7673841,K02585.02,1,10.42317343,135.15208,0.09754166666666667,71.2,1.07
7281411,K04339.01,0,0.566804221,131.82656,0.19329166666666667,166.0,0.85
6528141,K04340.01,0,2.022658,131.838,0.13929166666666665,135.7,1.15
8106112,K04404.01,0,316.57747,236.5015,0.61,269.1,1.47
5563937,K04406.01,0,0.519437968,131.78909,0.08870833333333333,226.2,20.48
10736179,K04408.01,0,1.105095798,132.55178,0.10933333333333334,141.7,0.89
6119921,K04201.01,0,245.01902,268.1105,0.3566666666666667,375.9,1.98
5084171,K04202.01,1,153.979362,165.491,0.37616666666666665,792.5,2.53
4141587,K07684.01,0,10.2239787,135.4415,0.07558333333333334,213.5,24.43
11968463,K02433.03,1,56.4148314,163.128,0.3364583333333333,480.1,2.9
3834317,K04203.01,0,2.18079098,132.39262,0.5054166666666666,83.2,3.29
10593535,K04204.01,1,20.9254083,134.8986,0.282625,109.0,1.26
5959719,K02498.02,1,13.0600399,144.33107,0.11879166666666666,106.8,0.8
5992210,K04271.01,0,0.641069613,132.14101,0.04304166666666666,78.6,0.86
4284980,K07690.01,0,2.2430415,133.4408,0.15125,101.1,0.89
9302543,K04272.01,0,1.21475168,131.7581,0.28874999999999995,266.1,5.5
9701962,K04617.01,1,27.4784659,148.6101,0.3125,83.2,1.52
6685646,K04618.01,0,244.86662,141.9596,0.44,289.5,1.46
4574319,K07697.01,0,1.30627214,132.0858,0.21433333333333332,95.4,0.87
7741837,K04619.01,0,62.366706,142.3899,0.18,95.4,1.88
11137065,K04620.01,0,0.933732791,131.53707,0.12733333333333333,96.9,0.9
11093335,K04621.01,0,53.106597,145.2776,0.12141666666666667,82.4,2.2
9394768,K04690.01,0,360.15417,188.796,0.5335833333333333,790.6,2.99
10972902,K04692.01,0,1.42856815,132.81461,0.08883333333333333,59.5,0.64
3832474,K00806.04,0,381.850599,296.4969,0.19883333333333333,1702.0,3.59
12004971,K03194.01,0,10.81315417,131.65931,0.05312499999999999,80.3,1.46
3644602,K04479.01,0,359.08368,415.3834,0.6529166666666666,618.7,29.15
11912941,K04481.01,0,3.74784374,134.19157,0.15241666666666664,116.5,1.08
6525106,K04483.01,0,1.71028117,131.62619,0.10874999999999999,111.6,0.91
5977470,K04550.01,1,140.251943,175.137,0.27399999999999997,567.7,1.84
4355503,K07691.01,0,0.570828503,131.58958,0.038125,174.4,0.54
6119923,K04552.01,0,134.4665,265.424,0.2195833333333333,1032.0,2.48
6126076,K04553.01,0,0.909314811,131.72281,0.09188749999999998,40.5,0.99
11284772,K04622.01,1,207.24785,213.03458,0.256625,809.2,1.56
9209183,K04623.01,0,186.55347,173.0531,0.5654166666666667,334.5,1.86
6153407,K03179.01,1,5.99078221,134.53899,0.07079166666666667,69.9,1.03
5955621,K04624.01,0,14.0801852,137.3331,0.14175,90.7,1.04
11519187,K04625.01,1,2.440839436,133.8407,0.04033333333333333,509.5,21.29
8417078,K04693.01,1,23.6223571,146.9643,0.2855,57.0,1.07
4852297,K04695.01,0,3.28931936,133.90141,0.08004166666666666,166.0,50.51
9851845,K04696.01,0,1.08195208,131.5252,0.20029166666666667,33.6,0.47
9474483,K04697.01,0,0.512583041,131.77571,0.06241666666666666,114.3,1.07
9898017,K04484.01,1,2.29794819,131.49826,0.11833333333333332,83.2,0.98
8613218,K04485.01,0,368.11581,227.4962,0.5633333333333332,476.2,2.11
8548069,K04486.01,0,368.52466,236.3783,0.49583333333333335,680.3,3.05
6278762,K03158.02,1,4.54586982,131.52442,0.07316666666666666,76.5,0.65
3127911,K03164.01,0,0.542498653,132.0117,0.17737499999999998,54.9,2.25
10399321,K04556.01,0,21.5819776,146.0691,0.5722499999999999,47.6,0.91
7837733,K04628.01,0,3.08723626,132.90519,0.10895833333333334,101.9,1.2
2578017,K04629.01,0,0.592562969,131.9017,0.12862083333333332,1546.4,25.97
8625732,K04701.01,0,31.97181,133.8728,0.5115416666666666,117.4,0.95
2831251,K04702.01,0,5.81289843,131.5613,0.16579166666666667,76.3,0.93
6721380,K04488.01,0,6.44173995,136.77753,0.06812499999999999,107.7,1.41
7694615,K04489.01,0,0.631106722,131.89801,0.041425,49.2,0.63
6201203,K04490.01,0,176.17377,144.8337,0.6074999999999999,349.9,1.76
4556468,K04491.01,1,114.336052,216.7966,0.5865416666666666,239.8,2.09
9222516,K04492.01,0,0.63938062,131.894673,0.050279166666666666,308.0,51.53
7285673,K04559.01,0,0.566801045,131.79795,0.07291249999999999,188.3,1.42
5282437,K04560.01,0,0.992799002,131.70842,0.14532499999999998,1653.0,40.12
7747457,K04561.01,1,1.5184181,132.138,0.11841666666666667,196.8,1.85
8652360,K04562.01,0,0.96807117,132.44697,0.06987499999999999,104.8,0.72
9602421,K04631.01,0,3.55661906,133.4975,0.22483333333333333,23.3,0.72
4373195,K07692.01,0,0.56256804,131.72497,0.07024999999999999,4.5,0.63
5090937,K03182.01,0,8.79991878,132.88614,1.7318333333333333,869.1,224.56
6359175,K04703.01,0,349.03703,331.8869,0.1983333333333333,777.0,2.27
8104207,K04704.01,0,177.8135,205.1936,0.4066666666666666,417.7,1.83
10026502,K04706.01,1,101.952048,206.3499,0.24962499999999999,152.5,1.31
3953173,K04493.01,0,2.41795911,132.5063,0.11362499999999999,100.5,0.53
8037926,K04494.01,0,183.854867,211.4887,0.6248333333333334,520.6,2.4
9002278,K00701.05,1,12.4418003,134.6507,0.14883333333333332,78.4,0.57
6437617,K04564.01,0,293.60581,373.1896,0.46125,165.3,1.37
8453851,K04565.01,0,2.78801663,132.5612,0.7230833333333333,14.0,0.91
11650401,K04566.01,1,3.94660745,132.24892,0.11270833333333333,309.4,1.4
9873759,K04635.01,0,4.99473798,136.1785,0.12708333333333333,99.5,0.82
9516728,K04638.01,0,368.48518,174.9473,0.4691666666666666,301.8,1.98
4825872,K04639.01,0,169.894419,201.4552,0.10520833333333332,178.7,2.66
4680772,K04707.01,0,26.190289,143.22089,0.0895,51.8,1.05
8110733,K04708.01,0,203.511886,329.4945,0.1529583333333333,167.1,2.07
6278762,K03158.03,1,6.18943952,134.78,0.09714999999999999,83.2,0.65
9100953,K04500.01,1,8.70179611,138.24633,0.127,304.1,1.37
10407086,K04568.01,0,0.933747395,131.51671,0.19991666666666666,30.9,1.24
4073089,K07682.01,0,58.873429,153.9076,0.7286249999999999,226471.0,76.18
6065351,K04569.01,0,14.1166583,136.3632,0.37999999999999995,449.3,238.66
6761777,K04571.01,1,47.3128645,146.3073,0.47683333333333333,217.4,3.71
4825872,K04639.02,0,29.6990126,135.6251,0.07704166666666666,93.3,1.93
9412623,K04640.01,1,6.1082945,131.8756,0.14554166666666665,61.1,1.06
3644505,K04641.01,0,119.72007,175.8762,0.395,115.6,1.26
4664743,K04642.01,0,1.27839331,132.0902,0.26429166666666665,19.5,0.86
4735826,K03184.01,1,7.545922037,134.4902954,0.16803749999999998,22.2,0.68
6593734,K04722.01,0,0.58675746,131.75424,0.06283333333333332,143.8,19.91
9711297,K04723.01,0,373.74856,305.2558,1.1741666666666666,797.8,4.45
8395860,K04724.01,0,20.8822079,151.6953,0.18983333333333333,1107.0,3.63
7778621,K04725.01,1,7.28171395,137.30085,0.07179166666666667,111.6,2.59
5956354,K04726.01,0,8.0386699,135.3098,0.14787499999999998,142.0,1.18
9100953,K04500.02,1,44.9851885,150.5703,0.1735,617.8,2.09
8109107,K04501.01,0,6.67410577,136.9407,0.15187499999999998,160.9,1.62
6200529,K04502.01,0,374.92478,265.3585,0.7520833333333333,610.0,1.67
6929285,K04572.01,0,4.60690612,135.19221,0.174,137.5,0.9
4848321,K04573.01,0,1.50178705,131.56426,0.12233333333333332,86.7,0.93
12255382,K03167.01,0,0.499664962,131.62724,0.06717916666666666,34.3,0.5
6522745,K04574.01,0,17.4453935,135.7609,0.26625,501.7,32.01
11076276,K04645.01,0,1.4725859,132.92731,0.12304166666666666,84.4,0.93
12012439,K04646.01,0,2.97607935,132.953,0.19191666666666665,130.4,1.1
4374610,K04712.01,0,1.44438449,132.75645,0.11266666666666666,75.4,1.08
6278762,K03158.04,1,7.74347801,135.09417,0.11615833333333332,77.8,0.62
4545570,K04506.01,1,5.60473115,131.62861,0.12020833333333332,210.0,1.11
7598111,K04507.01,0,132.778041,188.4972,0.2343333333333333,9036.0,10.38
8240746,K04576.01,0,184.568,173.6314,0.5454166666666667,409.9,1.53
9652655,K04578.01,0,2.48882685,132.12332,0.14529166666666665,80.2,1.05
10140843,K04579.01,0,367.19796,134.1748,0.6633333333333333,146.1,1.08
10473272,K04648.01,0,17.6604653,137.3914,0.11820833333333333,309.2,1.76
9824928,K04650.01,0,1.69999106,131.6296,0.13704166666666667,95.6,0.55
5817685,K04652.01,0,4.2059745,132.2828,0.33358333333333334,41.2,0.75
7282042,K04718.01,0,0.566803216,131.80982,0.13854166666666667,20.2,0.54
7523542,K04719.01,0,365.13981,156.6413,0.18583333333333332,531.0,1.86
3109937,K04720.01,0,37.809539,158.4002,0.3144583333333333,487.4,1.79
9386171,K04721.01,0,381.18654,136.2434,0.40541666666666665,985.0,2.29
11671579,K04510.01,1,5.17624997,133.7381,0.21920833333333334,78.7,1.31
11553598,K04511.01,0,370.62071,311.1842,0.5241666666666667,344.3,2.12
12069414,K04512.01,0,0.589458602,131.82156,0.034491666666666664,158.4,0.98
9216775,K04513.01,1,3.91794676,132.86384,0.10620833333333332,116.5,0.94
8443265,K04584.01,0,0.614701901,132.08465,0.03945833333333333,131.6,0.82
3240406,K03185.01,0,0.934181579,132.39492,0.16429166666666667,12.1,0.79
5090803,K04654.01,0,379.65261,284.965,0.7933333333333332,82.3,1.2
8377197,K04727.01,0,1.215181097,131.50904,0.05395833333333333,39.7,0.87
6137779,K04728.01,0,21.5324915,131.87749,0.17316666666666664,100.5,1.47
11913072,K04729.01,0,3.74779583,134.2022,0.13154166666666667,88.5,1.06
9083470,K04731.01,0,0.91842238,131.5859,0.236,162.9,16.07
5783732,K04514.01,0,373.43233,297.3505,0.6875,166.7,1.48
6278762,K03158.05,1,9.74048508,134.87916,0.07080416666666667,121.4,0.95
7900100,K04515.01,0,397.73781,171.6552,0.5449999999999999,460.8,2.2
9849884,K04516.01,0,5.35745121,131.62784,0.108,78.2,1.65
11243547,K04517.01,0,2.16132662,131.90236,0.18695833333333334,112.2,0.5
9009036,K04585.01,1,6.76289308,135.6771,0.25849999999999995,50.9,1.21
10491525,K04589.01,0,1.09844642,132.4402,0.06366666666666666,45.0,1.73
3859042,K07675.01,0,25.94947,148.9734,0.6541666666666666,238.3,1.22
4946049,K04658.01,0,1.8789138,133.06338,0.17829166666666665,30.2,1.9
2857607,K04659.01,1,41.8681996,146.9767,0.24095833333333333,150.7,1.25
5559651,K04660.01,0,0.514771509,131.94435,0.05233333333333333,43.4,0.57
5962262,K04661.01,1,8.61742738,133.50863,0.11304166666666667,154.9,1.01
5437348,K04448.01,0,35.945188,146.6937,0.34291666666666665,72.6,1.5
8429668,K04449.01,0,5.00749378,134.69035,0.12075,56.6,1.68
7429240,K04450.01,1,196.436796,173.692,0.35649999999999993,631.9,2.33
7032001,K04518.01,0,0.566810643,131.80277,0.144625,45.6,0.52
6199864,K04521.01,0,262.477098,173.1293,0.24233333333333332,1016.0,1.92
9577855,K04522.01,0,2.21030572,133.57674,0.10383333333333333,92.0,1.06
4386607,K07694.01,0,5.99321872,133.6359,0.16333333333333333,203.2,1.23
12108364,K04592.01,0,0.70544189,131.6954,0.07383333333333333,133.5,1.04
8295671,K04593.01,0,0.981399749,132.12493,0.021045833333333333,158.3,1.21
10407210,K04662.01,0,0.933728755,131.54241,0.18179166666666668,13.5,0.72
7457278,K03188.01,0,12.607591424,136.8554856,1.2136125,79.5,1.61
8984755,K04664.01,0,0.734573766,131.59872,0.05395833333333333,68.4,0.86
7366895,K04665.01,0,289.86046,258.5572,0.46262499999999995,234.5,1.5
10729472,K04453.01,0,357.13089,157.7985,0.5433333333333332,330.5,1.62
6200612,K04454.01,0,370.50684,150.8212,0.5055,418.6,2.06
9777200,K04455.01,0,1.332580225,132.03999,0.08570833333333333,46.3,2.18
5003670,K04524.01,1,7.99144696,136.25855,0.15162499999999998,145.0,1.53
5200084,K03159.01,0,2.9039446,133.8526,0.43925,13.1,1.17
4144873,K07686.01,0,68.538296,186.21716,0.15112499999999998,1087.0,25.77
9171886,K04525.01,0,369.7985,173.3282,0.5235,1106.4,2.53
3337061,K03172.02,0,6.5588346,133.8215,0.12641666666666665,41.2,0.7
5696918,K04594.01,0,0.643007769,131.68588,0.028749999999999998,68.1,0.35
8487838,K04596.01,0,1.061937837,131.7269,0.09625,52.0,0.68
8937762,K04668.01,0,15.07277287,143.96955,0.032475,345.0,1.73
2720828,K04669.01,0,1.71659304,131.6976,0.048083333333333325,138.0,1.17
8652577,K04458.01,0,358.818895,416.5775,0.10429166666666667,666.1,2.66
8804937,K04459.01,0,181.3537,190.4847,0.6745833333333333,455.0,2.11
11912987,K04461.01,0,3.74786694,134.17739,0.15133333333333332,80.9,0.89
4136659,K07683.01,0,0.913244995,132.18552,0.020545833333333333,47.8,0.77
3438976,K04527.01,0,2.97599368,132.9759,0.16762499999999997,55.0,0.79
6610064,K04529.01,0,0.584148495,131.84461,0.06746666666666666,66.2,0.87
5476671,K04598.01,0,0.824180121,132.10276,0.11829166666666666,208.1,17.8
7335972,K04599.01,0,0.579770948,132.081304,0.0432375,467.9,2.4
2694632,K04600.01,0,0.92225589,131.8088,0.176125,33.0,1.29
5428471,K04671.01,0,0.75499096,131.8315,0.10354166666666666,215.8,1.39
7283710,K04672.01,0,353.40191,403.2834,0.278375,948.0,2.35
10794509,K04673.01,0,1.428596987,132.79165,0.08917083333333332,50.0,1.62
2576224,K04465.01,0,2.21701025,131.80305,0.0895,29.4,1.16
3967501,K07677.01,0,43.0759115,160.13883,3.7895833333333333,3452.0,213.46
6437226,K04531.01,0,372.62637,307.8836,0.7716666666666666,542.0,2.38
2710623,K04532.01,0,1.02087831,131.66089,0.10120833333333332,33.4,0.64
3330684,K04533.01,0,1.26132769,132.4274,0.05183333333333333,109.7,0.14
2696703,K03161.01,0,6.09406648,133.65981,0.086875,3027.0,54.54
7699298,K04534.01,0,1.1578141,132.43684,0.13554166666666667,54.8,1.24
7115661,K03174.01,0,0.566800926,131.81666,0.18362499999999998,264.5,2.19
2853889,K04604.01,0,24.1876477,145.8464,0.11058333333333333,194.8,118.8
4845862,K04606.01,0,2.44926655,132.82121,0.1245,108.2,0.76
10130057,K04675.01,0,2.17812826,132.03068,0.108375,100.8,0.81
9838608,K04677.01,0,1.33259494,132.0286,0.11595833333333333,92.7,0.89
4247811,K04678.01,0,2.05048377,133.2849,0.15291666666666665,60.5,0.66
6543645,K04679.01,0,1.19550618,132.3006,0.13904166666666667,26.9,0.78
8738244,K03157.01,0,0.683082998,131.73271,0.1837083333333333,143.3,9.92
4157052,K04468.01,0,0.791771167,131.523083,0.10192916666666665,509.2,82.71
10006641,K04469.01,0,0.894172544,131.51006,0.034591666666666666,86.2,0.68
10815916,K04470.01,0,1.68207624,132.12513,0.06329166666666666,54.7,1.01
3547760,K04535.01,0,9.8480917,136.80247,0.12829166666666666,141.9,0.88
7281484,K04536.01,0,0.566800593,131.8233,0.162875,12.3,0.48
4848115,K04537.01,0,0.969602551,131.93121,0.072,111.0,0.69
5991765,K04538.01,0,9.25801294,132.88335,0.11891666666666667,88.1,1.73
3962872,K04539.01,0,25.9554044,148.7989,0.3537916666666666,122.7,1.46
11912911,K04607.01,0,3.74788208,134.1709,0.17429166666666665,153.4,0.94
7045435,K04608.01,0,0.93479255,131.88578,0.19099166666666667,247.5,24.75
2972800,K04609.01,0,361.43653,421.747,0.3783333333333333,271.9,1.56
8573168,K04610.01,0,0.89628253,131.54972,0.058208333333333334,86.4,0.76
10801249,K04611.01,0,1.67495622,131.8099,0.12475,35.9,0.77
3857860,K04681.01,0,8.2344072,137.4733,0.11699999999999999,59.2,1.49
5024252,K04682.01,0,2.15052332,132.3132,0.143625,115.5,1.17
7430876,K03193.01,0,32.6122381,144.55067,0.12025,1321.4,31.96
4843592,K04683.01,0,0.967073359,131.604602,0.10364583333333333,773.5,28.15
9602775,K04684.01,0,3.5564279,133.5377,0.2915833333333333,131.4,0.8
8955709,K04471.01,0,0.942997994,132.24469,0.04857499999999999,539.2,1.56
7031430,K04472.01,0,0.566796775,131.83811,0.22795833333333332,144.1,0.61
7133294,K04473.01,1,13.6471211,132.2552,0.34712499999999996,75.0,1.25
4381429,K04474.01,1,16.473474,142.68604,0.17504166666666665,470.5,1.63
11912916,K04475.01,0,3.74788322,134.17324,0.14375,242.6,1.32
12108293,K04540.01,0,0.705455349,131.67764,0.102875,74.9,0.64
5301093,K07724.01,0,488.67353,519.7805,0.5145833333333333,691.0,2.03
9640946,K04542.01,0,1.08906057,132.0391,0.11429166666666665,76.2,0.75
9776186,K04543.01,0,1.48922187,132.3722,0.07841666666666666,613.6,2.5
9752973,K03162.01,0,0.716709761,132.05103,0.029037499999999997,68.4,1.42
8044600,K04612.01,0,4.1083812,134.8932,0.136625,352.8,1.62
10220837,K04613.01,1,1.962282625,131.53585,0.06041666666666666,68.3,0.81
10991239,K03178.01,0,0.523629052,131.63487,0.14345833333333333,122.0,46.33
9345819,K04615.01,0,1.04588635,131.9887,0.11804166666666667,102.7,1.1
9180566,K04616.01,0,51.31346091,162.7018814,0.16416666666666666,nan,nan
11092040,K04687.01,0,419.92898,134.7701,0.60625,233.5,1.51
4851145,K04688.01,0,1.23521458,131.9681,0.03825,89.5,0.93
10292540,K04689.01,0,1.085229874,132.10036,0.027166666666666665,238.1,1.37
3732894,K04476.01,0,1.540379557,132.00637,0.08441666666666665,76.9,0.81
6278762,K03158.01,1,3.60011712,133.25983,0.09983333333333333,50.2,0.5
6276791,K04477.02,1,9.32867952,135.87513,0.0655,354.4,1.62
8636600,K04478.01,1,6.38671206,131.52991,0.050041666666666665,223.7,1.19
10220950,K04544.01,0,158.348345,260.2924,0.4395833333333333,899.0,372.86
10342316,K04547.01,0,0.93376962,132.4211,0.29262499999999997,125.8,16.3
5305399,K07725.01,0,322.48381,189.1585,0.9579166666666665,1023.4,3.5
12021811,K04905.01,0,0.739404894,131.69907,0.07304166666666666,246.8,0.94
3962684,K04908.01,0,25.949641315,148.9825267,0.4850458333333333,67.8,2.06
4730442,K07702.01,0,1.71051215,131.65812,0.0535,42.2,1.04
9447166,K03296.01,1,62.869463,166.0137,0.2850833333333333,341.7,1.96
9643043,K03297.01,0,84.8062818,192.37227,0.375025,9936.0,36.51
8151055,K03298.01,1,29.9632816,149.94353,0.10833333333333334,893.2,2.24
7177555,K03299.01,0,17.99643716,134.910537,0.1735,36923.0,30.08
3348082,K01196.02,1,11.63486009,140.50071,0.22775,292.3,2.61
10615440,K04765.01,1,10.8118317,137.13426,0.10945833333333332,76.8,1.24
5802292,K04767.01,0,1.208528832,131.97963,0.05566666666666667,180.8,1.25
5126932,K07718.01,0,208.18711785,146.5337609,0.10585,394.7,1.99
10034146,K04835.01,0,0.93198504,131.62897,0.0853,326.6,17.72
4175105,K04836.01,0,0.60818508,131.62275,0.037875,144.7,96.03
2437897,K04909.01,0,1.65320144,132.40988,0.06354166666666666,132.1,0.74
9307966,K04910.01,0,3.37487541,132.48977,0.12854166666666667,53.8,0.75
5556726,K03223.01,0,0.962825082,132.21375,0.1186,118.1,5.18
2554853,K04911.01,0,309.494217,375.9225,0.5714999999999999,292.0,2.79
7889486,K03300.01,0,24.2382519,136.62118,0.11262499999999999,465.5,2.19
7889486,K03300.02,0,24.2416103,155.0323,0.21404166666666663,323.4,1.61
8233802,K03302.01,0,69.3788597,154.19137,0.158625,530.4,2.07
7510820,K03303.01,1,29.3493852,148.46564,0.1797083333333333,659.2,2.02
6116035,K04769.01,0,449.57274,153.3061,0.3886666666666666,221.4,3.08
8958359,K04770.01,0,245.059374,301.678,0.397875,165.0,1.63
7983117,K03214.01,1,11.49500229,141.27511,0.31675,51.4,1.53
5480884,K04841.01,0,0.708726708,132.08629,0.031375,313.6,0.92
12506417,K04842.01,0,283.72675,392.671,0.6454166666666666,84.6,1.18
10187563,K04843.01,0,373.60683,246.5809,0.3646666666666667,534.8,2.5
5544450,K03226.01,0,4.29388808,133.51002,0.15075,110.6,1.68
9307105,K03304.01,0,13.5437884,135.27623,0.23781666666666668,6608.7,32.21
6880517,K03305.01,1,65.6491001,174.79319,0.3040833333333333,983.9,2.52
6615511,K03306.01,1,25.1593389,153.0404,0.21658333333333335,358.1,1.76
3632089,K03308.01,1,31.7787564,136.76929,0.33720833333333333,262.0,1.5
9959494,K03205.01,0,1.332568744,132.04697,0.1564583333333333,24.1,0.58
8397947,K04772.02,1,9.0194714,139.9234,0.24666666666666665,191.6,1.07
11456405,K04845.01,0,0.814278961,131.64806,0.08695833333333333,72.0,0.76
4544684,K04847.01,0,2.1890751,132.09378,0.09854166666666667,94.8,0.87
8975368,K03227.01,0,2.42649862,133.70347,0.08391666666666665,29.2,0.75
9291039,K03230.01,0,8.80854183,134.02712,1.4481833333333332,174.7,2.69
5168498,K07719.01,0,219.74735,239.9455,0.9366666666666666,190.4,3.24
10489539,K03231.01,0,19.7639874,134.17,0.5132916666666667,51.3,1.19
9569711,K03232.01,1,6.05919881,133.67437,0.056874999999999995,154.2,1.21
12314973,K00279.03,1,7.5143967,136.1851,0.20270833333333332,36.3,0.96
3348082,K01196.03,1,33.1981761,142.09873,0.19620833333333332,336.7,3.21
3632089,K03308.02,1,5.32784157,133.55005,0.19566666666666666,87.2,0.86
12735830,K03311.01,1,31.827649,134.59995,0.06829166666666667,520.0,4.98
6592335,K04777.01,1,0.824000125,131.80421,0.035625,183.1,0.42
5651829,K04778.01,0,0.772152075,132.2074,0.07416666666666666,43.6,4.44
9094763,K04779.01,0,1.08469871,131.7376,0.169875,124.0,1.11
10338279,K03216.01,0,5.660274452,134.46727,0.03782083333333333,414.1,11.02
4851239,K04851.01,0,1.23512429,132.00059,0.1758333333333333,15.2,0.38
5009688,K07713.01,0,1.381257093,131.84079,0.046875,92.3,1.1
10057494,K03234.01,1,2.41810158,132.38894,0.08933333333333333,46.8,0.85
6587796,K03237.01,1,33.4203001,159.1401,0.22112500000000002,436.6,2.46
9489953,K03238.01,0,58.3437362,169.90401,0.93675,1266.8,93.55
5305240,K03239.01,0,1.070982122,131.98355,0.05229166666666666,43.4,0.98
9838060,K03314.01,0,23.81578356,141.84883,0.15662916666666665,4856.7,8.4
8554701,K03315.01,1,31.1748311,159.10049,0.15791666666666665,200.2,1.31
5389632,K07726.01,0,0.474811162,132.20477,0.04870833333333333,205.2,1.28
9031209,K03316.01,1,47.0568476,161.05864,0.21763333333333335,1531.2,2.84
5951416,K04781.01,0,367.73299,302.3576,0.42324999999999996,503.9,2.1
4645833,K04783.01,0,0.743495989,132.18904,0.09395833333333332,172.8,11.82
8940918,K04784.01,0,1.405887031,132.01147,0.049333333333333326,216.0,0.95
9827596,K04855.01,0,1.45728997,131.5882,0.14925,71.3,0.93
6206559,K03240.01,0,1.245331397,132.22902,0.10691666666666666,38.1,1.61
5024429,K07714.01,0,1.52593737,132.6849,0.08158333333333333,159.1,1.39
9532117,K03241.01,0,8.21429932,135.00609,0.129125,70.7,1.66
6928906,K03242.01,0,1.54945486,132.47682,0.27908333333333335,21.8,1.34
9821151,K03243.01,0,8.42943991,132.29198,0.10170833333333332,89.1,1.19
8073705,K03245.01,1,10.60052083,132.98523,0.18787500000000001,60.9,1.09
8330548,K01132.02,0,0.9570701,131.7767386,0.11458333333333333,nan,nan
4271474,K03324.01,1,21.8634638,145.2419,0.14758333333333332,871.0,2.37
5130983,K03325.01,0,86.4392931,144.58294,0.27225,1175.1,35.31
11497958,K01422.04,1,63.3354719,162.6161,0.15212499999999998,983.0,1.18
11093538,K03326.01,0,14.77820911,144.09725,0.22479166666666664,10774.0,44.48
11044779,K03327.01,0,15.60862948,144.30211,0.2789875,34356.0,39.42
6438379,K04785.01,0,389.14115,309.5721,0.33041666666666664,347.4,1.67
9145415,K04786.01,0,365.78863,187.5436,0.5316666666666666,885.0,2.21
4545926,K04787.01,0,2.4826619,133.78028,0.08812500000000001,37.0,0.8
9396760,K04788.01,0,2.17811908,132.02334,0.06116666666666666,74.0,0.8
5119619,K04789.01,0,1.11205787,132.01568,0.06079166666666667,118.7,1.02
9582496,K04858.01,0,224.447413,293.1378,0.20775,651.0,2.05
3343281,K04860.01,0,21.8660922,138.517,0.08458333333333332,301.6,1.88
2573108,K03217.01,0,5.09506,132.4511,0.23875000000000002,23.6,2.14
9885417,K03246.01,1,0.689967868,131.63498,0.0487,122.9,0.78
3336476,K03247.01,0,1.89132292,132.6489,0.233625,16.0,0.9
9083564,K03249.01,0,0.918420801,131.58576,0.14720833333333333,56.7,1.14
7335713,K03250.01,0,0.573709256,131.93854,0.06221666666666667,131.2,7.05
8331612,K03318.01,1,13.8353959,134.3082,0.20670833333333333,818.0,3.78
5185765,K07720.01,0,46.9434911,176.32544,0.057,100.7,1.57
5965819,K03319.01,1,19.5906103,144.65969,0.28104166666666663,297.0,2.64
5965819,K03319.02,1,8.23983041,137.75528,0.23412499999999997,251.0,2.35
11294883,K04791.01,0,427.65334,136.2622,0.46541666666666665,157.1,1.97
3832474,K00806.05,0,412.041857,354.8569,0.23216666666666666,1959.0,3.77
5471566,K04863.01,0,0.9628348,132.1907,0.09412499999999999,92.8,0.81
5814013,K04865.01,0,1.57017249,132.1034,0.09404166666666666,158.4,0.82
7117355,K04866.01,0,0.566798364,131.81891,0.13216666666666665,38.6,0.66
5653072,K03252.01,0,3.22452656,132.50118,0.21483333333333332,57.5,24.48
2707985,K03253.01,0,1.89127438,132.68059,0.18712499999999999,32.3,2.03
9899141,K03254.01,0,1.33256944,132.05502,0.16208333333333333,20.6,0.46
8183288,K03255.01,1,66.6504521,171.18229,0.23933333333333331,536.9,1.56
11305996,K03256.01,0,55.7002642,152.6957,0.17854166666666665,332.7,1.18
5965819,K03319.03,1,3.54553077,132.37486,0.17262499999999997,119.2,1.62
6859801,K03321.01,0,10.882416555,132.677164,0.2278083333333333,16629.5,29.69
7767733,K03322.01,0,25.19830439,142.2240343,0.216425,73834.2,46.14
5201593,K07721.01,0,0.50727675,131.77681,0.09666666666666665,214.7,1.7
9007609,K04795.01,0,1.316398648,132.2998,0.04870833333333333,182.5,1.09
11038580,K04796.01,0,419.4596,275.458,0.56375,131.8,2.1
9509223,K04867.01,0,14.2005007,135.7279,0.218,80.6,13.28
6720773,K04868.01,0,1.318347743,132.7886,0.036291666666666667,113.2,1.23
8056651,K04869.01,0,5.5834987,132.562,0.1035,87.4,1.41
4665991,K04870.01,0,1.12401084,131.64952,0.12716666666666665,43.6,0.61
10191036,K03218.01,0,1.21374652,131.735,0.14045833333333332,28.9,0.59
8280511,K01151.03,1,5.24970432,135.46911,0.11441666666666667,61.9,0.67
10420301,K03257.01,0,45.4333769,172.93877,0.264625,905.8,2.23
12156174,K03260.01,1,56.6746666,160.44836,0.22983333333333333,883.1,4.01
4634135,K03328.01,0,63.9005941,189.47344,0.3449541666666667,17097.0,25.91
4736644,K03330.01,1,16.2951259,144.80425,0.15325,197.9,1.15
5876805,K03331.01,0,18.173045009,355.230984,0.4546375,69911.3,24.39
5818068,K03332.01,0,14.12678065,137.90377,0.24709583333333332,7647.4,31.13
10139390,K04798.01,0,358.56462,151.8698,0.485,170.2,0.99
5273713,K07722.01,0,1.337561836,132.14597,0.06562499999999999,41.0,1.11
3526331,K04800.01,0,2.23755641,133.0574,0.08704166666666666,101.1,0.93
11496490,K04872.01,0,1.035268597,131.73249,0.023595833333333333,112.2,1.34
1430305,K04873.01,0,359.3259,431.3267,0.4098333333333333,246.2,3.6
7117549,K04874.01,0,0.566805268,131.8224,0.15504166666666666,35.7,0.65
12055539,K03261.01,1,12.27057043,137.57434,0.12508333333333332,295.5,1.67
12056139,K03262.01,1,13.2274753,137.71768,0.2648333333333333,229.8,1.94
4774646,K07707.01,0,0.559517155,132.07411,0.024833333333333332,57.9,1.04
10030778,K03265.01,0,29.47316279,154.89251,0.26802916666666665,12568.5,48.98
7870282,K04732.01,0,0.580725004,131.73303,0.08629166666666667,105.2,0.85
11153259,K03200.01,0,1.94468659,133.2347,0.7591666666666665,455.5,69.59
9021075,K04733.01,1,7.28116667,132.7518,0.11316666666666667,333.8,1.4
5783938,K04734.01,0,383.10017,286.3372,0.3666666666666667,579.4,2.18
3445812,K04802.01,0,0.605556082,132.02856,0.0516625,101.7,0.86
4473613,K04803.01,1,4.36125889,132.53228,0.09058333333333332,189.2,1.2
8960918,K04805.01,0,1.19087362,131.71838,0.074375,67.5,0.73
4647662,K04806.01,0,1.06484622,131.5817,0.13695833333333332,42.4,0.72
9822284,K04807.01,0,0.969824139,132.28429,0.032625,23.1,0.49
8940700,K04876.01,0,190.60563,229.5171,0.5970833333333333,153.6,1.6
9850966,K04879.01,0,8.480305,135.8796,0.2579166666666667,304.2,1.33
8747009,K04880.01,0,410.11676,328.2965,0.5820833333333333,216.9,1.41
8826007,K03266.01,1,54.5091549,140.82739,0.21354166666666666,622.2,1.94
8620402,K03267.01,1,14.1959621,137.01221,0.15020833333333333,196.2,1.66
8379021,K03268.01,0,11.52482874,134.08163,0.07183333333333333,577.6,22.56
8104030,K03269.01,0,46.84008579,164.134422,0.15915833333333332,6287.9,428.62
5282477,K04736.01,0,0.992798625,131.70889,0.14610416666666665,582.5,29.26
6681546,K04738.01,0,186.72243,308.6018,0.5562499999999999,326.4,1.84
6421137,K04739.01,0,118.4039,195.109,0.23304166666666665,426.0,3.46
9893278,K04740.01,0,182.281992,159.6829,0.3678333333333333,509.3,1.67
4548162,K04809.01,0,10.0102876,131.8186,0.22208333333333333,127.1,0.69
7293937,K03211.01,0,1.366964704,132.195909,0.09658749999999999,59.7,0.79
8043721,K04812.01,0,0.77957913,131.7173,0.102375,70.4,0.71
7985733,K03219.01,0,0.544561598,131.94532,0.06688749999999999,35.2,44.9
6522824,K04882.01,0,17.4453133,135.7562,0.21416666666666664,327.7,5.38
6802536,K04883.01,0,2.9788702,133.5035183,0.3875,nan,nan
4750341,K04884.01,0,1.97515457,132.6578,0.10970833333333332,66.1,0.92
6612327,K03270.01,0,21.993112,131.68608,0.359,1015.7,23.21
7285757,K03271.01,1,19.5489666,149.78882,0.07416666666666666,523.8,1.89
5211922,K03273.01,0,27.6853358,132.70397,0.19420833333333332,1660.7,3.11
5280587,K03274.01,1,35.6225528,141.4514,0.20187499999999997,651.1,2.24
8129005,K04741.01,0,7.1403113,137.9994,0.24545833333333333,112.1,1.18
4840156,K07709.01,0,2.69487041,131.59964,0.106375,62.1,0.97
4138008,K04742.01,1,112.303136,230.4383,0.24454166666666666,502.1,1.3
6468904,K04743.01,0,49.5387264,132.50072,0.09325,740.6,20.52
5709906,K04744.01,0,3.39155966,134.1211,0.16125,28.4,0.49
9777556,K04814.01,0,1.33254897,132.0549,0.12845833333333334,591.7,32.84
10753922,K04816.01,0,18.2260472,133.5798,0.15266666666666667,361.1,1.85
5980061,K04817.01,0,0.630539713,131.99124,0.07252916666666666,239.6,21.07
4059887,K04887.01,0,1.018347376,131.69633,0.18275,47.8,1.92
8288741,K04888.01,0,0.659299289,131.738727,0.02878333333333333,1118.5,30.54
6852354,K04889.01,0,101.97435125,163.8034772,0.09749999999999999,nan,nan
5816811,K01042.02,0,4.45540935,134.4555812,0.1725,nan,nan
5303346,K03275.01,0,37.32483952,143.0389,0.29031666666666667,4989.2,30.32
3858879,K03276.01,0,25.951984,148.92323,0.8577083333333333,2340.2,36.8
3120904,K03277.01,1,42.9136635,139.88848,0.21779166666666666,160.6,3.19
3342467,K03278.01,0,88.1804682,209.15533,0.20970833333333333,1138.6,2.78
11757451,K04745.01,1,177.668663,264.2428,0.38741666666666663,901.4,2.32
2711597,K04746.01,0,0.98041685,131.78321,0.03829166666666667,105.7,0.75
8047428,K04747.01,1,92.263742,146.4247,0.35854166666666665,296.9,2.22
11513486,K04748.01,1,6.64754478,137.13371,0.08170833333333333,289.3,1.72
4851283,K07710.01,0,1.23517588,131.9561,0.22816666666666666,232.9,1.59
5024138,K04819.01,0,0.416995408,132.21942,0.0372,112.6,0.84
9086001,K04821.01,0,256.52387,366.9377,0.3779166666666667,126.1,1.33
4927734,K03212.01,0,3.0001191,132.9097,0.27541666666666664,7.7,0.73
11189311,K03220.01,1,81.4160138,160.86387,0.590625,762.3,4.63
10031918,K04894.01,0,8.5900471,131.9816,0.14429166666666665,137.0,0.8
5276332,K07723.01,0,357.82544,255.208,0.37999999999999995,152.5,1.7
3544640,K03279.01,1,30.8278245,143.1448,0.17558333333333334,641.3,2.42
10653179,K03280.01,1,47.1607932,150.25797,0.16679166666666667,723.2,2.58
12066569,K03282.01,1,49.2768448,157.02073,0.15779166666666666,1132.9,1.75
6497146,K03284.01,1,35.2330694,135.36477,0.15308333333333332,352.8,0.97
8625813,K03285.01,0,45.3965379,136.9486,0.15941666666666665,1001.6,1.97
4651399,K07698.01,0,508.807642,368.34861,0.18729166666666666,2127.0,39.59
9953575,K04751.01,0,362.69427,154.1124,0.4041666666666666,439.9,3.54
7887890,K04752.01,0,370.35639,425.9854,0.53125,732.2,2.82
4544628,K04753.01,0,0.729724346,132.04276,0.11245833333333333,23.0,0.51
7052511,K04824.01,0,0.821472455,132.3003,0.10137499999999999,127.1,0.92
4764774,K04825.01,0,1.29019586,132.11311,0.15587499999999999,86.5,0.78
9910828,K04897.01,0,8.48032079,135.85214,0.24129166666666668,170.7,0.95
11867608,K04899.01,0,227.6258,143.8206,0.39458333333333334,131.0,1.79
8016691,K03286.01,1,18.1373788,136.8106,0.16016666666666665,310.8,1.41
6584273,K03287.01,1,51.1104797,143.77855,0.3213333333333333,330.0,1.6
5768816,K03288.01,1,47.9869119,160.65401,0.2225833333333333,859.3,3.35
3644071,K01192.02,0,359.047933,295.76934,0.6932083333333333,5622.7,7.76
5360974,K03289.01,0,29.8042694,150.6786,0.12945833333333334,1046.5,24.73
4670267,K07699.01,0,1.003049079,132.372429,0.33190416666666667,219273.0,42.5
7435780,K04757.01,0,0.933157032,132.35981,0.10891666666666666,87.8,7.29
8938937,K04758.01,0,37.1083458,166.2453,0.17133333333333334,366.5,1.71
10556180,K04828.01,0,1.02104719,131.5654,0.26625,246.1,13.68
12401132,K04829.02,0,12.083457,134.475,0.14733333333333332,312.5,2.09
8308070,K04830.01,0,401.5907,172.2086,0.6154166666666666,115.0,1.01
6956136,K03221.01,0,53.912783631,132.2733337,1.8354333333333335,216.7,4.25
10661917,K04901.01,0,1.23142395,131.7651,0.09108333333333332,19.6,0.77
7799701,K04903.01,0,386.828262,177.56829,0.21020833333333333,1024.9,6.54
6233483,K03291.01,0,15.8733803,135.62779,0.3111333333333333,4094.1,8.15
5392871,K03292.01,0,42.3991752,151.96105,0.302125,484.0,3.23
3858851,K03293.01,0,25.95198823,154.88102,0.6084166666666666,5103.3,39.94
3858917,K03294.01,0,25.9522401,148.91634,0.8672083333333332,2896.9,42.91
4466356,K03295.01,0,14.12809896,137.11989,0.09691666666666666,263.1,1.6
9474232,K04760.01,0,13.6917833,133.78898,0.17491666666666666,145.4,1.12
3859151,K04761.01,0,25.95633,154.7054,1.0975,158.2,9.75
11456279,K03204.01,0,0.572937573,131.69432,0.10733333333333334,80.8,1.57
5398002,K03213.01,0,14.15849823,134.0065,1.9315,347.3,90.09
6680911,K04831.01,0,207.471349,254.0825,0.3112083333333333,229.2,1.57
10356124,K04832.01,0,12.3748247,138.0615,3.7504166666666667,390.9,81.01
6286161,K03501.01,0,14.541781166,144.269401,0.37979583333333333,143645.0,2722.92
5385471,K03502.01,0,12.4261177,141.51156,1.1889874999999999,1230.4,3.8
6368175,K03503.01,1,21.1876185,148.8101,0.15375,71.7,0.79
5471158,K03504.01,0,12.42560404,141.5345371,0.9975083333333333,458.9,2.52
4847843,K03505.01,0,30.9604688,156.1377,0.6246666666666667,460.9,89.18
5120225,K07717.01,0,1.041619932,131.836717,0.3384083333333333,1840.5,30.94
9656543,K03588.01,0,2.544594443,135.040236,0.13390541666666667,348777.0,109.72
10751515,K03589.01,0,56.40651043,138.309825,0.7680499999999999,102294.0,21.93
3348093,K03590.01,0,7.964400574,131.563644,0.18650416666666664,190903.0,61.54
6182846,K03591.01,0,6.399101307,134.702264,0.1976625,83326.0,51.77
4939346,K01873.02,1,34.9168399,157.6693,0.30595833333333333,500.0,2.39
6442602,K07778.01,0,0.56678228,131.8571,0.19687499999999997,146.8,0.88
9851126,K03592.01,0,8.480303653,135.854594,0.3120445833333333,81427.9,22.25
11455428,K03365.01,1,22.1270885,144.93039,0.18633333333333335,418.2,3.94
10484409,K03366.01,0,10.6784787,140.159,0.09612499999999999,201.0,1.12
5796185,K03369.01,0,42.559265547,161.57039,0.14026083333333333,207990.0,51.86
3945802,K03435.01,0,24.2157996,133.4661,0.18162499999999998,322.2,1.58
6265665,K03436.01,1,44.2018402,163.21471,0.20620833333333333,235.6,1.14
4645174,K03437.01,1,15.0330623,131.89493,0.2635833333333333,132.2,2.18
8719419,K03506.01,0,12.62530918,140.0602,0.13179166666666664,39413.0,87.2
9028474,K03510.01,0,124.93576738,177.686517,0.31503333333333333,240899.0,49.34
4349442,K01803.02,0,12.720298433,140.3669017,0.10249583333333334,283.6,1.37
3644542,K03511.01,0,119.67980316,176.106325,1.3413666666666666,299046.0,193.91
6182849,K03512.01,0,6.399107136,134.7016363,0.2174920833333333,376769.0,59.15
9851142,K03513.01,0,8.480304281,135.854534,0.31089958333333334,83114.6,65.0
3442054,K03593.01,0,117.6813778,147.206961,0.5316291666666666,45362.0,45.43
4079530,K03594.01,0,17.72722648,144.070402,0.1724,147144.0,35.18
6445531,K07779.01,0,1.71024931,131.6423,0.11804166666666667,98.6,1.2
10677186,K03595.01,0,100.40132734,216.083194,0.40598333333333336,53781.9,26.0
9025914,K03596.01,0,11.320287875,131.803042,0.20092458333333332,243413.0,59.23
9366988,K03597.01,0,1.219034103,132.100694,0.10205833333333332,95697.0,40.46
11657614,K03370.02,1,5.94228603,133.804,0.090375,250.0,1.23
9785921,K03372.01,1,26.7575866,137.28717,0.24408333333333332,455.3,2.28
3102000,K03373.01,0,57.0599992,164.25706,0.31095833333333334,66168.0,22.31
6599975,K03438.01,1,14.5565618,141.03671,0.18975,103.8,1.08
8266276,K01731.02,0,0.837898153,131.98187,0.08766666666666667,268.9,1.26
5887316,K07747.01,0,0.603086711,131.664075,0.045287499999999994,1242.8,36.0
4282191,K03439.01,1,41.7084063,153.53793,0.3569583333333333,330.0,2.19
3559860,K03440.01,1,33.0257179,161.01,0.2513333333333333,507.1,2.21
10651945,K03441.01,0,25.366990665,138.8144224,0.24814999999999998,150581.0,56.02
7117003,K03514.01,0,428.32173928,276.530352,1.6916333333333333,316995.0,49.76
3240159,K03515.01,0,82.137609997,196.1225133,0.25495999999999996,210772.0,197.85
6147851,K07766.01,0,3.06026014,132.762,0.10604166666666666,59.9,0.83
9658118,K03516.01,0,24.0612744,138.38747,0.8309916666666666,440146.0,83.77
7132542,K03517.01,0,66.36099916,168.379642,0.8358916666666666,416737.0,61.42
8589754,K03518.01,0,8.939461148,133.013944,0.25797333333333333,357832.0,153.32
3757590,K03520.01,0,135.58607679,177.9285627,0.23093375,363134.0,89.83
2437149,K03598.01,0,18.79862195,138.028268,0.31159166666666666,380204.0,55.07
9715925,K03599.01,0,6.30828538,134.379945,0.10359708333333334,113526.0,29.34
9529733,K03600.01,0,4.80912667,134.07939,0.3305458333333333,134093.0,44.3
9613070,K03601.01,0,2.33211505,132.19683,0.12363458333333333,105949.0,140.22
9967771,K01875.02,1,0.53835407,131.64999,0.0626875,190.2,1.67
10845188,K03602.01,0,249.36211832,279.658296,0.3481625,35830.4,48.69
5709103,K07736.01,0,0.664727127,131.63516,0.06504166666666666,16.2,0.46
6705026,K03374.01,1,9.5084871,140.5602,0.18216666666666664,97.9,1.65
6779726,K03375.01,1,47.0563327,173.9653,0.20029166666666667,762.0,2.57
3098843,K03376.02,0,179.85022331,225.3762426,0.12291666666666667,nan,nan
7288306,K03443.01,1,96.169569,170.2581,0.31233333333333335,894.5,2.07
5887393,K07748.01,0,1.55090374,131.61966,0.12616666666666665,11.3,1.11
11860395,K03445.01,1,82.303914,159.0461,0.6418333333333333,737.0,4.47
5456023,K03521.01,0,131.97827736,179.588119,0.29790875,345935.0,147.83
6187888,K07768.01,0,0.789171236,132.12333,0.07225,73.4,0.69
9529744,K01806.02,1,17.9346606,138.21679,0.26041666666666663,142.7,2.8
12021387,K03522.01,0,241.07074582,223.9933126,0.4120262499999999,70291.7,76.53
8044608,K03523.01,0,106.17593813,234.6409876,0.4340333333333333,164738.0,54.91
8760135,K03524.01,0,184.6467208,151.98458,0.7911208333333333,410274.0,72.8
4073707,K03525.01,0,6.282033445,131.590793,0.34907083333333333,181787.0,144.85
5730394,K03603.01,0,5.519188936,134.470023,0.2972958333333333,217073.0,43.06
6956216,K03604.01,0,4.818863794,131.677655,0.2609375,65936.5,51.32
6137704,K03605.01,0,178.26802035,255.351351,0.24435874999999999,45753.9,34.07
10275074,K03606.01,0,2.181555909,133.48675,0.18405791666666665,85406.9,91.3
9110346,K03607.01,0,0.895276162,131.6225645,0.12715833333333332,319082.0,172.25
10259301,K03608.01,0,244.83274973,285.7025679,0.18208375,40206.0,38.3
2995392,K03379.01,1,30.4544418,140.76863,0.28733333333333333,472.1,2.6
3120308,K03380.01,0,10.26558924,136.49645,0.161625,254.6,1.65
9991621,K03382.01,0,18.9257333,145.5267,0.2562083333333333,188.5,16.74
8078502,K03383.01,1,37.8862977,133.03141,0.21741666666666665,672.2,2.09
2852528,K03446.01,0,11.9615433,131.895,0.130375,424.5,2.24
7032421,K01747.02,0,0.56683399,131.7800607,0.03125,nan,nan
10798838,K03449.01,0,62.127677128,172.0663,0.21875208333333332,37430.2,38.61
8560940,K03450.01,0,31.9730649,133.8409,0.36966666666666664,158.6,1.09
10292238,K03526.01,0,143.1188694,266.359224,0.7004541666666666,255714.0,53.3
8733497,K03527.01,0,76.81985465,188.1256603,0.21510374999999998,229165.0,46.61
4255422,K03528.01,0,165.40574995,141.5762383,0.5681791666666667,66402.0,112.86
9837544,K03529.01,0,71.661915163,172.9074598,0.264045,323613.0,55.04
7877824,K03530.01,0,9.44942685,136.026498,0.26679291666666666,488997.0,68.38
6469946,K07781.01,0,0.715802309,131.690348,0.06494166666666666,2208.6,25.52
6947164,K03531.01,0,70.58284717,190.4997847,0.36715375,150931.0,50.88
6233903,K03609.01,0,2.995357359,132.796981,0.2741254166666667,172404.0,112.12
7212066,K03610.01,0,3.840485025,134.446386,0.11913333333333333,31353.0,39.38
7212066,K03610.02,0,1.92027188,132.5246606,0.11041666666666666,nan,nan
6675060,K03611.01,0,10.443341795,133.62903,0.16419875,145294.0,44.35
5716508,K07737.01,0,4.75307877,134.5462132,0.09791666666666667,933.0,505.94
10518735,K03612.01,0,19.515013291,136.215942,0.19140791666666668,256442.0,53.03
6975129,K01628.02,1,1.772451066,132.08668,0.10246666666666666,79.2,1.02
8644365,K03384.02,1,19.9158863,139.36828,0.2579583333333333,143.2,1.41
9489947,K03385.01,0,54.061328105,181.788127,0.18675958333333334,79684.0,88.28
6960487,K03386.01,0,34.525990182,150.102207,0.1863725,67161.4,54.35
6309264,K03387.01,0,14.2821417,136.32946,0.08616666666666667,224.9,1.08
7021177,K03452.01,0,18.64532882,147.207512,0.15162208333333332,433815.0,61.81
7122259,K03454.01,0,20.882125422,146.5689626,0.3347354166666666,233450.0,66.27
6364582,K03456.01,1,30.8609783,138.31416,0.17566666666666667,128.9,1.08
6190535,K07769.01,0,3.652810043,134.7903032,0.06305,119.4,0.89
9834257,K03457.01,0,15.65134872,132.81191,0.1731375,3104.0,118.33
9529744,K01806.03,1,8.37159554,137.68075,0.21883333333333332,98.0,2.39
10748621,K03532.01,0,286.1755875,314.101583,0.6709375,328544.0,63.23
4824268,K03533.01,0,152.15144795,215.015903,1.1192166666666665,151815.0,53.89
6527016,K07783.01,0,0.542636318,131.95581,0.05223333333333333,74.6,1.39
6431670,K03534.01,0,29.911334059,153.595491,0.30288166666666666,354377.0,47.83
7376500,K03535.01,0,5.877122485,136.42083,0.19652291666666666,362900.0,125.68
9636559,K03618.01,0,10.636305846,139.783159,0.21550499999999997,216063.0,64.91
8095110,K03619.01,0,2.1032389,132.868177,0.26989166666666664,24852.5,36.63
11499263,K03620.01,0,46.698200933,167.6984656,0.14877041666666665,54592.5,38.79
10328393,K01905.02,1,15.99560373,144.2399,0.144625,221.7,1.04
9775253,K03621.01,0,4.39451798,133.62094,0.12302916666666666,223616.0,65.76
3858988,K03388.01,0,25.9518795,148.92549,0.8987083333333332,1312.3,35.1
10798605,K03390.01,0,56.048096688,159.1678042,0.16851125,53725.8,42.62
5895083,K07751.01,0,2.25161215,131.54653,0.0875,23.9,1.14
9714123,K03392.01,0,50.35545898,136.9113798,0.22994291666666666,107138.0,31.66
6118370,K03458.01,1,14.0328775,138.0603,0.27849999999999997,210.9,1.45
2717158,K03459.01,1,13.2226149,144.295,0.1807083333333333,261.7,1.75
6198256,K07770.01,0,3.54828691,131.83563,0.13670833333333332,70.9,1.69
2437112,K03461.01,0,18.79852,138.02082,0.19979166666666665,487.4,2.04
7987086,K03536.01,0,156.51657398,278.137378,0.5094124999999999,113337.0,61.44
7374746,K03537.01,0,1.366946478,132.204582,0.14070875,158643.0,43.45
8668810,K03538.01,0,313.09275066,424.715381,0.5976958333333333,445612.0,47.52
6519865,K07782.01,0,0.566813677,131.78895,0.10241666666666667,61.2,0.77
8868907,K03539.01,0,157.32263943,222.900363,0.9134666666666666,153932.0,56.66
3865298,K03540.01,0,9.53040216,138.232917,0.24825375,321541.0,60.49
10091110,K03627.01,0,4.218512654,133.506768,0.15122458333333333,23416.8,16.67
10091110,K03627.02,0,8.529991199,137.654769,0.16647499999999998,20083.7,44.86
3542574,K03628.01,0,3.47140045,133.750744,0.06458333333333333,nan,nan
3544694,K03629.01,0,1.922862476,132.735702,0.14414166666666667,101272.0,70.65
11521793,K00352.02,1,16.00747237,142.63787,0.05279166666666666,277.6,2.99
9085563,K03393.01,1,54.6493679,176.0447,0.33175,432.5,2.64
11337372,K01650.02,1,100.8276725,216.38757,0.34958333333333336,1778.8,4.35
5952448,K07753.01,0,0.905675699,132.20066,0.070875,73.2,0.77
11874338,K03464.01,0,15.9750417,135.71533,0.14787499999999998,643.5,90.37
9763612,K03465.01,1,16.0505464,141.73408,0.132125,94.4,0.81
6199716,K07771.01,0,0.805267592,132.09128,0.03695833333333333,146.6,1.35
9468384,K03466.01,0,11.082622625,746.1967676,0.27607666666666664,268725.0,48.38
8868364,K03541.01,0,421.42848194,262.2889053,0.3585195833333333,96654.3,54.16
10092312,K01823.02,0,1.096587245,132.51421,0.12619583333333334,541.2,168.68
3964545,K03542.01,0,3.012476415,132.2466206,0.13829291666666665,198402.0,58.77
9656397,K03543.01,0,204.74104758,202.871314,0.8556541666666666,333804.0,97.39
5444491,K07727.01,0,0.759740194,131.82001,0.13549999999999998,42.5,0.67
3735629,K03544.01,0,4.664186517,133.670668,0.16932916666666667,555376.0,278.81
8244173,K03545.01,0,1.092066399,132.1028432,0.12400333333333333,401890.0,40.74
6546508,K03613.01,0,3.053578643,133.878843,0.134535,52879.9,35.35
9886224,K03614.01,0,2.992662857,131.893219,0.10524166666666665,113705.0,60.35
3735634,K03615.01,0,4.664188563,133.670244,0.15720833333333334,11360.5,52.09
5730380,K07738.01,0,0.954873008,131.851983,0.04422083333333333,33.0,0.81
6058875,K03616.01,0,0.56493412,131.7871403,0.10734208333333334,252639.0,33.4
10735564,K03617.01,0,1.674984844,131.793034,0.20505583333333333,234579.0,150.48
3561464,K03398.01,1,7.31945294,137.22065,0.203375,166.8,5.05
3561464,K03398.02,1,35.8007112,144.92169,0.3424583333333333,417.4,7.97
5962509,K07754.01,0,0.790049989,132.11148,0.11641666666666667,70.8,0.67
6359802,K03399.01,0,14.15402615,144.17685,0.17145833333333332,21653.0,29.61
7121885,K03467.01,0,33.93754213,147.182401,0.4653208333333333,32990.3,138.25
5213404,K03468.01,1,20.7057153,139.9803,0.40325,115.9,3.22
6205566,K07772.01,0,3.7228679,134.635,0.39820833333333333,52.1,0.74
11551692,K01781.03,1,58.0198583,151.85007,0.22283333333333333,1286.6,3.46
7287391,K03546.01,0,4.286103033,134.590777,0.11009166666666666,173359.0,25.8
6756202,K03547.01,0,290.7778719,393.511387,0.5021875,225767.0,45.27
10215869,K03548.01,0,5.017239915,134.490136,0.18171916666666665,144642.0,41.75
5456319,K07728.01,0,0.937923475,132.34501,0.13183333333333333,40.4,0.52
2307206,K03549.01,0,204.0329342,253.536626,0.7317625,411374.0,57.35
7025540,K03550.01,0,2.148219541,132.76673,0.12253791666666666,457844.0,49.6
7620844,K03551.01,0,58.621578824,178.5674958,0.35540041666666666,142951.0,40.43
6677267,K03622.01,0,3.125821128,134.479684,0.09234583333333332,5025.4,110.58
7732791,K03623.01,0,1.032068851,131.8383,0.08893333333333332,121993.0,44.35
5736801,K07739.01,0,6.6751871,137.4528,0.09883333333333333,178.3,1.09
8177798,K03624.01,0,1.450205839,131.985523,0.15155416666666666,25883.7,92.78
10489521,K03625.01,0,3.224486463,131.855925,0.19236916666666665,403734.0,79.08
12643582,K03626.01,0,44.14579777,167.392037,0.17033333333333334,224228.0,62.24
9328641,K03400.01,0,33.3239576,132.58989,1.5507083333333331,2012.1,2.55
5991070,K07756.01,0,0.94102954,131.9021,0.18395833333333333,34.5,1.41
5531953,K01681.02,1,1.992812339,131.70565,0.08608333333333332,314.8,6.81
3757778,K03402.01,0,36.514374043,163.794463,0.27010625,111620.0,33.27
11754430,K03403.01,1,39.818832,166.65072,0.4482083333333333,199.1,2.23
9995771,K03470.02,1,25.4337864,143.1302,0.27141666666666664,302.0,2.0
11875511,K03471.01,0,67.451045,151.96756,0.37244583333333336,7062.8,36.7
5213230,K03474.01,1,52.6095103,158.6253,0.34175,203.7,1.83
3326377,K01830.02,1,198.7106251,156.51819,0.35991666666666666,2094.8,3.56
6233466,K03552.01,0,15.873380595,143.859941,0.3351208333333333,208362.0,630.53
11249624,K03553.01,0,65.583665567,182.6493381,0.20883999999999997,242398.0,41.22
6426592,K03554.01,0,394.67816267,346.1399939,0.25226791666666665,253376.0,52.16
8491745,K03555.01,0,111.31980522,226.648705,0.9586583333333333,62704.9,63.68
3970117,K03556.01,0,110.29512684,235.750948,0.6889124999999999,176336.0,37.88
11147814,K03334.01,0,95.178317934,224.596785,0.1500520833333333,128575.0,28.75
10922659,K03335.01,1,31.2543238,155.047,0.23591666666666666,438.0,2.29
8892720,K03336.01,0,61.4911479,163.633663,0.40604166666666663,58702.9,22.76
6021275,K00284.04,1,110.2867031,239.22128,0.1844583333333333,145.3,1.41
7869917,K01525.02,1,11.8061737,138.2641,0.18633333333333335,88.1,2.87
11754430,K03403.02,1,6.15828666,135.4969,0.2637083333333333,57.7,1.2
6032920,K07757.01,0,10.828825742,134.9251984,0.0303125,92.1,0.76
8409295,K03404.01,1,82.292865,212.0314,0.29366666666666663,371.1,1.82
7131760,K03407.01,1,92.436978,163.5794,0.268,955.2,2.89
9468382,K03409.01,0,11.08260553,136.6562,0.25958333333333333,601.2,7.34
6145201,K03475.01,0,22.7832776,145.53344,0.17475,120.2,1.33
5986209,K03476.01,0,23.737952838,147.006678,0.3545075,95883.6,53.27
9226339,K03477.01,0,21.4618453,132.2156,0.23645833333333333,122.2,19.89
6525209,K03479.01,0,75.13194883,184.429462,0.8697041666666667,122372.0,26.21
5534965,K03557.01,0,243.82122131,159.4958018,0.4554666666666667,56799.3,56.63
5512513,K07730.01,0,0.77459856,132.3192077,0.11291666666666667,nan,nan
9965206,K03558.01,0,16.227548674,136.6397289,0.21194416666666666,192688.0,46.52
4247023,K03559.01,0,47.189437,148.044865,0.4814583333333333,370871.0,66.71
4848423,K03560.01,0,1.501760172,131.5669078,0.24396625,387905.0,90.92
11403216,K03561.01,0,4.05325447,134.744552,0.16714999999999997,110916.0,1668.79
11853878,K01833.02,1,7.68433346,133.36007,0.059775,1175.0,2.58
5774375,K07740.01,0,1.549979213,132.675027,0.3164375,370546.0,136.64
8263752,K03338.01,0,10.99381963,133.253208,0.15787083333333332,1685.8,40.17
8263752,K03338.02,0,10.9938087,138.80624,0.2100125,1456.9,5.33
9285265,K03410.01,1,16.5860329,133.28136,0.2934583333333333,231.3,2.09
5780930,K03412.01,1,16.7525077,131.59834,0.13224999999999998,338.3,3.65
4164393,K03413.01,0,49.612757516,165.9984372,0.29483458333333334,130460.0,57.08
7288444,K03482.01,1,15.3317719,142.5217,0.22779166666666664,179.2,1.91
10881457,K03484.01,1,84.704139,152.1832,0.43304166666666666,655.7,4.17
5513861,K07731.01,0,0.755105584,131.8133513,0.2093225,250026.0,76.26
9948002,K03562.01,0,101.26336282,214.125128,0.7456291666666666,72792.5,44.0
5264304,K03563.01,0,120.58167178,248.238772,0.3454333333333333,192896.0,41.71
10960995,K03564.01,0,1.558544209,131.567665,0.14052916666666665,225588.0,35.12
9592575,K03565.01,0,2.63757408,131.575561,0.24844166666666667,169658.0,76.02
7898576,K03566.01,0,8.64636188,135.46223,0.3640029166666666,218072.0,54.24
5806800,K07741.01,0,125.288206,252.0979,0.1539583333333333,241.6,1.5
11671429,K03567.01,0,112.46358893,197.557702,1.3261375,242411.0,129.04
5392897,K03342.01,0,42.39930429,354.461453,0.7650375,205992.0,44.7
5282049,K01545.02,0,5.91039905,132.7277844,0.16041666666666665,nan,nan
11810124,K03344.01,1,11.6044881,139.05603,0.14204166666666665,267.6,1.88
6023859,K03414.01,0,27.009807384,141.2897316,0.08195749999999999,67898.0,22.32
3433668,K03415.01,1,15.0219784,143.6989,0.21116666666666664,96.9,1.77
7503885,K03417.01,1,91.078624,213.7723,0.42933333333333334,738.6,3.26
3629330,K03418.01,1,85.272459,182.3725,0.5545833333333333,767.8,3.85
5471289,K03485.01,0,12.42592675,141.5292956,1.2154208333333334,410.3,2.66
9783760,K03487.01,0,89.7398137,205.26465,0.13598791666666665,81096.0,38.01
9528430,K03489.01,0,90.08255562,173.987561,0.8220875,43252.2,49.2
5529552,K07732.01,0,0.759768478,131.78573,0.11766666666666666,57.4,0.64
8882847,K03490.01,0,42.2011587,172.4344,0.3532916666666666,178.1,37.39
9773869,K03568.01,0,15.65129028,132.81543,0.2817958333333333,398641.0,78.3
6707942,K03569.01,0,9.014220178,131.549902,0.11518374999999999,34085.6,15.49
5023948,K03570.01,0,1.824653341,132.883177,0.17729666666666666,176739.0,55.44
5113053,K03571.01,0,3.185090259,133.294014,0.2000783333333333,423276.0,92.5
5817957,K07742.01,0,372.76888,377.6144,0.9695833333333332,1157.2,3.66
11853878,K01833.03,1,5.70940795,137.12208,0.06758333333333333,586.7,1.51
4743508,K03572.01,0,2.086076372,133.416141,0.10013333333333332,58858.0,1543.74
11810124,K03344.02,1,3.63898953,131.78562,0.09383333333333332,209.6,1.68
11303322,K03345.01,1,38.1303324,159.3878,0.27208333333333334,180.4,1.54
11241912,K03346.01,1,14.42735088,138.84024,0.202375,117.0,1.53
8824737,K03347.01,1,12.90235874,139.15105,0.10191666666666667,354.4,1.49
9349757,K03348.01,1,36.4337867,132.90573,0.18283333333333332,406.8,2.2
11519134,K03419.01,0,58.5850357,140.799676,0.14974583333333333,75468.0,149.98
7703955,K01707.02,1,265.47847,151.0673,0.4283333333333333,1040.7,4.2
8552719,K01792.02,0,1.546222068,132.45951,0.33325,49.4,0.77
12164634,K03491.01,0,89.3313828,204.18503,0.496625,2177.6,8.02
5193077,K03492.01,0,22.2941485,146.4526,0.13283333333333333,100.9,1.5
8880123,K03493.01,1,46.7162336,145.5064,0.30245833333333333,345.5,2.03
10068919,K03573.01,0,43.56225858,153.270753,0.15363749999999998,51325.0,80.02
7353970,K03574.01,0,198.443477,155.615557,0.41573333333333334,39943.0,41.72
12316447,K03575.01,0,17.907664726,139.743761,0.23277166666666665,265411.0,282.86
5823557,K07743.01,0,2.4044122,133.2244,0.190625,42.7,0.85
10491554,K03576.01,0,22.77196484,140.4865,0.34781666666666666,325446.0,104.17
9785454,K03577.01,0,184.52015392,237.698721,0.63985,49269.0,23.38
8636333,K03349.01,1,82.175197,197.20187,0.361,546.4,2.24
7136958,K03350.01,0,29.015852933,138.402477,0.29993499999999995,71432.1,1183.06
1995732,K03351.01,0,77.36241476,139.095626,0.5054875,96585.8,41.66
6069674,K07761.01,0,495.71095,450.0348,0.18808333333333332,443.1,4.41
8081239,K03352.01,1,10.35857039,138.30794,0.107375,273.7,1.68
3745559,K03423.01,1,30.2541186,136.63873,0.08891666666666666,576.3,2.8
8356054,K03424.01,0,17.081202417,134.296431,0.30025708333333334,134143.0,39.24
9117416,K03425.01,1,20.034708,145.4541,0.27041666666666664,124.4,2.24
9117416,K03425.02,1,3.15722086,131.69915,0.15675,49.7,1.41
7517261,K03496.01,1,23.2385587,143.5274,0.35133333333333333,161.2,2.18
5653795,K07734.01,0,118.314913,215.6117,0.19958333333333333,216.3,7.23
8424002,K03497.01,1,20.35971899,134.29123,0.08967083333333332,345.7,0.8
8635938,K03498.01,0,43.798566,172.58505,0.2667083333333333,290.4,48.52
10464666,K03578.01,0,131.73630485,194.5833896,0.22019833333333333,58381.2,54.38
5024292,K03579.01,0,4.301031137,134.44907,0.23550583333333333,204153.0,93.01
4659255,K03580.01,0,198.01379181,234.151682,0.40528041666666664,142501.0,38.49
8263746,K03581.01,0,10.9938268,138.805226,0.21144166666666667,419208.0,52.69
10657406,K01837.02,1,1.682934607,131.96807,0.078525,142.7,1.06
3428468,K03582.01,0,114.90862419,199.450746,0.3193320833333333,196112.0,42.78
7091432,K03353.01,1,11.55532445,134.12977,0.14579166666666665,250.0,1.7
6368230,K03356.01,1,26.0841212,149.4437,0.25587499999999996,259.7,1.35
7115291,K03357.01,0,52.802767576,167.270294,0.2341,52110.3,75.82
9907505,K03427.01,0,39.206808648,142.4611109,0.2602920833333333,186978.0,50.2
9027909,K03428.01,1,64.6589166,170.17972,0.32125,235.4,2.12
6369845,K07777.01,0,27.6760342,144.9833,0.17641666666666667,266.8,5.15
9230021,K03429.02,1,8.74192361,135.42727,0.17645833333333333,295.7,1.94
9230021,K03429.03,0,26.936878,157.7573,0.20704166666666668,246.9,1.57
3662838,K00302.02,0,53.34418038,170.0739545,0.15083333333333332,nan,nan
5471688,K03499.01,0,12.4281308,141.4385,0.28291666666666665,131.4,0.85
8552719,K01792.03,1,9.10969334,133.06566,0.2215875,126.4,1.32
5471688,K03499.02,0,0.96283264,132.20087,0.12279166666666666,96.3,0.74
6058816,K03500.01,1,73.7502765,188.52221,0.5545416666666666,233.1,3.78
5130740,K03583.01,0,210.30644361,285.127394,0.27861041666666664,46455.4,101.13
9892471,K03584.01,0,8.268081087,135.0563298,0.14462624999999998,71479.3,50.31
2019076,K03585.01,0,3.564614021,131.86235,0.14341833333333331,94342.0,46.0
5879448,K07745.01,0,533.47707,245.3651,0.9879166666666667,210.6,2.6
7376490,K03586.01,0,5.877122413,136.420718,0.15570416666666664,15647.1,45.95
11968513,K03587.01,0,1.036592635,132.089146,0.10031208333333333,124498.0,463.05
7866921,K03360.01,0,91.4999978,182.769045,0.8159083333333333,65496.0,21.86
6619815,K03361.01,1,65.9407869,231.97155,0.32399999999999995,580.4,2.33
6113752,K07763.01,0,406.45737,230.8834,0.39808333333333334,284.2,1.96
3098197,K03362.01,0,30.47639859,156.24007,0.7488666666666666,130569.0,43.01
11651712,K03363.01,1,14.53260546,140.4685,0.10088333333333332,328.9,1.69
9896558,K01718.02,1,153.348739,190.5347,0.5085416666666667,388.0,2.14
7045605,K07808.01,0,361.526458,339.3304,0.2894583333333333,525.1,5.7
8738775,K03432.01,1,48.0506878,140.514,0.33329166666666665,274.5,2.36
7877818,K03816.01,0,9.44942628,132.45174,0.26276666666666665,1211.9,75.22
5636642,K03817.01,0,0.933489066,132.101834,0.059109999999999996,14259.0,48.01
6515722,K03818.01,0,1.908525084,131.77571,0.1737083333333333,218.9,3.74
6679504,K07788.01,0,0.798467681,132.04627,0.03583333333333333,120.7,0.82
5560831,K03819.01,0,0.867721348,132.161646,0.2032625,97653.0,67.0
5305404,K03820.01,0,161.252567,189.10238,0.9844166666666667,2911.5,5.04
3728432,K03893.01,1,3.90863457,133.92971,0.07376666666666666,867.2,1.86
6696580,K02092.03,1,77.086191,202.7483,0.19874999999999998,942.8,29.77
5473535,K03894.01,0,1.673662758,131.67166,0.09639583333333332,316.4,23.42
12106934,K03895.01,0,5.93717724,135.95682,0.22312500000000002,25450.0,594.32
6222898,K03896.01,0,3.89043062,132.7665,0.2748333333333333,195.4,1.24
3955866,K03897.01,0,16.8282542,296.233,1.6290833333333332,655.3,2.66
11200767,K03667.01,0,2.489549075,132.045037,0.10143749999999999,2829.7,59.57
9892816,K01955.03,1,1.644221032,131.75241,0.12134166666666665,47.8,1.18
8589731,K03668.01,0,4.469731089,133.011683,0.21904166666666663,3159.6,84.63
4356766,K03669.01,0,1.731803197,132.887574,0.23667916666666666,44612.0,22.87
2167890,K03670.01,0,2.64830047,133.034879,0.10997916666666666,12668.0,126.54
5384079,K02011.02,1,17.2653659,135.3549,0.20916666666666664,67.9,1.16
4935914,K03743.01,0,3.486318703,134.87329,0.11626666666666666,60135.0,54.53
11303811,K03744.01,0,1.705780649,133.15662,0.06779583333333333,15498.0,25.95
2437783,K03745.01,0,7.45306683,131.76434,0.19840416666666666,46552.0,1044.28
12062660,K03746.01,0,2.929299629,133.71721,0.29591666666666666,83918.0,51.67
9777087,K03747.01,0,5.50811352,134.32603,0.12298333333333333,40380.0,34.03
5956776,K03821.01,0,0.569115097,132.020841,0.14595,585597.0,156.15
8883727,K03822.01,0,2.529073751,133.390989,0.07844583333333333,1572.9,25.8
6516874,K03824.01,0,0.916326699,131.80905,0.13094583333333332,96384.0,50.7
11709124,K00435.03,1,33.0405509,161.22146,0.14005416666666665,577.4,2.36
9161118,K03898.01,0,1.306723495,132.53576,0.27525,12456.6,27.42
3556229,K03899.01,0,0.7967202,132.288291,0.17721,167719.0,56.89
11911580,K03900.01,0,359.102042,393.8542,0.7062083333333333,1102.9,28.76
9480535,K03901.01,1,160.130899,203.47424,0.5739583333333333,1183.0,6.67
10583225,K03902.01,0,2.69634575,132.9969,0.15770833333333334,185.2,1.46
5215251,K03903.01,0,2.553924603,131.94769,0.40979166666666667,1680.1,32.67
10383696,K03671.01,0,8.487871809,134.495278,0.17492875,118814.0,46.24
9777090,K03672.01,0,5.50817321,134.32367,0.15352083333333333,226850.0,39.18
11455484,K03673.01,0,6.142812722,135.16085,0.2531291666666666,96593.0,31.9
2446623,K03674.01,0,175.06586091,179.043787,0.18825416666666664,45134.0,40.63
9596089,K03675.01,0,20.8392148,133.49781,0.09717083333333333,177508.0,51.9
5738506,K03676.01,0,9.50158045,131.97492,0.21125416666666666,443400.0,73.07
9777087,K03747.02,0,19.226055,132.6309,0.12287499999999998,3266.0,3.52
4247807,K03748.01,0,2.050435466,133.288776,0.33384166666666665,7765.3,34.84
7700590,K03750.01,0,1.507101452,132.092456,0.21668749999999998,15847.0,39.32
9053086,K03751.01,0,1.274841686,131.623318,0.14959583333333332,50253.0,63.68
3128552,K02055.02,1,4.02582434,135.42508,0.11691249999999999,265.3,1.79
5467113,K03825.01,0,2.845746618,134.276987,0.5446624999999999,557741.0,135.99
8240123,K03826.01,0,2.30120705,132.18748,1.045,1688.1,28.64
5114623,K03827.01,0,337.377514,336.53604,0.5056666666666666,6110.0,37.23
5114623,K03827.02,0,389.28075044,310.5901867,0.5216666666666666,nan,nan
10031907,K03828.01,0,8.58965725,132.01852,0.3741375,1161.5,27.86
5480736,K03904.01,0,8.56751264,136.06104,0.22704166666666664,347.9,23.05
8487748,K03905.01,0,1.061934313,131.72596,0.13308333333333333,607.0,15.14
9892856,K03906.01,0,2.406574511,133.73667,0.14325833333333332,738.0,26.22
7137213,K03907.01,0,28.64338839,141.22933,0.051024999999999994,624.3,5.82
6795089,K07792.01,0,96.231257,217.00033,0.10366666666666666,938.0,29.26
3340313,K03677.01,0,30.5528701,143.348399,0.22236250000000002,63521.0,63.57
9892816,K01955.04,1,26.2347447,141.99379,0.14733333333333332,196.5,2.76
4150804,K03678.01,1,160.88451966,277.504342,0.4532125,7590.4,9.09
5021174,K03679.01,0,4.04506346,132.232226,0.13425916666666665,360177.0,67.94
9025971,K03680.01,1,141.2415405,256.205347,0.28185416666666663,12990.5,11.49
2581316,K03681.01,1,217.83184293,238.820035,0.88775,9148.7,11.17
6314185,K03752.01,0,1.433262145,132.822323,0.23464999999999997,1849.5,5.67
8620561,K03753.01,0,0.782046543,131.674244,0.08280833333333333,340464.0,43.07
8937019,K03754.01,0,5.663604992,133.892182,0.059512499999999996,163385.0,54.55
9896435,K03755.01,0,18.076610347,146.256704,0.13081666666666666,65280.0,39.16
10352938,K03756.01,0,6.47173281,136.35537,0.29984999999999995,6472.7,13.68
10676927,K03830.01,0,1.031100362,131.87473,0.12399583333333333,129157.0,27.35
5649836,K03831.01,0,0.597933142,131.95669,0.14463874999999998,284383.0,63.46
7620660,K03832.01,0,5.36652724,134.86398,0.348625,3122.5,7.97
3836399,K03834.01,0,1.540392098,131.9989,0.15529583333333333,1022.0,17.63
2581554,K03835.01,1,47.1484324,175.2689,0.1306125,1113.8,2.58
3128552,K02055.03,1,2.50475282,133.63645,0.09899999999999999,181.1,1.48
10363115,K03908.01,1,59.3627946,184.14711,0.5821666666666666,233.6,2.23
10491062,K03910.01,0,2.199076661,133.06147,0.25458333333333333,777.4,21.72
9761615,K03911.01,1,1.79110997,131.95636,0.08715416666666666,167.5,1.29
4058881,K03912.01,0,7.77241144,132.58122,0.21966666666666668,286.9,1.69
2581316,K03681.02,1,10.51421162,134.56738,0.16154166666666664,85.4,1.25
8621353,K03682.01,0,11.344347453,138.811996,0.24890833333333331,258242.0,62.52
10795103,K03683.01,1,214.3120439,336.330158,0.6789083333333333,4523.4,9.17
9394601,K03684.01,0,0.876826336,132.0647202,0.15040416666666667,138366.0,37.24
8494410,K03685.01,0,208.86909724,273.692419,0.19044583333333334,21306.7,29.95
8494410,K03685.02,1,7.2593226,131.71082,0.2558083333333333,247.5,1.57
6863161,K03757.01,0,1.98663794,133.311523,0.1982708333333333,63156.0,134.5
7840035,K03758.01,0,13.54208867,144.00206,0.2058583333333333,28869.0,26.65
8543279,K03759.01,0,7.549303633,135.010802,0.09860416666666666,10222.9,34.45
8047283,K03760.01,0,0.77544539,132.072938,0.07818333333333333,6791.4,35.53
7090867,K07810.01,0,308.255238,282.4555,0.49829166666666663,637.1,18.98
7612691,K03836.01,0,3.46724809,133.90269,0.45875,1317.3,2.52
9761573,K03837.01,0,7.4413445,137.3429,0.11980833333333332,2234.0,43.5
8042789,K03838.01,0,4.618309224,135.85023,0.15313333333333332,1191.0,25.43
10095484,K03839.01,0,0.677761275,131.625946,0.15452083333333333,877.9,22.15
5467102,K03840.01,0,2.845739012,134.279738,0.49719583333333334,24391.8,44.7
6780367,K07789.01,0,175.358905,212.2454,0.22249999999999998,215.0,2.9
5471496,K03914.01,0,12.42618005,141.50486,1.1747874999999999,1522.8,3.48
4544620,K03915.01,0,2.189090653,132.08535,0.2170583333333333,1027.1,23.25
5784777,K03916.01,1,5.33905606,132.14193,0.06839583333333332,755.5,1.9
6863187,K07794.01,0,1.99492332,133.4406,0.24574999999999997,77.7,0.94
6949061,K01960.02,1,23.2218115,151.06904,0.11433333333333334,210.4,2.42
9719636,K03686.01,0,3.351573993,134.28062,0.11982499999999999,54546.0,24.15
2452440,K03687.01,0,8.097050622,138.423529,0.2364,65620.0,24.01
5020034,K03688.01,0,2.119107262,132.58903,0.3141,124646.0,77.23
6974867,K07800.01,0,0.887691177,132.36711,0.06849999999999999,37.3,1.53
7102316,K02028.03,1,142.545,202.88,0.3645833333333333,905.4,2.52
11518142,K03762.01,1,240.7990472,334.14037,0.6944166666666667,5022.9,10.31
3114667,K03763.01,0,0.888584158,132.100098,0.09375499999999999,412710.0,43.7
12109845,K03765.01,0,0.865959015,132.053694,0.07940833333333333,291274.0,144.5
3954227,K03766.01,0,0.594276199,131.835238,0.08411666666666667,220745.0,266.99
8651551,K03841.01,0,1.527491117,132.259806,0.3297333333333333,33546.0,27.85
7115550,K07811.01,0,0.566814046,131.79379,0.16870833333333335,42.1,0.56
9532637,K03842.01,0,0.61496383,132.022402,0.08043875,358049.0,44.79
5305451,K03843.01,0,161.253747,189.0939,1.0550833333333332,2598.4,4.98
7174349,K03844.01,0,2.974163938,132.49312,0.07259583333333333,90282.0,34.74
11824218,K03845.01,0,15.84131693,145.4595,0.07565,2617.7,670.04
10788461,K03925.01,1,9.2075634,135.801,0.14020833333333332,1243.1,5.5
10788461,K03925.02,1,2.5903958,132.3011,0.087,330.9,2.55
10788461,K03925.03,1,5.3235335,133.0952,0.11308333333333333,342.4,2.69
11667548,K03926.01,0,0.831741499,132.074741,0.09570833333333334,1231.1,41.62
8868649,K03927.01,0,4.44737112,133.84048,0.8104166666666666,224.4,2.06
9715939,K03690.01,0,12.893018017,141.611199,0.1375120833333333,16032.8,62.52
4751083,K03691.01,0,4.532416322,135.6589,0.13693333333333332,34953.0,62.25
4751083,K03691.02,0,2.26631937,133.3865546,0.13166666666666665,nan,nan
5903301,K03692.01,0,1.160153553,132.145331,0.09018833333333333,12302.5,60.47
7695087,K03693.01,0,4.032760214,133.301891,0.11330833333333332,10803.4,378.61
6200709,K03694.01,0,3.723552982,134.94613,0.14846666666666666,40143.0,18.83
7013923,K07801.01,0,2.21396079,132.5689,0.1438333333333333,119.4,0.87
5360082,K03768.01,0,11.35501209,133.20478,0.6065416666666666,19675.0,8.0
6543683,K03769.01,0,1.195515251,132.303851,0.21180833333333332,8054.4,49.33
10555365,K03771.01,0,5.80184753,131.77347,0.1647958333333333,22143.0,14.0
5481426,K03772.01,0,2.38404983,133.43927,0.13687083333333333,312732.0,66.14
7983756,K03846.01,0,5.24078259,136.54913,0.21825,592.6,24.73
7289165,K03847.01,0,5.26641416,131.69998,0.10168333333333332,223.8,2.62
12784167,K03848.01,1,1.847892736,132.19915,0.07876666666666667,323.3,1.51
8949316,K03849.01,0,0.604358764,131.68577,0.043429166666666665,38731.0,23.28
8912730,K03850.01,0,11.3775281,132.5848,0.5382499999999999,1651.3,82.26
9784230,K03851.01,0,0.7981968,131.570334,0.09251458333333332,257616.0,62.38
11466960,K03917.01,0,0.695954898,131.89905,0.06120833333333334,318.1,2.58
3124420,K03918.01,0,0.948951607,132.468516,0.18253749999999996,458463.0,115.31
4649440,K03919.01,0,19.37070781,147.66803,0.09360833333333332,653.2,108.54
2437488,K03920.01,0,14.46993942,141.81105,0.310625,1235.3,85.84
10083623,K03921.01,0,1.278555003,131.529071,0.0593625,1478.0,5.19
11253711,K01972.02,1,1.226223959,132.6827,0.09037083333333332,56.1,1.0
8043052,K03695.01,0,2.244600029,133.46529,0.08001666666666667,8611.0,27.47
5435816,K03696.01,0,181.8521773,251.877795,0.24052083333333332,27559.0,46.38
8559589,K03697.01,0,223.1127475,140.947135,0.3736791666666666,11538.8,46.33
4372765,K03698.01,0,15.64064161,140.08502,0.26885,273309.0,77.18
9489524,K02029.03,1,6.8873113,132.0711,0.09225,85.3,0.72
10268903,K03773.01,0,1.103978,131.573418,0.03083333333333333,nan,nan
7017437,K07802.01,0,43.8496474,157.7544,0.092375,452.3,21.42
7220320,K03775.01,0,0.752158047,131.793035,0.10113875,37878.8,106.66
9291378,K03776.01,0,3.796488133,135.15079,0.4610791666666666,3007.6,40.83
4949524,K03852.01,0,1.233076007,132.49795,0.5210833333333333,1392.4,31.39
2697935,K03853.01,0,21.5135234,132.3356,3.2492916666666667,1583.8,534.47
6531143,K07784.01,0,19.4444573,147.9093,0.22954166666666667,182.3,1.53
3550434,K03854.01,0,1.1910489,132.076408,0.05724166666666666,1391.1,22.76
2558370,K03855.01,0,0.546248198,131.585311,0.08783749999999999,114528.0,54.23
5397166,K03856.01,0,1.811966339,132.27828,0.15799999999999997,408.1,95.19
7024530,K03922.01,0,66.1539783,156.97153,0.24566666666666664,6951.0,9.69
5015459,K03923.01,0,158.3226379,251.75032,0.09117083333333333,4863.0,25.41
11709124,K00435.04,1,3.93276627,134.64964,0.1225125,234.9,1.5
8505920,K02094.02,1,198.680859,270.66535,0.3450833333333333,645.4,2.79
1433980,K03924.01,0,1.592634161,132.328769,0.3728666666666667,155156.0,100.2
2438490,K03699.01,0,3.31577795,131.53883,0.17645416666666663,94567.0,27.77
3838496,K03700.01,0,2.990252395,133.110629,0.32692499999999997,216437.0,89.85
6470521,K03701.01,0,2.08043378,131.827041,0.32116666666666666,6861.2,510.48
2449090,K03702.01,0,4.944046127,134.192012,0.18763916666666663,112503.0,54.29
5652260,K03703.01,0,4.464565251,132.311502,0.1675875,74112.0,43.21
2569494,K03704.01,0,1.523298835,132.32762,0.24617916666666664,195071.0,38.95
12405950,K03778.01,0,3.539631353,132.774997,0.06405,1229.7,39.34
5206233,K03779.01,0,6.195861785,134.23422,0.10865833333333333,3509.8,215.89
7031066,K07803.01,0,0.566805514,131.8162,0.18195833333333333,85.3,0.82
6775985,K03780.01,0,27.961084,133.1759,0.16142083333333332,6268.2,21.5
11357192,K03782.01,0,186.5168116,169.64687,0.13319999999999999,5752.4,37.5
9533489,K03783.01,0,197.1455327,300.176978,0.08810416666666666,5664.0,72.16
11825057,K03857.01,0,0.532087933,131.972409,0.14376166666666665,510366.0,74.83
12306699,K03858.01,0,3.204222652,133.82223,0.11646666666666666,898.4,23.55
9692336,K03859.01,0,0.687898282,131.595979,0.16516708333333333,293505.0,55.58
9641008,K03860.01,0,2.178154774,132.02433,0.14709166666666665,662.6,19.46
8588377,K03861.01,0,0.99466172,131.63284,0.06566666666666666,1370.5,31.84
3644601,K03862.01,0,359.00688,295.8649,1.3399999999999999,2015.8,28.57
4242692,K03928.01,1,1.138548215,132.46205,0.08950833333333333,66.2,1.45
8781480,K03929.01,0,121.0598037,159.3454,0.12966666666666665,1563.0,1680.99
6783732,K07790.01,0,0.721335207,131.57505,0.06287499999999999,31.8,0.54
11607176,K03930.01,0,3.28274272,132.64464,0.37083333333333335,292.8,1.85
10661718,K03931.01,0,1.231361934,131.80783,0.226375,471.0,2.93
6105462,K02098.02,1,89.7224125,163.15815,0.4567916666666666,263.7,2.21
8257205,K01986.02,1,7.12766417,136.00586,0.10379166666666667,229.2,1.21
6470516,K03705.01,0,2.080431782,131.827995,0.3124875,894203.0,345.7
7770471,K03706.01,0,1.157804607,132.448327,0.19420083333333332,605713.0,118.11
5130380,K03707.01,0,19.979098,137.14659,0.4401583333333333,38418.0,22.98
6314173,K03708.01,0,1.433262401,132.822635,0.2591875,428557.0,136.47
5688997,K03784.01,0,23.8706941,136.9568,0.14504999999999998,6386.3,49.6
7031340,K07804.01,0,0.566769068,131.8681,0.12545833333333334,40.0,1.06
4073730,K03785.01,0,6.2820426,131.58905,0.330875,1413.0,23.76
2854948,K03786.01,0,0.97430309,132.390205,0.08786666666666666,34976.0,37.62
3644601,K03862.02,0,119.686505,176.0608,1.2220833333333332,842.7,23.0
8459354,K03863.01,0,53.556625,184.4892,0.6741666666666666,3963.0,26.31
4164922,K03864.01,1,1.210693626,132.39306,0.05975,159.1,0.99
12061969,K02061.02,1,1.090011003,131.58066,0.0625,174.8,1.04
10328393,K01905.03,1,34.2115022,154.57508,0.206125,273.8,1.15
10259029,K03630.01,0,7.061149921,134.558528,0.13896458333333334,131257.0,43.71
8299947,K03631.01,0,2.682767439,131.570648,0.19089291666666666,394412.0,70.67
3335813,K03632.01,0,3.711012492,132.488455,0.13914166666666666,7559.8,46.24
11858741,K03633.01,0,1.780982447,131.520134,0.14290416666666667,357695.0,60.45
6363494,K03634.01,0,1.815632406,131.9113803,0.13990541666666667,61573.6,108.78
2576107,K03709.01,0,205.5833309,234.746256,0.2514708333333333,24872.0,42.69
9532421,K03710.01,0,4.309067482,134.71445,0.09208333333333332,23647.0,101.41
6936966,K07797.01,0,36.4721523,159.7848,0.111375,52.6,0.7
5653849,K03711.01,0,111.0396205,161.93506,1.0729583333333332,9356.2,8.6
2437060,K03712.01,0,3.187087241,132.8582,0.3037375,129093.0,928.96
8127648,K03713.01,0,1.023470248,131.703274,0.09918333333333332,129526.0,100.39
11564013,K03714.01,0,0.875267982,132.03224,0.066825,11701.0,39.19
9405541,K03788.01,0,5.55260695,132.08428,0.17157499999999998,727.6,2674.69
8906045,K03789.01,0,2.347479696,133.67205,1.09375,81996.0,60.5
7031638,K07805.01,0,1.13353095,132.4414,0.13208333333333333,18.5,0.49
7296094,K03790.01,0,0.890745373,131.884401,0.0800625,120034.0,36.92
5437945,K03791.01,1,440.7843755,139.3535,0.903875,2579.0,7.23
12009347,K03792.01,0,2.723858181,133.57632,0.059637499999999996,5497.0,7.13
4037163,K03793.01,0,0.635441862,131.966607,0.08261249999999999,147609.0,56.3
5535890,K03865.01,0,3.255189932,134.6015,0.11298749999999999,119.2,1.39
5215980,K03866.01,0,2.531140101,132.49471,0.8499583333333334,11786.5,32.12
9353742,K03867.01,1,0.938750221,131.68256,0.05653333333333333,280.7,1.46
9178185,K03868.01,0,2.992704682,133.29518,0.0524375,361.1,7.86
6290382,K03869.01,0,6.12810722,137.03456,0.11766666666666666,2336.0,39.52
3327992,K03635.01,0,2.115511511,131.99137,0.35464999999999997,25805.0,36.16
5649206,K03636.01,0,2.446736567,133.968534,0.20917083333333333,415859.0,71.52
5193384,K03637.01,0,21.3779536,157.8164,1.0363333333333333,255244.0,173.18
5181804,K03638.01,0,4.350460215,132.27239,0.10531666666666667,50424.0,533.08
10491544,K03639.01,0,22.77194512,133.84261,0.4249791666666667,30246.0,251.93
9101496,K01915.02,1,67.844689,149.5007,0.48987499999999995,211.2,2.65
11450414,K01992.02,1,27.3214242,154.29833,0.2015,279.6,3.61
4937143,K03715.01,0,9.84883968,135.993,0.23927083333333332,22012.0,63.42
8719324,K03716.01,0,10.23335969,139.7882155,0.3145833333333333,nan,nan
11241814,K03717.01,0,227.6625222,232.241995,0.22946666666666665,13894.8,44.24
5036537,K03718.01,0,1.06100873,132.521276,0.1113125,6367.1,9.14
9837083,K03719.01,0,0.623393802,131.599128,0.05849666666666667,30192.2,28.21
12557548,K03794.01,1,0.65355361,132.058957,0.06791666666666665,4595.9,22.95
3657758,K02034.02,1,2.3702932,133.6801,0.06941666666666665,224.8,1.29
7031726,K07806.01,0,0.566793534,131.8368,0.19641666666666668,92.4,122.64
3338660,K03795.01,0,1.873380717,131.795634,0.42117916666666666,538716.0,89.79
3338674,K03796.01,0,1.87337894,131.796393,0.3805333333333333,5444.0,51.11
5546277,K03797.01,0,7.50023955,137.38848,0.1215,273.2,21.06
8258160,K03870.01,0,23.6270348,150.0362,0.478375,8433.0,21.71
9752982,K03871.01,0,0.716709897,132.050846,0.031108333333333335,932.5,66.73
4666008,K03872.01,0,2.248063246,132.75441,0.21373749999999997,631.7,30.38
8430105,K03873.01,0,63.3278636,165.22656,1.9614333333333331,11515.0,54.17
9517393,K02076.02,1,219.3215562,320.72862,0.5171833333333333,3628.7,6.11
8052474,K03640.01,0,245.4382021,361.302835,0.60425,11311.6,19.17
3534118,K03641.01,0,178.4129899,218.225235,0.122075,37510.0,33.24
3534118,K03641.02,0,178.44973004,217.6718259,0.5358333333333333,nan,nan
2441161,K03642.01,0,2.192004364,132.218114,0.128125,99583.0,37.56
3231120,K03643.01,0,3.900109346,133.380544,0.16265416666666666,126194.0,40.37
12216706,K03644.01,0,1.471060209,132.27522,0.18211666666666665,148439.0,165.15
12216706,K03644.02,0,0.73553763,131.5246162,0.08333333333333333,nan,nan
10735331,K03720.01,0,213.3990406,274.209685,0.2710125,13929.5,35.2
7763269,K03721.01,0,6.40802979,134.0732,0.12203333333333333,7784.1,51.44
5471606,K03723.01,0,0.962835804,132.198475,0.20768333333333333,14328.4,458.02
11200405,K03724.01,0,4.639602084,135.09909,0.14431666666666665,25079.0,19.96
5475736,K03798.01,0,2.991885335,134.17581,0.30966249999999995,1356.9,3.94
9049673,K03799.01,0,1.327471395,131.583734,0.2180583333333333,5673.8,7.08
7031898,K07807.01,0,0.566792595,131.817,0.109875,19.9,0.5
9593759,K03800.01,0,1.247156944,132.36584,0.11157916666666667,134761.0,26042.9
5020044,K03802.01,0,2.119100054,132.59118,0.34234583333333335,1651.1,34.34
11560037,K03874.01,0,1.466535757,131.992658,0.034258333333333335,1346.4,4.28
11911561,K03875.01,0,8.870415578,137.481093,0.053599999999999995,873.1,39.46
6547322,K07786.01,0,1.49131759,132.1676,0.19670833333333332,25.8,1.26
3440118,K03876.01,1,19.57783279,131.71421,0.08273749999999999,432.6,1.96
9159265,K03877.01,0,3.04476607,132.43708,0.3986666666666666,272.6,15.7
4472818,K03878.01,1,70.9672087,182.66991,0.29009583333333333,784.7,2.84
5816806,K03645.01,0,4.45543346,134.453921,0.21316666666666664,245681.0,51.69
6531496,K03646.01,0,14.323889947,135.225964,0.20155375,69071.6,45.93
9661869,K03647.01,0,20.427232317,135.862807,0.14434541666666667,121813.0,601.32
9411166,K01922.03,1,105.6552651,230.09865,0.39125,1366.9,4.22
3097352,K03648.01,0,4.029803201,134.422433,0.18458750000000002,191073.0,47.58
6066379,K03649.01,0,1.303858554,131.606872,0.18199875,126636.0,73.29
12154526,K02004.02,1,3.18899015,133.52624,0.11341666666666667,66.2,0.98
3459199,K03725.01,0,1.570518376,132.340523,0.13347916666666665,2213.2,450.76
6973796,K03726.01,0,115.9943364,139.57168,0.10056666666666667,37571.0,13.66
12023089,K03727.01,0,0.623441636,131.6792187,0.06083375,19340.5,29.19
6286155,K03803.01,0,14.5417471,137.58734,0.2336125,1088.6,163.25
7831363,K03804.01,0,2.81753381,132.8937,0.08979583333333332,3836.0,52.91
8804845,K02039.02,1,0.762132307,131.61542,0.05083333333333333,63.7,0.75
4663185,K03805.01,0,56.6993107,146.1473,0.2946083333333333,5824.7,539.16
5305471,K03806.01,0,161.252247,189.10948,0.9777916666666666,2185.9,4.49
5560830,K03879.01,0,0.867719291,132.165597,0.26345833333333335,2651.8,37.79
8211824,K03881.01,0,0.84112187,132.164939,0.08512916666666666,75070.0,39.34
5980800,K03882.01,0,0.828326025,132.175806,0.05946708333333334,10718.0,49.67
9592850,K03883.01,0,1.219324537,131.94673,0.19792083333333332,379055.0,60.62
6227560,K03650.01,0,2.401751509,133.711919,0.08681249999999999,25044.0,268.75
5866104,K03651.01,0,36.97709537,133.6264,0.21692916666666665,217145.0,59.66
8256044,K03652.01,0,16.371883638,140.020073,0.14352791666666664,65927.0,70.73
8780968,K03653.01,0,2.617284592,132.390683,0.3981041666666667,231450.0,162.67
6960446,K03654.01,0,10.14873521,136.02501,0.23345833333333332,116125.0,71.11
8264097,K03655.01,0,2.897436854,132.038502,0.13680416666666667,289807.0,64.69
7515679,K03728.01,1,5.546083089,133.50348,0.11320833333333333,2211.0,22.27
9674592,K03729.01,0,6.87366398,136.13966,0.2951875,9766.9,12.01
9674592,K03729.02,0,6.87366412,132.4575658,0.2020833333333333,nan,nan
10879213,K03730.01,0,0.668483494,132.156558,0.1005375,722770.0,138.76
5650314,K03731.01,0,1.070272827,131.835891,0.17851666666666666,9886.5,28.73
6962901,K07799.01,0,0.977170246,132.23783,0.145175,151.1,5.08
8302302,K03732.01,0,1.135930136,132.396556,0.18764999999999998,27247.4,52.05
10581918,K03807.01,0,1.801863222,132.48449,0.30205,262582.0,145.36
3851949,K03808.01,0,54.77145968,143.74319,1.5494625,7224.8,34.32
9097892,K03809.01,0,1.674690886,132.172107,0.08407916666666666,527.4,29.78
9351316,K02078.02,1,161.515617,176.49978,0.2728333333333333,2215.3,2.88
4579313,K03884.01,0,2.112405306,132.97515,0.10768749999999999,489.0,19.01
11614528,K03885.01,0,1.870990236,132.68949,0.0768,642.6,26.1
8848288,K03886.01,0,5.56648691,133.03305,0.4554583333333333,694.9,43.67
6590307,K07787.01,0,1.33253834,132.066,0.15570833333333334,62.4,0.64
5308419,K03887.01,0,1.241483276,132.10028,0.09145833333333332,141.0,27.25
6312521,K03656.01,0,3.01551943,132.943637,0.1321375,159584.0,155.81
4579321,K03657.01,0,2.112395777,134.034448,0.115475,262602.0,115.26
5202905,K01932.02,1,14.8444836,143.576,0.25379166666666664,177.9,2.49
1575690,K03658.01,0,2.252417903,132.436339,0.08236249999999999,32296.0,27.09
4386047,K03659.01,0,2.900613144,133.422871,0.15565416666666665,165475.0,38.63
5103998,K03660.01,0,174.7697122,172.472322,0.09820416666666666,68139.0,38.79
9655858,K03733.01,0,31.43284649,138.11259,0.2230875,178874.0,57.21
10275880,K03734.01,0,9.72675447,139.47635,0.8175583333333334,6641.6,995.22
2166200,K03735.01,0,8.096939227,132.646466,0.12013750000000001,142891.0,68.48
3547315,K03736.01,0,0.64234865,131.911078,0.08826666666666666,39597.0,25.76
6933781,K03737.01,0,130.4194187,229.758424,0.17354166666666665,2290.9,57.51
6148271,K03812.01,0,1.78526527,133.1265,0.25930416666666667,1733.1,41.19
5386904,K03813.01,0,4.8591441,132.6666,0.16078333333333333,2183.6,6.9
2997178,K03814.01,0,5.95077813,135.06469,0.2333333333333333,761.8,32.26
8956206,K02048.02,0,99.673478,219.33483,0.04033333333333333,2496.0,576.14
8260198,K03888.01,0,0.955297055,132.179352,0.07252083333333333,846.1,18.16
10733174,K03889.01,0,280.476576,299.3871,1.3433333333333333,651.2,3.16
8564976,K03890.01,0,152.8255989,197.41339,0.9453333333333332,2173.5,34.85
11760860,K03892.01,1,2.41660149,131.53713,0.08207916666666666,83.6,0.92
7910148,K03661.01,0,4.252082243,134.299947,0.1147625,8290.5,33.14
12459731,K03662.01,0,14.180228311,143.127623,0.18893333333333331,172737.0,62.41
12735740,K03663.01,1,282.5253558,363.071925,0.44985416666666667,9746.4,8.98
4678875,K03664.01,0,1.87887673,133.0741983,0.2753695833333333,824392.0,148.25
7812175,K03665.01,0,17.79391159,134.035628,0.179975,93395.0,33.3
7708193,K03666.01,0,7.942583252,134.817062,0.2942166666666667,88327.0,219.02
5478083,K03738.01,0,15.85231085,142.52451,0.20294583333333333,437862.0,679.44
10857342,K03739.01,0,2.415925551,133.610004,0.4073708333333333,560970.0,300.82
5215700,K03740.01,0,0.656201038,132.0994299,0.17412541666666664,174860.0,112.77
8780959,K03741.01,0,2.617280959,132.391963,0.40254166666666663,3089.9,395.94
5565486,K03742.01,0,1.412524016,131.704429,0.23952458333333332,175776.0,68.92
8453214,K01776.01,0,5.77676732,131.5416,0.28425,5794.8,26.2
8552719,K01792.01,1,88.40678718,176.274619,0.5128291666666667,1724.4,4.55
8556077,K02027.01,0,3.635723653,134.6084,0.09109166666666665,80.0,1.23
7757698,K07848.01,0,369.181947,399.5169,0.13495833333333332,913.0,2.6
8625821,K01859.01,0,45.3968385,136.93885,0.18654166666666666,1355.2,21.23
8652999,K01953.01,0,15.160166,136.55982,0.244,307.9,2.09
12164770,K02088.01,0,2.63009438,132.22517,0.46775,388.9,25.55
9541322,K02089.01,0,9.40527028,134.55181,0.0865,470.9,25.39
10470616,K02112.01,0,4.15713766,132.21689,0.07533333333333334,77.0,1.17
10362031,K02118.01,0,3.2136904,132.98252,0.091875,55.8,1.22
6373680,K02127.01,0,2.87066026,133.66393,0.06420833333333333,450.8,1.72
10963242,K01312.02,0,31.24611088,138.4604477,0.1983333333333333,nan,nan
9150827,K01408.02,0,82.37208458,208.4205685,0.2645833333333333,nan,nan
9957351,K03964.01,0,0.991105114,131.893383,0.09223749999999999,286389.0,36.87
5385575,K03965.01,0,12.425580393,141.5382062,2.383383333333333,1131.0,21.34
3732035,K03966.01,1,138.944022,153.90645,0.442125,530.2,2.57
5385697,K03967.01,0,12.4260454,141.5025,1.1570458333333333,582.1,2.64
5385697,K03967.02,0,12.4260002,133.9385,1.2581916666666666,468.6,2.39
8823833,K03968.01,0,1.50650136,132.98952,0.12969166666666665,66.9,0.8
5015913,K01667.01,0,1.179969562,133.381942,0.08227083333333332,1109.3,120.02
5103942,K01668.01,0,10.10176739,131.80667,0.0886125,601.7,26.09
5195172,K01671.01,1,1.480283464,134.37254,0.10358333333333333,60.5,0.97
8678664,K01782.01,0,15.420409367,133.516609,0.09877916666666665,14759.2,16.62
8832512,K01821.01,1,9.97682072,131.76825,0.14530416666666665,966.8,2.85
8892721,K01844.01,0,61.4913415,163.63194,0.401125,3692.4,4.57
9042357,K01993.01,0,16.00351679,146.38812,0.16670833333333335,668.3,18.01
9115681,K01865.01,0,1.86390886,132.19741,0.18391666666666664,176.1,77.99
10481045,K02320.01,0,2.03743942,131.55893,0.12929166666666667,112.5,0.82
8107034,K02322.01,0,332.74984,386.9102,0.6154166666666666,518.1,2.55
3962751,K02326.01,0,45.60304785,171.32001,0.34791666666666665,nan,nan
8582291,K02330.01,0,2.4681015,132.07692,0.11791666666666667,172.8,1.22
5110683,K02334.01,0,12.53449909,134.95078,0.2508333333333333,nan,nan
7967861,K02349.01,0,215.15218,171.913,0.8320833333333333,264.2,1.36
8179325,K02359.01,0,3.17275711,133.98944,0.22516666666666665,313.2,1.27
5475494,K03969.01,0,0.73619448,132.08341,0.04645,247.3,1.84
9412445,K03970.01,0,10.18670759,132.51843,0.3124166666666667,261.2,0.95
7866914,K03971.01,0,365.994154,217.68143,0.5446249999999999,698.5,2.87
6057684,K03972.01,0,0.54028956,131.85133,0.15079166666666666,293.5,21.45
5271608,K01673.01,0,2.49047468,133.44225,0.09167916666666666,222.2,1.53
5357470,K01674.01,0,2.17257963,133.00429,0.06580833333333333,335.5,13.55
5443775,K01676.01,0,3.307669761,131.56743,0.06966666666666665,243.1,3.87
5527172,K01678.01,0,3.183961388,132.865355,0.1578125,39268.0,37.22
7386391,K07837.01,0,48.507991,148.3182,0.3743333333333333,288.9,2.06
5529643,K01679.01,0,0.759766456,131.7904,0.22179166666666666,480.5,29.02
9366989,K01785.01,0,1.219034472,132.100235,0.08962499999999998,6923.8,9.82
9468717,K01954.01,0,7.37339245,134.0101,0.120125,125.0,13.73
9528420,K01742.01,0,4.70847097,134.153065,0.2520958333333333,32622.1,19.58
9529744,K01806.01,0,2.404556949,131.67616,0.3121583333333333,408.7,4.69
9674608,K01795.01,0,2.972047661,133.24987,0.049916666666666665,5945.0,24.74
8495415,K02362.01,0,2.237180102,133.68185,0.061391666666666664,493.8,1.75
10341905,K02391.01,0,0.93374232,131.52477,0.27299999999999996,351.4,18.29
10336927,K02394.01,0,134.76308997,131.94463,0.3654166666666666,nan,nan
12115188,K02396.01,0,0.495434094,133.458716,0.052066666666666664,287.9,1.57
9850957,K02446.01,0,8.48031302,135.86745,0.2495,107.0,2.74
12470954,K00439.02,0,5.40534383,131.8513595,0.09666666666666665,nan,nan
11568224,K03973.01,0,0.882131829,131.900716,0.283775,3620.9,8.13
7938883,K03974.01,0,0.489682339,131.5738141,0.07289583333333333,431674.0,37.47
9280239,K03975.01,1,364.751562,135.47514,0.5440416666666666,1481.5,2.89
4544571,K03976.01,0,2.189098506,132.080937,0.214575,2533.7,29.7
3245661,K03977.01,0,0.7088055,132.168239,0.1532875,17575.0,41.08
5618071,K01682.01,0,88.821421,160.4918,0.3895833333333333,393.7,234.99
6312534,K01689.01,0,1.507761203,132.942717,0.129,2773.7,31.77
6470917,K01690.01,0,1.506019633,133.02809,0.10033333333333333,136.9,1.08
7431709,K07838.01,0,0.572513875,131.776,0.09804166666666667,49.3,0.52
6611330,K01691.01,0,35.14578122,136.493569,0.093875,6789.4,32.5
6699368,K01694.01,0,3.690317047,131.542094,0.057433333333333336,465.5,20.23
9886255,K01846.01,1,105.9566815,182.05127,0.29161666666666664,2286.4,3.79
9973855,K01966.01,0,2.95600563,134.06322,0.11132083333333333,76.1,0.81
10019399,K01796.01,0,11.805707539,133.050811,0.08539166666666666,2052.1,18.48
7841368,K07851.01,0,25.3710555,141.8015,0.15579166666666666,78.6,1.43
10031707,K01827.01,0,8.58966893,132.01936,0.2900833333333333,429.6,155.18
10092312,K01823.01,0,4.468456599,138.741584,0.05914583333333333,906.7,24.81
10407054,K02500.01,0,0.933754669,132.44306,0.16866666666666666,89.3,1.48
10880007,K02502.01,0,86.79876649,199.89506,0.12458333333333334,nan,nan
8418129,K02515.01,0,164.57506747,222.03648,0.39875,nan,nan
6525185,K02568.01,0,1.71030803,131.6107,0.11324999999999999,216.0,1.32
10812504,K02570.01,0,79.9201319,197.21721,0.18675,1326.8,1.81
8107115,K02575.01,0,199.3113,172.4242,0.26791666666666664,383.6,1.64
10663411,K02584.01,0,157.82131,137.7418,0.5175,192.3,1.59
10090219,K03978.01,0,2.28612573,133.53049,0.5169999999999999,301.6,22.63
9205938,K02162.02,1,199.66876,131.609,0.37483333333333335,251.9,1.45
9899217,K03979.01,0,1.33254971,132.05415,0.19541666666666668,158.3,1.36
6750902,K03980.01,0,0.469334634,131.736456,0.03693333333333333,340.4,2.4
5895588,K03981.01,0,0.849277809,132.17649,0.13070833333333332,690.8,20.11
6803855,K01695.01,1,71.4523167,148.80814,0.26149999999999995,216.9,2.19
6891366,K01696.01,0,1.752564549,132.71889,0.14595833333333333,116.6,1.38
7448023,K07839.01,0,0.566816802,131.77983,0.08254166666666667,94.0,0.68
6891637,K01697.01,0,1.752553762,132.72735,0.16154166666666664,414.7,1.06
6975615,K01698.01,0,2.065351521,133.15601,0.110875,173.2,1.03
7137725,K01699.01,0,2.253551793,132.4798,0.1525,119.6,1.7
10153855,K01981.01,1,1.06378861,131.52465,0.04466666666666667,251.5,1.61
10230571,K01926.01,0,123.11494773,172.26301,0.7183333333333333,nan,nan
10294613,K01896.01,0,1.854493861,132.49056,0.17652916666666665,1287.3,29.39
7879648,K07852.01,0,1.020713389,132.20309,0.036375,102.3,0.9
10491044,K01763.01,0,2.1990638,133.06948,0.13320833333333332,344.8,1.33
10614012,K01807.01,0,132.1331011,149.17288,1.113125,7956.2,75.08
10616415,K01999.01,0,1.120646438,131.59197,0.0736,322.5,89.35
6525193,K02653.01,0,1.710279417,131.61739,0.09383333333333332,228.8,1.57
6866251,K02661.01,0,65.238281,158.9557,0.23983333333333334,197.2,5.18
7117710,K07817.01,0,0.56679641,131.8085,0.09683333333333333,26.7,0.46
7762723,K02663.01,1,9.88736642,139.52781,0.17625000000000002,68.0,0.68
4178606,K02728.01,1,42.3520039,131.61246,0.32387499999999997,512.6,6.3
5980208,K02742.01,1,0.789160884,131.50545,0.03861666666666666,215.1,0.91
5303557,K03982.01,0,2.399081606,133.06425,0.18266666666666667,6071.6,40.6
10227863,K03983.01,0,5.14072621,135.0222,1.1349999999999998,145.6,19.28
7281668,K07829.01,0,0.566798545,131.8431,0.21766666666666667,36.9,0.53
8036287,K03984.01,1,1.44445234,132.80685,0.04063749999999999,200.7,2.03
9602562,K03985.01,0,3.55653637,133.5172,0.36249999999999993,202.5,1.7
10668665,K03986.01,0,9.60853601,137.74499,0.153,584.4,31.99
10407020,K03987.01,0,0.933747751,131.52218,0.1634833333333333,76.6,2.07
7380829,K01703.01,0,3.17463577,132.24293,0.4578333333333333,405.9,9.32
7470491,K07840.01,0,0.902222843,131.7156501,0.08548333333333333,29.7,48.23
7768952,K01709.01,0,22.4685309,148.4968,0.12641666666666665,242.3,20.05
8162790,K01712.01,0,10.16104834,141.51593,0.12686666666666666,908.9,2.72
9655129,K01714.01,0,2.743978797,133.76412,0.26841666666666664,39994.0,38.11
9899483,K01719.01,0,1.332561398,132.0511,0.17095833333333332,150.6,2.16
7882360,K07853.01,0,364.14397,376.4124,0.6404166666666666,513.5,2.2
10965740,K01887.01,0,21.78769087,136.69645,0.18741666666666668,507.7,71.95
11187436,K01804.01,1,5.90741476,133.93511,0.042333333333333334,5569.0,5.1
11285136,K01774.01,0,2.368173896,133.81015,0.09775,10143.0,10.92
11298815,K02015.01,0,5.73865933,136.91835,0.16879166666666667,688.6,1.84
11342573,K01771.01,0,91.05641908,204.836321,0.28034166666666666,57607.6,53.1
9823519,K02793.01,1,4.49686066,134.20642,0.07210833333333333,1932.5,1.93
7047824,K02806.01,1,24.7543849,140.20732,0.14125,593.3,2.1
4479633,K02814.01,0,0.475068516,131.8191,0.03563333333333333,110.1,1.03
4952341,K02818.01,0,1.79683793,134.83029,0.32962499999999995,223.3,3.37
8176019,K02843.01,0,187.51251276,178.10516,0.3354166666666667,nan,nan
5385491,K03988.01,0,12.425484,133.99,1.1675749999999998,117.2,1.55
11358389,K02163.02,1,17.7838298,146.91035,0.16654166666666664,247.1,1.6
5551504,K03989.01,0,1.204529346,131.93613,0.0675,86.9,1.4
6421503,K03990.01,0,2.15839583,131.89506,0.3370833333333333,352.2,14.28
7538434,K07841.01,0,371.1495,415.4245,0.660625,597.3,2.07
10487119,K01635.01,0,3.374684854,131.769948,0.18680624999999998,80917.0,49.25
10621666,K01636.01,0,2.61841046,136.66312,0.13766666666666666,180.2,1.12
10747439,K01638.01,0,4.593594819,134.889552,0.10996249999999999,1455.2,8.85
10749128,K01639.01,0,125.0426,240.291,0.3745833333333333,104.3,1.2
10813841,K01640.01,0,6.17039154,354.54497,0.08816666666666667,502.9,2.17
10879656,K01642.01,0,0.364860478,132.07029,0.061399999999999996,112.6,0.68
12691412,K01983.01,0,6.90522317,137.02059,0.14720833333333333,420.3,4.54
5024482,K02041.01,0,1.5259105,132.7061,0.12974999999999998,83.9,2.63
8175131,K02139.01,0,4.27121961,132.10466,0.1220125,966.7,2.17
7177766,K07819.01,0,0.769358923,131.57827,0.06401666666666667,44.8,1.93
5513897,K02591.01,0,0.755109106,132.56239,0.123625,106.0,0.85
10664416,K02599.01,0,25.3239215,138.49766,2.9335416666666667,1379.7,19.02
9602613,K02612.01,1,4.61225043,133.86134,0.11229166666666665,29.1,0.51
5807769,K02614.01,1,7.99022379,132.268,0.136375,165.9,1.97
11495766,K02630.01,0,4.1749166,134.1713,0.20116666666666666,40.7,0.61
7282154,K07830.01,0,0.56678694,131.82489,0.081625,61.2,0.63
3228988,K03992.01,0,0.73094701,132.22433,0.17595833333333333,227.7,15.83
2970804,K03993.01,0,0.686994057,131.661024,0.1468833333333333,2797.1,35.3
7552701,K03994.01,0,1.324247867,131.51043,0.06149583333333333,83.3,1.3
7418173,K03995.01,0,0.780632043,132.190835,0.0587875,736.5,79.67
3228804,K03996.01,0,0.730947169,132.22192,0.18316666666666664,248.0,14.43
11045383,K01645.01,0,41.16676097,158.917777,0.09222083333333332,5386.3,17.82
11391667,K01652.01,0,1.083736642,134.1369208,0.06579666666666667,8930.8,237.84
11392017,K01653.01,0,2.45570369,133.03195,0.12916666666666665,273.8,55.95
3446451,K01735.01,0,0.64234875,131.910695,0.05707916666666666,103.7,2.78
6603756,K01729.01,0,5.204286663,135.885314,0.260825,35221.0,16.0
8460600,K01730.01,0,6.352090869,134.2069907,0.16198791666666668,75141.7,18.9
12121470,K02142.01,0,1.877350712,132.26591,0.072825,185.6,1.46
3327993,K02157.01,0,2.11552348,134.09961,0.2796666666666666,359.2,21.43
5467124,K02161.01,0,2.84573962,134.27578,0.30333333333333334,211.7,3.63
7906739,K02165.01,0,7.01476115,136.88345,0.164375,122.1,1.02
2860114,K02170.01,0,0.941603153,132.976171,0.049525,462.1,2.29
8501062,K02176.01,0,24.40213373,149.47431,0.5237499999999999,nan,nan
7199644,K07821.01,0,1.13357304,131.8204,0.11870833333333333,33.1,0.59
11966253,K02772.01,0,0.643468999,131.83868,0.04628333333333333,108.0,0.88
10275805,K02782.01,0,112.645961,182.99824,0.2932083333333333,1957.9,35.36
5709889,K02783.01,0,0.526887517,131.86561,0.037379166666666665,119.9,0.58
3119256,K02784.01,0,4.14244748,132.907,0.09179166666666666,69.9,1.82
9943435,K02788.01,0,0.777663575,131.52537,0.04892083333333333,134.3,0.95
2442359,K03997.01,0,0.552834211,131.75468,0.05369583333333333,145.7,18.09
7707742,K03998.01,0,0.758354475,132.623984,0.19033791666666666,581782.0,149.44
6041734,K02167.03,1,76.5369531,164.15644,0.23224999999999998,652.2,3.73
2010191,K03999.01,0,3.43525124,132.6333,0.18787500000000001,152.2,25.43
5471675,K04000.01,0,0.962828092,132.20697,0.18379166666666663,63.0,40.82
8845574,K01734.01,0,1.878156188,136.2716,0.08574999999999999,787.5,2.51
2021440,K01987.01,0,7.81153999,136.33101,0.24933333333333332,912.8,23.56
3122985,K01949.01,0,0.993488979,131.607354,0.08205833333333333,24327.0,17.9
3248019,K01759.01,0,1.334104585,132.3674913,0.13109333333333334,61690.8,44.9
3328026,K01994.01,0,2.115498574,134.11259,0.28075,444.2,25.84
7116024,K07812.01,0,3.40076682,131.8405,0.19583333333333333,21.1,0.69
2014991,K02178.01,0,6.49676881,132.17439,0.10529166666666667,135.0,3.74
12885212,K02184.01,0,2.057499811,133.31318,0.10704166666666666,325.6,1.27
5894073,K02187.01,0,10.5856758,136.9685,0.20462499999999997,178.7,1.49
10518424,K02188.01,0,2.69633621,132.99538,0.21825,238.6,15.78
4245933,K02190.01,0,11.2580745,140.794,0.9798333333333332,713.3,2.14
7199724,K07822.01,0,0.566795586,131.83245,0.1718333333333333,39.4,0.66
12935144,K02847.01,0,1.099291188,131.50242,0.07354166666666666,282.6,1.37
6185496,K02858.01,0,0.47462889,131.54237,0.042475,331.3,1.43
6606438,K02860.01,1,103.4269873,220.22869,0.20958333333333334,950.1,3.16
12170648,K02875.01,0,0.299697755,132.017121,0.035304166666666664,346.9,2.03
7282168,K07831.01,0,0.56681727,131.7715,0.074125,35.9,0.42
9851943,K04001.01,0,1.081935491,131.52874,0.214,202.9,0.99
5773121,K04002.01,1,0.524175803,131.60105,0.03186666666666667,236.8,1.27
2708420,K04003.01,0,1.89129881,132.6639,0.2205833333333333,82.0,0.86
4814502,K04004.01,1,4.94330596,135.57568,0.12222499999999999,126.2,1.41
8142787,K04005.01,1,178.139072,210.11802,0.40225,678.8,2.25
3654950,K01766.01,0,4.067371428,134.316022,0.245675,63446.7,68.81
3836453,K01903.01,0,1.540395781,131.99631,0.0679375,173.4,0.94
3952651,K01912.01,0,32.9045733,141.29325,0.18341666666666667,662.3,28.34
3966262,K01811.01,0,2.46353343,135.3459,0.12308333333333334,830.0,21.49
4144231,K01791.01,0,22.91339043,140.64839,0.16416666666666666,5407.0,24.11
9964670,K02192.01,0,1.541350116,132.32528,0.13708333333333333,378.0,1.5
6209798,K02196.01,0,1.205412526,131.93619,0.06404166666666666,109.2,12.6
6525249,K02197.01,0,1.710316235,131.60973,0.15058333333333332,409.4,23.38
11075429,K02198.01,1,23.9210408,139.07872,0.21558333333333335,158.3,3.01
11705004,K02199.01,1,9.03326435,137.17738,0.11904166666666667,610.7,1.96
6137681,K03932.01,0,356.535835,433.62066,0.22779166666666664,3113.0,28.27
11244682,K03933.01,1,3.490785878,133.10269,0.060470833333333335,336.8,1.32
9655419,K03934.01,0,1.92149487,133.2283,0.07879166666666666,1006.0,79.14
5895158,K03935.01,1,1.093665854,132.47213,0.05999583333333333,218.4,1.29
5471690,K04006.01,0,12.4247333,134.0338,0.7011666666666666,40.5,1.47
5350447,K04008.01,0,70.7511986,175.37157,0.25825,858.1,27.74
4173026,K02172.02,1,116.583183,246.6275,0.24166666666666664,819.0,2.91
8934103,K04009.01,1,175.13892,296.03778,0.44862499999999994,634.5,3.06
7618364,K07844.01,0,1.302061421,132.56436,0.07599166666666667,1046.1,92.86
4150390,K01768.01,0,55.25178622,144.456513,0.2539166666666667,39873.6,27.32
4851464,K01757.01,0,5.548250634,133.219686,0.2528216666666666,42873.4,21.49
4913000,K01775.01,0,4.442520831,133.607376,0.10324583333333333,531.5,3.98
4945877,K01936.01,0,1.339670241,132.16786,0.07895833333333332,28.6,1.27
5110423,K01777.01,0,2.685223546,133.731821,0.1693,5494.6,28.98
2581191,K02203.01,0,1.99042642,132.71317,0.12845833333333334,133.8,1.17
7379385,K02207.01,0,67.230028,171.7451,1.0420833333333333,379.1,2.44
6199702,K02211.01,0,0.805259637,132.100758,0.04074583333333333,341.8,1.93
6307083,K02050.01,0,75.3787816,167.10798,0.21949999999999997,387.7,1.6
6780158,K02231.01,0,2.464160779,131.92201,0.10112499999999999,116.7,36.93
7199756,K07823.01,0,0.566781152,131.85715,0.16645833333333332,133.4,0.54
4947556,K03936.02,1,13.0267964,139.14777,0.03270833333333333,356.6,2.08
7362696,K03937.01,0,4.93129874,134.82009,0.07760833333333333,676.1,21.42
3865595,K03938.01,0,5.59187448,132.87618,0.06992499999999999,236.4,104.18
9593528,K03939.01,0,1.88665445,132.3531,0.05595833333333333,2098.0,43.81
5195945,K03940.01,0,14.53682228,132.36831,0.133125,1032.3,73.15
5288577,K04010.01,0,1.72853003,131.80572,0.159125,99.1,2.43
11969988,K04011.01,0,2.19068738,132.01727,0.18375,66.3,1.68
8483258,K04012.01,0,372.16478,233.7717,0.4703333333333333,2074.0,5.68
4832225,K04013.01,0,0.947730124,132.39338,0.04654583333333333,152.5,2.82
9009953,K04014.01,1,234.240739,210.8122,0.5385416666666667,464.1,3.41
7664272,K07845.01,0,341.01495,448.7233,0.21333333333333332,386.0,1.72
5302006,K01755.01,0,6.14631207,132.74983,0.1584583333333333,891.1,4.79
5306720,K01991.01,0,27.36432337,143.46464,0.14770833333333333,2282.5,39.49
5389540,K01836.01,0,10.26231992,133.20719,0.14866666666666667,813.9,1.98
5444384,K01778.01,0,1.519529227,132.55256,0.21531250000000002,8372.5,11.12
5450814,K01780.01,0,6.487525901,137.625165,0.10223333333333331,20209.0,21.23
7116519,K07813.01,0,0.56676437,131.8708,0.09691666666666666,76.5,0.92
9635510,K02234.01,0,2.35197616,131.90696,0.221,268.0,21.19
8076630,K02235.01,0,0.861643331,131.80744,0.101325,232.5,1.88
4077901,K02239.01,0,12.1097626,140.74725,0.4239166666666666,113.9,1.09
10271691,K02240.01,0,63.909601,136.6718,0.49374999999999997,143.0,0.76
10544677,K02244.01,0,19.7352868,138.58362,0.212375,319.4,49.24
7199883,K07824.01,0,0.566799125,131.81289,0.128,30.7,0.56
8552587,K03941.01,0,1.061935973,131.723748,0.13823749999999999,337.9,24.17
6019872,K03942.01,0,1.485898163,132.74414,0.10191666666666667,224.6,14.96
7679812,K03943.01,1,38.5763483,167.85725,0.8275416666666666,282.1,2.05
4864734,K03944.01,0,1.845610523,131.80574,0.097375,374.1,77.83
8282846,K04015.01,1,133.303247,167.76042,0.3059166666666666,1017.5,2.67
5938970,K04016.01,1,125.4132302,195.62605,0.09683749999999999,1345.0,3.14
8381693,K04017.01,0,21.5702917,137.2647,1.6833333333333331,148.7,29.53
4929299,K04018.01,0,0.868723418,132.08264,0.06090416666666666,197.1,1.87
7375348,K00266.01,1,25.30893566,171.50611,0.24043333333333333,153.7,1.77
10223615,K00065.01,0,27.25471993,176.52949,0.030416666666666665,nan,nan
3342463,K00383.01,0,34.10787519,183.56881,0.1708333333333333,nan,nan
6680177,K00860.01,0,16.61474421,177.04832,0.11541666666666667,nan,nan
5565497,K01789.01,0,1.412526202,131.70353,0.22875,150.3,36.77
5730389,K01956.01,0,2.759573341,131.71354,0.29162499999999997,382.0,6.42
5802478,K01834.01,0,3.79188234,134.1344,0.08958333333333332,417.0,1.95
5942093,K01995.01,0,14.38724729,131.85133,0.07949166666666665,1914.1,29.24
5992270,K01855.01,0,58.4302648,168.30179,0.29916666666666664,1849.5,3.45
7117126,K07814.01,0,0.566717263,131.9699708,0.1086625,18.5,0.43
4761060,K02249.01,0,13.37935853,140.92523,0.3670416666666666,353.5,6.65
5479802,K02251.01,0,13.26255423,136.29135,0.19375,916.4,3.55
5607631,K02254.01,0,20.5696575,140.25123,0.17762499999999998,401.5,28.96
4951249,K02258.01,0,4.52342256,135.46854,0.10545833333333333,219.0,1.7
9156585,K02054.01,0,22.32423657,134.44763,0.15287499999999998,1299.3,4.56
3121340,K03945.01,0,0.723947772,132.06247,0.08854166666666666,242.7,52.16
8636434,K03946.01,1,308.544422,296.0738,0.7709583333333333,586.8,3.28
5952366,K03947.01,0,0.905679492,132.196318,0.08818333333333334,2299.0,35.74
5952366,K03947.02,0,22.735911,144.077,1.768125,2311.0,5.07
6045250,K03948.01,0,0.909310626,131.725419,0.14337916666666667,12126.6,48.79
5598595,K03949.01,0,0.648774274,131.74545,0.11012499999999999,231.0,1.08
6681233,K00562.01,0,32.63286247,177.22208,0.12833333333333333,nan,nan
7351237,K00879.01,0,25.64384513,177.41892,0.21041666666666664,nan,nan
7436215,K00885.01,0,25.58546721,177.07745,0.09499999999999999,nan,nan
9763754,K00589.01,0,17.47702,186.5568,2.2716666666666665,138.3,0.93
10216045,K00594.01,0,16.88954693,183.15557,0.14208333333333334,nan,nan
8846163,K00962.01,0,26.77891391,186.20963,0.13,nan,nan
12366681,K00973.01,0,13.33386985,263.78932,0.27125,nan,nan
1996399,K01026.01,0,94.10628163,184.9905063,0.7170833333333333,nan,nan
2697169,K01027.01,0,14.71266408,366.02309,0.17541666666666667,nan,nan
8435247,K01131.01,0,0.696125302,354.767068,0.08355833333333332,14966.0,28.44
8332986,K01137.01,0,302.38867822,309.18675,0.13012083333333332,41320.0,40.73
6364327,K01744.01,0,5.24372504,132.7225,0.714,234.4,20.41
6762829,K01740.01,0,18.795269797,138.6686066,0.4159,28241.1,30.77
7369865,K01918.01,0,42.2625935,152.31269,0.18604166666666666,692.2,12.62
7593110,K01748.01,0,3.549386251,134.247174,0.101425,50664.0,24.15
7810483,K01943.01,1,29.92208104,146.00807,0.11548333333333333,345.3,3.09
7117147,K07815.01,0,0.566812588,131.79719,0.14983333333333332,17.1,0.71
6634133,K02262.01,0,9.94221873,133.84961,0.10220833333333332,486.5,19.64
7021534,K02267.01,0,9.06557317,135.15009,0.06753333333333333,243.4,1.46
9277210,K02268.01,0,4.9432827,132.8581,1.6670833333333333,27.1,1.21
9728465,K02270.01,0,7.35390869,132.01829,0.08587499999999999,92.9,2.29
7124026,K02275.01,0,15.7455586,145.54111,0.5782083333333333,161.1,1.41
7200485,K07825.01,0,0.566796615,131.8009,0.08329166666666667,47.8,0.59
9904006,K02135.03,1,8.48651582,138.01698,0.21945833333333334,110.8,1.34
4544572,K03950.01,0,2.189092892,132.082757,0.21303333333333332,1871.5,33.45
5738634,K03951.01,0,2.40435335,133.22999,0.16958333333333334,70.6,3.05
10152836,K03952.01,0,220.9290121,240.81927,0.305625,2456.5,5.24
10651816,K03953.01,0,3.1877519,134.418,0.6181666666666666,452.3,19.66
6964043,K01351.01,0,10.72396374,357.14874,0.16016249999999999,13518.0,39.84
3644523,K01195.01,0,119.67747,415.4806,1.34475,3254.1,36.8
11909686,K01483.01,0,185.9526325,288.874323,0.14984999999999998,11106.9,50.98
6678383,K00111.04,0,103.62650922,426.3726042,0.2870833333333333,nan,nan
12644769,K01611.01,0,41.077590334,173.7358974,0.25857624999999995,134484.0,23.2
6233890,K01624.01,0,2.99540439,132.78128,0.25716666666666665,223.2,65.37
7918172,K01817.01,0,63.934965,162.84507,0.5295833333333333,1119.5,44.59
8009496,K01869.01,0,38.4769457,150.56893,0.24270833333333333,259.4,4.79
8081187,K01951.01,1,37.3228722,152.83532,0.3006083333333333,307.5,35.34
8111919,K02030.01,0,1.664980224,131.68433,0.07272916666666666,230.8,3.68
8127586,K01752.01,0,16.6094904,147.61311,0.132875,272.9,1.82
7117485,K07816.01,0,0.566789505,131.8313,0.24312499999999998,54.6,3.37
2860793,K02277.01,0,2.62982665,132.08013,0.25887499999999997,126.4,17.88
3851130,K02284.01,0,2.69787749,133.65962,0.07979166666666666,116.8,1.5
7257363,K02292.01,0,5.23340265,133.1457,0.13508333333333333,242.1,1.15
11922722,K02301.01,0,3.51289168,133.79619,0.13804166666666667,131.0,1.12
12061969,K02061.01,1,14.092583189,141.1447066,0.17306666666666665,530.4,1.82
7203326,K07826.01,0,9.087508013,137.2042403,0.11498749999999999,140.6,1.37
8030339,K03954.01,0,0.65244373,132.05504,0.06129166666666667,610.7,2.17
9899414,K03955.01,0,1.332564704,132.04974,0.2490625,1049.5,30.04
5471059,K03956.01,0,2.636899795,132.07629,0.0379375,426.2,49.84
7458309,K03957.01,0,0.660629055,131.86099,0.24558333333333332,231.6,17.38
7777372,K03958.01,0,0.885123683,131.88646,0.14110416666666664,113.3,1.14
7377200,K07836.01,0,471.65421,421.64532,0.144,479.7,4.11
6312314,K01625.01,0,1.221204888,133.61014,0.07712916666666667,111.6,1.1
6387969,K01617.01,0,135.90795753,199.74974,0.07625,nan,nan
6468337,K01620.01,0,0.959853772,131.85197,0.07984583333333332,55.8,1.3
10357040,K01634.01,0,46.882525,174.9031,0.08041666666666666,343.5,1.91
10514429,K01614.01,0,20.7191626,143.30626,0.16299999999999998,184.4,1.85
8127607,K01919.01,0,16.60973843,147.6085,0.188125,667.8,6.64
8129042,K01743.01,0,54.323118,153.7774,1.0776249999999998,538.0,5.06
8180020,K01741.01,0,5.803127153,136.101253,0.20433749999999998,58570.0,19.04
8223328,K01767.01,0,35.51619219,165.930432,0.10416666666666666,10984.0,719.49
8444552,K01769.01,0,0.589049151,132.1792702,0.09391541666666665,61953.4,39.51
6342333,K02065.01,1,80.2321467,162.39301,0.19399999999999998,888.7,3.24
6032517,K02070.01,0,1.791406261,132.99503,0.11732916666666666,345.5,4.51
4768846,K02077.01,0,1.25483232,132.18633,0.11124999999999999,117.6,2.89
8260234,K02085.01,0,5.71483873,132.13046,0.1145,286.2,1.26
7210749,K07828.01,0,17.5859472,138.7798,0.1589583333333333,509.5,2.24
9282769,K03959.01,0,1.332567005,132.0492,0.26405416666666665,401.3,27.36
10404582,K02147.02,1,10.32736351,139.37228,0.07870833333333332,126.9,1.25
7777416,K03960.01,0,2.54557259,132.69874,0.23483333333333334,529.0,1.97
7597005,K03961.01,0,0.704541784,132.18236,0.044691666666666664,275.2,1.72
5479717,K03962.01,0,0.697996932,132.136059,0.1805125,9094.6,28.06
3764714,K03963.01,0,6.63449721,134.16545,0.9575833333333332,919.1,85.25
11392618,K01623.01,0,110.9215892,174.22374,0.22008333333333333,498.0,3.71
4474645,K01657.01,0,3.88673217,136.94489,0.8537916666666666,761.7,21.04
4570949,K01658.01,1,1.544928892,133.5487914,0.05982749999999999,5817.3,13.43
4927315,K01663.01,0,11.76921923,138.41222,0.134125,519.3,3.12
4928119,K01664.01,0,44.638983058,156.45087,0.12666708333333332,36830.1,50.33
10861608,K03118.01,0,174.95980475,151.16448,0.21791666666666668,nan,nan
10934313,K03121.01,0,1.926888595,131.63323,0.051458333333333335,130.0,1.31
11497958,K01422.05,1,34.1420506,136.03624,0.12270833333333332,788.0,1.06
7516809,K03133.01,0,0.241842544,131.86819,0.0302375,203.3,1.16
6115516,K03134.01,0,0.865759153,131.57771,0.03503333333333333,191.6,1.53
6444896,K03138.01,1,8.68910764,133.23559,0.048445833333333334,1679.0,0.49
5640511,K03139.01,0,0.63624396,131.968841,0.16666666666666666,nan,nan
7336093,K03143.01,0,4.4040248,134.00341,0.10041666666666667,nan,nan
10196493,K03149.01,0,9.81101738,134.18676,0.08708333333333332,nan,nan
11442793,K00351.05,1,8.71980135,139.52134,0.15605833333333333,160.4,1.53
11442793,K00351.06,1,7.00821787,137.67164,0.15883333333333333,116.4,1.29
7812455,K02881.01,0,0.903583394,131.877566,0.066425,1027.1,33.18
9520443,K02893.01,0,0.99014722,132.02928,0.039141666666666665,321.1,1.34
10601465,K02902.01,0,138.61227705,170.98026,0.5745833333333332,nan,nan
7461307,K02909.01,0,0.77359329,132.09232,0.07334583333333333,80.6,0.82
7269881,K02916.01,0,0.306937807,131.635518,0.0246875,119.2,0.82
10964265,K02934.01,0,0.637487312,131.97829,0.08177499999999999,211.3,1.75
8672910,K00918.02,0,5.71489488,134.87432,0.08627083333333332,292.5,1.41
3233043,K00966.02,0,7.76967007,133.0900444,0.1975,nan,nan
7269493,K01961.02,0,76.642481,143.224,0.22816666666666666,64.5,1.36
8753896,K02473.02,0,73.45736853,373.2353172,0.22,nan,nan
11074835,K02533.02,0,9.49361221,136.1777807,0.2716666666666666,nan,nan
10812504,K02570.02,0,4.4296786,133.1491002,0.08166666666666667,nan,nan
9827149,K02586.02,0,5.9703813,356.5416,0.027875,210.3,1.69
7584650,K02631.02,0,3.95383243,133.4182993,0.09875,nan,nan
9758089,K01871.02,1,32.376183,150.41557,0.1859958333333333,745.4,2.26
10005758,K01783.02,1,284.063137,200.83619,0.34570833333333334,1628.1,6.36
9823564,K02940.01,0,129.68366098,244.8914,0.3275,nan,nan
9532424,K02941.01,0,4.30908594,134.70804,0.06333333333333332,160.8,1.62
9950316,K02947.01,0,57.104588,151.083,0.47916666666666663,144.3,0.98
6028860,K02950.01,0,0.422015793,131.747838,0.05142333333333333,1291.9,6.69
6778019,K02953.01,0,0.945825494,131.62223,0.07706666666666666,104.7,1.14
4571536,K02954.01,0,0.676715927,131.7606,0.02625,264.5,1.29
3336283,K02974.01,0,0.576441813,131.68331,0.08445833333333333,60.8,0.82
5695904,K02983.01,0,0.423854275,132.19107,0.042491666666666664,235.3,0.58
1725415,K02988.01,0,2.43731228,132.06982,0.07874999999999999,nan,nan
11304987,K02993.01,0,0.692693892,131.804922,0.053349999999999995,1433.7,32.44
11709423,K03001.01,0,0.768934934,131.740302,0.050666666666666665,846.8,4.09
8758136,K03006.01,0,0.998212785,131.81898,0.10370833333333332,118.8,1.1
12405333,K03009.01,1,0.764863517,132.13343,0.048333333333333325,150.2,1.04
10617638,K03016.01,0,0.710894157,132.05192,0.042429166666666664,122.6,1.16
12833566,K03024.01,0,0.537839241,131.58521,0.090375,23.5,1.49
9153554,K03044.01,0,0.373684977,131.963342,0.0400875,456.8,2.25
8161830,K03046.01,0,1.10118564,132.61692,0.21666666666666667,nan,nan
6461850,K03054.01,0,0.544962596,131.52348,0.04520833333333333,247.9,1.03
7613246,K03062.01,0,0.769127296,131.56425,0.04158333333333333,114.6,0.9
11551715,K03076.01,0,225.56791218,262.51086,0.26291666666666663,nan,nan
2715695,K03077.01,1,4.09578199,131.61992,0.071,405.5,1.64
11442793,K00351.04,1,91.9401253,134.3,0.383125,482.9,2.62
6312171,K03079.01,0,92.57337995,171.1309675,0.3520833333333333,nan,nan
10665043,K03080.01,0,185.0097245,307.67922,0.7483333333333333,nan,nan
12352520,K03094.01,1,4.5770016,132.09921,0.03954166666666666,710.0,1.33
7455981,K03096.01,1,14.4540329,135.4521,0.2992916666666666,79.7,0.72
7107561,K03100.01,0,0.812587678,131.56261,0.04643333333333333,62.9,1.54
11237332,K03103.01,0,19.3073774,139.1411,0.14320833333333333,31.7,1.21
8669092,K00068.01,0,1.000840564,121.293771,0.055383333333333326,2714.4,80.25
5474613,K01599.02,1,13.6164547,140.93263,0.21562499999999998,376.1,22.29
9823519,K02793.02,1,1.766789509,133.08336,0.05560416666666666,1009.8,1.4
10587105,K00339.03,1,35.8656484,135.92374,0.33479166666666665,250.9,2.44
8558011,K00577.02,1,0.638162933,131.74826,0.051304166666666665,109.7,0.91
7885494,K07854.01,0,1.72929014,132.5562,0.15037499999999998,84.5,0.86
5281714,K05148.01,0,40.301684,166.83148,0.058249999999999996,374.8,2.38
5289857,K05150.01,0,26.524553,156.16784,0.09829166666666667,174.5,2.19
5303185,K05151.01,0,26.1537851,145.2879,0.07508333333333334,228.6,1.47
5308777,K05152.01,0,0.944598153,132.2327,0.16741666666666666,200.9,37.61
5364090,K05153.01,0,354.63284,178.4349,0.09279166666666666,280.9,0.9
5370944,K05154.01,0,35.40103336,135.1605852,0.07291666666666666,nan,nan
6364143,K05272.01,0,5.2433865,132.786,0.5196666666666666,65.4,0.75
6364307,K05273.01,0,5.2435703,132.7496,0.661,228.5,12.68
6369548,K05277.01,0,634.84739,248.0735,0.6744166666666667,542.6,20.5
3098843,K03376.01,0,29.9756697,135.45089,0.12445833333333334,258.0,1.84
3958301,K03381.02,0,387.56519,269.7929,0.5533333333333332,1083.0,4.02
5353137,K03447.01,0,31.5073649,159.1203,0.30674999999999997,330.5,0.74
4932689,K03453.01,0,18.1118457,134.7252,0.26287499999999997,328.7,31.25
7742408,K03478.01,1,33.4969115,163.7638,0.201375,163.5,2.97
3970397,K05031.01,0,34.33339948,152.0693144,0.10208333333333333,nan,nan
3973549,K05032.01,0,1.389947459,132.266549,0.049708333333333334,1213.8,3.39
4058169,K05034.01,0,282.5363563,241.528666,0.4295333333333333,29233.2,70.53
4068391,K05036.01,0,289.490952,363.4177,0.16291666666666665,773.0,2.87
5391911,K05157.01,0,0.782068488,131.8940201,0.051625000000000004,115.7,21.02
5397106,K05159.01,0,440.65087204,421.7840447,0.16958333333333334,nan,nan
5425908,K05161.01,0,289.76961138,194.4183952,0.13291666666666666,nan,nan
5436415,K05163.01,0,273.223848,272.069,0.15779166666666666,469.9,8.0
6387887,K05280.01,0,0.650701055,131.830637,0.037151666666666666,371061.0,281.62
6428602,K05282.01,0,59.742966,188.0166,0.2825,284.9,16.91
6447372,K05285.01,0,405.32064,443.8561,0.32375,561.7,1.34
6461675,K05286.01,0,342.830882,430.438,0.15941666666666665,450.7,10.76
8231667,K03494.01,1,42.8774169,156.06967,0.08295833333333333,1068.8,2.67
3439096,K03509.01,0,2.97601892,132.96926,0.22916666666666666,306.1,164.46
3324644,K03781.01,0,2.882424694,131.63584,1.0795833333333333,67298.0,399.44
5437945,K03791.02,1,220.142913,245.94139,0.8136666666666665,1796.4,5.94
1161949,K04920.01,0,473.95103,366.0309,0.49075,330.6,3.32
4077252,K05038.01,0,0.534109403,131.80501,0.0396375,78.3,2.28
4077767,K05039.01,0,168.77118,233.3138,0.09429166666666666,2045.0,2825.04
4144238,K05041.01,0,22.9138322,140.6387,0.20229166666666668,340.3,30.24
4147171,K05042.01,0,538.36855,232.5637,0.8025,545.5,2.37
4149060,K05043.01,0,65.5327181,151.4591,0.09399999999999999,373.4,1.79
4160006,K05045.01,0,1.018360336,131.67768,0.31758333333333333,393969.0,107.0
5440435,K05166.01,0,78.04064906,137.0269121,0.08958333333333332,nan,nan
5440472,K05167.01,0,396.349253,272.6416,0.111875,413.1,2.39
5440651,K05168.01,0,0.502807253,131.6152743,0.04228875,4658.7,26.81
5446961,K05170.01,0,149.526152,196.8608,0.126375,753.0,1.69
5467126,K05171.01,0,2.845736321,134.280263,0.4820958333333333,3127.0,402.16
6522124,K05292.01,0,43.60012467,163.4367382,0.06166666666666666,nan,nan
6525196,K05293.01,0,1.710299164,131.6153344,0.16342791666666667,157266.0,57.97
6525398,K05294.01,0,252.04444,265.201,0.21375,1502.0,2.49
6526377,K05295.01,0,1.39508873,132.059107,0.08708333333333332,nan,nan
1297263,K04922.01,0,153.521361,281.2973,0.16220833333333332,255.2,3.09
1572948,K04924.01,0,3.0031801,132.1161,0.11725,374.7,4.7
1725193,K04925.01,0,2.96384168,134.119473,0.2282,35652.8,43.7
1870398,K04927.01,0,43.142257,132.3007,2.572083333333333,283.2,37.88
1873513,K04928.01,1,3.290304098,131.90944,0.07172916666666666,13552.6,4.91
4179201,K05047.01,0,326.70552,439.648,0.13999999999999999,794.0,2.83
4242806,K05049.01,0,343.49816,340.5486,0.3108333333333333,431.0,1.27
4245861,K05050.01,0,11.2582311,140.7718,0.70375,300.4,1.24
4246343,K05051.01,0,139.54219147,186.9535324,0.1425,nan,nan
4253860,K05052.01,0,155.046089,166.60575,0.4252083333333333,2238.0,444.08
4274816,K05053.01,0,14.3641542,144.2631,0.10954166666666666,89.2,0.98
5470851,K05172.01,0,12.4276185,141.3698,0.7733333333333332,147.0,1.14
5471108,K05173.01,0,12.427076,141.4085,0.7269583333333333,47.5,0.82
5525484,K05175.01,0,315.502534,389.6319,0.12966666666666665,689.2,19.71
5547424,K05177.01,0,276.54167976,174.8709449,0.3233333333333333,nan,nan
5551240,K05178.01,1,4.13960513,134.04705,0.13791666666666666,106.7,1.24
6527229,K05296.01,0,200.79976002,263.875635,0.3184125,92642.0,48.77
6543674,K05298.01,0,1.195515364,132.3039982,0.25354541666666663,396401.0,156.91
6548429,K05299.01,0,210.971635,243.576,0.14908333333333332,519.0,2.04
6599305,K05301.01,0,42.02646,172.228,0.106375,190.0,1.5
6600515,K05302.01,0,372.04697,259.4285,0.5954166666666666,673.4,2.7
6608090,K05303.01,0,438.81524,307.9493,0.28125,332.8,1.36
2010607,K04929.01,0,18.622214,141.6268,0.18416666666666665,5832.0,20.83
2015013,K04930.01,0,27.8923345,146.02135,0.09183333333333334,139.6,2.1
2163226,K04933.01,0,452.10093,460.4884,0.5287499999999999,464.0,2.08
2165352,K04934.01,0,0.7906069,132.077067,0.14165,689.2,17.97
2305255,K04935.01,0,24.5714867,156.0157,1.2483333333333333,506.4,3.04
2305543,K04936.01,0,0.681137796,131.57697,0.11369583333333333,105189.0,45.75
4276114,K05054.01,0,3.722404453,133.56824,0.10505833333333332,55368.0,144.2
4281023,K05055.01,0,230.385488,268.65697,0.13058333333333333,568.1,10.13
4281700,K05056.01,0,222.84909312,340.6821732,0.10125,nan,nan
4365461,K05058.01,0,1.714414962,131.8661453,0.21550291666666666,110132.0,116.92
4366923,K05059.01,0,646.28789332,234.150707,0.22464333333333333,58605.3,43.47
4449752,K05060.01,0,290.438547,283.0998,0.5354166666666667,212.9,1.11
4455763,K05061.01,0,0.766298172,131.687569,0.07435916666666667,19400.9,15.64
5563057,K05179.01,0,1.049468616,132.26871,0.20199999999999999,22.0,0.84
5565261,K05180.01,0,2.362348096,131.705479,0.1499125,724.7,89.55
5602409,K05181.01,0,136.830243,138.5183,0.12316666666666666,464.3,17.22
5603270,K05182.01,0,103.284757,147.79022,0.06974999999999999,78.4,1.96
5612111,K05183.01,0,36.1904638,146.55956,0.07995833333333333,263.3,1.69
5616628,K05184.01,0,419.75224,525.0002,0.1730833333333333,754.0,2.82
5623137,K05185.01,0,419.95929,354.2265,0.5774999999999999,196.2,1.53
6611779,K05304.01,0,206.309658,231.818,0.06241666666666666,277.1,2.36
6612411,K05305.01,0,8.46184728,134.13323,1.4802083333333331,411.2,4.92
6612973,K05306.01,0,681.01756,136.3997,0.36416666666666664,133.9,1.69
6615600,K05307.01,0,2.19509634,132.74891,0.07483333333333334,227.7,1.32
6635813,K05309.01,0,141.00582791,135.4379543,0.125,nan,nan
6677415,K05311.01,0,73.9239955,168.2132,0.07079166666666667,634.0,1.64
2309910,K04937.01,0,1.8437362,132.23042,0.8766666666666666,341.1,25.26
2437209,K04939.01,0,281.36926,215.41653,2.7871666666666663,12435.0,56.94
2438406,K04941.01,0,262.71162,134.3692,0.32166666666666666,1449.0,3.69
2452289,K04942.01,0,6.0353643,133.1818,0.38379166666666664,47.2,1.88
2569488,K04944.01,0,1.52327807,132.3306,0.158875,924.2,22.88
4459503,K05062.01,0,260.31119904,314.5841346,0.13458333333333333,nan,nan
4464689,K05063.01,0,574.37064,391.2165,0.49541666666666667,227.6,3.11
4469825,K05064.01,0,253.87706,197.0254,0.4658333333333333,265.6,1.81
4470888,K05065.01,0,523.36921,185.174,0.04195833333333333,9918.0,17.45
5623839,K05186.01,0,80.292171,145.8825,0.08066666666666666,158.6,1.33
5650420,K05187.01,0,1.049406508,131.80328,0.1253,447.5,27.45
5653152,K05189.01,0,3.58957045,132.99426,0.14241666666666666,1221.2,2.49
5653163,K05190.01,0,2.40435325,133.2257,0.284375,349.6,24.16
5685113,K05191.01,0,37.078668,142.0615,0.1834583333333333,147.4,0.8
5698524,K05193.01,0,228.196872,323.9146,0.14687499999999998,145.3,1.42
6784887,K05328.01,0,44.714450094,135.3418468,0.24006249999999998,90229.6,50.54
6864891,K05330.01,0,40.8801539,163.3624,0.228,395.8,0.92
7891264,K07855.01,0,25.166806,150.271,0.08795833333333333,1350.0,2.72
6880123,K05334.01,0,323.972022,260.24288,0.05208333333333333,462.0,2.96
6891512,K05335.01,0,1.752562808,132.7222455,0.2551875,368004.0,124.23
2569516,K04945.01,0,45.5827119,138.6761,0.13304166666666667,76.5,2.42
2570432,K04946.01,0,1.89140138,132.6124,0.3966666666666666,557.6,25.67
2574543,K04947.01,0,6.70258007,134.37408,0.19299999999999998,859.0,403.01
2578811,K04948.01,0,6.2095391,135.2715,0.11466666666666665,47.9,30.47
7897936,K07856.01,0,363.17077,401.1646,1.1775,384.6,9.82
2582800,K04949.01,0,615.16033,226.4594,0.16491666666666666,267.1,4.48
2707916,K04950.01,0,1.89124738,132.6891,0.19570833333333332,410.0,1.2
2708270,K04951.01,0,1.89125883,132.687,0.19399999999999998,274.5,23.6
4540508,K05069.01,0,362.1273,302.6897,0.2799583333333333,1098.0,1.68
4565943,K05070.01,0,353.36705,412.2698,0.136625,34.1,2.6
4570555,K05072.01,0,4.750256809,134.63889,0.080325,395.1,12.35
4586482,K05073.01,0,623.005238,201.386299,0.9817291666666665,140332.0,66.64
4647949,K05074.01,0,45.41810604,166.3910358,0.22083333333333333,nan,nan
4678873,K05075.01,0,1.878877205,133.074035,0.24486666666666668,104026.0,109.55
4732015,K05076.01,0,0.938857507,132.206796,0.16615291666666665,12960.3,1148.7
5709014,K05194.01,0,287.46579664,242.2768409,0.3775,nan,nan
5732636,K05195.01,0,32.245486,158.2607,0.5774999999999999,93.6,1.18
5779606,K05197.01,0,142.20400109,140.9358759,0.125,nan,nan
5780194,K05198.01,0,149.237142,168.1563,0.10429166666666667,772.0,2.22
5781991,K05199.01,0,501.51698,449.5543,0.15870833333333334,487.0,1.99
5784803,K05200.01,0,357.77096,309.1578,0.541625,216.3,1.42
5791713,K05201.01,0,531.33282,295.2843,0.15425,669.0,2.67
6681473,K05312.01,0,396.048721,471.22802,0.6823333333333333,931.8,13.52
6688318,K05313.01,0,326.370361,190.3324,0.18858333333333333,568.8,22.6
6690523,K05314.01,0,148.666527,156.8241,0.18137499999999998,319.4,6.81
6692742,K05315.01,0,163.104677,140.3163,0.08870833333333333,576.0,2.58
6695801,K05316.01,0,1.10656965,132.3665,0.06954166666666667,86.4,1.09
6699562,K05317.01,0,46.270524872,173.6558757,0.3720970833333333,66244.1,35.98
6707260,K05318.01,0,13.4256161,144.7838,0.490875,142.3,1.66
6718474,K05319.01,0,590.44065,199.918,0.3145833333333333,125.7,1.62
2710101,K04952.01,0,28.88008607,144.4386895,0.05625,nan,nan
2711123,K04953.01,0,2.858879267,134.17606,0.09897083333333334,644.5,515.07
2833632,K04954.01,0,241.647602,325.21488,0.07258333333333333,361.7,1.88
2836076,K04955.01,0,528.07962334,466.1720499,0.14541666666666667,nan,nan
2850321,K04956.01,0,25.2218929,143.6316,0.6183333333333333,nan,nan
2861126,K04957.01,0,105.52127462,145.4682374,0.105,nan,nan
2987433,K04959.01,0,420.92920358,196.685958,0.7249374999999999,86013.1,62.76
4732137,K05077.01,0,393.946106,334.4022,0.25049999999999994,747.5,18.07
4736439,K05078.01,0,194.896925,252.0208,0.10433333333333333,557.4,8.98
4740375,K05080.01,0,471.95076253,172.3928906,0.20958333333333334,nan,nan
4741777,K05081.01,0,101.928291,182.2662,0.09045833333333332,243.5,1.7
4750406,K05082.01,0,379.63135,245.0035,0.6991666666666667,1036.2,1.67
4760478,K05084.01,1,287.377314,348.83318,0.7842083333333334,4376.9,11.67
5794687,K05203.01,0,367.72767,265.14033,0.12933333333333333,926.0,1.96
5817712,K05204.01,0,4.20601251,132.2794,0.2841666666666667,106.7,0.82
5858519,K05206.01,0,4.18236124,134.053289,0.2792395833333333,193983.0,69.37
5869272,K05208.01,0,186.59466,317.713,0.6904166666666667,685.0,2.66
5905728,K05209.01,0,7.87173698,132.35405,0.109125,34.7,0.54
6762188,K05323.01,0,7.155547398,133.998101,0.1904625,2568.8,48.93
6766583,K05325.01,0,63.024229,188.2057,0.24041666666666664,294.6,1.5
6767337,K05326.01,0,506.771836,158.7498,0.43895833333333334,195.2,1.8
3003673,K04962.01,0,57.1143966,166.4525,0.09091666666666666,268.8,1.82
3117115,K04964.01,0,485.91276,213.3906,0.10083333333333333,1368.0,3.61
3120397,K04965.01,0,20.5311708,136.4829,0.23625,284.6,1.39
3222680,K04966.01,0,2.31164074,132.12133,0.09654166666666666,488.7,39.73
4769799,K05086.01,0,21.92866538,135.528574,0.40635833333333327,22178.4,65.97
4814168,K05089.01,0,545.54618,406.0538,0.28933333333333333,177.7,2.01
4815612,K05090.01,0,1.928420823,131.58805,0.1593875,191238.0,79.4
4819158,K05091.01,0,328.84846,385.9456,0.22708333333333333,901.0,2.23
5942112,K05210.01,0,125.95781975,134.667118,0.35958333333333337,nan,nan
5949765,K05212.01,0,426.34444,464.9081,0.5891249999999999,90.2,1.33
5956038,K05214.01,0,256.846143,331.8595,0.2620416666666666,1706.0,46743.4
5963591,K05215.01,0,146.931518,190.4351,0.9908333333333333,257.0,2.89
6947062,K05338.01,0,309.19347,318.487,0.9795833333333334,1445.0,3.07
6948815,K05339.01,0,1.541530919,131.98454,0.20287916666666667,213262.0,115.49
6952570,K05340.01,0,122.713036,135.2952,0.166625,290.7,1.79
7011044,K05342.01,0,25.50236699,141.3438916,0.075,nan,nan
7013635,K05343.01,0,290.625016,349.7098,0.18379166666666663,147.6,2.86
3240049,K04968.01,0,2.945414866,133.95496,0.11258333333333333,968.7,38.32
3245638,K04970.01,0,232.822285,253.934,0.041249999999999995,22617.0,48.88
3329985,K04971.01,0,146.355097,226.299,0.20975,820.0,0.82
3341760,K04973.01,0,0.523493764,131.6968,0.0375625,54.0,1.82
3341982,K04974.01,0,514.14221,439.365,0.17304166666666665,1491.0,2.98
4840327,K05093.01,0,26.737139497,146.8472356,0.19538291666666666,53516.1,29.28
4843751,K05094.01,0,310.61299,267.0451,0.10674999999999998,920.0,3.04
4856592,K05095.01,0,461.1417,388.34717,0.16145833333333331,382.0,7.1
4863260,K05096.01,0,0.987069622,131.9133173,0.042050000000000004,384.8,2.43
4902673,K05097.01,0,329.71491,347.1667,0.5045833333333333,337.0,1.39
4914399,K05100.01,0,1.23708565,132.7235,0.23929166666666668,803.8,36.31
5967194,K05217.01,0,498.24938,313.7462,0.36375,522.6,14.02
5980354,K05218.01,0,1.573020098,132.28063,0.6489166666666666,292.2,31.6
5986270,K05220.01,0,1.534679933,132.331163,0.07182083333333333,456.6,18.39
5989391,K05221.01,0,71.59889,135.431,0.43875,654.0,4.49
3428359,K04979.01,0,77.66967809,151.0243323,0.12541666666666665,nan,nan
3439031,K04980.01,0,2.976012511,132.9704424,0.27168041666666665,449091.0,79.99
3449540,K04982.01,0,1.606003121,132.4945147,0.20358416666666668,402550.0,360.08
3449870,K04983.01,0,61.438007,136.9729,0.160875,253.0,14.79
4917357,K05102.01,0,147.863607,259.53,0.08116666666666666,560.0,2.03
4917658,K05103.01,0,586.91711807,275.4739232,0.22166666666666668,nan,nan
4927738,K05105.01,0,19.545185,147.733,0.06654166666666667,40.2,0.76
4937140,K05106.01,0,215.044269,225.6177,0.14654166666666665,351.1,1.89
4945035,K05108.01,0,1.174683069,131.835254,0.1048625,356.4,3.06
6033602,K05225.01,0,33.2948005,141.5302,0.12487499999999999,215.7,1.46
6047853,K05232.01,0,476.39752,227.0486,0.5054166666666666,287.8,1.82
3459529,K04984.01,0,231.364508,299.729,0.19779166666666664,1488.0,2.45
3532510,K04985.01,0,106.779168,146.11456,0.079375,163.0,1.94
3542117,K04987.01,0,12.5748872,143.1278,0.14787499999999998,731.0,1.03
3542928,K04988.01,0,484.172005,545.2208,0.19024999999999997,518.2,2.38
3545749,K04989.01,0,277.77499,351.829,0.2945833333333333,1078.0,2.48
3546821,K04990.01,0,561.08191,133.5178,0.6224999999999999,229.1,1.93
4946581,K05109.01,0,28.615014,147.7816,1.0308333333333333,70.5,1.69
4996558,K05111.01,0,3.017155419,133.68607,0.5579083333333332,1381.8,38.71
5006817,K05112.01,0,94.818136,186.3262,3.47125,nan,nan
5008775,K05113.01,0,52.6727624,178.5395,0.126625,248.0,1.64
5015027,K05114.01,0,34.4886903,137.00685,0.05083333333333333,59.9,0.71
5016163,K05115.01,0,2.6228301,131.8572135,0.3040495833333333,409714.0,70.62
5024476,K05116.01,0,222.068928,290.58724,0.08074999999999999,643.0,29.97
6058896,K05233.01,0,0.56493398,131.787277,0.10160416666666666,2067.0,30.51
6062298,K05234.01,0,246.12174,301.8089,0.75,6847.0,7233.87
6065010,K05235.01,0,159.05846,209.213,0.42,194.3,1.54
6116605,K05238.01,0,419.21314,164.0745,0.2660416666666666,2084.0,5.06
6118840,K05239.01,0,350.98474,164.2084,0.60375,600.0,1.97
6129632,K05240.01,0,298.4688,303.902,0.15616666666666668,315.4,11.33
3554819,K04993.01,0,43.22793081,144.4486525,0.05791666666666666,nan,nan
3555178,K04994.01,0,528.10984,155.1493,0.7504166666666667,89.8,0.77
3632330,K04995.01,0,63.12379762,147.195046,0.07791666666666666,nan,nan
3641216,K04996.01,0,358.54455552,376.8056254,0.47750000000000004,nan,nan
3644399,K04997.01,0,119.669671,176.1667,0.8612500000000001,421.9,2.21
3644649,K04998.01,0,598.31791,295.9314,0.6695833333333333,283.2,1.27
5032842,K05118.01,0,18.40783671,139.3507372,0.06458333333333333,nan,nan
5037742,K05120.01,0,250.4858,183.25,0.53,674.6,2.1
5039053,K05121.01,0,401.38712,328.5916,1.3420833333333333,166.2,2.04
5080565,K05122.01,0,49.312677,162.638,0.16904166666666667,1713.0,2.84
5091808,K05123.01,0,288.94276,193.4457,0.47624999999999995,160.6,1.05
6139220,K05241.01,0,273.6857427,350.85157,0.3495041666666666,15350.5,37.15
6143819,K05242.01,0,28.1117095,138.30651,0.070375,119.4,1.19
6145939,K05243.01,0,17.745456135,137.697754,0.16949166666666665,80258.0,116.14
6149980,K05244.01,0,603.3102,151.0618,0.334375,517.9,2.6
6184894,K05245.01,1,7.20281185,135.19499,0.11793749999999999,1832.6,3.06
6195792,K05246.01,0,36.4772788,137.1924,0.08716666666666667,463.0,1.65
3646515,K05000.01,0,249.61377295,201.4461838,0.13333333333333333,nan,nan
3730176,K05002.01,0,399.49671,368.4202,0.22295833333333331,139.3,1.39
3755522,K05005.01,0,251.958533,367.3803,0.19758333333333333,204.1,1.4
5105886,K05125.01,0,389.169027,388.2063,0.156625,513.3,15.36
5113146,K05127.01,0,18.78970984,143.82465,0.17249874999999998,40789.1,44.01
5130563,K05128.01,0,0.915782856,132.27591,0.09333333333333334,301.0,32.86
5131276,K05129.01,0,0.66882716,131.8692,0.04454166666666666,68.2,124.42
5174677,K05131.01,0,43.5428781,150.4229,0.1532,5447.0,17.47
6205384,K05250.01,0,3.72273683,134.6473,0.3563333333333333,37.8,0.52
6205405,K05251.01,0,3.7229369,134.6174,0.4404166666666667,65.2,0.46
6206470,K05252.01,0,1.80455062,132.4262,0.09025,39.7,0.65
6263468,K05253.01,0,10.1955065,140.26643,0.10195833333333333,221.4,1.02
6277594,K05255.01,0,3.66115536,133.7708,0.6169583333333333,34.3,0.81
9002278,K00701.04,1,267.282521,589.71975,0.3245,471.9,1.43
6026438,K02045.03,1,16.9348104,137.2502,0.142,346.3,1.31
3763724,K05008.01,0,225.43420422,210.1832295,0.5425,nan,nan
3836450,K05010.01,0,1.540399732,131.99296,0.06791666666666665,57.6,0.58
3836509,K05011.01,0,1.540389045,131.99987,0.07635416666666667,485.7,32.54
3836522,K05012.01,0,1.540393027,131.998449,0.07291666666666666,526.2,2.17
3846515,K05013.01,0,0.888045184,131.84685,0.09150416666666666,90.6,2.04
5179609,K05132.01,0,43.9311596,134.214029,0.5391458333333333,9304.4,58.37
5181086,K05133.01,0,494.62409,242.5567,0.3483333333333333,307.0,1.04
5192660,K05136.01,0,110.75214125,174.9520694,0.08708333333333332,nan,nan
5193813,K05137.01,0,121.1825045,213.3594926,0.12375,nan,nan
5199426,K05138.01,0,78.60436061,143.9949276,0.19398291666666667,78104.0,34.8
5211631,K05139.01,0,294.202469,221.2782,0.09833333333333333,248.2,2.61
6281127,K05256.01,0,588.10504,289.5538,0.6447499999999999,326.6,1.77
6285906,K05257.01,0,116.170346,205.5026,0.11066666666666666,435.2,1.68
6287131,K05258.01,0,452.30053,261.1684,0.24658333333333332,809.0,2.29
6289459,K05259.01,0,39.5931053,141.0746,0.09608333333333333,156.6,1.22
6289897,K05260.01,0,1.55935718,132.54264,0.1205,49.7,1.39
6290467,K05261.01,0,100.629443,189.6247,0.07116666666666666,355.7,1.75
6342980,K05263.01,0,273.169948,309.84052,0.11254166666666666,283.3,2.8
8753896,K02473.03,1,14.5123622,143.8154,0.17345833333333333,355.8,2.08
4150611,K03156.02,0,1.434200327,132.0647,0.24866666666666665,3097.3,44.76
4150611,K03156.03,0,8.653098686,136.657941,0.1627958333333333,60715.0,77.15
4909707,K03175.01,0,2.302365255,132.4231,0.9949999999999999,62160.0,63.06
7919516,K07857.01,0,0.575445783,132.0648853,0.0352625,29.3,1.3
6850665,K03244.01,0,214.715417,275.49823,1.42275,5211.2,71.79
4948730,K03272.01,0,23.0295222,151.14686,0.33166666666666667,548.2,20.81
3848665,K05014.01,0,359.04147,274.206,0.585,3658.0,27.1
3848919,K05015.01,0,0.52363021,131.7669254,0.14380041666666665,367102.0,52.26
3848948,K05016.01,0,0.523632451,131.76512,0.08291666666666667,8.1,1.08
3852865,K05017.01,0,492.25299,520.86,0.21154166666666666,372.7,1.8
3854101,K05018.01,0,293.5056071,328.7269,0.14197916666666666,6824.0,48.59
3858926,K05019.01,0,25.95247,149.0004,0.5393749999999999,80.8,1.56
3859890,K05020.01,0,4.34573349,134.40693,0.09358333333333332,73.5,0.86
5213005,K05140.01,0,484.58335927,569.5386194,0.13333333333333333,nan,nan
5213811,K05141.01,0,288.285213,325.0419,0.222625,378.1,2.2
5260419,K05143.01,0,19.93826636,145.9495067,0.07375,nan,nan
5262539,K05144.01,0,491.08027,202.7762,0.30916666666666665,335.6,1.86
5263802,K05145.01,0,3.350209754,131.838052,0.18472208333333331,28325.4,1447.13
5265982,K05146.01,0,628.592314,270.9081,0.150125,393.7,6.99
5271637,K05147.01,0,471.37787,365.397,0.7045833333333333,102.9,1.31
6347434,K05265.01,0,425.22927,268.3096,0.2816666666666666,829.0,1.4
6363560,K05270.01,0,606.91488768,132.3897061,0.24833333333333332,nan,nan
6364064,K05271.01,0,5.24331899,132.7859,0.4640416666666667,106.8,0.83
11177676,K03281.01,1,47.0320478,175.473,0.2455,367.8,1.98
4936990,K03290.01,0,10.31453308,132.53723,0.1526708333333333,2004.1,29.6
7130418,K03317.01,0,15.52861675,145.70184,0.08879166666666666,500.0,1.96
12208887,K03333.01,0,53.501860974,132.211255,0.21888916666666663,456778.0,55.23
10711551,K03359.01,0,10.692230094,139.953907,0.22789125,376651.0,65.42
7919867,K07858.01,0,1.60375114,132.16816,0.06241666666666666,51.0,0.82
11081512,K03364.01,0,15.7397651,132.7942,0.137375,287.7,1.18
3867593,K05023.01,0,73.3377984,136.58646,0.3762083333333333,114900.0,73.06
3941219,K05024.01,0,282.159571,259.9132,0.21120833333333333,196.3,3.09
3953106,K05025.01,0,6.58729511,133.3652,0.34825833333333334,127965.0,58.09
3953212,K05026.01,0,459.23193,192.7716,0.7384166666666667,418.7,2.64
3962728,K05028.01,0,25.9493253,155.024,0.5070833333333333,354.5,1.04
3965326,K05029.01,0,212.76701,167.485,0.5333333333333333,74.3,1.08
9265521,K05646.01,0,386.62189,319.129,0.7383333333333333,193.2,1.44
9268456,K05647.01,0,84.644104,132.5301,2.0075833333333333,512.0,34.61
9271739,K05648.01,0,575.95408,188.4547,0.3590833333333333,1210.0,2.92
9274431,K05650.01,0,117.844963,229.8693,0.08129166666666666,1043.0,2.52
10189542,K05773.01,0,24.614775,142.51094,0.09979166666666667,229.4,1.28
10191056,K05774.01,0,1.21374744,131.7423095,0.24137208333333332,185129.0,96.19
10201891,K05777.01,0,372.30881,379.1454,0.16141666666666665,535.2,2.09
10208477,K05778.01,0,454.244158,494.92901,0.141625,241.0,2.93
10222603,K05779.01,0,112.48226,177.56967,0.080125,195.7,1.37
7581535,K05400.01,0,218.56734012,246.0741577,0.09916666666666665,nan,nan
7592339,K05401.01,0,229.948531,339.4719,0.07554166666666666,154.2,1.09
7598326,K05402.01,0,403.5637828,424.8697825,0.15166666666666667,nan,nan
7599004,K05403.01,0,2.41172358,133.8617,0.10962916666666667,3364.7,50.53
7618231,K05404.01,0,92.9314146,147.8009148,0.09791666666666667,nan,nan
7619667,K05405.01,0,103.22293786,145.1458222,0.10958333333333332,nan,nan
8507073,K05527.01,0,209.06299275,300.828345,0.4182875,250913.0,72.26
8509781,K05529.01,0,70.335879746,198.9473258,0.19401041666666666,24418.4,29.56
8510197,K05530.01,0,591.37382,333.48076,0.18124999999999997,245.0,2.2
8516349,K05531.01,0,559.28332,228.2959,0.176875,1360.0,2.54
8542879,K05534.01,0,136.355967,157.0974,0.13208333333333333,165.1,1.42
9306677,K05655.01,0,532.9307,285.017,0.16208333333333333,181.4,4.68
9357578,K05658.01,0,171.69799,221.34517,0.121,878.0,39.78
9362842,K05659.01,0,444.89411,240.274,0.3307083333333333,363.0,4.7
9368524,K05661.01,0,229.86928,265.1432,0.5379166666666666,1659.0,9.57
10227881,K05780.01,0,5.14108479,134.9699,1.0804166666666666,611.2,25.74
10266852,K05781.01,0,179.27230765,149.1729837,0.09208333333333332,nan,nan
10292000,K05783.01,0,200.83849979,268.6842367,0.09875,nan,nan
10319341,K05784.01,0,40.1043796,158.8392,0.144625,187.3,1.5
10320341,K05786.01,0,30.114681501,158.5292451,0.23696374999999997,87057.3,56.45
7658229,K05409.01,0,36.1826854,144.69811,0.177275,9471.7,56.41
7674050,K05412.01,0,472.2265706,363.713605,0.20304999999999998,156143.0,48.18
7700561,K05414.01,0,1.507099289,132.09341,0.20150416666666665,1282.0,26.56
8546464,K05535.01,0,253.652263,230.25666,0.16041666666666665,26456.0,1169.79
8547366,K05537.01,0,128.66825288,142.6652144,0.11124999999999999,nan,nan
8547525,K05538.01,0,485.57785,327.5177,0.27791666666666665,853.0,2.18
8548403,K05540.01,0,643.4528,204.0423,0.38941666666666663,585.1,2.03
8552607,K05542.01,0,1.061934307,131.72622,0.13379166666666664,264.8,18.7
9390655,K05662.01,0,9.5497037,137.5008,0.078375,706.7,1.45
9394762,K05664.01,0,77.138911,166.5847,0.3012083333333333,603.3,3.39
9402670,K05667.01,0,0.536551592,132.02205,0.20375,153.2,12.88
9402859,K05668.01,0,68.54443156,161.4962975,0.08541666666666665,nan,nan
9407689,K05669.01,0,130.110715,165.4972,0.09279166666666666,251.9,1.32
10356840,K05788.01,0,242.484764,367.222,0.26879166666666665,361.7,1.58
10399137,K05791.01,0,385.593209,393.8276,0.11662499999999999,282.9,2.37
10416390,K05792.01,0,215.737826,330.88376,0.30237499999999995,8476.0,8.71
10419108,K05793.01,0,507.48249,251.1107,0.34124999999999994,232.1,1.22
7701809,K05415.01,0,30.2111162,160.3175,0.1750833333333333,92.6,4.44
7731281,K05416.01,1,76.377855,146.3485,0.200375,11004.0,6.28
7743464,K05417.01,0,55.249007325,164.9788729,0.2146445833333333,205671.0,60.79
7747197,K05419.01,0,22.52907,142.2496,0.05720833333333333,327.1,1.39
7750342,K05420.01,0,66.247851,162.2694,0.16833333333333333,666.0,16.67
7751133,K05421.01,0,370.91308,261.1884,0.735625,270.3,1.74
8560475,K05543.01,0,7.41505161,133.31055,0.08587499999999999,937.0,91.09
8561192,K05544.01,0,2.742590902,132.6997,0.4339291666666667,680398.0,176.4
8575061,K05548.01,0,216.453511,299.1452,0.138375,1137.0,2.91
8612291,K05549.01,0,37.0488669,142.0283185,0.10333333333333333,nan,nan
9412267,K05670.01,0,542.16158927,428.8111364,0.3654166666666666,nan,nan
9418508,K05672.01,0,11.0153889,140.6804,0.11108333333333333,3446.0,65.27
9449320,K05673.01,0,28.34230575,141.4055394,0.06874999999999999,nan,nan
9451521,K05674.01,0,231.521608,341.06653,0.11745833333333333,478.7,1.96
9455322,K05675.01,0,180.890384,162.9617,0.07920833333333333,205.3,2.47
9455526,K05676.01,0,60.0546149,181.8867,0.143125,326.1,5.24
10480952,K05797.01,0,2.037453129,131.5522356,0.22631458333333332,315914.0,136.3
10547378,K05802.01,0,35.164087,147.7597,3.5854166666666663,1528.9,62.03
10548411,K05803.01,0,107.11003503,148.1046554,0.08833333333333333,nan,nan
7762717,K05424.01,0,462.26052152,185.8488415,0.16874999999999998,nan,nan
7800285,K05427.01,0,0.533000886,131.735703,0.06445166666666666,4398.5,40.94
7804128,K05428.01,0,200.35091012,170.6693855,0.15749999999999997,nan,nan
7809049,K05429.01,0,114.32859485,153.6678346,0.11,nan,nan
7811057,K05430.01,0,99.97889,186.4888,0.365,117.9,1.84
8622875,K05551.01,0,374.71687,505.6954,2.20775,1126.2,5.56
8655076,K05555.01,0,42.070868,161.03377,0.05387499999999999,386.2,1.82
8671707,K05557.01,0,401.73243,393.61848,0.06395833333333333,366.4,2.88
8676061,K05558.01,0,428.1186,243.23,0.2733333333333333,443.8,2.18
9457533,K05678.01,0,37.3683802,135.1439,0.11666666666666665,206.6,10.58
9463329,K05679.01,0,615.81928,261.7343,0.6220833333333333,168.0,1.24
9474485,K05683.01,0,0.512581525,131.781117,0.10613291666666666,384482.0,42.41
10551346,K05804.01,0,1.42796645,132.604851,0.5360541666666666,6012.3,39.76
10556891,K05808.01,0,70.61977122,139.6638405,0.08708333333333332,nan,nan
10579570,K05809.01,0,216.10910854,150.9246541,0.16458333333333333,nan,nan
10591578,K05811.01,0,44.51439331,172.4645281,0.06458333333333333,nan,nan
7819520,K05432.01,0,230.80401566,231.8142184,0.14875,nan,nan
7837526,K05436.01,0,28.297207229,137.2347229,0.16426958333333333,23193.1,54.15
7884986,K05438.01,0,412.227551,380.0972,0.17929166666666665,819.5,21.53
8677186,K05559.01,0,586.63177,227.5013,0.304125,199.9,1.18
8678345,K05560.01,0,364.95068,183.717,0.0265,824.0,3.69
8682751,K05561.01,0,44.36123319,145.3581805,0.10375000000000001,nan,nan
8715564,K05562.01,0,438.00974,358.2924,0.47750000000000004,79.2,0.73
8718273,K05564.01,0,3.479508244,133.389072,0.16290416666666666,3000.4,444.46
8737343,K05565.01,0,406.29695,404.6352,0.22166666666666668,136.5,1.85
9489348,K05686.01,0,3.34465934,134.7267,0.4498333333333333,57.6,1.17
9517242,K05687.01,0,513.14417,359.6183,0.58875,223.8,1.3
9543302,K05691.01,0,13.0366377,138.22895,0.13266666666666665,154.6,2.23
10799291,K05828.01,0,270.98477,279.048,0.27991666666666665,13883.0,11761.1
10817600,K05832.01,0,2.74703312,131.79105,0.11062499999999999,152.2,61.97
7885558,K05439.01,0,0.864651455,131.69239,0.14420833333333333,67.7,0.69
7900450,K05441.01,0,25.4805211,145.4404,0.445875,159.0,1.25
7900695,K05442.01,0,512.11636,403.34,0.39820833333333333,315.4,1.47
7900727,K05443.01,0,348.61891,227.3466,0.148625,689.0,2.4
7902719,K05444.01,0,368.70839,232.613,0.2533333333333333,957.0,2.87
7916058,K05445.01,0,7.1091096,133.4379,0.44458333333333333,156.7,1.08
8742270,K05567.01,0,397.3958488,374.57082,0.254225,29825.0,64.56
8745553,K05568.01,1,62.134919,154.0853,0.3629583333333333,147.5,6.71
8747222,K05569.01,0,1.667482003,133.17729,0.06637916666666666,545.5,15.15
8766285,K05571.01,0,5.29730786,135.55681,0.16749999999999998,190.8,1.49
8812360,K05573.01,0,77.395279,165.805,0.21916666666666665,437.0,6.16
9579072,K05693.01,0,612.882452,274.9048,0.08433333333333333,631.0,2.42
9591728,K05695.01,0,11.03571773,137.28413,0.2345658333333333,144955.0,70.42
9594184,K05696.01,0,42.093314,141.1113,0.19370833333333332,886.0,2.19
9594992,K05697.01,0,274.10859251,182.1603339,0.2745833333333333,nan,nan
9598315,K05699.01,0,339.18109,415.078,0.22249999999999998,157.9,1.7
9602595,K05700.01,0,3.55650976,133.5221921,0.5306833333333333,687454.0,283.93
10616317,K05813.01,0,38.27772448,157.8294108,0.07208333333333333,nan,nan
10616656,K05814.01,0,25.285232337,135.9662009,0.19846375,63021.6,69.68
10661679,K05818.01,0,1.23138339,131.7865,0.16429166666666667,72.7,0.82
7935997,K05447.01,0,322.55663046,321.7790604,0.15583333333333332,nan,nan
7938499,K05448.01,0,7.2269859,136.1514,0.593375,160.3,0.79
7941635,K05449.01,0,0.762724045,131.650802,0.08284083333333334,9782.2,41.02
7948619,K05450.01,0,206.76425774,325.9501578,0.10708333333333332,nan,nan
7967210,K05452.01,0,362.49906,404.3391,0.5070833333333333,522.5,2.51
7970194,K05453.01,0,190.65896,164.9278,1.478,552.8,2.54
7978202,K05454.01,1,509.997402,276.73122,0.353375,1267.0,2.62
8823893,K05575.01,0,1.50650036,132.9895,0.11508333333333333,45.4,0.81
8836224,K05576.01,0,194.48732212,155.0535312,0.15,nan,nan
8891684,K05581.01,1,374.878133,491.064,0.4398333333333333,914.6,4.27
8904714,K05582.01,0,5.2362026,133.7395,0.13116666666666665,2019.5,75.83
9645188,K05701.01,0,48.55059299,148.6714009,0.07458333333333333,nan,nan
9662475,K05703.01,0,247.372131,277.35008,0.13629166666666664,513.4,2.47
9705620,K05705.01,0,95.254421,181.4574,0.14079166666666665,465.4,2.2
9715631,K05706.01,1,425.483539,149.0438,0.744,996.6,3.2
9724993,K05708.01,0,7.863361238,131.685485,0.14282124999999998,18156.7,22.7
10677763,K05820.01,0,120.16983803,222.0869054,0.13291666666666666,nan,nan
10724569,K05823.01,0,0.745086745,131.82655,0.17875,270.0,1.29
10734441,K05824.01,0,247.47724314,195.2104849,0.31666666666666665,nan,nan
10777591,K05827.01,1,6.10968225,133.80253,0.23895833333333333,60.3,0.79
7982917,K05456.01,0,11.8045536,141.8433,0.133125,128.9,0.94
8016211,K05460.01,0,3.1748772,133.7621,0.295375,1741.0,8.8
8025718,K05462.01,0,371.18648,260.7045,0.8303749999999999,317.9,2.06
8935352,K05584.01,0,10.90962154,135.36692,0.7417666666666666,499921.0,149.1
8939211,K05586.01,0,27.0779813,135.6789,5.772499999999999,347.5,2.03
8939650,K05587.01,0,1.827660875,132.821298,0.16608333333333333,46676.8,42.1
8949512,K05589.01,0,376.554588,247.6177,0.13258333333333333,481.0,2.0
8955741,K05590.01,0,538.4263,154.9034,0.5312916666666666,242.0,3.2
9758615,K05709.01,0,94.20561159,169.2951411,0.2758333333333333,nan,nan
9771920,K05710.01,0,378.70643955,470.6725521,0.6108333333333333,nan,nan
9775475,K05711.01,0,78.4286313,169.312404,0.1557,83303.0,85.77
9780149,K05713.01,0,2.53021,132.0918,0.9079166666666666,367.9,41.44
9786017,K05714.01,0,2.249000963,132.651415,0.4000916666666666,58776.2,59.61
9837659,K05716.01,0,121.62387378,207.4934505,0.11374999999999999,nan,nan
10879247,K05838.01,0,432.074696,481.2681,0.19845833333333332,1088.0,2.39
10905641,K05840.01,0,460.77905,533.8441,0.6475416666666667,239.3,4.24
10920086,K05841.01,0,3.21318517,132.044475,0.6445833333333333,2046.1,8.24
10958972,K05843.01,0,331.78248134,431.8146374,0.20583333333333334,nan,nan
8029848,K05463.01,0,1.20608769,132.0861,0.0928,1660.6,44.46
8035322,K05464.01,0,613.82905,263.471,0.7575,148.2,2.85
8036863,K05465.01,0,476.80454,158.1644,0.44375,143.6,1.12
8037038,K05466.01,1,4.09513876,131.67784,0.10258333333333333,181.7,1.75
8043968,K05469.01,0,0.779615874,131.68006,0.16383333333333333,81.5,0.83
8975776,K05593.01,0,224.469892,230.1638,0.123,458.6,2.35
8979500,K05594.01,0,113.556471,186.2321,0.09929166666666667,278.7,6.76
9003126,K05595.01,0,208.02789,324.5074,0.4508333333333333,255.0,1.04
9008125,K05596.01,0,308.024953,159.18628,0.11104166666666666,352.6,3.55
9838414,K05717.01,0,1.33261458,132.0098,0.21504166666666663,1335.3,3.65
9845362,K05720.01,0,105.895315,231.4441,0.10754166666666666,1227.0,2.69
9845931,K05721.01,0,61.224558,181.701,0.17095833333333332,544.2,2.76
9847239,K05722.01,0,28.507877538,132.793009,0.1305545833333333,24372.3,27.79
9848760,K05723.01,0,444.46522,389.693,0.03195833333333333,4084.0,30.17
9850843,K05724.01,0,8.48039,135.853,0.25558333333333333,133.7,1.23
7019580,K05345.01,0,72.0153825,168.8166,0.10616666666666666,177.7,6.94
7022603,K05346.01,0,21.12752693,142.67722,0.093875,51.8,20.93
7024045,K05347.01,0,23.9341825,145.76028,0.06695833333333333,228.1,1.03
7035812,K05348.01,0,87.775799,183.4282,0.07758333333333334,450.0,2.44
7038988,K05349.01,0,65.67350728,189.2618327,0.11374999999999999,nan,nan
7041972,K05350.01,0,222.06409878,339.0218658,0.12041666666666667,nan,nan
7047299,K05351.01,0,35.882272887,165.5325652,0.16458499999999998,101231.0,35.21
8075618,K05471.01,0,8.780603773,137.923785,0.13207875,90027.8,52.34
8105398,K05475.01,1,224.150923,341.02756,0.5189583333333333,348.6,2.41
8106139,K05477.01,0,551.49832,387.3411,1.705,1874.4,4.89
8108437,K05478.01,0,351.2878737,207.294303,0.46694166666666664,134634.0,38.47
9016592,K05599.01,0,46.50446209,142.7268259,0.05708333333333333,nan,nan
9024568,K05601.01,0,124.091252,135.5509,0.0905,281.4,1.3
9875101,K05726.01,0,212.771978,328.1461,0.08812500000000001,1239.0,2.84
9896438,K05728.01,0,18.0766788,146.25271,0.1275,28831.0,19.47
9899514,K05729.01,0,1.33255577,132.0672,0.17841666666666667,126.5,0.97
9899607,K05730.01,0,1.33259275,132.01197,0.16725,79.1,0.97
9908486,K05731.01,0,36.6092739,138.77398,0.07645833333333332,1102.0,52.42
7107567,K05353.01,0,0.812592362,131.55642,0.06519166666666666,6945.8,25.84
7109680,K05354.01,0,81.871309,169.94965,0.06691666666666667,98.2,1.12
7115671,K05355.01,0,0.566805859,131.80997,0.15979166666666667,61.1,1.25
7123580,K05356.01,0,326.36595188,253.1342058,0.15625,nan,nan
7123614,K05357.01,0,520.58269,221.425,0.09433333333333332,348.0,1.94
8155368,K05481.01,0,0.718643659,131.889141,0.10468583333333333,124930.0,50.85
8179747,K05483.01,0,17.946328114,136.9472719,0.33996041666666665,102994.0,66.65
8192427,K05484.01,0,204.818268,209.59041,0.08041666666666666,303.6,5.18
9049550,K05606.01,0,23.81490574,135.92167,0.08311666666666666,79201.0,63.1
9049697,K05607.01,0,1.3274511,131.59052,0.14437499999999998,123.6,0.66
9087071,K05611.01,0,209.238576,321.1236,0.09354166666666666,154.7,1.43
9911112,K05733.01,0,1.166835206,131.912321,0.090665,15527.2,96.28
9933600,K05734.01,0,230.70578883,260.3639847,0.11208333333333333,nan,nan
9934274,K05735.01,0,4.99471597,136.1833,0.1433333333333333,53.0,2.2
9941387,K05738.01,0,27.659607786,141.2478883,0.17346708333333333,318404.0,50.7
9941550,K05739.01,0,476.727302,496.4298,0.388625,1035.7,23.42
7138841,K05361.01,0,22.0495604,133.82677,0.1428333333333333,134.5,1.9
7174911,K05362.01,0,150.70039392,278.5397643,0.1175,nan,nan
7176424,K05363.01,0,44.48477463,142.9633835,0.06958333333333333,nan,nan
7184556,K05364.01,0,93.6452481,157.28348,0.08833333333333333,nan,nan
7189825,K05366.01,0,574.69029,392.483,0.177875,276.8,1.26
8223655,K05488.01,0,280.1604956,286.93817,0.11932083333333333,12946.0,19.25
8229361,K05489.01,0,370.46262,261.4078,0.3975416666666667,347.9,2.03
8234889,K05490.01,0,116.301793,168.3304,0.093875,649.0,2.18
8241258,K05491.01,0,480.19416,257.1738,0.4483333333333333,372.3,1.79
8241736,K05492.01,0,368.49828,233.4248,0.6209583333333333,581.9,1.86
8242350,K05493.01,0,6.993576155,131.988507,0.8862291666666666,2924.0,101.15
8244947,K05494.01,0,223.52131732,185.1827031,0.13624999999999998,nan,nan
9101279,K05614.01,0,1.811461128,132.9324534,0.35097625,921671.0,373.77
9108058,K05615.01,0,2.17491508,131.93954,0.3517416666666667,635412.0,193.73
9116075,K05617.01,0,24.5002702,154.6193,0.16995833333333332,153.5,0.73
9117123,K05619.01,0,2.16402661,133.5762679,0.11583333333333332,nan,nan
9118858,K05620.01,0,392.89275632,436.2879702,0.20541666666666664,nan,nan
9137257,K05621.01,0,114.734287,231.5017,0.15516666666666667,242.9,1.1
9954225,K05742.01,0,1.340649911,132.05521,0.2121333333333333,627633.0,127.25
9957659,K05743.01,0,30.69537638,155.71927,0.235975,19941.0,19.39
9957668,K05744.01,0,30.69533113,155.7207691,0.24785625,88771.2,69.4
9967398,K05746.01,0,49.873958,167.55502,0.05629166666666666,562.0,1.5
7192680,K05368.01,0,114.25041494,235.8523992,0.08791666666666666,nan,nan
7203858,K05370.01,0,407.97623,378.6999,0.6120833333333333,237.5,4.63
7207081,K05374.01,0,239.25578975,133.1367334,0.21708333333333332,nan,nan
8255058,K05495.01,0,6.279888981,135.296067,0.229525,1514.6,196.78
8265239,K05496.01,0,37.47695717,150.6694873,0.06083333333333333,nan,nan
8288404,K05498.01,0,519.80221867,462.625278,0.6236583333333333,77183.1,40.88
8300828,K05501.01,0,48.9200563,163.9628,0.09562499999999999,333.9,1.71
9141355,K05622.01,1,469.61309,422.5089,0.5712083333333333,1234.7,3.24
9142225,K05623.01,0,583.73632,174.6085,0.65625,338.6,2.65
9142334,K05624.01,0,502.658,174.6294,0.8129166666666667,216.0,0.69
9153246,K05627.01,0,243.954706,221.2717,0.10674999999999998,291.7,1.35
10002266,K05750.01,0,12.71368909,136.9328,0.078125,192.2,1.09
10004515,K05751.01,0,25.26363805,139.3088062,0.11333333333333334,nan,nan
10004772,K05752.01,0,1.391716834,132.09937,0.059208333333333335,41.0,36.19
10006096,K05753.01,0,70.516233809,142.8575773,0.17053999999999997,330180.0,52.74
10007492,K05754.01,0,2.645596805,133.705953,0.12122916666666667,1272.7,167.05
10018364,K05756.01,0,105.6327297,229.1273427,0.11374999999999999,nan,nan
7255910,K05376.01,0,274.553579,158.0863,0.24791666666666667,218.3,1.66
7256460,K05377.01,0,251.02304011,194.2011858,0.12958333333333333,nan,nan
7258902,K05378.01,0,1.80774253,132.9483,0.109875,592.6,5.29
7345136,K05381.01,0,28.7369766,153.842,0.06608333333333333,525.0,1.95
7352727,K05382.01,0,2.45649061,133.21452,0.1185,287.8,14.14
7375100,K05383.01,0,98.51783198,173.7083904,0.06874999999999999,nan,nan
8308639,K05503.01,0,457.513348,138.6556,0.24012499999999998,562.5,25.18
8313697,K05504.01,0,224.02589924,335.8214821,0.12208333333333334,nan,nan
8351919,K05505.01,0,323.77153,191.0744,0.7320833333333333,353.7,1.44
8352016,K05507.01,0,40.0389613,156.35794,0.07129166666666667,109.4,0.95
8364969,K05508.01,0,22.571972634,145.0344991,0.16681208333333333,79325.7,46.14
8380743,K05510.01,0,1.018861199,132.07252,0.2708541666666666,291214.0,93.47
9159461,K05630.01,0,80.519237,164.0077,0.16849999999999998,92.5,1.08
9164003,K05631.01,0,149.356804,278.1387,0.6422916666666666,171.6,2.92
9178502,K05634.01,0,50.47759052,141.7787075,0.08416666666666667,nan,nan
9180282,K05636.01,0,2.79123954,131.94858,0.11845833333333333,154.8,2.22
9181402,K05637.01,0,223.31769215,233.6828323,0.1475,nan,nan
10023469,K05757.01,0,44.637111,157.2998,0.2445,282.5,1.28
10074700,K05760.01,0,365.620697,238.984,1.3442916666666664,27188.0,12.75
10096697,K05763.01,0,191.272501,293.2441,0.12766666666666665,286.5,1.59
7386200,K05386.01,0,575.42002,369.5923,0.7174999999999999,401.7,1.91
7456380,K05391.01,0,368.72715,434.378,0.21083333333333332,426.6,1.55
8414914,K05513.01,0,100.303613,176.75827,0.44075,488038.0,78.77
8432034,K05516.01,0,0.83620025,131.91663,0.1546958333333333,331275.0,65.64
9216231,K05641.01,0,616.34132,154.168,0.5301666666666667,1287.0,2.11
10130646,K05765.01,0,390.40832,265.436,0.3298333333333333,251.9,0.63
10132552,K05766.01,0,191.528018,260.9129,0.09758333333333333,171.8,1.32
10132908,K05767.01,0,386.59946,221.2945,0.13770833333333332,380.7,1.89
10141271,K05768.01,0,15.4032765,137.9906,0.13524999999999998,253.0,1.32
10158715,K05770.01,0,61.0011095,144.84614,0.04370833333333333,408.0,2.55
10161534,K05771.01,0,198.232389,294.73515,0.07995833333333333,416.4,2.28
7458433,K05392.01,0,0.66062715,131.8646,0.18999999999999997,248.5,26.13
7468295,K05394.01,0,456.5734,228.3838,0.22770833333333332,397.5,7.88
7516073,K05395.01,0,601.13797,226.686,0.6358333333333333,172.8,1.81
7538450,K05396.01,0,344.06248,451.4323,0.6499999999999999,136.3,5.26
7539174,K05397.01,0,39.94344731,170.5021796,0.07125,nan,nan
7550875,K05399.01,0,466.90824,136.3731,0.11,660.0,2.19
8442463,K05519.01,0,361.30991,469.7513,0.5403333333333333,275.6,7.07
8474892,K05520.01,0,199.4424134,240.8521,0.3022208333333333,32171.9,56.11
8480642,K05521.01,0,31.59115876,162.501885,0.11012916666666667,1434.4,72.91
8482513,K05522.01,0,356.99135,235.7367,0.7095833333333333,747.8,2.47
8487777,K05523.01,0,96.120478,166.9531,0.046875,285.4,2.08
8495232,K05524.01,0,9.63647672,134.93429,0.12495833333333334,47.6,2.02
8499922,K05525.01,0,45.680876,142.3574,0.09554166666666666,350.3,14.5
8505674,K05526.01,0,43.169798,159.086,0.4035833333333333,120.8,1.47
11465869,K05904.01,0,322.544807,267.9262,0.4681666666666667,88.0,0.68
11506938,K05906.01,0,22.57494749,149.09617,1.5314999999999999,1344.1,49.49
11513441,K05908.01,0,85.5692223,188.06607,0.20641666666666664,539.2,6.85
11599800,K05914.01,0,422.255426,160.6562,0.20725,1935.0,5.09
11603298,K05920.01,0,471.39698,247.0802,0.4464166666666667,329.9,1.87
11654039,K05927.01,0,436.42852,452.2705,0.575,163.9,1.26
11924426,K05944.01,0,64.713168094,171.3677102,0.23744541666666666,312970.0,62.03
11968514,K05947.01,0,1.036592136,132.089545,0.09566666666666665,2118.2,293.01
12156805,K05957.01,0,371.54879,183.5693,0.41004166666666664,125.6,1.13
12165063,K05958.01,0,226.499243,131.6622,0.05533333333333333,127.4,0.89
12257851,K05962.01,0,2.61594288,132.415,0.26875,72.1,0.92
12265150,K05963.01,0,1.686009643,133.060575,0.04924166666666666,390.4,1.81
10964747,K05844.01,0,344.961485,208.2266,0.12595833333333334,427.9,1.61
12405436,K05969.01,0,163.820347,232.6163,0.05545833333333333,1196.0,2.59
12417572,K05970.01,0,151.577009,194.7958,0.10791666666666666,467.9,3.67
11037818,K05856.01,1,259.34304,165.6794,0.6683333333333332,349.7,6.04
11046870,K05858.01,0,8.34410791,136.54528,0.06691666666666667,255.2,1.75
12645262,K05975.01,0,545.45623972,131.6984103,0.24625,nan,nan
12645761,K05976.01,0,2.709570339,134.084891,0.23230291666666664,13170.8,223.75
12736658,K05980.01,0,0.855294909,131.6579596,0.12046333333333333,6771.6,49.03
12835139,K05981.01,0,350.609298,163.1091,0.06754166666666667,369.5,3.88
11073238,K05861.01,0,452.40428,189.0844,0.7166666666666666,216.7,1.58
11076176,K05862.01,0,0.699985822,131.840533,0.12609708333333333,389433.0,46.27
11090561,K05865.01,0,35.8726918,131.5668,0.18341666666666667,916.3,62.51
11176166,K05875.01,1,9.8788502,134.3829,0.12295833333333334,454.7,2.64
11199233,K05880.01,0,386.22400908,506.1610851,0.20541666666666664,nan,nan
11338918,K05884.01,0,588.63759,246.525,0.15999999999999998,322.1,1.52
11341314,K05887.01,0,9.8338474,132.5363,0.6077083333333333,57.6,0.98
11401845,K05894.01,0,1.080695116,131.86822,0.31037499999999996,312773.0,155.22
8517303,K06181.01,0,24.0733775,141.13539,0.8171666666666666,1325.7,27.78
10055126,K01608.03,1,232.040326,262.2531,0.5097916666666666,290.8,2.05
9285265,K03410.02,1,61.569765,182.0201,0.40625,298.3,2.44
6525209,K03479.02,0,1.71029474,131.61307,0.12275,158.9,1.04
6368175,K03503.02,1,31.8245304,144.5289,0.17375,79.0,0.8
2309587,K05982.01,0,1.838514245,132.101259,0.1358375,118965.0,57.6
2445134,K05983.01,0,8.412008943,139.6485198,0.22545666666666667,136113.0,50.83
3241344,K05984.01,0,3.912679136,133.4288498,0.14816666666666667,291510.0,1794.2
3347485,K05985.01,0,7.544804312,137.11963,0.34449166666666664,6501.7,63.99
2161623,K06094.01,0,2.283466438,132.34883,0.3249958333333333,864260.0,218.79
2707097,K06095.01,0,0.692807507,131.88094,0.062184166666666665,25338.3,46.44
2719873,K06096.01,0,17.279290765,135.2741342,0.21149625,164308.0,27.66
8590780,K06183.01,0,4.326946311,132.1921929,0.23162708333333332,409031.0,106.99
8613338,K06184.01,0,527.29093,209.218,0.5960416666666666,200.8,1.3
8646141,K06185.01,0,168.858303,237.5792,0.5401666666666667,119.1,2.41
8653134,K06186.01,1,5.34264143,134.38122,0.10220833333333332,691.3,1.72
8702921,K06187.01,0,19.38444245,137.214882,0.8579125,3372.0,28.3
8957954,K06189.01,0,2.179924994,132.1293516,0.20315875,253149.0,60.99
8984706,K06190.01,0,10.135401047,132.3238999,0.23679583333333332,256062.0,89.16
4247807,K03748.02,0,2.02487934,131.9026,0.06754166666666667,145.8,1.0
8030339,K03954.02,1,5.71668787,136.32274,0.08208333333333333,431.7,1.92
8037145,K00520.04,1,51.1658019,172.30921,0.19320833333333332,259.2,1.51
5471059,K03956.02,0,12.4249559,141.5823,0.6805,110.4,0.88
5471675,K04000.02,0,12.427135,141.4159,0.53375,32.5,1.05
3530668,K05986.01,0,1.946198513,132.314091,0.16806666666666664,130722.0,52.58
3831911,K05988.01,0,30.4838006,149.8133,0.10833333333333334,18441.0,23.87
3852258,K05989.01,0,5.7584367,135.11279,0.10779166666666667,736.6,66.22
3858919,K05990.01,0,25.9522913,154.8689,0.457375,557.8,2.03
3869326,K05991.01,0,8.58599537,136.21367,0.100325,818.0,39.03
3971315,K05992.01,0,9.892240848,136.693856,0.17405833333333331,5283.2,40.38
2997455,K06098.01,0,1.129848432,131.789871,0.08649083333333332,4658.5,120.13
3003991,K06099.01,0,7.244778994,131.8598491,0.1411375,99147.1,25.68
3003991,K06099.02,0,110.1552727,211.5620379,0.08499999999999999,nan,nan
3229028,K06100.01,0,0.730964241,132.19448,0.10345833333333333,44.0,0.99
3230787,K06101.01,0,17.734020239,143.9226707,0.3031645833333333,186680.0,93.52
9101400,K06192.01,0,0.829019343,131.46667,0.2016708333333333,278264.0,90.08
9119652,K06193.01,0,1.1080999,131.7222,0.13975833333333332,380934.0,124.19
9145861,K06194.02,0,215.778765,180.324,0.15570833333333334,377.6,14.71
7100673,K04032.03,1,5.99273265,131.75079,0.110425,69.8,0.91
7100673,K04032.04,1,5.10110666,132.42955,0.11070833333333333,65.1,0.85
4150496,K04046.02,0,94.22498,196.1757,0.9352083333333333,346.3,1.84
6129694,K04131.02,0,241.0122,263.077,0.049583333333333326,216.1,4.41
9899315,K04181.02,0,164.689421,287.2483,0.07695833333333332,521.0,2.24
4037428,K05993.01,0,4.264729569,135.198495,0.09197916666666667,22672.0,29.95
4049124,K05994.01,0,4.804469712,136.0047256,0.14664416666666666,132624.0,30.97
4275328,K05995.01,0,6.150529292,132.522141,0.18567499999999998,2417.1,49.79
4753561,K05996.01,0,4.944927575,131.61124,0.14436666666666664,1028.7,19.43
4912991,K05997.01,0,4.442517008,133.608114,0.10163416666666666,25341.5,26.08
5036966,K05998.01,0,62.7356439,152.22026,0.4496875,243702.0,90.12
5254230,K05999.01,0,7.035518449,137.950087,0.147025,2139.0,24.91
3634051,K06103.01,1,453.54212,360.0617,0.7094166666666666,861.0,9.23
7967517,K07860.01,0,0.579516759,132.00256,0.05591666666666667,27.0,0.6
3761319,K06104.01,0,16.2480865,143.96708,0.34299999999999997,438.7,2.38
3761319,K06104.02,0,466.9407,244.7508,1.2733333333333332,979.2,2.9
3762553,K06105.01,0,289.788624,370.8039,0.11904166666666667,473.9,5.51
3965879,K06106.01,0,55.00402906,134.2268671,0.25249999999999995,nan,nan
4035675,K06107.01,0,2.873657901,132.5847,0.087725,43895.0,110.29
9282687,K06196.01,0,1.680425996,132.33173,0.2272833333333333,277249.0,102.31
9289960,K06197.01,0,0.53345831,132.001459,0.055,nan,nan
9291629,K06198.01,0,20.686460198,133.8900931,1.5726,136154.0,184.22
9304842,K06199.01,0,131.68018,229.6497,0.61375,2067.0,5.96
9304923,K06200.01,0,200.762693,308.7451,0.09229166666666666,1920.0,15056.9
9343862,K06201.01,0,1.123258617,132.02671,0.17806458333333333,377575.0,150.94
5385410,K04323.02,0,12.4250319,141.4868672,0.06019166666666667,29.5,0.89
3645438,K04385.02,1,386.370512,452.874,0.45862499999999995,1336.4,2.96
5385139,K06000.01,0,12.4297161,141.2846,0.62825,192.7,1.26
5385150,K06001.01,0,12.4288476,141.2012,0.6845833333333333,165.4,1.12
5385269,K06002.01,0,12.4258252,141.5229,0.9100416666666666,130.2,1.27
8210370,K07872.01,0,153.725848,284.07258,4.8966666666666665,5257.7,259.36
5385509,K06003.01,0,12.4257907,141.5345,0.8274583333333334,340.1,1.27
5385566,K06004.01,0,12.4253356,141.58,1.1454166666666665,374.4,2.02
5385773,K06005.01,0,12.4254201,141.5458,0.7733333333333332,144.5,0.84
5386163,K06006.01,0,12.424995,141.5904,0.8450833333333333,51.5,2.06
5470960,K06007.01,0,12.4227918,141.7972,1.1370833333333332,202.6,1.44
4144236,K06109.01,0,22.913446297,140.6466918,0.17154125,251835.0,81.61
4144236,K06109.02,0,10.0046881,136.47719,0.09954166666666665,50.6,1.9
4150701,K06110.01,0,8.65315602,136.64735,0.10945833333333332,417.5,1.37
4285087,K06112.01,0,2.243015737,133.450825,0.17986458333333333,277946.0,92.34
4346875,K06113.01,0,4.694218481,133.780334,0.1889020833333333,175471.0,35.81
9394605,K06203.01,0,0.87683182,132.06142,0.08166666666666667,nan,nan
9471755,K06204.01,0,0.953734449,132.413233,0.07339999999999999,1240.4,47.65
9479460,K06205.01,0,2.073873563,132.59754,0.2733541666666667,603811.0,274.78
9549472,K06206.01,0,15.713787218,132.0981464,0.47134166666666666,60384.4,27.64
9576197,K06207.01,0,7.964440392,136.194674,0.38208749999999997,68454.0,18.98
8110758,K07866.01,0,0.518071538,131.92715,0.07443749999999999,2195.5,42.1
9579860,K06208.01,0,2.151214629,131.74391,0.09275,332.6,14.54
5796186,K00651.02,0,320.18471858,423.2096375,0.49749999999999994,nan,nan
5471068,K06008.01,0,12.426469,141.4649,1.07125,180.5,1.66
5471192,K06009.01,0,12.4262889,141.4617,0.7818333333333333,94.2,1.23
5471217,K06010.01,0,12.424747,141.6151,1.0516666666666665,139.0,1.35
5471769,K06011.01,0,12.4255705,141.5298,1.2033333333333331,139.4,1.37
5471770,K06012.01,0,12.426173,141.5013,1.2766666666666666,115.1,2.67
5556804,K06013.01,0,12.4244306,141.647,1.0895833333333331,214.1,1.59
5597970,K06014.01,0,6.71738328,137.2100078,0.15002374999999998,164979.0,37.65
4459068,K06114.01,0,24.955998503,149.094437,0.11513791666666667,4856.1,36.91
4547480,K06116.01,0,4.426942241,133.564383,0.06714999999999999,2896.6,5.43
4740676,K06119.01,0,3.454241684,131.711253,0.19562708333333334,88194.9,75.11
9767392,K06211.01,0,1.457256942,131.60891,0.27140875,364905.0,98.16
9774400,K06212.01,0,10.818248422,137.17026,0.7618666666666667,13695.9,11.71
9839081,K06213.01,0,2.559236603,132.263863,0.06960833333333333,11273.0,37.66
9974142,K06214.01,0,281.35877,390.582,0.3225,278.5,4.22
10163066,K06215.01,0,462.12345,408.2031,0.35250000000000004,699.0,1.9
8780959,K03741.03,1,5.1117547,133.76122,0.13670833333333332,267.8,2.81
8780959,K03741.04,1,9.6310258,132.7273,0.2189583333333333,297.2,2.9
7429287,K04260.02,0,101.889228,213.9353,0.11291666666666667,80.9,1.43
6592335,K04777.02,0,48.5023669,168.2091,0.043875,740.0,906.03
5951416,K04781.02,0,524.14139,344.9169,0.4834583333333333,403.7,1.88
5643492,K06015.01,0,41.86539723,161.17679,0.277625,4309.3,31.14
5795648,K06016.01,0,4.553370029,135.433898,0.13420416666666665,23692.1,25.84
5961350,K06017.01,0,5.262652179,135.6269856,0.11898083333333333,22650.6,35.99
10340423,K00736.03,0,345.98207283,392.1763832,0.12375,nan,nan
5979863,K06018.01,0,16.621853404,133.5526451,0.16313208333333332,55296.7,22.32
6117415,K06019.01,0,19.741616041,136.446922,0.12801291666666664,88821.5,82.98
6128027,K06020.01,0,5.455766383,136.907217,0.1205125,104538.0,28.2
6146418,K06021.01,0,22.44620704,149.1595,0.3145458333333333,1626.8,58.2
4826439,K06121.01,0,1.237147407,132.6581514,0.29442625,435364.0,106.18
4933476,K06122.01,0,1.28619671,131.87462,0.04641666666666667,137.2,1.27
4990977,K06123.01,0,2.649026189,133.379281,0.10290833333333334,52172.0,32.7
5034333,K06124.01,0,6.932281325,134.876198,0.4595874999999999,6405.9,90.57
5039441,K06125.01,0,2.151384476,133.1088143,0.13936291666666667,263861.0,66.2
8231299,K07874.01,0,0.562273947,131.52433,0.13155,67.0,0.73
5121173,K06126.01,0,17.4352218,143.2261,2.1527499999999997,603.3,67.91
10219361,K06218.01,0,117.634213,176.0874,0.15916666666666665,253.1,3.78
10228942,K06219.01,0,21.025447023,148.2226428,0.27175666666666665,115743.0,135.84
10341878,K06220.01,0,0.933753371,131.50945,0.18491666666666665,47.3,1.44
10357831,K06221.01,0,1.72153588,131.7292,0.0801125,39929.0,12.89
6150977,K06022.01,0,2.765621941,133.680095,0.09662916666666667,8342.2,34.42
6182019,K06023.01,0,3.664964374,134.152879,0.16274166666666667,90827.0,30.98
6191945,K06024.01,0,6.8072842,135.5474,0.08115416666666667,14578.0,31.15
6209347,K06025.01,0,2.136577151,133.026579,0.10284166666666666,79078.0,43.89
6268722,K06026.01,0,2.638432816,133.003946,0.10124541666666666,48488.0,49.77
6301030,K06027.01,0,11.991000357,139.598337,0.26936666666666664,375940.0,78.78
10480982,K00744.02,0,2.03746414,131.54567,0.120625,138.8,1.12
6606934,K06028.01,0,37.80694072,153.8409531,0.16010999999999997,106334.0,72.01
5385548,K06128.01,0,12.42555055,141.5457,1.1871666666666667,409.0,3.79
5385778,K06129.01,0,12.42592247,141.54848,1.3125,8707.6,79.21
5471617,K06131.01,0,12.4237327,133.9642,0.7562499999999999,30.1,1.12
5471617,K06131.02,0,94.38163,171.3362,0.49458333333333326,91.2,2.04
5629353,K06132.02,1,7.5844241,137.847,0.16325,1005.0,5.83
10363233,K06222.01,0,210.899577,230.1954,0.09029166666666666,3345.0,4.85
10385682,K06223.01,0,3.103730697,132.8744585,0.2889175,369228.0,75.28
10414727,K06224.02,0,253.40538,273.6514,0.3095833333333333,240.8,2.69
10483644,K06225.01,0,5.110771787,133.315344,0.10349666666666665,50681.0,26.98
10601549,K06226.01,0,1.463773705,132.807589,0.07967916666666666,64776.0,21.79
10614158,K06227.01,0,4.46255312,133.64977,0.5873208333333333,22720.0,52.74
8505215,K00099.02,0,79.87804945,184.7704412,0.13291666666666666,nan,nan
6614926,K06029.01,0,3.026764871,133.3279059,0.18022166666666664,66719.9,26.36
6628237,K06030.01,0,3.840130917,135.139765,0.12062916666666665,60401.0,33.44
6694186,K06031.01,0,5.554227226,135.16203,0.1989308333333333,142313.0,31.71
6934587,K06032.01,0,1.570919281,132.47362,0.13429999999999997,65124.0,59.12
7219906,K06033.01,0,35.08976902,153.396702,0.16509583333333333,5754.6,33.1
7257373,K06034.01,0,5.233450136,133.1261573,0.35723916666666666,430422.0,70.33
7295570,K06035.01,0,3.6037011,131.6711,0.12475,16112.0,66.94
7362852,K06036.01,0,3.518356021,131.8005089,0.28765624999999995,316750.0,64.49
5641294,K06133.01,0,2.6160943,132.5162,0.8891666666666667,29.3,0.81
5738698,K06134.01,0,2.404386969,133.2105484,0.3084783333333333,313168.0,79.72
5768927,K06135.01,0,4.390513938,132.550761,0.12279999999999999,46829.0,41.83
5814635,K06136.01,0,3.86963822,131.6242,0.09541666666666666,nan,nan
5816144,K06137.02,0,7.384681,132.1721,0.14783333333333332,142.8,1.22
10717220,K06228.01,1,21.0907909,133.96316,0.19795833333333335,417.6,1.88
10728219,K06229.01,0,3.371796653,134.876289,0.14342083333333333,366901.0,306.28
10735988,K06230.01,0,1.927177921,132.571474,0.11559166666666666,136135.0,28.94
8112324,K07867.01,0,0.575925434,131.92458,0.10281666666666667,137404.0,38.24
10971944,K06231.01,0,496.17566,174.0663,0.48458333333333337,293.0,3.46
10973583,K06232.01,0,6.256352128,133.543181,0.09796666666666666,3289.3,30.76
10989274,K06233.01,1,16.17803,132.326,0.21583333333333332,449.0,2.25
11099351,K06234.01,0,2.37795507,132.557333,0.10137083333333333,4391.1,92.61
11147460,K06235.01,0,2.053866175,132.944062,0.2001875,5021.3,158.25
10662202,K00750.04,0,36.5521313,165.0716,0.103375,282.9,0.9
11607193,K00983.02,0,5.177577252,132.9009561,0.1032375,1325.4,73.82
10743597,K00989.04,0,4.08029328,131.7047,0.11809583333333332,1128.4,2.92
4247991,K02311.03,1,104.3519624,190.10261,0.1539583333333333,243.8,1.39
8042747,K07861.01,0,469.52303,381.4073,0.228625,355.7,2.1
9008737,K02768.03,0,11.83271013,137.5928634,0.2563333333333333,176.3,1.17
7373877,K06037.01,0,32.669962587,159.4801924,0.14920833333333333,365.4,1.37
7436177,K06038.01,0,19.93364711,143.94041,0.3588416666666666,174830.0,75.88
7537945,K06039.01,0,1.071911311,131.607529,0.16066249999999999,9817.8,40.32
7624297,K06040.01,0,18.019651402,148.6673673,0.211905,176998.0,31.77
8109692,K07864.01,0,117.934158,197.8657,0.38541666666666663,187.5,3.76
7695093,K06041.01,0,4.032762189,133.3016604,0.17258833333333334,119350.0,35.22
7749318,K06042.01,0,2.371589507,132.743293,0.14631666666666665,235104.0,88.22
7777397,K06043.01,0,5.09112124,135.17945,0.08995833333333332,115.1,3.58
5817566,K06138.01,0,4.206070484,132.248423,0.4457833333333333,119812.0,172.66
5952403,K06139.01,0,0.905677864,132.197687,0.09346666666666666,3670.4,325.51
4150539,K01330.02,0,94.219289,196.1952,1.013,1025.9,2.15
6182093,K06143.01,0,297.113395,309.1459,0.1887083333333333,275.4,5.37
9839821,K02012.02,1,180.921729,234.3344,0.3745833333333333,742.4,2.3
11252617,K06236.01,0,4.478116695,132.8719936,0.139875,117981.0,38.85
8245108,K07876.01,0,0.579108481,131.7753,0.06912499999999999,68.4,0.42
11252617,K06236.02,0,1.27620899,131.6866,0.090375,186.2,1.46
11296437,K06237.01,0,528.50344,209.8264,0.26641666666666663,133.8,2.2
7830321,K06044.01,0,2.027383251,131.686117,0.0647,3856.2,31.12
7841986,K06045.01,0,10.73370737,141.11176,0.3196083333333333,6155.3,18.7
7877820,K06046.01,0,9.449438672,136.025779,0.2311625,12867.3,60.59
7914906,K06047.01,0,8.752913958,138.724933,0.14394166666666666,41770.0,119.91
8019043,K06048.01,0,1.985586627,132.9336782,0.10548458333333333,72584.2,105.22
8023317,K06049.01,0,16.579028045,146.733098,0.325125,37979.8,49.01
8126531,K07868.01,0,513.42784,174.3904,0.2615833333333333,523.2,14.87
8121067,K06050.01,0,2.064900876,132.874485,0.2865375,10939.4,38.19
6197038,K06144.01,0,9.751720174,138.538319,0.6747375,332900.0,182.09
6221385,K06145.01,1,19.672324,134.3013,0.2005,649.9,4.07
6221385,K06145.02,1,32.657035,152.881,0.24804166666666666,620.4,3.73
6362386,K06146.01,0,4.592401261,133.139791,0.2066825,87426.1,52.18
8260269,K07877.01,0,6.70995253,134.02352,0.09570833333333334,86.0,1.1
6449358,K06147.01,0,5.776794344,133.6275034,0.26396041666666664,121544.0,129.2
6593968,K06148.01,0,23.19923256,146.6907294,0.08708333333333332,nan,nan
6674908,K06149.01,0,0.503199724,131.90627,0.04654166666666666,275.6,1.06
11516930,K06240.01,0,4.768540307,133.8648842,0.04140833333333333,347.6,1.84
11558882,K06241.01,0,73.91858615,154.696798,0.29056249999999995,184074.0,89.96
8042835,K07862.01,0,2.38793696,133.22902,0.7209166666666667,114.3,25.56
2853780,K02081.02,0,589.17968,185.0175,0.42499999999999993,253.4,4.91
11673686,K06243.01,0,4.618767943,133.386655,0.25125,32609.2,32.36
8153568,K06051.01,0,3.60727417,133.77548,0.5868374999999999,841897.0,221.55
8167938,K06052.01,0,2.565717939,133.22148,0.07118333333333332,1941.7,180.8
8167978,K06053.01,0,22.05274533,151.552457,0.23301666666666665,13857.7,32.56
8168581,K06054.01,0,2.881338104,132.909319,0.1497625,2533.7,31.58
8230809,K06055.01,0,4.078355243,132.160073,0.26937083333333334,36133.0,16.73
8364115,K06056.01,0,7.73590441,137.98785,0.18495416666666667,465.3,21.3
8458207,K06057.01,0,3.530164642,134.77535,0.17144416666666665,69923.0,35.71
4150624,K01334.02,0,94.225938,196.1319,0.9199999999999999,530.4,1.93
6967278,K06152.01,0,395.07333,244.4858,0.3268333333333333,645.1,230.33
7108433,K06153.01,0,1.51918335,131.913532,0.2273220833333333,499989.0,128.17
7119080,K06154.01,0,13.59940118,133.0874188,0.105,nan,nan
7129465,K06155.01,0,2.745910734,133.1719105,0.1677475,286812.0,61.16
7174617,K06156.01,0,1.608363345,131.58432,0.09161666666666665,96134.0,19.36
11724210,K06244.01,0,5.746017234,132.042549,0.15144583333333334,29236.3,29.32
11867071,K06247.01,0,3.963787093,135.029951,0.12929833333333332,25015.2,28.11
11975363,K06248.01,0,1.759208679,132.6537254,0.19201541666666666,362327.0,66.06
12207117,K06249.01,0,1.6031794,131.5678,0.03791666666666667,nan,nan
8580438,K06058.01,0,6.496031958,135.4687416,0.21746833333333332,108889.0,32.33
8581232,K06059.01,0,4.012537983,134.652406,0.08375416666666666,19796.0,9.96
8655458,K06060.01,0,1.594162001,132.634679,0.22899166666666665,9876.3,26.11
8695779,K06061.01,0,10.238939876,132.722552,0.1452125,3153.1,22.09
8953059,K06062.01,0,5.499941387,136.869403,0.21391249999999998,40110.4,23.34
9048145,K06063.01,0,8.667826242,137.3415297,0.2110475,43491.0,37.51
9214712,K06064.01,0,265.2996227,316.91977,0.36855,100158.0,33.81
9214715,K06065.01,0,265.2999623,316.91821,0.3690708333333333,31778.0,25.56
7190639,K06157.01,0,98.1020983,170.33189,0.051041666666666666,184.4,1.97
7198881,K06158.01,0,182.467019,215.019,0.31695833333333334,1020.0,3.73
7198881,K06158.02,0,126.57837267,198.1194352,0.10416666666666666,nan,nan
7422883,K06159.01,0,11.41437505,142.59649,0.26149999999999995,45966.0,44.08
7464205,K06160.01,0,151.31847,148.9275,0.6854166666666666,105.4,1.13
7622059,K06161.01,0,10.4032399,138.18443,0.99375,1056.2,51.47
12367464,K06250.01,0,1.853209359,132.249661,0.07309583333333333,12319.1,32.99
12470041,K06251.01,0,14.66769462,139.161736,0.101925,29862.0,145.18
8179286,K07869.01,0,11.4132144,140.11988,0.09879166666666667,76.4,1.03
2581191,K02203.02,0,172.178768,139.442,0.049583333333333326,501.0,2.29
9221398,K06066.01,0,13.787520532,136.762097,0.10643124999999999,12978.3,25.33
9411317,K06067.01,0,8.2904597,132.24956,0.10834166666666667,173007.0,23.96
9532123,K06069.01,0,8.214204254,135.01403,0.1912708333333333,74177.0,42.29
9549471,K06070.01,0,15.71377375,132.09973,0.311,9482.0,10.85
9649222,K06071.01,0,5.918619554,132.924716,0.16450166666666666,94124.0,29.98
9664215,K06072.01,0,3.319523463,131.923046,0.1394375,38832.0,38.37
7750740,K06162.01,0,5.874197307,134.3187261,0.17774375,205698.0,59.2
7779942,K06163.01,0,19.7959731,135.93667,0.2225833333333333,334.0,3.47
7835312,K06164.02,0,209.00055019,149.8223238,0.105,nan,nan
7838906,K06165.01,0,5.614892073,132.842964,0.15539166666666665,2373.0,1192.79
7908367,K06166.01,1,12.2064304,134.053,0.10029166666666667,1337.2,5.41
7908367,K06166.02,1,6.6513189,135.289,0.08895833333333332,1058.4,4.81
7940533,K06167.01,0,3.905532605,133.349361,0.2837125,73081.0,21.37
4142847,K02210.02,1,210.631486,300.72292,0.35079166666666667,1657.8,3.23
4665571,K02393.02,1,0.766691517,132.19667,0.052658333333333335,244.0,1.22
6364215,K02404.02,0,5.2438528,132.6659,0.439125,135.8,1.11
7047363,K02432.02,0,93.6273251,222.5881699,0.07999999999999999,nan,nan
9714358,K06073.01,0,6.474202359,134.3950738,0.13999541666666665,203491.0,28.96
9851123,K06074.01,0,8.4803048,135.85228,0.31394999999999995,2672.9,4.13
9966115,K06075.01,0,8.947426242,132.0457395,0.20404208333333332,85995.2,45.87
10026458,K06076.01,0,9.93443795,132.87307,0.3374166666666667,2750.0,35.54
10139305,K06077.01,0,2.173552528,132.3118,0.06711249999999999,3026.0,23.51
10288922,K06078.01,0,10.157715971,139.442275,0.123025,9520.1,42.27
7974634,K06168.03,0,404.701927,196.6089,0.165875,236.2,1.94
8043882,K06169.01,0,0.779609509,131.67843,0.16720833333333332,88.5,1.07
8058507,K06170.01,0,15.80529628,135.9561178,0.065,nan,nan
8095099,K06171.01,0,2.103239235,132.8681395,0.2951520833333333,314928.0,64.15
12206313,K02714.03,1,184.262741,255.2287,0.49749999999999994,292.2,2.57
10122538,K02926.03,1,20.9569985,139.07664,0.14554166666666665,1917.9,2.38
10659313,K06079.01,0,15.249335907,143.662829,0.15925999999999998,34565.1,45.92
10710755,K06080.01,0,4.816610903,133.763636,0.15931374999999998,80226.0,26.15
10727668,K06081.01,0,2.305903447,131.7928588,0.14095,23268.7,39.04
10735519,K06082.01,0,1.814128042,131.938871,0.12769166666666665,2063.6,426.98
8197767,K07871.01,0,1.247121237,132.39461,0.39012499999999994,966.7,18.39
10935310,K06083.01,0,4.128795314,132.5796644,0.11545833333333333,154870.0,52.0
11021252,K06084.01,0,3.269176601,133.257825,0.11347083333333333,59095.0,164.61
11408935,K06086.01,0,15.995094054,147.305407,0.35209874999999996,44315.3,17.09
8181016,K06174.01,0,0.70914232,132.1761,0.08066666666666666,2560.0,7.27
8197761,K06175.01,0,9.86869589,138.99584,0.11983333333333332,5915.0,21.68
4840513,K01541.02,0,66.34455122,153.314206,0.15166666666666667,nan,nan
8265156,K06177.01,0,0.978362973,132.126,0.050249999999999996,37.1,1.04
10122538,K02926.04,1,37.6333868,158.8156,0.18708333333333332,1661.7,2.25
6609270,K03090.02,0,15.0367776,133.6558,0.12674999999999997,503.5,8.02
11125797,K03371.02,1,12.25384348,143.70549,0.098875,147.7,1.0
11519226,K06087.01,0,22.16127178,148.46378,0.15412499999999998,5259.0,69.44
11756821,K06088.01,0,2.745121487,133.619276,0.12435416666666667,14608.0,9.55
11769146,K06089.01,0,282.9656538,193.502758,0.8927458333333332,467860.0,71.61
11812199,K06090.01,0,37.32030954,135.426946,0.29006666666666664,4325.0,36.96
11826400,K06091.01,0,5.889372452,134.779685,0.20611416666666665,56841.0,50.78
12010534,K06092.01,0,2.581595167,132.947414,0.20480416666666668,171132.0,40.94
7116117,K03163.01,0,0.566801886,131.8258,0.23887499999999998,5.9,0.54
7868092,K03169.01,0,180.71809,222.2962,0.4520833333333333,31.2,1.28
3337061,K03172.01,0,6.5583706,133.83031,0.13691666666666666,136.0,39.06
9826171,K03173.01,0,434.39148,131.4436,0.5425,120.3,1.59
3936658,K03180.01,0,71.1577054,178.29611,0.2020833333333333,nan,nan
4577484,K03181.01,0,73.26417,173.8331,0.23083333333333333,38.4,1.32
4735826,K03184.02,1,11.3220104,142.7143,0.24416666666666667,17.1,0.91
5005618,K03186.01,0,681.9363102,289.0653808,0.3308608333333333,186528.0,61.52
4663658,K03187.01,0,0.705891195,131.62062,0.22004166666666664,15.0,1.0
10467815,K03191.01,0,377.88909,143.4845,0.38579166666666664,92.8,3.17
10847721,K03192.01,0,199.21638,293.6619,0.38458333333333333,62.5,2.36
10118942,K03195.01,0,121.70747,229.2617,0.05708333333333333,98.2,3.02
9471539,K03198.01,0,273.528359,246.3207,0.9310833333333333,408.5,115.4
5482603,K03199.01,0,3.88258905,134.82111,0.11420833333333333,57.8,0.78
2305819,K03201.01,0,135.57186,245.3504,0.4141666666666666,41.2,0.83
10284575,K03210.01,0,173.06929,221.2582,0.5349999999999999,576.7,30.29
3342952,K03215.01,0,1.039046871,131.54272,0.070375,24.4,0.48
10338624,K03222.01,0,0.607538435,131.70989,0.23120833333333335,34.9,1.34
5307990,K03228.01,0,0.98762513,131.97212,0.04695833333333333,28.6,1.14
2142501,K03233.01,0,113.0707574,171.705,0.37625,nan,nan
2713018,K03235.01,0,66.713573,170.075,0.18695833333333334,63.9,0.98
8413968,K03251.01,0,135.223193,246.3872,0.37454166666666666,56.3,0.92
9008103,K03283.01,0,195.7093855,177.4118,0.4491666666666666,nan,nan
4376629,K03378.01,0,27.6775212,146.1243,0.10470833333333332,293.9,23.04
3958301,K03381.01,0,35.2340413,164.0831,0.49475,465.5,2.21
8211605,K03405.01,0,20.9794338,147.72605,0.15675,2388.2,24.76
11098573,K03406.01,0,15.6937855,131.9841,0.21454166666666666,367.7,1.99
9837586,K03442.01,0,20.73376301,132.84493,0.24184583333333332,104599.0,54.58
6021655,K03488.01,0,63.571688,186.4598,0.2504166666666666,591.0,2.14
8308682,K03507.01,0,338.20075,263.5018,0.6345833333333333,678.2,2.08
11442793,K00351.07,1,124.922516,129.7295,0.4975833333333333,498.7,3.37
3344427,K03764.01,0,1.303570451,146.145985,0.09506791666666665,332340.0,235.58
6205481,K03774.01,0,3.72277264,136.51757,0.6612083333333333,1114.6,22.78
4474637,K03829.01,0,3.886730304,135.0201,0.6738458333333333,372425.0,61.58
8435232,K03833.01,0,49.5740154,201.97177,2.6331666666666664,8772.9,5.01
6462874,K01231.02,0,10.42360821,138.01504,0.22516666666666665,878.3,1.67
11450414,K01992.03,1,85.517344,181.351,0.38879166666666665,270.2,3.04
5217733,K03155.01,0,161.2529031,189.10446,1.0154625,94008.0,59.07
4150611,K03156.01,0,0.761119678,131.68986,0.05958333333333333,1112.0,27.81
4150611,K03156.04,0,94.212787,196.3636,0.6033333333333333,55654.0,35.89
5716244,K06619.01,0,1.330333096,132.785555,0.21020833333333333,61867.0,24.3
5725851,K06620.01,0,1.140133012,132.34077,0.3854583333333333,223.2,126.77
5731312,K06621.01,0,7.946367138,135.0947711,0.10777791666666665,278086.0,36.01
5735878,K06622.01,0,16.832079803,133.1746947,0.324895,48374.6,61.35
5736461,K06623.01,0,7.346159047,136.8912771,0.27489166666666665,121807.0,44.48
5737869,K06624.01,0,26.2402438,151.5242,0.126,174.0,1.16
5771589,K06625.01,0,10.738427243,139.893962,0.09809999999999999,1684.2,6.96
6672229,K06754.01,0,23.832382513,143.2182023,0.294195,278997.0,63.78
6676725,K06755.01,0,1.428766771,132.1908553,0.1656375,92.2,1.01
6695622,K06756.01,0,14.5567427,135.6994,0.059208333333333335,185.1,1.38
6695889,K06757.01,0,1.106560721,132.3745985,0.11006291666666665,253683.0,47.63
6697716,K06758.01,0,0.721624431,131.859672,0.10593416666666666,157754.0,40.61
6698670,K06760.01,0,10.81589054,139.7935811,0.19728958333333335,45399.6,32.48
7541746,K06886.01,0,4.1747072,134.604,0.46375,nan,nan
7584778,K06887.01,0,0.622303871,132.0916,0.07666666666666666,80.9,0.77
7588436,K06888.01,0,23.3924063,139.7612,0.1423333333333333,62.3,0.84
7597703,K06891.01,0,4.608901433,133.9949845,0.36391375000000004,378548.0,48.72
7605600,K06893.01,0,3.326193904,133.329774,0.08682291666666667,178470.0,14.72
8312222,K07017.01,0,12.823275455,136.1765764,0.2216925,121991.0,44.29
8314801,K07018.01,0,37.183276326,158.645758,0.5874833333333334,221205.0,55.0
8316503,K07019.01,0,5.065329723,134.9819163,0.20433,155614.0,60.35
8330575,K07020.01,0,0.957079167,131.7737065,0.16042125,48673.6,72.76
8345358,K07021.01,0,9.380632783,132.5586444,0.17895833333333333,65832.8,46.72
8358008,K07022.01,0,10.064687893,135.251088,0.14993916666666665,10088.0,30.11
8364119,K07024.01,0,7.73591011,137.9876592,0.20913291666666667,315131.0,50.46
9278021,K07152.01,0,3.359470825,133.952372,0.08946458333333332,2707.8,129.93
9284741,K07153.01,0,20.729255112,134.55034,0.3140320833333333,341973.0,53.87
9286728,K07154.01,0,3.04459739,132.4989,0.31825,66.1,0.62
9291368,K07155.01,0,3.796448299,131.37037,0.48298749999999996,522879.0,232.39
9291368,K07155.02,0,3.79654367,133.2353,0.4752958333333333,70781.0,159.34
9291748,K07156.01,0,15.926990634,144.4526221,0.47975833333333334,394232.0,93.94
9304561,K07158.01,0,1.219049953,132.09455,0.06154166666666667,53.5,2.48
9328852,K07159.01,0,0.64585177,131.889136,0.08235166666666666,308504.0,51.1
10091257,K07284.01,0,1.70192371,131.955498,0.12612916666666665,49833.0,40.15
10093664,K07285.01,0,1.20693963,132.63953,0.28670833333333334,20.0,0.97
10095512,K07286.01,0,3.008602107,132.923023,0.18095666666666665,120272.0,56.15
10098534,K07287.01,0,41.81145,166.5262,0.092,302.0,1.4
10129482,K07288.01,0,0.846291334,132.1935855,0.07498416666666666,190191.0,30.8
10155080,K07289.01,0,1.930451347,131.770748,0.16164833333333334,53075.2,58.77
10156064,K07290.01,0,2.427967843,133.598772,0.1993625,126975.0,108.33
11198723,K07417.01,0,6.840305932,137.5713643,0.18030916666666666,124933.0,62.08
11199725,K07418.01,0,1.032967155,131.92284,0.048749999999999995,127.3,21.22
11200773,K07419.01,0,2.489550708,132.044138,0.11861875,29838.9,36.91
11228612,K07420.01,0,2.980479588,134.40206,0.15521958333333333,375343.0,70.52
11232745,K07421.01,0,4.81712182,133.10276,0.10237458333333332,35756.4,43.45
11233911,K07422.01,0,2.479948394,133.643169,0.23841249999999997,150682.0,35.62
11234677,K07423.01,0,1.58742695,131.9849807,0.11103125,76162.0,37.64
11235323,K07424.01,0,19.668404822,132.523858,0.88235,352808.0,42.91
8652360,K04562.02,0,0.968065631,131.97214,0.07383333333333333,92.5,0.68
5476671,K04598.02,0,0.824181335,131.68906,0.1036,224.7,18.2
4919550,K04766.02,0,2.45261841,133.60879,0.07916666666666666,85.5,0.69
8094120,K04881.02,0,0.706423768,132.15228,0.04415416666666667,46.1,1.16
3858757,K06369.01,0,25.9534494,154.8716,0.25004166666666666,528.9,2.06
3858767,K06370.01,0,3.49550335,132.0754,0.15829166666666666,60.9,0.66
3858884,K06371.01,0,25.95193721,154.881253,0.6662374999999999,399167.0,123.34
3938073,K06373.01,0,31.024310431,158.8651537,0.31817541666666666,96480.3,93.29
3972391,K06374.01,0,0.634131057,131.78951,0.11879166666666666,27.1,0.58
3973002,K06376.01,0,1.992098705,132.891052,0.16826375,69414.0,45.85
5025217,K06496.01,0,1.78752921,132.4646,0.22145833333333334,62.9,5.86
5025234,K06497.01,0,1.77555333,131.92,0.6004166666666666,83.5,1.26
5025294,K06498.01,0,5.462689263,134.26516,0.13585416666666666,4184.6,36.25
5026187,K06499.01,0,3.58966681,134.56621,0.7722499999999999,421.3,95.86
5031804,K06500.01,0,1.37347867,132.22105,0.5258333333333333,289.9,4.25
5031882,K06501.01,0,1.00960235,131.6797,0.32695833333333335,31.9,1.94
5036516,K06502.01,0,1.060996585,132.53457,0.11039166666666667,41142.0,64.99
5036530,K06503.01,0,2.735152701,133.6322499,0.004358333333333333,283.3,3.27
5781192,K06626.01,0,9.459993213,138.3433458,0.22088333333333332,237595.0,51.89
5802285,K06627.01,0,1.208524388,131.985195,0.07699166666666667,4759.6,26.71
5802470,K06628.01,0,3.79187443,134.134368,0.14800416666666666,230736.0,47.49
5807579,K06629.01,0,17.844323157,133.6947708,0.21166624999999997,222364.0,90.67
5809372,K06630.01,0,34.6506368,143.0279,0.42862500000000003,502.5,12.35
5871918,K06632.01,0,12.643303542,139.7603975,0.22868875,236718.0,34.94
5894825,K06633.01,0,1.36293943,132.7485,0.43,54.4,31.28
8374394,K07883.01,0,185.103836,296.7426,0.17458333333333334,581.4,14.63
6706287,K06761.01,0,1.267693801,132.120397,0.14916374999999998,333641.0,64.84
6766748,K06764.01,0,7.002865192,136.013297,0.24592999999999998,349695.0,75.09
6774408,K06766.01,0,0.85450941,132.2059,0.15512499999999999,13.7,0.35
6778289,K06767.01,0,30.130130001,152.231115,0.5621624999999999,280751.0,83.75
6781047,K06768.01,0,7.0435762,136.2789,0.6566666666666666,nan,nan
6781535,K06769.01,0,9.12208711,138.8352077,0.19267375,58790.4,52.66
8440062,K07886.01,0,366.71923,185.6459,0.4083333333333333,246.4,3.35
7622072,K06894.01,0,6.373454978,136.899832,0.16407083333333333,6084.6,51.6
7630658,K06895.01,0,1.075577069,131.558551,0.17157458333333334,140584.0,69.11
7631194,K06896.01,0,0.811390968,131.8759,0.04214166666666667,139.9,14.74
7662209,K06897.01,0,14.6494599,132.1027,0.120125,221.0,1.0
7663804,K06898.01,0,321.00742,301.0957,0.5420833333333333,307.1,3.7
7668648,K06899.01,0,27.81892382,158.10282,0.34907083333333333,238224.0,50.0
7670485,K06900.01,0,8.467706136,139.412302,0.16890666666666665,77323.6,43.98
7670617,K06901.01,0,24.70361995,136.13429,0.2904958333333333,217538.0,30.13
8367298,K07025.01,0,5.1348689,134.236,2.0287499999999996,115.8,16.17
8374499,K07026.01,0,5.251918489,136.74098,0.23318874999999997,296478.0,51.51
8378656,K07027.01,0,3.62944008,134.701164,0.24754333333333334,130083.0,40.08
8378922,K07028.01,0,43.263305017,150.3780757,0.4204791666666666,359086.0,62.75
8379547,K07029.01,0,6.042029838,132.205367,0.3361083333333333,132864.0,23.94
8381592,K07030.01,0,2.892087553,133.201742,0.13198208333333333,71631.0,47.55
8382339,K07031.01,0,5.40597608,131.61052,0.11624999999999999,461.0,31.78
8398290,K07033.01,0,0.510804497,131.88057,0.10579166666666667,42.7,1.58
9328864,K07160.01,0,0.645850521,131.88911,0.05034166666666666,54.9,0.69
9334490,K07161.01,0,18.84497113,149.94759,0.20600833333333335,4143.4,5.35
9344623,K07163.01,0,14.759477667,139.7828128,0.40727499999999994,357470.0,76.06
9353182,K07164.01,0,10.476258265,136.5282906,0.3238345833333333,120206.0,54.13
9357275,K07165.01,0,1.588298157,132.1833032,0.1820945833333333,165034.0,120.0
9357375,K07166.01,0,1.58826263,132.19139,0.11062499999999999,78.9,0.47
9392702,K07167.01,0,3.909314318,131.8944811,0.22338499999999997,97123.4,42.54
9394920,K07168.01,0,1.38385822,132.762,0.041666666666666664,nan,nan
8524110,K07891.01,0,0.79708975,131.8481,0.13754166666666667,19.3,0.54
10164018,K07292.01,0,8.5412411,131.6163,0.15225,298.8,1.4
10189523,K07293.01,0,1.013922622,132.414157,0.06830416666666667,34957.0,31.98
10198109,K07294.01,0,17.918743061,146.3929572,0.18182791666666667,118355.0,56.94
10208759,K07295.01,0,2.287515702,132.3567704,0.42032916666666664,358575.0,86.76
10214328,K07296.01,0,659.2907,254.33,0.9210833333333334,338.1,4.66
10215422,K07297.01,0,24.847087207,154.1275658,0.3034475,317670.0,52.38
10257903,K07298.01,0,0.85574731,131.8240876,0.08374999999999999,nan,nan
10258558,K07299.01,0,20.867855659,136.4038679,0.23880083333333335,82601.4,53.53
11240948,K07425.01,0,3.401949837,134.6247,0.6908208333333332,2477.0,14.32
11250867,K07428.01,0,2.252822538,131.6331462,0.14210916666666668,269847.0,57.6
11251058,K07429.01,0,2.25284817,131.6206,0.127875,60.0,8.61
11285625,K07431.01,0,5.39525573,131.542553,0.3265708333333333,104242.0,152.74
4732015,K05076.02,0,0.939740093,131.7401,0.15341666666666665,106.5,34.87
9214712,K06064.02,0,265.299451,326.26375,0.190125,4946.0,7.1
9214715,K06065.02,0,265.310499,326.24511,0.16720833333333332,1530.0,4.69
7838906,K06165.02,0,35.4261827,161.164,0.18304166666666666,317.6,153.72
1026032,K06252.01,0,8.460438928,133.7744903,0.19728833333333332,76412.9,36.62
3973504,K06377.01,0,4.318726936,131.605675,0.11139541666666666,59429.0,29.74
4042088,K06378.01,0,3.22598684,134.7245837,0.06958333333333333,nan,nan
4055092,K06379.01,0,76.45315813,133.986308,0.21592499999999998,9662.2,22.89
4067549,K06380.01,0,7.698431197,137.868033,0.22653208333333333,42548.8,42.72
4069063,K06381.01,0,0.504296702,131.905285,0.058937500000000004,5995.4,50.41
4069213,K06382.01,0,5.194256813,134.5723735,0.30240625,38851.4,41.77
4075064,K06383.01,0,61.42252657,161.2406686,0.15691041666666666,337545.0,41.01
4076952,K06385.01,0,9.761172507,133.7034265,0.47502916666666667,205866.0,95.58
5036530,K06503.02,0,1.36513839,132.0907941,0.0775,nan,nan
5036538,K06504.01,0,1.061008464,132.5213941,0.1167875,408767.0,32.58
5038469,K06505.01,0,1.36840167,131.5320332,0.19083333333333333,nan,nan
5039687,K06506.01,0,5.8957069,136.3002,2.368333333333333,129.7,32.41
5042785,K06507.01,0,1.67473779,132.7799,0.23625,nan,nan
5078879,K06508.01,0,1.039370613,131.62419,0.0446375,743.6,12.6
5080346,K06509.01,0,2.31169425,132.3203,0.36204166666666665,38.4,1.76
5080652,K06510.01,0,2.072177815,133.095727,0.18952666666666665,293717.0,46.55
5894972,K06634.01,0,3.34328534,134.8451,1.1370833333333332,166.8,64.0
5952309,K06636.01,0,0.905678252,132.19647,0.05204166666666667,70.4,0.78
5952457,K06637.01,0,0.905672916,132.20453,0.041666666666666664,110.4,0.76
5962514,K06639.01,0,0.790046373,132.1225,0.20807916666666665,149304.0,56.93
5962716,K06640.01,0,1.804591904,132.3963298,0.16042041666666665,137295.0,80.87
5977541,K06642.01,0,1.14073528,132.5852,0.09975,13.5,0.68
5977804,K06643.01,0,3.31976683,131.7956,0.1884583333333333,48.0,0.7
6792124,K06770.01,0,0.52880817,131.67844,0.09527083333333333,57.7,1.84
6804648,K06771.01,0,0.700606479,131.59767,0.041374999999999995,23.5,1.22
6806632,K06772.01,0,9.469191607,140.9753434,0.3983329166666667,63501.9,49.17
6841577,K06773.01,0,15.53753378,140.2734399,0.24275833333333333,209006.0,40.9
6852488,K06775.01,0,2.172042913,131.764641,0.33471249999999997,154381.0,100.79
8460634,K07887.01,0,6.35216475,134.1982,0.13545833333333332,185.7,18.1
7671594,K06902.01,0,0.705174384,131.694866,0.04633166666666667,375227.0,366.76
7677005,K06903.01,0,38.058140058,142.4101791,0.36766791666666665,308873.0,94.1
7691527,K06905.01,0,4.800232532,135.7829072,0.14879375,277001.0,48.67
7695445,K06906.01,0,1.74336627,132.8574,0.4335416666666666,451.0,140.49
7700578,K06908.01,0,1.507100589,132.09322,0.24207083333333335,497657.0,131.16
7707736,K06909.01,0,0.758355704,131.863972,0.18389583333333331,9568.3,8.78
7733540,K06910.01,0,0.77258608,131.7134714,0.1125,nan,nan
8411947,K07034.01,0,0.898837525,132.13405,0.14725833333333332,399778.0,57.14
8414159,K07035.01,0,11.931131598,142.8536843,0.23207624999999998,300506.0,93.46
8414216,K07036.01,0,11.93137992,142.82366,0.15162499999999998,122.1,0.56
8415863,K07037.01,0,27.533803402,147.2410009,0.16509458333333332,48152.7,50.02
8423903,K07038.01,0,12.4964346,132.0358,3.5133333333333328,271.7,55.34
8429450,K07039.01,0,1.352576807,132.0374311,0.22897125,317484.0,161.02
8445775,K07042.01,0,13.254134073,136.3679147,0.18124625,44979.8,58.51
9411943,K07170.01,0,1.922009494,132.161285,0.12920833333333331,6547.8,48.61
9412462,K07171.01,0,10.186578749,132.5289587,0.4429333333333333,340671.0,67.45
9418994,K07172.01,0,32.003815635,136.49482,0.17966541666666663,17120.2,180.25
9451096,K07173.01,0,1.250390814,131.7337519,0.1549333333333333,231167.0,101.37
9466042,K07175.01,0,9.2742685,133.599,0.5579166666666666,nan,nan
9468296,K07176.01,0,5.748815953,132.28021,0.08006666666666666,11657.0,26.94
10264202,K07300.01,0,0.517573708,131.5161551,0.09295916666666666,87205.0,37.02
10268809,K07302.01,0,24.70932686,138.996552,0.21124166666666666,29265.0,25.1
10274244,K07303.01,0,13.68369259,135.2108067,0.17604333333333333,185514.0,30.6
10275887,K07304.01,0,9.726748645,139.4774644,0.8087208333333333,393412.0,277.38
10290447,K07306.01,0,0.691561191,131.6477,0.21791666666666668,1901.0,5.91
10292465,K07307.01,0,1.35337091,131.936954,0.09331666666666666,104562.0,26.69
10294608,K07308.01,0,1.854491777,132.4915806,0.21448791666666667,383431.0,63.08
11287726,K07433.01,0,4.737713268,132.325253,0.266,105259.0,29.25
11295085,K07436.01,0,2.49777454,133.7602628,0.21837499999999999,78.7,2.14
11350389,K07438.01,0,1.51264208,132.025984,0.07795833333333332,23842.0,36.72
11356602,K07439.01,0,323.2575,191.3655,0.7191666666666667,286.8,2.01
11358392,K07440.01,0,0.984971822,132.402887,0.06843625,6683.5,56.1
1433531,K06254.01,0,567.71329,436.4746,0.5354166666666667,259.4,3.28
1717528,K06255.01,0,9.31392071,135.7783,0.04045833333333333,163.7,1.25
2012722,K06257.01,0,2.32539968,132.12985,0.6996249999999999,288.1,9.76
2013883,K06258.01,0,0.764597756,131.69552,0.046625,16.6,0.72
2162994,K06260.01,0,4.101595158,132.6324315,0.2543175,366585.0,51.08
2167444,K06261.01,0,2.43574046,133.47404,0.9270833333333333,6223.0,24.62
4078693,K06386.01,0,2.756536015,133.025652,0.06628333333333333,3590.8,57.46
4142768,K06387.01,0,13.99585365,131.65924,0.20961666666666667,19681.0,368.42
4149684,K06388.01,0,4.320850062,132.4183917,0.17777541666666666,75927.4,59.16
4150703,K06389.01,0,8.6532378,134.3027,0.12391666666666667,126.0,0.96
4157488,K06390.01,0,5.197420145,132.5674705,0.2827225,91307.3,81.49
4160669,K06391.01,0,2.183517999,132.692938,0.17792916666666664,1321.6,4633.66
4171955,K06392.01,0,383.61248,254.3616,0.5109583333333333,619.3,2.3
4174507,K06393.01,0,1.945914237,133.042081,0.11963333333333333,9880.5,35.94
5083252,K06512.01,0,2.500560859,131.6761907,0.3162583333333333,20.4,0.48
5091075,K06514.01,0,1.25625738,131.7577,0.40525,15.2,1.32
5091614,K06515.01,0,21.142458554,138.3916328,0.21576916666666668,73960.9,41.68
5094301,K06517.01,0,0.99519559,132.4712,0.09554166666666666,13.7,0.29
5983348,K06644.01,0,25.150788449,150.345557,0.32196541666666667,37582.6,39.12
5990753,K06645.01,0,7.21636091,133.88924,0.09241666666666666,384.7,18.03
6029130,K06647.01,0,12.591656377,134.7421233,0.23057708333333332,302584.0,49.21
6035335,K06648.01,0,1.044408447,132.31116,0.15137499999999998,46.2,1.17
6041511,K06649.01,0,0.97705114,132.1871,0.09708333333333333,20.1,0.77
6042116,K06650.01,0,5.407157086,136.5956575,0.2454958333333333,74653.3,125.96
6042663,K06651.01,0,30.971766472,151.5322506,0.34632124999999997,228680.0,51.72
6044064,K06652.01,0,5.06318803,133.707285,0.5788041666666666,662677.0,302.18
6859813,K06778.01,0,10.88242209,132.6767451,0.22997249999999997,206811.0,63.14
6863840,K06779.01,0,1.926366998,131.7468446,0.16587,399528.0,53.63
6864569,K06780.01,0,2.325185422,133.265218,0.3036291666666666,268.5,81.88
6864859,K06782.01,0,40.877841988,158.3207395,0.41185666666666665,256094.0,164.06
6877673,K06784.01,0,36.75892725,156.0924573,0.6488458333333333,261730.0,51.31
6877871,K06785.01,0,0.536869783,131.84557,0.1735,221.7,1.81
7741048,K06911.01,0,0.843400322,131.57039,0.07335833333333333,43.7,0.65
7751562,K06912.01,0,17.042155208,142.4257555,0.32517166666666664,55165.0,24.93
7755741,K06913.01,0,0.874236216,131.7986,0.09799999999999999,58.4,3.46
7769072,K06914.01,0,0.60886299,132.0506751,0.053290000000000004,2019.5,158.5
7769815,K06915.01,0,4.43529675,134.7488,0.08820833333333333,181.9,1.15
7777365,K06916.01,0,0.88512187,131.8821,0.13954166666666667,136.0,1.05
7798259,K06917.01,0,1.734221252,132.833439,0.10240416666666666,289817.0,42.06
8453191,K07043.01,0,5.776764285,131.5421677,0.2915479166666667,153902.0,117.51
8453324,K07044.01,0,1.26227317,132.0407385,0.13755875,7342.5,369.2
8479107,K07045.01,0,0.76757669,131.819082,0.08531541666666666,157612.0,34.23
8479386,K07046.01,0,5.860377067,134.8440004,0.435975,361615.0,78.14
8488876,K07047.01,0,5.801881299,136.9821453,0.17547208333333333,34469.8,62.9
8504570,K07048.01,0,4.00770453,134.8009815,0.229535,168776.0,92.08
8509346,K07049.01,0,6.099032889,135.5223947,0.20092,55374.3,36.68
8517433,K07050.01,0,0.652956712,131.52361,0.026125,50.0,0.76
9474222,K07177.01,0,13.691790011,133.7914664,0.23528083333333333,97563.5,49.2
9474969,K07178.01,0,21.570508432,151.7931354,0.5775166666666667,134176.0,63.68
9509207,K07181.01,0,14.199840087,135.748091,0.24938791666666665,214604.0,85.76
9520700,K07183.01,0,2.136834989,133.617975,0.1812008333333333,346183.0,66.59
9529294,K07184.01,0,2.51690133,133.49353,0.10504166666666666,59.6,0.97
10296163,K07309.01,0,9.296746368,135.6856399,0.28669541666666665,213838.0,400.4
10330495,K07310.01,0,18.060078203,138.611105,0.4823291666666667,58975.4,20.71
10332789,K07311.01,0,18.74072534,135.2072208,0.21657958333333333,125477.0,35.61
10340228,K07312.01,0,0.93371313,131.5534,0.12379166666666666,66.0,0.69
10341787,K07313.01,0,0.93373716,132.46828,0.2089583333333333,144.9,1.14
10342097,K07314.01,0,0.933735579,131.53509,0.16216666666666665,351.4,10.28
10345862,K07315.01,0,58.28819056,135.87642,0.9000583333333334,156160.0,42.57
10346522,K07316.01,0,3.989144446,132.572437,0.8664458333333332,630524.0,60.26
10352603,K07317.01,0,32.77897303,136.182037,0.7974083333333333,410080.0,69.08
11359305,K07441.01,0,28.487107336,132.872485,0.15745291666666666,37662.9,116.84
11391181,K07442.01,0,8.61733907,139.0692516,0.16898458333333333,185861.0,51.79
11401869,K07443.01,0,2.16146908,131.8342,0.15179166666666666,84.8,0.95
11409698,K07444.01,0,10.26782676,139.1769796,0.25111874999999995,247175.0,73.59
11455795,K07446.01,0,1.057335679,131.792007,0.0658125,47337.0,14.59
11457191,K07447.01,0,1.149198426,131.817374,0.17334583333333334,37721.0,42.03
11462556,K07448.01,0,2.50012775,131.5829,1.1749999999999998,49.9,1.66
2305372,K06264.01,0,1.40469182,131.552084,0.2609695833333333,702439.0,217.25
2306740,K06265.01,0,10.306982793,143.7331641,0.47615416666666666,341790.0,81.21
2308957,K06266.01,0,1.109841858,132.1655985,0.3383133333333333,300713.0,177.78
2437452,K06268.01,0,7.234965722,134.582307,0.2926875,164848.0,34.03
2437804,K06269.01,0,7.45301717,131.77618,0.15354166666666666,551.5,37.37
2438061,K06270.01,0,2.442941283,132.011468,0.1743625,37338.0,48.18
4180396,K06394.01,0,3.684337918,132.61121,0.09137916666666665,76.7,12.52
4245897,K06395.01,0,11.2570616,140.81576,1.2107916666666667,690235.0,162.84
4252226,K06396.01,0,21.858963291,151.2628164,0.2635383333333333,117113.0,114.63
4261960,K06397.01,0,1.461270059,131.78154,0.6861249999999999,3348.7,26.29
4269252,K06398.01,0,9.4022333,134.8876,0.11624999999999999,316.0,23.61
4281895,K06400.01,0,9.543584955,137.7738831,0.15500291666666666,68184.5,77.97
5095269,K06518.01,0,18.611957253,133.8661994,0.17696708333333333,124833.0,65.5
5097278,K06519.01,0,0.73240662,131.5735,0.18041666666666667,329.0,3.65
5098757,K06520.01,0,2.954598,134.3663,1.0329166666666665,337.8,89.95
5111801,K06521.01,0,0.562006231,132.0289,0.14566666666666667,14.2,0.58
5112198,K06522.01,0,3.21559054,133.5375,0.6775416666666666,202.4,18.8
5113809,K06523.01,0,1.547426532,132.8859128,0.672275,532.9,3.62
5115178,K06524.01,0,12.851722103,132.8395131,0.23822125,42518.6,47.26
5115379,K06525.01,0,4.2055797,132.1233,0.8083333333333332,100.5,1.8
6046311,K06654.01,0,0.957476003,131.91263,0.0276,450.7,2.47
6048106,K06655.01,0,1.559360638,132.53955,0.22690833333333332,280066.0,94.2
6048255,K06656.01,0,0.57627248,132.0811,0.07291666666666666,nan,nan
6060580,K06658.01,0,2.313367981,133.1999763,0.10110208333333333,13437.5,33.55
6063448,K06659.01,0,76.01811375,139.943296,0.5618708333333333,80671.0,63.58
6066107,K06660.01,0,0.82883944,132.013443,0.07625,nan,nan
6890618,K06787.01,0,1.574063832,133.05514,0.2348208333333333,1118.1,28.63
6925263,K06788.01,0,2.51989935,133.7109,0.06458333333333333,147.2,1.04
6927629,K06789.01,0,3.867613816,135.3438766,0.22352791666666666,340908.0,69.23
6929016,K06790.01,0,0.733726452,132.02005,0.09620833333333334,114.6,0.86
6936977,K06791.01,0,36.473115046,159.7666622,0.12125208333333333,161926.0,53.1
6939670,K06792.01,0,4.238855579,135.201464,0.21764583333333332,68002.0,38.01
6947837,K06794.01,0,1.17033848,132.4153,0.4816666666666667,17.3,0.98
6949550,K06795.01,0,7.841066931,136.5883392,0.2282920833333333,342094.0,56.33
7816680,K06920.01,0,4.292599454,131.7702811,0.19720541666666663,140032.0,64.04
7838639,K06922.01,0,2.113197701,132.3310213,0.14430874999999999,57315.5,50.13
7846730,K06923.01,0,11.02822674,136.96732,0.34479166666666666,278035.0,75.47
7847927,K06924.01,0,70.37626987,151.228445,0.2675208333333333,116050.0,40.43
8526387,K07051.01,0,0.772803664,131.70354,0.057,290.2,1.11
8543278,K07052.01,0,7.549299761,135.0113297,0.10264083333333332,44575.7,18.8
8552500,K07053.01,0,0.530972263,131.7212,0.15220833333333333,48.6,9.32
8552540,K07054.01,0,0.530967171,131.725385,0.15875833333333333,378394.0,92.29
8553788,K07055.01,0,1.606163631,131.6342249,0.20521499999999998,144603.0,130.46
8553907,K07056.01,0,42.032096076,133.581119,0.4865333333333333,391261.0,79.17
8559796,K07057.01,0,0.619303759,131.5539456,0.2751583333333333,74.5,4.71
8559863,K07058.01,0,22.470494368,143.284831,0.3079570833333333,45979.0,19.12
9529856,K07185.01,0,37.482223878,155.8400132,0.20060458333333334,28976.8,114.14
9536048,K07186.01,0,3.71186243,132.6486,0.043,53.9,0.95
9540450,K07187.01,0,1.077358008,131.600551,0.15297083333333333,311051.0,70.64
9540675,K07188.01,0,3.55643514,133.5696,0.355375,45.8,0.75
9541163,K07189.01,0,0.5366497,131.71771,0.12029166666666666,105.4,0.92
9541567,K07190.01,0,1.12284501,131.671908,0.03958333333333333,nan,nan
9569866,K07191.01,0,1.480324075,131.7556963,0.13342041666666665,400007.0,47.81
9579192,K07192.01,0,12.08353781,139.6155998,0.32929875,43086.6,50.33
8540376,K07892.01,1,10.692115,141.116,0.19404166666666667,408.4,2.71
10363300,K07318.01,0,0.934926138,132.1779461,0.1330208333333333,131941.0,58.67
10407047,K07321.01,0,0.93374699,131.52406,0.257,172.1,103.98
10407430,K07322.01,0,0.933759404,131.50294,0.14545833333333333,114.9,0.99
10407464,K07323.01,0,0.93373711,131.5293,0.13129166666666664,12.9,0.37
10417704,K07324.01,0,3.0082548,132.68976,0.09916666666666665,nan,nan
10420279,K07325.01,0,45.43324862,159.870473,0.5934166666666667,414352.0,77.25
10422852,K07326.01,0,1.398890216,132.16558,0.2068375,66012.0,57.48
11499757,K07450.01,0,12.314402323,134.2520931,0.24542916666666664,393895.0,75.21
11501774,K07451.01,0,0.691823991,131.57,0.24854166666666666,165.9,1.23
11502172,K07452.01,0,25.431861399,135.619194,0.21823791666666664,46564.7,43.42
11502179,K07453.01,0,3.98855869,135.129,0.061125,214.1,2.4
11506235,K07454.01,0,20.413052415,140.0167643,0.18592083333333334,92672.5,35.03
11560382,K07456.01,0,0.527679032,131.81119,0.058124999999999996,84.1,0.79
11560431,K07457.01,0,0.527673075,131.8234533,0.05705416666666666,26.1,0.42
2438062,K06271.01,0,2.44295727,132.00292,0.1694,15298.0,44.35
2438517,K06272.01,0,3.31587688,131.50648,0.13133333333333333,185.6,1.27
2442084,K06273.01,0,49.788613011,175.192714,0.30908625,219219.0,32.57
2450716,K06275.01,0,1.38607973,131.5931,0.36249999999999993,64.6,0.6
2557430,K06277.01,0,0.648868342,131.842892,0.11767833333333333,34769.5,72.32
2568971,K06278.01,0,5.088582739,134.055128,0.3169416666666667,448.9,46.02
4284147,K06402.01,0,1.1611022,132.2174,0.10333333333333333,nan,nan
4349935,K06403.01,0,0.792023257,131.92896,0.13585,176.6,0.81
4352168,K06404.01,0,10.643743766,134.9422857,0.2624095833333333,436506.0,47.87
4356621,K06405.01,0,1.7317958,132.8964,0.12183333333333332,60.6,1.19
4357985,K06406.01,0,8.65298599,136.67132,0.06454166666666666,313.8,1.36
4367544,K06407.01,0,1.19563447,131.5506,0.22472499999999998,8245.0,14.94
4372410,K06408.01,0,0.550537628,131.6623478,0.050666666666666665,72.0,1.93
4372961,K06410.01,0,2.53470797,132.88117,0.8392916666666667,328.2,50.25
5119143,K06527.01,0,0.530799654,131.68727,0.14529166666666665,318.5,2.92
5125048,K06528.01,0,0.56818769,132.06643,0.08333333333333333,nan,nan
5126627,K06529.01,0,1.0094779,131.6463,0.155,nan,nan
5130890,K06530.01,0,0.91057795,131.5209695,0.11374999999999999,nan,nan
5164794,K06531.01,0,1.0429419,131.966,0.3008333333333333,412.0,2.49
5172274,K06533.01,0,6.12650913,133.2391,0.6429166666666666,2434.0,9.08
5174492,K06534.01,0,0.720589427,131.9829699,0.18037499999999998,70.0,1.95
6068947,K06661.01,0,0.573036404,120.5159138,0.054900000000000004,4174.5,9.97
6103049,K06662.01,0,0.643171495,131.8893076,0.09636875,41160.0,54.03
6109688,K06663.01,0,14.086776961,140.287018,0.42199583333333335,106837.0,65.6
6128141,K06665.01,0,1.872620976,132.727701,0.07344166666666666,1530.6,31.43
6131659,K06667.01,0,17.527826808,144.5700534,0.24103791666666666,347519.0,49.36
6146838,K06668.01,0,27.467217305,143.6727101,0.17415041666666667,71766.5,38.87
6950275,K06796.01,0,40.879068,163.4056,0.27341666666666664,499.2,3.35
6953219,K06797.01,0,0.566802325,131.79626,0.07675,288.4,1.4
6962018,K06799.01,0,0.634946497,132.074576,0.10022541666666665,426554.0,52.75
6965293,K06800.01,0,5.077746556,134.63539,0.13215833333333332,18836.7,54.93
6967430,K06801.01,0,2.00383703,132.8086,0.14470833333333333,42.3,0.67
7009828,K06802.01,0,5.321224925,135.125071,0.3120720833333333,98872.1,40.62
7025851,K06803.01,0,2.340534383,132.74718,0.18459041666666667,241360.0,69.55
7870250,K06926.01,0,0.580724809,131.72956,0.07583333333333334,64.2,0.75
7871395,K06927.01,0,501.07647447,143.2445125,0.13374999999999998,nan,nan
7885518,K06928.01,0,1.72933255,132.5413,0.15129166666666666,29.7,0.69
7885570,K06929.01,0,1.729338354,132.536976,0.28551666666666664,140158.0,139.36
7886329,K06930.01,0,0.567493852,131.9916219,0.05639541666666667,7984.0,65.47
7919653,K06932.01,0,2.105238039,132.675463,0.21816458333333333,94675.0,75.1
7938468,K06933.01,0,7.226944171,136.163008,0.95885,682175.0,237.79
8560861,K07059.01,0,31.973311701,133.867225,0.5504374999999999,75053.7,272.44
8565900,K07060.01,0,1.64125844,131.9294,0.18791666666666665,nan,nan
8569819,K07062.01,0,20.849919614,137.5588347,0.5736958333333333,313094.0,2912.48
8574270,K07063.01,0,15.120212531,139.6966549,0.14583625,24616.5,33.11
8581658,K07064.01,0,3.481657589,134.1835162,0.19804791666666666,347012.0,78.24
8590527,K07065.01,0,0.739769962,131.9671179,0.08162541666666666,20729.3,82.29
8604993,K07066.01,0,6.570421193,134.01948,0.18624166666666667,60118.0,33.99
8608490,K07067.01,0,0.541405029,131.933523,0.11450416666666666,327656.0,125.64
9579789,K07193.01,0,2.17814186,132.02946,0.08283333333333333,127.7,0.92
9581498,K07194.01,0,10.54884842,140.3874343,0.048749999999999995,nan,nan
9592855,K07196.01,0,0.609662423,131.946514,0.17668041666666667,140917.0,110.14
9596187,K07198.01,0,0.953299962,131.699309,0.07061583333333332,2236.6,35.67
9597095,K07200.01,0,2.745640575,131.707795,0.12687833333333332,45264.7,47.22
10454401,K07328.01,0,12.180721266,139.3460044,0.17316749999999997,414950.0,63.25
10462826,K07329.01,0,50.467024395,132.009484,0.37340874999999996,103144.0,52.88
10468514,K07331.01,0,0.84986054,132.0547,0.057812499999999996,6571.5,67.45
10471113,K07332.01,0,0.933728196,131.5336,0.14337499999999997,67.7,0.85
10481054,K07333.01,0,2.03742712,131.5592,0.164125,36.0,0.9
10486425,K07334.01,0,5.274819905,136.708908,0.19453333333333334,108965.0,100.89
11560447,K07458.01,0,0.527678272,131.8133693,0.09715249999999999,247744.0,75.31
11601357,K07459.01,0,3.55027051,133.7711,0.07829166666666666,212.7,1.15
11615481,K07461.01,0,65.4317194,144.171343,0.5099333333333333,153407.0,59.22
11616200,K07462.01,0,1.718649321,132.21092,0.16420625,190567.0,39.08
11616631,K07463.01,0,7.2949175,136.0798,1.71,182.8,11.67
11616663,K07464.01,0,7.2935801,136.2546,1.6675,124.5,17.41
11618798,K07465.01,0,42.9261364,138.5107,0.10741666666666666,378.4,1.84
2570505,K06279.01,0,1.89129338,132.6698,0.23654166666666665,33.8,0.42
2570767,K06280.01,0,1.89124453,132.6958,0.21166666666666667,31.0,1.19
2571075,K06281.01,0,1.89134201,132.6744,0.19475,128.9,0.92
2576692,K06282.01,0,87.87826191,194.105106,0.5339083333333333,339056.0,110.85
2580872,K06283.01,0,15.926632768,145.5519669,0.3095366666666667,271858.0,57.95
2583777,K06284.01,0,0.958116585,132.052919,0.0979,2374.1,49.16
2693092,K06285.01,0,39.841522897,168.1412318,0.36626000000000003,143685.0,116.52
2708156,K06286.01,0,1.891268461,132.6833032,0.3437325,641910.0,399.93
2708172,K06287.01,0,1.89114441,132.7545,0.3635,49.9,6.57
4375101,K06411.01,0,61.25964956,140.698649,0.5074041666666667,233258.0,54.72
4380283,K06412.01,0,0.872359598,132.0311474,0.15604666666666667,267053.0,67.08
4384793,K06413.01,0,374.318792,431.5127,0.24833333333333332,1541400.0,243.21
4445630,K06414.01,0,5.627911313,133.1491782,0.29509291666666665,434329.0,81.61
4446411,K06415.01,0,0.62927655,132.015321,0.04040833333333333,839.5,4.64
4454219,K06416.01,0,1.22578134,131.6062,0.09312499999999999,99376.0,53.32
4456622,K06417.01,0,0.751408792,131.948266,0.095725,17481.0,41.48
4482738,K06418.01,0,0.866344816,132.06358,0.07995,233.6,6.85
4484312,K06419.01,0,2.24294107,133.47862,0.1055,39.4,0.75
5174920,K06535.01,0,0.950487062,131.73468,0.1220125,11.5,1.35
5181455,K06536.01,0,5.579631021,133.5534687,0.1411025,118321.0,90.32
5193386,K06537.01,0,21.37831102,157.804933,0.9048916666666666,80571.0,97.23
5196851,K06539.01,0,0.541396363,131.5974,0.09933333333333333,181.0,2.04
5199978,K06540.01,0,0.550509602,131.86731,0.04931666666666666,123.5,5.02
5211470,K06541.01,0,2.404293523,132.755943,0.1860375,8150.9,888.7
6147573,K06669.01,0,25.836831272,137.3641956,0.2634170833333333,145045.0,50.72
6152521,K06670.01,0,0.94895231,131.85772,0.16466666666666666,57.7,2.51
6185717,K06671.01,0,11.702203927,139.4312652,0.11465541666666665,28998.7,57.95
6205460,K06673.01,0,3.722775537,136.515472,0.5971208333333333,107594.0,90.36
6206751,K06674.01,0,1.245342215,132.220019,0.18346166666666666,234086.0,90.34
6207053,K06675.01,0,0.604755462,131.84831,0.05725416666666667,334.5,1.29
6220470,K06677.01,0,8.144135648,136.5054788,0.37036499999999994,87880.8,56.52
7031132,K06804.01,0,0.566795196,131.80925,0.09083333333333334,14.8,0.35
7031732,K06805.01,0,0.566798827,131.81946,0.15258333333333332,34.9,0.52
7031767,K06806.01,0,0.56678012,131.8499,0.13570833333333332,27.6,0.49
7031948,K06807.01,0,0.566800113,131.81731,0.138125,104.0,0.58
7031992,K06808.01,0,0.56679293,131.83103,0.15891666666666665,101.1,0.86
7032117,K06809.01,0,0.566809491,131.79695,0.1315,69.5,0.55
7032174,K06810.01,0,0.566799218,131.81553,0.176125,18.2,0.79
7032383,K06811.01,0,0.566797404,131.83652,0.17120833333333332,69.4,0.64
7943535,K06935.01,0,4.719336335,133.514832,0.11824458333333333,12367.1,91.91
7947631,K06936.01,0,1.258274109,132.7042523,0.08019458333333333,14159.9,25.98
7950775,K06937.01,0,8.966610607,138.5745618,0.16745125,59618.5,56.94
7955301,K06938.01,0,15.32763411,134.92291,0.2527583333333333,17749.0,291.01
7960295,K06939.01,0,2.10413487,132.63638,0.1761208333333333,321239.0,67.03
7960547,K06940.01,0,6.767341062,135.2655184,0.18717208333333335,244952.0,52.84
7967100,K06941.01,0,1.92730001,132.36067,0.7838333333333334,6177.1,45.99
8610483,K07068.01,0,48.79936881,160.196299,0.3670304166666667,324547.0,67.36
8618226,K07070.01,0,5.882036054,131.7687637,0.21513583333333333,238518.0,119.09
8621026,K07071.01,0,4.059428737,133.1885651,0.21955249999999998,245217.0,67.38
8690001,K07075.01,0,19.35954117,134.25201,0.5352666666666666,386979.0,101.44
9597854,K07201.01,0,1.287097944,132.37957,0.08083333333333333,106.1,0.89
9602431,K07202.01,0,3.5565617,133.522,0.27879166666666666,68.0,0.52
9602538,K07203.01,0,3.55646511,133.5549,0.19666666666666666,46.1,0.56
9630640,K07204.01,0,3.661895766,132.5316735,1.4848916666666665,35477.1,374.78
9635529,K07206.01,0,2.35195525,131.9168815,0.24953458333333334,212828.0,59.62
9637299,K07207.01,0,1.882438182,132.7396834,0.14612291666666666,344205.0,74.77
10490960,K07335.01,0,5.682410334,133.6376552,0.22223874999999998,220418.0,72.9
10491031,K07336.01,0,2.199069234,133.0633498,0.26276916666666666,225250.0,118.99
10535807,K07337.01,0,1.481655821,132.699429,0.14547083333333333,59134.0,59.19
10535858,K07338.01,0,0.93370968,131.5714,0.1398333333333333,62.2,0.38
10547685,K07340.01,0,1.388509353,131.786298,0.11867125,37637.5,52.43
10549576,K07341.01,0,9.089355023,139.083714,0.26669166666666666,101478.0,68.91
10552700,K07342.01,0,0.94808587,131.93348,0.3345833333333333,229.8,37.72
11619964,K07466.01,0,10.368552685,132.718439,0.18244916666666666,153233.0,61.14
11651105,K07468.01,0,13.8602646,139.4033,3.0941666666666667,481.1,19.71
11662440,K07469.01,0,13.639480425,144.531439,0.13017583333333332,81103.0,44.0
11704044,K07472.01,0,6.882686062,134.052302,0.22805124999999998,373662.0,60.49
11706658,K07473.01,0,1.407937865,132.26921,0.06604166666666667,50793.0,19.09
2708445,K06288.01,0,1.89117723,132.7285,0.2910833333333333,176.2,164.49
2708614,K06289.01,0,52.884577,147.01058,0.3288333333333333,11969.0,48.13
2711114,K06290.01,0,1.429439352,132.74659,0.10099999999999999,3367.1,54.36
2720354,K06292.01,0,2.821328194,131.680097,0.20945499999999997,64776.0,40.0
2852560,K06294.01,0,11.961308501,131.9131819,0.19339166666666666,310679.0,51.58
2856960,K06295.01,0,204.280255,164.7235,1.55,10579.0,8.99
4484356,K06420.01,0,0.572079631,132.0189884,0.09492124999999998,127786.0,29.45
4489844,K06421.01,0,0.822314545,131.7125281,0.13905833333333334,32.7,0.54
4540632,K06422.01,0,31.005392846,150.8616525,0.12804166666666666,560314.0,141.82
4544623,K06423.01,0,2.189097,132.0841,0.24033333333333332,3001.0,13.92
4565985,K06424.01,0,17.51191534,134.39065,0.2365833333333333,728.8,52.64
4569590,K06426.01,0,41.3701638,166.1673,1.2189166666666666,6907.1,59.95
4574310,K06427.01,0,1.306220168,132.1122056,0.21438291666666667,481370.0,83.16
4575824,K06428.01,0,631.632,239.8779,0.6720833333333333,295.1,1.56
5216727,K06543.01,0,0.756511623,131.9298652,0.11742999999999999,41596.1,77.4
5218014,K06544.01,0,10.845286549,138.334343,0.18281666666666666,7473.8,319.52
5255552,K06545.01,0,32.45541269,137.607894,0.3072333333333333,136386.0,23.48
5266937,K06547.01,0,5.917085496,132.900327,0.9897708333333333,563292.0,75.86
5269407,K06548.01,0,0.958871144,131.6864267,0.11431708333333332,232350.0,45.91
5271803,K06549.01,0,0.5402463,131.5521,0.5804166666666666,1148.0,6.2
5272571,K06550.01,0,1.288046428,132.00088,0.15154166666666666,32.3,2.18
6228703,K06678.01,0,4.200206781,134.6578,0.21747833333333333,82364.4,105.07
6231401,K06679.01,0,6.091954982,137.5877592,0.15020083333333334,36700.0,26.96
6279823,K06681.01,0,485.52409,307.5674,0.45999999999999996,4147.0,6149.09
6283224,K06682.01,0,0.76647343,132.034804,0.10264374999999999,199901.0,42.33
6285094,K06683.01,0,5.2439783,132.6829,0.4208333333333333,93.5,1.03
6285396,K06684.01,0,5.2436639,132.6741,0.43875,93.5,0.88
6285397,K06685.01,0,5.2438269,132.6874,0.34312499999999996,128.6,0.76
7032968,K06812.01,0,0.56678702,131.849,0.12808333333333333,7.5,0.27
7033713,K06813.01,0,2.19642864,133.4945,0.20554166666666665,99.5,0.79
7033748,K06814.01,0,2.19635512,133.515028,0.4022983333333333,266552.0,82.04
7049486,K06815.01,0,26.718417546,138.0518033,0.33923125,72975.7,66.69
7050754,K06816.01,0,0.615787196,131.71405,0.12779166666666666,110.6,3.5
7090801,K06817.01,0,548.08441,367.3828,0.7358333333333333,560.0,2.35
7097571,K06818.01,0,2.213964145,132.565776,0.28165833333333334,123355.0,57.06
7970629,K06942.01,0,1.025534511,132.4990072,0.14668666666666666,110948.0,43.68
7970760,K06943.01,0,7.64941291,132.1070518,0.27372291666666665,236246.0,53.4
7971389,K06944.01,0,13.174807933,136.4631739,0.14057999999999998,71070.9,51.06
7976136,K06945.01,0,0.655094658,131.78278,0.256625,372.0,26.41
7976435,K06946.01,0,3.33287187,133.4408645,0.2970833333333333,nan,nan
7985167,K06947.01,0,0.692239369,131.584611,0.12130041666666666,62962.0,67.05
7987749,K06948.01,0,17.030857558,145.542727,0.17679499999999998,77832.4,73.8
8700506,K07077.01,0,43.797829003,172.60192,0.32095375,415020.0,93.43
8701327,K07078.01,0,4.254417651,133.8376474,0.27309833333333333,294547.0,133.79
8711548,K07079.01,0,18.778162159,149.6776416,0.337575,488408.0,127.57
8713828,K07080.01,0,1.25451792,131.7413568,0.11,nan,nan
8719897,K07081.01,0,1.575710265,131.692741,0.28491124999999995,173954.0,246.75
8736245,K07082.01,0,2.534740757,133.477837,0.20208874999999998,364349.0,52.52
8738115,K07083.01,0,37.59406667,168.578815,0.3747625,28617.7,43.08
8739209,K07084.01,0,3.6972959,131.753,0.8889583333333333,19.7,1.07
8746310,K07085.01,0,6.855624762,136.0224296,0.12591625,70873.0,33.93
9640921,K07210.01,0,80.7060641,139.436835,0.28707916666666666,11851.5,15.47
9640921,K07210.02,0,2.17814513,132.02979,0.09670833333333334,136.0,1.22
9641031,K07211.01,0,1.089077111,132.024245,0.16180833333333333,304072.0,77.59
9641103,K07212.01,0,1.089057762,132.03859,0.06820833333333333,37.4,0.44
9644411,K07213.01,0,0.379412331,131.61159,0.06504166666666666,594.0,1.59
9644683,K07214.01,0,0.585940879,131.705742,0.1957458333333333,1943.6,26.57
9652166,K07216.01,0,0.646523404,131.6881,0.16320833333333332,25.2,0.85
10556578,K07343.01,0,0.626431697,131.899296,0.08404583333333333,37224.0,34.05
10583181,K07344.01,0,2.696354974,132.9926416,0.22482708333333334,245988.0,80.71
10592163,K07346.01,0,14.762889172,133.7747853,0.27196041666666665,79329.6,53.72
10597164,K07347.01,0,4.5638537,133.2096,0.54375,71.9,2.97
10601538,K07348.01,0,1.463775066,132.80636,0.03970833333333333,45.1,1.2
10601579,K07349.01,0,8.098754149,134.775324,0.23431416666666666,56616.3,123.02
10613718,K07350.01,0,0.587938916,132.057929,0.058421249999999994,7339.5,29.98
8557246,K07895.01,0,246.87131,220.3739,0.4454166666666666,433.6,2.02
11709022,K07474.01,0,0.71957289,131.98038,0.07458333333333333,nan,nan
11724091,K07475.01,0,1.559090282,131.7719964,0.20633791666666668,226981.0,129.87
11757422,K07476.01,0,1.81993557,132.52714,0.10125,109.1,0.66
11763910,K07477.01,0,0.612888148,131.96372,0.11758333333333333,43.1,0.93
11768970,K07478.01,0,15.541358818,141.9557755,0.10184708333333332,10308.2,149.19
11775530,K07480.01,0,12.8177012,143.6091,0.14437499999999998,75.6,1.21
11811454,K07481.01,0,2.274628199,132.0170362,0.18860333333333335,103972.0,104.26
8560280,K07896.01,0,85.338393,215.564,0.35416666666666663,633.0,11.4
2860594,K06296.01,0,5.499941793,132.816764,0.4712333333333333,47751.3,59.94
2860788,K06297.01,0,2.629870555,132.067717,0.27525,101310.0,34.05
2969638,K06298.01,0,1.97362159,131.90168,0.13708333333333333,nan,nan
2973509,K06300.01,0,6.62761199,132.5466377,0.2563670833333333,227141.0,82.03
2998124,K06302.01,0,28.597880332,152.9842901,0.3216354166666666,85951.6,74.25
3098194,K06303.01,0,30.476518853,136.972882,0.4261,326626.0,71.42
4578594,K06429.01,0,252.1638623,191.470778,0.9966666666666667,103788.0,50.74
4587448,K06430.01,0,2.23416013,131.7973,0.08833333333333333,nan,nan
4633434,K06431.01,0,22.271198511,134.7601462,0.1910825,179042.0,39.79
4661634,K06432.01,0,73.894163515,159.9005068,0.39541458333333335,213900.0,39.18
4665989,K06433.01,0,1.124033822,131.62878,0.2322,247561.0,98.04
4671584,K06434.01,0,2.796661168,134.032331,0.14075416666666665,2363.8,47.68
4678171,K06435.01,0,15.288709179,132.8060911,0.20848583333333331,512474.0,54.56
4681152,K06436.01,0,1.83592242,132.077813,0.24975833333333333,30745.9,46.3
4725292,K06437.01,0,1.15495063,132.34528,0.09625,nan,nan
5282656,K06551.01,0,1.516372183,131.83387,0.051625000000000004,93.8,1.06
5284133,K06552.01,0,8.784575777,134.6752148,0.22092499999999998,262984.0,104.57
5285607,K06553.01,0,1.949700508,132.4267375,0.1812558333333333,38119.2,56.11
5286786,K06554.01,0,9.948701373,138.55412,0.137175,2749.5,29.19
5288543,K06555.01,0,3.457078812,131.8058069,0.21835749999999998,315517.0,86.12
5294739,K06556.01,0,3.735993484,135.062493,0.7286541666666666,617987.0,571.07
5298620,K06558.01,0,12.4239677,141.676,0.6670833333333334,162.4,0.87
5300878,K06559.01,0,0.639721284,131.8546732,0.11240458333333332,465918.0,46.59
6292732,K06686.01,0,1.25338826,132.6307,0.15949999999999998,44.7,0.64
6311637,K06688.01,0,1.620813697,132.727367,0.24986666666666668,121323.0,43.95
6364126,K06690.01,0,5.2434664,132.7707,0.7695833333333333,119.4,2.83
6364195,K06691.01,0,5.2439542,132.6525,0.4091666666666667,143.8,0.81
6364200,K06692.01,0,5.2441517,132.6668,0.40374999999999994,90.1,0.91
6364247,K06693.01,0,5.2443332,132.6164,0.46950000000000003,29.9,0.58
7105574,K06820.01,0,20.726069913,143.201391,0.2697470833333333,118864.0,51.9
7115200,K06821.01,0,0.566801447,131.79977,0.09799999999999999,16.2,0.57
7115332,K06822.01,0,0.566794934,131.84569,0.18329166666666666,68.9,1.15
7115463,K06823.01,0,0.566800287,131.815992,0.14529166666666665,73.9,0.88
7115597,K06824.01,0,0.566791946,131.8145,0.11541666666666667,125.7,1.54
7115878,K06825.01,0,0.566790294,131.83481,0.15170833333333333,64.0,0.89
7116043,K06826.01,0,0.566799725,131.8211,0.17070833333333335,46.7,0.77
7116226,K06827.01,0,0.566801325,131.82499,0.174,92.1,1.07
8008128,K06950.01,0,14.854415674,136.5597829,0.21406375,77410.4,29.77
8009500,K06951.01,0,38.47674409,150.5742128,0.21281,173168.0,33.8
8013289,K06952.01,0,10.643110689,140.1691798,3.671325,316.3,31.72
8016214,K06953.01,0,1.587485742,132.138538,0.32287083333333333,246568.0,41.52
8027902,K06955.01,0,1.79621807,131.54732,0.42333333333333334,47.0,1.54
8039925,K06956.01,0,20.2594232,141.4275,0.8029166666666666,82.6,1.23
8081389,K06958.01,0,1.489442254,132.0042975,0.22974666666666665,417901.0,115.45
8750094,K07086.01,0,1.12679793,132.2757,0.5032916666666667,227.2,21.07
8758161,K07087.01,0,0.998217563,131.8142317,0.16285458333333333,87567.2,88.64
8767034,K07089.01,0,0.58640848,131.55583,0.109,61.3,0.48
8773948,K07090.01,0,33.46947449,154.008513,0.4953083333333333,164608.0,127.38
8784288,K07091.01,0,1.827558898,132.26554,0.19700333333333334,314683.0,118.28
8804358,K07092.01,0,62.519211,146.4454,0.105125,277.6,1.9
8508493,K07890.01,0,349.85525,285.6453,0.22583333333333333,842.0,2.63
9652632,K07217.01,0,2.488812012,132.1282609,0.24771791666666665,131002.0,83.26
9655424,K07218.01,0,0.51811818,131.646,0.016537499999999997,99.0,1.09
9657636,K07219.01,0,542.52829,278.392,0.4608333333333333,75.2,1.07
9665503,K07221.01,0,11.567974732,137.3409726,0.24858125,416030.0,45.65
9673173,K07222.01,0,21.294733865,147.0967696,0.31672625,123177.0,71.55
9711751,K07225.01,0,0.855763492,132.351325,0.15181708333333332,131660.0,72.82
10619109,K07351.01,0,2.045166206,132.3655682,0.28513,263637.0,131.41
10646620,K07352.01,0,2.41349123,133.5687,0.4704166666666666,57.0,2.11
10649230,K07353.01,0,0.447820618,131.833123,0.017495833333333332,58.3,1.42
10661913,K07355.01,0,1.23133063,131.82495,0.15416666666666667,78.9,0.54
10661976,K07356.01,0,0.61566096,131.8348,0.11120833333333333,13.9,0.84
10662021,K07357.01,0,1.23140522,131.7715,0.13908333333333334,51.3,0.81
8560927,K07897.01,0,31.9714488,133.8889,0.355,42.9,0.87
11817750,K07482.01,0,9.762550001,131.671965,0.20313791666666664,41579.9,68.93
11855538,K07485.01,0,2.521265,132.848,0.11208333333333333,36.5,1.16
11858541,K07486.01,0,5.674353343,135.7548264,0.17405083333333332,36484.5,51.63
11873166,K07487.01,0,0.734426335,131.931739,0.11422916666666666,99056.0,51.42
11873171,K07488.01,0,0.734426409,131.92972,0.06537499999999999,94.1,0.98
3102024,K06304.01,0,13.782522208,139.480567,0.3449008333333333,248937.0,41.84
3110937,K06305.01,0,1.89121656,132.7016,0.21416666666666664,66.8,0.73
3115480,K06306.01,0,3.693702974,135.194906,0.14047749999999998,25208.0,62.55
3120320,K06307.01,0,10.265613245,136.4886955,0.23648041666666667,150465.0,61.45
3127817,K06308.01,0,2.163569702,132.936317,0.31706791666666667,54518.0,85.64
3228740,K06309.01,0,0.730956716,132.21412,0.087375,27.8,0.57
3230206,K06310.01,0,7.04715073,132.7471,0.05975,282.5,1.54
3230227,K06311.01,0,7.047106212,132.75015,0.13175958333333332,69626.0,119.64
4729553,K06438.01,0,0.961292561,121.4629897,0.19345583333333333,325530.0,92.55
4736208,K06439.01,0,63.68192888,167.547736,0.5251958333333333,341717.0,71.45
4737302,K06441.01,0,9.455586047,133.670388,0.35094666666666663,115171.0,178.47
4739194,K06442.01,0,1.246585716,132.0206985,0.19252125,406770.0,81.28
4739565,K06443.01,0,0.898932836,131.81613,0.10154166666666666,61.1,1.51
4740688,K06444.01,0,3.45423296,131.71294,0.12354166666666666,149.8,0.95
4753988,K06445.01,0,7.304451735,135.0252768,0.1705525,143628.0,59.02
4757331,K06446.01,0,1.181046137,132.122922,0.11217916666666666,52609.0,37.78
5301955,K06560.01,0,0.68396452,131.7130275,0.05416666666666667,nan,nan
5306862,K06561.01,0,2.025580416,131.864175,0.18685333333333332,44998.1,43.23
5307574,K06562.01,0,58.64379,156.9092,1.0183333333333333,182.1,1.05
5308778,K06563.01,0,20.28281916,137.05176,1.502,2797.5,22.46
5310435,K06564.01,0,4.931365987,133.153013,0.6128666666666667,255953.0,139.59
5343976,K06565.01,0,4.331392455,134.7274476,0.155325,200403.0,38.82
5347537,K06566.01,0,345.1846728,228.840845,0.2727833333333333,29988.7,44.91
5347784,K06567.01,0,9.58405667,138.8710106,0.28447999999999996,119630.0,99.66
6364294,K06694.01,0,5.2436612,132.7337,0.47458333333333336,88.3,1.1
6367439,K06695.01,0,3.7789374,132.1163,0.44862499999999994,56.0,0.48
6367628,K06696.01,0,1.88984957,131.910944,0.8104166666666666,249668.0,73.04
6384840,K06699.01,0,2.49904083,133.3698,0.11045833333333333,128.2,1.04
6386784,K06700.01,0,1.99567242,132.87321,0.14916666666666667,18.0,0.75
6390236,K06701.01,0,0.89879279,131.6716,0.04295833333333333,26.6,0.57
6421188,K06702.01,0,16.434352831,136.2884989,0.2148675,45699.5,25.25
7116236,K06828.01,0,0.566793818,131.8298,0.205375,100.3,1.17
7117513,K06829.01,0,0.566797474,131.8117,0.11283333333333334,98.8,1.04
7117541,K06830.01,0,1.585673651,132.013007,0.13365125,44116.4,50.53
7118545,K06831.01,0,14.797219157,144.6959608,0.31709875,252699.0,47.71
7125636,K06832.01,0,6.49066214,132.0676273,0.14463666666666666,195090.0,33.46
7128918,K06833.01,0,7.11879848,137.1575204,0.1713675,107665.0,41.17
7132015,K06834.01,0,6.99510404,136.6223392,0.07314999999999999,71.8,216.92
8088354,K06959.01,0,2.897829967,132.6047388,0.13241166666666665,163091.0,54.35
8094140,K06961.01,0,0.706428634,132.1461749,0.07299249999999999,372128.0,47.64
8094221,K06962.01,0,10.8632531,141.6569,1.5699999999999998,188.2,19.93
8097825,K06963.01,0,1.46842648,132.165432,0.277775,150998.0,40.3
8098300,K06964.01,0,4.305917719,132.3501939,0.23416375,361389.0,71.49
8098515,K06965.01,0,1.28659726,132.1114,0.14708333333333332,nan,nan
8104436,K06967.01,0,2.535389624,133.38659,0.12091666666666667,418.1,16.24
8822585,K07095.01,0,1.627538928,131.91531,0.232625,39.0,1.42
8823397,K07096.01,0,1.506503686,132.9914262,0.20922958333333333,477104.0,178.15
8841616,K07097.01,0,1.679585725,131.5600829,0.3061033333333333,101786.0,28.99
8845221,K07098.01,0,5.40346248,133.7451943,0.318725,261346.0,108.46
8848104,K07100.01,0,0.824851807,131.6271509,0.08068208333333332,30099.2,78.0
8848115,K07101.01,0,0.82484293,131.6424,0.057624999999999996,618.6,97.92
8868657,K07102.01,0,4.4473549,133.8362,0.7912499999999999,203.6,1.52
9762514,K07227.01,0,7.51509713,138.09408,0.10916666666666666,187.1,1.23
9762519,K07228.01,0,7.51514595,138.0800379,0.1477025,117463.0,35.8
9777062,K07229.01,0,19.230038188,132.5814956,0.293505,266180.0,186.53
9786821,K07230.01,0,21.120005744,150.128392,0.08565541666666666,13054.3,31.2
9790965,K07231.01,0,0.82206761,132.243022,0.15950416666666667,26189.8,91.21
9818732,K07233.01,0,45.035589512,132.633531,0.40975416666666664,404836.0,82.4
10685175,K07362.01,0,3.10197712,133.78902,0.29512499999999997,124.6,2.64
10686876,K07363.01,0,2.618414643,134.044367,0.20830125,200864.0,109.33
10686930,K07364.01,0,2.61844178,134.03782,0.13345833333333332,45.1,2.16
10711913,K07365.01,0,19.407958161,135.3915368,0.25403166666666666,142059.0,44.96
10732401,K07366.01,0,0.933747375,131.5199,0.24891666666666667,198.9,8.93
11906217,K07490.01,0,37.910213899,162.458419,0.12964666666666666,103474.0,29.45
11913052,K07491.01,0,3.74785307,134.17465,0.1435,145.9,9.04
11913071,K07492.01,0,3.747835042,134.1877331,0.22021625,188923.0,141.7
11918482,K07493.01,0,0.94754848,132.266431,0.07227916666666666,11348.0,224.79
11922648,K07494.01,0,1.75643185,132.0575,0.09987499999999999,51.6,0.58
11922782,K07495.01,0,1.756466865,132.030299,0.1990875,188219.0,87.4
11923819,K07496.01,0,33.159475806,159.8126411,0.37556375,222167.0,146.47
11959569,K07497.01,0,46.14869106,173.238091,0.7954999999999999,349630.0,114.2
11966557,K07498.01,0,60.2976774,161.854691,0.5940041666666667,315892.0,63.57
3241619,K06312.01,0,1.703347524,132.4680448,0.1376625,504406.0,47.62
3241662,K06313.01,0,1.70332915,132.47294,0.06929166666666667,98.5,0.86
3245000,K06314.01,0,20.413812,148.5092,0.24191666666666667,496.4,16.5
3247294,K06316.01,0,67.41958542,133.431122,0.3185416666666666,182171.0,49.46
3248332,K06317.01,0,7.363572395,138.70442,0.23977083333333332,129696.0,82.22
3323289,K06319.01,0,33.693201537,158.866724,0.31009125,508772.0,68.86
4758350,K06447.01,0,1.120997701,131.48486,0.4684583333333333,145.6,66.58
4758368,K06448.01,0,1.874967748,132.701553,0.41732916666666664,31525.9,378.99
4768756,K06451.01,0,2.40440112,133.1975,0.22875,27.1,0.42
4769824,K06452.01,0,21.926779,135.5453,0.41875,198.6,1.26
4773155,K06453.01,0,25.706001174,156.644215,0.4570416666666666,464960.0,67.11
4832273,K06455.01,0,501.90703,205.619,0.5179166666666666,306.9,1.83
5359678,K06569.01,0,3.115304946,133.1240488,0.203645,149524.0,61.66
5385469,K06571.01,0,12.422524,141.875,0.5645833333333333,33.9,0.86
5385647,K06572.01,0,12.4269264,141.4499,0.9094166666666667,126.6,1.66
5385667,K06573.01,0,12.4261809,141.5307,1.2120833333333332,92.2,1.88
5388229,K06574.01,0,0.61810542,131.74488,0.27775,12264.0,39.52
5389184,K06575.01,0,1.06995136,132.30469,0.05508333333333333,54.8,0.9
6421483,K06703.01,0,2.158398259,131.894054,0.3401375,93038.0,101.02
6421937,K06704.01,0,359.534371,218.68613,1.0085416666666664,5732.0,64333.8
6428942,K06706.01,0,534.86668,209.0227,0.34124999999999994,565.0,4.3
6437993,K06708.01,0,1.39797542,131.6767,0.3775,43.2,0.49
6442246,K06709.01,0,2.2127498,132.7452,0.12724999999999997,22.7,0.68
6443392,K06710.01,0,0.776976021,132.2745574,0.08141708333333333,21245.0,48.15
7137798,K06836.01,0,2.25353739,132.486708,0.23942583333333334,182828.0,96.65
7177553,K06837.01,0,17.99646148,139.5431461,0.19401583333333333,62755.2,114.45
7177892,K06838.01,0,1.386249249,132.742206,0.12462666666666666,47187.6,78.6
7185487,K06839.01,0,0.53482911,131.7369,0.041499999999999995,704.0,0.54
7198648,K06840.01,0,0.566799833,131.64094,0.23095833333333332,198.0,1.27
7199935,K06841.01,0,0.566795728,131.8148,0.11624999999999999,18.9,0.64
7200102,K06842.01,0,14.665759784,139.5741023,0.1524225,336981.0,67.17
7200225,K06843.01,0,0.566780836,131.8749,0.20570833333333333,60.9,0.75
8111622,K06968.01,0,15.44605962,145.5341274,0.1915125,330907.0,52.93
8112013,K06969.01,0,1.790518325,132.9384734,0.13942666666666664,61541.9,32.19
8123170,K06972.01,0,1.03905082,132.5348,0.12645833333333334,43.8,0.87
8123937,K06973.01,0,0.503201954,131.78436,0.006958333333333334,43.0,2.99
8128965,K06974.01,0,7.140373046,138.008012,0.2945966666666666,205256.0,61.56
8129189,K06975.01,0,53.647084859,152.97204,0.8312458333333332,219095.0,142.04
8878681,K07103.01,0,2.496328637,132.2054088,0.11379791666666667,20527.0,112.28
8879427,K07104.01,0,16.31328124,136.853981,0.18572124999999998,71589.0,30.85
8879915,K07105.01,0,1.721313779,132.5318957,0.14782,534625.0,83.69
8890996,K07107.01,0,1.50650745,132.98683,0.10924999999999999,27.8,1.13
8906676,K07108.01,0,8.209514329,134.0632157,0.17254333333333333,141387.0,149.52
8938628,K07109.01,0,3.431126546,133.593104,0.11660833333333333,40248.0,47.48
8940961,K07110.01,0,1.583334941,132.377894,0.18689166666666668,177074.0,52.0
9821078,K07234.01,0,8.429438192,132.2922535,0.16429416666666666,456346.0,49.49
9848420,K07237.01,0,7.9320191,136.4321,0.3408333333333333,125.1,1.04
9850387,K07238.01,0,1.374249107,131.662968,0.2215875,136655.0,96.85
9850912,K07239.01,0,8.4804737,135.834,0.25654166666666667,337.0,1.85
9852050,K07240.01,0,0.94242156,132.1165604,0.07874999999999999,nan,nan
9873869,K07241.01,0,4.994773558,136.1744922,0.18703874999999998,259761.0,62.69
10736223,K07367.01,0,1.105094098,132.5461998,0.18257958333333335,730498.0,267.59
10736489,K07368.01,1,6.842939,137.0596,0.11666666666666665,nan,nan
10743600,K07369.01,0,0.8170226,132.022858,0.12391666666666667,167696.0,57.56
10753734,K07371.01,0,19.40669392,149.807826,0.21990208333333333,464521.0,57.97
10794242,K07372.01,0,7.143708297,137.8041949,0.24310458333333332,202685.0,44.78
10794405,K07373.01,0,0.952377862,132.335117,0.17028749999999998,2122.3,28.44
10809677,K07374.01,0,3.521050679,134.218545,0.14717916666666667,4879.8,256.2
11967004,K07499.01,0,1.941635737,133.1097354,0.10278458333333332,69814.1,59.71
11968490,K07500.01,0,0.539445498,131.898299,0.09508749999999999,25302.2,68.65
11970288,K07501.01,0,20.7106853,134.03192,1.7807083333333333,1003.0,89.55
12004679,K07502.01,0,2.521245368,132.8563627,0.17667791666666666,418375.0,56.59
12004680,K07503.01,0,2.52122764,132.86973,0.09370833333333334,127.3,0.91
12004689,K07504.01,0,2.5212708,132.8596,0.11274999999999999,163.3,0.81
12013615,K07505.01,0,8.202869679,138.5109062,0.3040879166666667,345937.0,110.46
12022517,K07507.01,0,3.442714533,132.3912568,0.14001416666666666,60039.0,47.02
6307521,K01126.02,0,475.91706,588.8926,0.9524999999999999,967.3,28.22
7037540,K01347.02,0,0.858285844,131.87904,0.07495833333333332,43.4,0.9
4349442,K01803.03,0,6.238315363,134.3054225,0.10420833333333332,82.9,0.7
3327980,K06321.01,0,2.115510941,131.99122,0.30365416666666667,415163.0,191.42
3329643,K06322.01,0,1.015044104,131.56407,0.4580833333333333,158.2,1.98
3335816,K06323.01,0,3.711013336,132.4882537,0.13792666666666664,24989.1,55.69
3337438,K06324.01,0,2.97606298,132.9637,0.1718333333333333,72.2,5.65
3337548,K06325.01,0,2.97586085,133.0352,0.18804166666666666,105.9,0.85
3339538,K06326.01,0,14.658013949,140.4756141,0.12638166666666667,129645.0,121.59
3341934,K06327.01,0,18.839487435,137.7695421,0.23449875,182722.0,45.2
3343866,K06328.01,0,0.555973803,131.96589,0.05295833333333333,75.3,1.9
4839180,K06456.01,0,4.426344495,134.231165,0.24343125,276139.0,78.3
4840263,K06457.01,0,0.957823876,132.414882,0.15513333333333332,104692.0,110.91
4840818,K06458.01,0,5.024768971,133.120142,0.1593470833333333,53046.4,42.15
4847832,K06459.01,0,30.960216668,156.1595497,0.6429499999999999,340408.0,62.08
4851217,K06460.01,0,2.470283788,133.251861,0.32662916666666664,193828.0,157.82
4851338,K06461.01,0,1.23516416,131.99301,0.196375,64.6,0.92
4851356,K06462.01,0,1.23513471,132.0046,0.22666666666666668,42.8,0.7
4862332,K06463.01,0,0.8903331,131.5337,0.11012499999999999,134.1,20.96
4862625,K06464.01,0,20.000242814,134.82021,0.20850833333333332,13137.9,21.57
5393558,K06576.01,0,10.217121652,137.2457336,0.18151958333333332,205223.0,81.1
5397905,K06577.01,0,0.618060842,131.63533,0.07883333333333332,25.1,0.51
5444392,K06578.01,0,0.759764419,131.7927631,0.23854208333333332,393266.0,138.54
5460835,K06580.01,0,21.539269242,144.1542761,0.22184666666666666,143753.0,53.0
5462901,K06581.01,0,5.270733213,136.180853,0.115925,293637.0,37.93
5471010,K06583.01,0,12.4232158,141.7294,0.7362500000000001,261.5,1.3
6447326,K06711.01,0,4.3206933,131.8905,2.1116666666666664,147.9,1.66
6448768,K06712.01,0,16.486796364,131.6041706,0.29449875,48942.8,46.92
6449291,K06713.01,0,5.7768734,133.6218,0.24008333333333332,71.0,3.13
6449552,K06714.01,0,20.148807707,135.8116283,0.35523208333333334,526949.0,68.52
6452742,K06715.01,0,0.687772143,131.8669185,0.10696875,40368.3,46.27
6464285,K06716.01,0,0.843651274,131.9478111,0.11686166666666666,305452.0,39.98
6466939,K06717.01,0,1.142946648,131.9010021,0.14176416666666666,412554.0,43.5
6468938,K06718.01,0,7.217010987,135.4523674,0.18422916666666667,78713.8,89.71
8429014,K07885.01,0,9.72869627,140.71571,0.2345,252.2,42.47
7200301,K06844.01,0,0.566791802,131.81736,0.09166666666666667,49.3,0.66
7203179,K06845.01,0,2.245738777,133.2650421,0.3590120833333333,483487.0,99.05
7203194,K06846.01,0,2.24572117,133.26678,0.16166666666666665,48.2,0.74
7204073,K06847.01,0,0.566801906,131.79673,0.06774999999999999,89.7,0.55
7212722,K06848.01,0,2.316171991,132.311636,0.1679270833333333,251484.0,49.53
7280953,K06850.01,0,0.56680208,131.7056,0.05083333333333333,nan,nan
7281217,K06851.01,0,0.566810701,131.80761,0.2579166666666667,200.0,1.49
7281229,K06852.01,0,0.566813319,131.78768,0.15633333333333332,129.1,23.19
8143170,K06976.01,0,28.787257509,137.094192,0.581375,49618.4,91.26
8145789,K06977.01,0,0.835315046,131.9570817,0.10227041666666666,16876.4,30.54
8155584,K06979.01,0,26.0164225,157.37769,0.17403333333333332,41109.0,61.04
8158324,K06981.01,0,593.19521,333.732,1.0687499999999999,227.3,1.63
8162376,K06982.01,0,0.706430188,132.14208,0.05420833333333333,50.8,0.41
8953281,K07112.01,0,0.78430061,132.23164,0.123,254.7,1.14
8953426,K07113.01,0,2.665875491,131.6187983,0.31644208333333335,161389.0,67.43
8953475,K07114.01,0,2.6658312,131.627,0.24045833333333333,40.8,0.99
8957572,K07115.01,0,1.5765874,132.4469,0.6325,29.2,15.68
8973000,K07118.01,0,28.027891356,158.348172,0.7219541666666666,243231.0,31.3
9881258,K07242.01,0,2.028512246,132.8392103,0.20846208333333333,121562.0,50.28
9899153,K07243.01,0,1.33256167,132.0567,0.1559583333333333,59.5,0.63
9899193,K07244.01,0,1.332567821,132.0544581,0.14518333333333333,31.0,0.96
9899410,K07245.01,0,1.332545609,132.05755,0.16654166666666664,278.2,28.37
9899421,K07246.01,0,1.33256256,132.04698,0.12866666666666665,174.9,16.03
9899577,K07247.01,0,1.33258981,132.0364,0.166125,78.4,0.67
9899583,K07248.01,0,1.33258375,132.0362,0.17004166666666667,60.9,0.84
9906489,K07249.01,0,8.9648813,137.5394,2.5512499999999996,454.5,28.97
10816107,K07377.01,0,2.161583501,131.80273,0.16890416666666666,50163.0,29.61
10843431,K07378.01,1,8.7396758,136.5829,0.16108333333333333,1431.0,3.29
10847907,K07379.01,0,0.535493486,131.743209,0.10708333333333332,54.0,1.42
10849244,K07381.01,0,24.261683827,147.2417593,0.29840416666666664,192283.0,58.48
10857589,K07382.01,0,32.532521502,147.077355,0.5582958333333333,83468.4,24.35
12022718,K07508.01,0,4.627775175,133.390355,0.14199583333333332,5675.1,32.62
12053823,K07509.01,0,28.7850347,145.7978,0.08758333333333332,102.9,2.5
12071006,K07511.01,0,6.096030635,135.0308909,0.7688791666666666,901661.0,406.97
12105785,K07512.01,0,31.953038766,142.708054,0.33525416666666663,17703.4,47.96
12106875,K07513.01,0,5.9371708,135.957,0.20641666666666664,157.1,1.17
12157983,K07514.01,0,0.577844035,131.88058,0.17879166666666668,320.4,18.93
12164751,K07515.01,0,2.630090609,132.224741,0.5700708333333333,516932.0,83.5
12217907,K07516.01,0,43.204596783,146.5978539,0.626675,202488.0,43.15
10028352,K01957.02,0,1.75147897,132.47509,0.32875,76.7,1.8
3352751,K06330.01,0,3.495457889,132.083941,0.2908166666666666,114625.0,84.49
3427776,K06332.01,0,4.01668015,134.240703,0.09511666666666665,38007.0,22.11
3437739,K06333.01,0,1.89134156,132.6518,0.24545833333333333,68.4,0.99
3440230,K06334.01,0,2.881100027,134.238752,0.3932775,662832.0,446.29
3441340,K06335.01,0,0.806277023,131.78567,0.303125,70.8,0.89
3448323,K06336.01,0,0.513482156,131.75477,0.11383333333333334,91.6,0.83
4862625,K06464.02,0,225.66716,195.6621,0.6916666666666667,342.9,1.94
4863369,K06465.01,0,4.24748886,132.0562,0.1272083333333333,121.0,1.01
4863753,K06466.01,0,1.000012952,131.7614,0.050875000000000004,36.0,2.12
4902030,K06467.01,0,0.878803439,132.267269,0.11437624999999998,410723.0,51.97
4908495,K06468.01,0,1.560158562,132.368518,0.1427,240156.0,45.91
4912589,K06469.01,0,34.188302705,132.1423013,0.12549125,118440.0,74.5
4914709,K06470.01,0,8.65303996,136.66798,0.04545833333333333,497.0,1.88
4914737,K06471.01,0,8.65311903,134.30128,0.05304166666666666,206.8,0.85
5471141,K06584.01,0,12.4253812,141.5493,0.8242083333333332,115.3,1.14
5471328,K06585.01,0,12.42555999,133.96829,1.1701249999999999,2964.8,4.72
5471415,K06586.01,0,12.4257442,141.52382,1.2134166666666666,936.0,8.43
5471480,K06587.01,0,12.4254241,141.5418,1.0408333333333333,378.9,2.17
5475712,K06588.01,0,2.991884392,134.175892,0.31492916666666665,123880.0,40.11
5479973,K06589.01,0,1.795273026,131.870391,0.3051333333333333,125416.0,55.26
5513822,K06590.01,0,0.755109271,131.81838,0.109125,23.2,0.47
5513833,K06591.01,0,0.755101141,131.8211,0.14045833333333332,76.7,0.19
6471229,K06719.01,0,1.75251585,132.7544,0.14537499999999998,125.9,1.02
6471230,K06720.01,0,1.752450163,132.8015023,0.1260625,55.5,0.79
6521174,K06721.01,0,8.27923132,133.81711,0.09812499999999999,164.9,1.08
6521542,K06722.01,0,2.212877035,132.682428,0.1945670833333333,376200.0,69.18
6522353,K06723.01,0,0.845097627,132.12136,0.07804166666666666,86.5,0.78
6522750,K06724.01,0,17.445640466,135.7462627,0.2537358333333333,334158.0,63.46
6523216,K06725.01,0,14.313157391,138.2205171,0.37093166666666666,21566.9,34.98
6531485,K06726.01,0,0.676990194,131.8017098,0.07060791666666666,20505.9,37.5
6531801,K06727.01,0,0.515875396,131.7013,0.050416666666666665,1773.0,7.22
7281356,K06853.01,0,2.83401711,133.5005,0.24741666666666665,84.2,0.93
7281399,K06854.01,0,0.566803996,131.80782,0.141625,141.6,0.64
7281410,K06855.01,0,0.56681118,131.7883893,0.08583333333333333,nan,nan
7281616,K06856.01,0,0.566799927,131.83464,0.19624999999999998,145.1,0.77
7281699,K06857.01,0,0.566786121,131.8363,0.1418333333333333,81.8,0.79
7282008,K06858.01,0,0.56679797,131.841,0.187625,72.6,0.65
7285616,K06859.01,0,0.566802891,131.79487,0.07754166666666666,49.2,1.29
8178616,K06984.01,0,1.01884975,132.0857,0.13470833333333332,30.9,0.47
8183389,K06986.01,0,32.440339204,142.2555263,0.18790999999999997,287602.0,44.56
8192861,K06987.01,0,0.552141897,131.77199,0.20770833333333333,105.6,10.04
8193315,K06988.01,0,2.62387291,134.0049825,0.19218666666666664,232468.0,74.23
8195877,K06989.01,0,0.75509861,131.962107,0.11009583333333334,60334.0,60.74
8196180,K06990.01,0,3.671661096,132.0909174,0.17914458333333333,129243.0,105.82
8210721,K06991.01,0,22.673145675,138.145641,0.27635,65410.8,30.92
8977176,K07119.01,0,0.50948306,132.0386,0.13083333333333333,74.6,1.22
9001468,K07120.01,0,17.329965871,142.727156,0.3515883333333333,252721.0,42.58
9005854,K07121.01,0,1.890227354,131.678589,0.160625,112262.0,42.05
9007918,K07122.01,0,1.387206724,132.8469146,0.15938625,151432.0,103.41
9007953,K07123.01,0,1.38718209,132.8579,0.108125,45.5,0.68
9024857,K07124.01,0,35.026564845,160.6019871,0.12088374999999998,120249.0,34.88
9029486,K07126.01,0,3.138580493,132.330622,0.17347625,233337.0,59.24
9906802,K07250.01,0,9.26147679,135.1085808,0.07375,nan,nan
9906841,K07251.01,0,581.0723,371.0249,0.65875,1364.2,161858.0
9913481,K07253.01,0,3.50474265,133.319536,0.3452166666666666,88625.0,200.24
9913798,K07254.01,0,2.14344093,133.497247,0.1655875,133317.0,28.69
9934208,K07256.01,0,9.058487716,137.3378842,0.17263916666666668,127971.0,20.51
9936698,K07257.01,0,2.856085147,133.39298,0.19073333333333334,173843.0,88.52
10867017,K07384.01,0,0.876941133,132.26899,0.054,73.5,0.85
10909274,K07385.01,0,39.238141571,148.651652,0.2529929166666667,439208.0,90.93
10920813,K07386.01,0,53.7406575,209.294733,1.9686458333333334,116722.0,25.44
10923260,K07387.01,0,7.436016459,136.518226,0.17345166666666667,106527.0,31.39
10924400,K07388.01,0,0.750737313,131.82143,0.07133333333333333,38.8,0.48
10936427,K07390.01,0,14.361021578,138.842986,0.5537291666666666,459877.0,45.9
10937609,K07391.01,0,2.570431263,133.189517,0.22904125,76826.0,50.18
10965963,K07392.01,0,6.64024496,132.775862,0.2514545833333333,224329.0,74.4
12251779,K07517.01,0,14.844240386,134.2337694,0.28482375,83412.4,28.97
12268220,K07518.01,0,4.42158021,134.395447,0.43555,61032.0,188.89
12302391,K07519.01,0,25.321698729,139.687525,0.18556958333333332,119590.0,56.62
12306808,K07521.01,0,37.878483588,138.128618,0.44155,222232.0,46.42
12351927,K07522.01,0,10.116144515,139.9824969,0.11263083333333332,58143.5,17.21
12353633,K07523.01,0,0.684496369,131.92125,0.09429166666666666,28.4,1.12
12353720,K07524.01,0,1.953285321,133.1432,0.06983249999999999,1520.3,151.56
8565912,K07898.01,0,1.012174295,131.90835,0.19423749999999998,323029.0,114.4
2853828,K02896.02,0,346.36642,365.2864,0.6224999999999999,148.2,1.57
7008149,K02918.02,0,0.51554111,131.6708765,0.03625,nan,nan
3458919,K06337.01,0,0.892061734,131.815603,0.09346125,75590.0,46.75
3542573,K06338.01,0,3.471399214,133.7510303,0.2115445833333333,92284.9,89.62
3543270,K06339.01,0,4.176929219,133.197382,0.21667916666666667,70355.0,31.35
3544678,K06340.01,0,6.3762199,134.9584,0.09333333333333334,nan,nan
3556742,K06344.01,0,0.823014905,132.160787,0.14760833333333334,850.5,22.17
4917014,K06472.01,0,0.796815149,131.9743416,0.04469583333333333,55.9,10.23
4931073,K06473.01,0,26.951237675,150.923211,0.34478583333333335,86749.2,146.33
4932691,K06474.01,0,18.11208877,134.713916,0.2826166666666666,116633.0,96.62
4940201,K06476.01,0,4.408295716,134.280413,0.15103291666666666,37964.0,35.68
4946680,K06477.01,0,8.665259912,132.216249,0.12953333333333333,1840.6,82.42
4947726,K06478.01,0,4.726086185,132.9230889,0.1832470833333333,181820.0,41.38
4948863,K06479.01,0,8.643550046,139.8333977,0.13030416666666667,67298.6,38.21
5529501,K06592.01,0,1.51945182,132.5975,0.12291666666666667,13.7,0.5
5529560,K06593.01,0,0.759755409,131.79602,0.11391666666666667,70.0,0.91
5530881,K06594.01,0,5.082523739,132.9614122,0.210305,276277.0,61.88
5534476,K06595.01,0,1.02547271,131.6002,0.08316666666666667,27.0,0.94
5534702,K06596.01,0,1.025465924,131.6091403,0.15493374999999998,152685.0,106.84
5535280,K06597.01,0,74.985292949,146.1390004,0.25977125,105346.0,49.22
5553624,K06599.01,0,25.762056721,139.7346639,0.6195583333333333,447716.0,74.87
6543682,K06728.01,0,1.195516859,132.302869,0.2571733333333333,513813.0,75.54
6545018,K06729.01,0,1.995728294,132.839699,0.2681383333333333,251876.0,45.2
6548447,K06730.01,0,10.768391927,137.679347,0.5218833333333333,107382.0,52.8
6584167,K06732.01,0,0.733724504,132.02461,0.092,45.9,0.96
6591789,K06735.01,0,5.08840787,134.3553111,0.19883499999999998,386682.0,55.3
6593363,K06736.01,0,18.527824075,139.2576071,0.2452825,76231.1,64.66
7336754,K06861.01,0,12.155241119,133.7671874,0.28514708333333333,85531.5,34.62
7350067,K06863.01,1,4.48559215,135.43172,0.03400416666666667,2265.0,0.95
7362534,K06864.01,0,0.566789763,131.81846,0.16699999999999998,25.4,0.4
7362632,K06865.01,0,0.566811926,131.79708,0.17420833333333333,82.6,0.91
7365447,K06866.01,0,2.525386934,133.913493,0.15483875,124878.0,67.24
7366036,K06867.01,0,0.566801506,131.7969,0.07241666666666666,29.5,0.62
7366065,K06868.01,0,0.566803738,131.79343,0.07700416666666667,100.6,1.13
8211521,K06992.01,0,1.69421771,132.006,0.17337499999999997,91.1,0.74
8229048,K06995.01,0,2.739477089,131.930634,0.13259541666666666,32096.1,50.48
8231877,K06996.01,0,1.307761491,131.777769,0.09261291666666667,13941.0,29.17
8234477,K06997.01,0,4.028671454,133.9542149,0.33843874999999995,113967.0,52.42
8240109,K06998.01,0,2.30118753,132.193218,0.32589999999999997,87537.0,140.23
8240861,K06999.01,0,0.449249224,1472.522306,0.1981875,419437.0,95.83
9049010,K07127.01,0,0.687004402,131.86316,0.15954166666666666,93.7,2.89
9083503,K07128.01,0,0.91839938,131.6132,0.18662499999999999,152.1,1.0
9093566,K07130.01,0,0.94356284,132.3272,0.238375,13.4,0.76
9098590,K07131.01,0,2.243569483,133.7306188,0.17282041666666664,66328.2,21.11
9098810,K07132.01,0,8.258181993,131.5010463,0.1630083333333333,311858.0,58.19
9101208,K07134.01,0,1.81139053,132.9689,0.36,77.5,14.47
9944421,K07260.01,0,7.09520543,135.3715105,0.15376833333333334,232683.0,50.23
9945280,K07261.01,0,0.651731691,131.751463,0.10250833333333333,20524.2,71.9
9953736,K07262.01,0,0.50818743,131.63064,0.14304166666666665,54.9,1.26
9958053,K07263.01,0,2.73398963,133.755464,0.06333333333333332,nan,nan
9963009,K07265.01,0,40.069674617,153.018227,0.38985000000000003,41865.1,27.38
8545603,K07893.01,0,55.884827,140.6478,0.09512499999999999,497.6,2.11
10976412,K07393.01,0,3.75938475,134.13833,0.049499999999999995,133.1,3.1
10979716,K07394.01,0,10.6840477,134.084445,0.14645833333333333,81901.0,26.43
10982373,K07395.01,0,2.00280845,132.06909,0.05083333333333333,nan,nan
10987439,K07396.01,0,10.67459836,138.8847317,0.15946083333333333,16676.0,68.58
10989032,K07397.01,0,2.305097141,133.705069,0.08074166666666666,5880.0,89.22
10991989,K07398.01,0,0.974477904,132.370903,0.11243083333333333,8846.9,618.37
10992733,K07399.01,0,18.525917446,144.1948764,0.24606666666666666,455661.0,64.42
12356746,K07525.01,0,0.502454299,131.9221686,0.09647791666666666,37454.3,43.95
12356914,K07526.01,0,27.308150159,143.504361,0.1849608333333333,388005.0,47.06
12365000,K07527.01,0,1.262742487,132.19792,0.0726375,15911.0,134.45
12365015,K07528.01,0,0.59586463,131.9392,0.0625,nan,nan
12367017,K07529.01,0,1.222127938,131.81559,0.09422083333333332,2486.5,30.32
12367310,K07530.01,0,8.627475562,139.9908385,0.19396041666666666,36784.3,188.55
12403968,K07531.01,0,0.589753355,131.83147,0.025249999999999998,216.0,1.03
12418662,K07532.01,0,2.751566365,131.562267,0.21834583333333335,72609.0,42.98
12418816,K07533.01,0,0.760935268,131.6357605,0.11542625000000001,370600.0,35.68
9959492,K03051.02,0,1.33258772,132.0314,0.216125,70.8,1.13
3558803,K06345.01,0,1.353414369,131.67312,0.5589999999999999,610.2,216.31
3634169,K06346.01,0,2.9590637,133.9227,1.2004166666666665,23.6,0.65
3644174,K06347.01,0,1.806631432,132.23663,0.04591666666666667,217.5,1.05
3655326,K06348.01,0,15.066491533,140.655427,0.2618833333333333,106051.0,88.56
3656322,K06349.01,0,1.831829703,132.53923,0.3037083333333333,40509.0,49.38
3656700,K06350.01,0,0.738527259,132.024142,0.050725,422.9,49.08
3659940,K06351.01,0,0.89627093,131.668052,0.09180416666666666,66994.0,43.47
4949027,K06480.01,0,1.06100327,132.5257,0.06979166666666667,95.9,0.94
4949214,K06481.01,0,0.922030594,132.076361,0.18195833333333333,13859.0,49.63
4950341,K06482.01,0,611.09299,134.3101,0.6341666666666667,270.0,1.53
4950557,K06483.01,0,24.714790706,149.4927345,0.21115666666666666,208732.0,112.24
5000179,K06485.01,0,3.6329347,131.88496,0.09583333333333333,nan,nan
5017058,K06486.01,0,1.161947482,132.2121368,0.1862025,129896.0,68.69
5018787,K06487.01,0,0.607191908,132.0195301,0.05423583333333333,17368.7,12.44
8345473,K07881.01,0,2.2502073,133.6127,0.09179166666666666,260.1,19.94
5598639,K06602.01,0,0.648775795,131.7459799,0.1811033333333333,108824.0,41.58
5610698,K06603.01,0,4.132521615,132.892463,0.5206208333333333,156249.0,93.1
5616489,K06604.01,0,410.88527,202.8127,1.0041666666666667,2059.6,200346.0
5621294,K06606.01,0,0.938905082,131.8411582,0.20852208333333333,358893.0,205.64
5621299,K06607.01,0,0.93891532,131.83424,0.08891666666666666,39.1,1.13
5622250,K06608.01,0,16.294213708,143.1937219,0.25070291666666666,174006.0,68.05
5632781,K06609.01,0,11.02520205,131.715631,0.5337375,429759.0,164.02
6594972,K06737.01,0,10.819169459,132.9864665,0.22927583333333335,437142.0,67.76
6595662,K06738.01,0,2.680514453,132.598382,0.13382416666666666,195748.0,48.86
6606282,K06740.01,0,1.053573674,132.428012,0.07088166666666666,3063.0,299.87
6606669,K06741.01,0,0.970085646,132.4088,0.04704166666666666,153.0,18.65
6607610,K06742.01,0,63.52017525,162.163605,0.7156624999999999,32548.4,77.1
6610219,K06743.01,0,11.300987626,801.4552005,0.43832916666666666,325703.0,97.12
6610433,K06744.01,0,0.92098747,131.87056,0.08499999999999999,nan,nan
7368103,K06869.01,0,2.182515126,132.354186,0.28505416666666666,114931.0,128.15
7369523,K06870.01,0,2.659418888,133.3208183,0.2910058333333333,305233.0,61.52
7376982,K06871.01,0,2.31610674,132.3383,0.13945833333333332,33.6,0.7
7381695,K06873.01,0,0.948683571,131.88901,0.06983333333333333,150.9,1.12
7385387,K06874.01,0,1.65546056,133.13661,0.14666666666666667,125.1,0.9
7385478,K06875.01,0,1.655472351,133.126106,0.21216541666666666,174198.0,125.25
7421876,K06876.01,0,4.50279037,134.1343,0.27999999999999997,nan,nan
8243263,K07000.01,0,1.759276227,132.0750778,0.13316041666666667,32091.2,40.79
8244295,K07001.01,0,1.09206792,132.1066,0.06858333333333333,105.9,0.74
8262223,K07004.01,0,1.613014741,131.7482916,0.18316416666666668,152120.0,157.33
8265520,K07005.01,0,6.2089181,136.6828,0.09549999999999999,1664.0,9.2
8265990,K07006.01,0,0.77996263,132.1472,0.140375,25.7,0.83
9119405,K07135.01,0,18.646323091,139.0920079,0.36887499999999995,231000.0,213.31
9156957,K07137.01,0,3.6673005,133.1255,0.14054166666666668,144.9,0.62
9159301,K07138.01,0,3.044771557,132.436907,0.4608041666666667,487818.0,231.93
9163674,K07139.01,0,0.773144492,131.6393074,0.16901791666666666,215961.0,107.13
9164788,K07140.01,0,2.66811113,133.5071,0.9370833333333333,48.3,1.53
9172506,K07141.01,0,50.440285363,149.90838,0.5083375,85309.1,51.5
9179531,K07142.01,0,3.255385289,132.498277,0.24790833333333331,158913.0,40.58
9963639,K07266.01,0,7.4185369,131.5282,0.060458333333333336,14.7,0.81
9965691,K07267.01,0,15.68434493,133.03069,1.852625,791.6,56.23
9971475,K07268.01,0,5.357409918,131.637601,0.17857583333333332,199157.0,124.05
10000490,K07269.01,0,1.400991827,132.453975,0.203325,64104.0,98.13
10014702,K07271.01,0,1.34062901,132.0803,0.12816666666666665,69.5,0.82
10020423,K07273.01,0,7.448375935,137.694513,0.17662166666666668,152666.0,34.37
11027270,K07401.01,0,0.533628226,132.00331,0.2405,81.8,2.41
11027722,K07402.01,0,0.678137665,132.138369,0.04196583333333333,885.0,30.37
11029877,K07403.01,0,2.069415479,132.645356,0.23830874999999999,16188.3,55.45
11071207,K07405.01,0,8.04963472,138.6541935,0.25020333333333333,279647.0,95.98
11073223,K07406.01,0,11.578946873,131.7977742,0.19322083333333331,299739.0,58.32
11076279,K07407.01,0,1.47258471,132.92769,0.1987020833333333,224011.0,123.25
11124509,K07409.01,0,4.446459958,135.730111,0.10658333333333332,5663.8,36.15
12470530,K07536.01,0,8.207257515,135.8249178,0.17659791666666663,391305.0,46.82
12504353,K07537.01,0,498.68845,556.5161,0.7449999999999999,548.3,2.44
12506342,K07538.01,0,1.22775105,132.56346,0.06675,327.6,1.0
12557713,K07541.01,0,7.214721393,132.498654,0.09852666666666667,46801.5,16.79
9730163,K02704.03,1,8.15275885,134.19046,0.07275,16536.0,2.44
2437112,K03461.02,0,3.18740907,132.8032,0.2579166666666667,137.5,0.81
8719324,K03716.02,0,10.23273611,139.5844258,0.06458333333333333,nan,nan
5471690,K04006.02,0,0.962815183,132.21629,0.10754166666666666,20.7,1.12
5078025,K04211.02,0,0.696290095,131.52676,0.1599583333333333,120.5,12.63
3746248,K06354.01,0,0.62240698,131.68393,0.049416666666666664,155.8,1.63
3757588,K06356.01,0,24.09002065,154.285323,0.46039166666666664,6782.2,9.39
3764411,K06357.01,0,4.4158933,132.9738,0.048125,191.1,1.42
3766353,K06359.01,0,2.666961614,133.719065,0.10322499999999998,7583.4,40.68
5019567,K06488.01,0,1.17430183,131.7601,0.3994583333333333,64.5,2.22
5021732,K06490.01,0,15.039464523,144.137252,0.224915,66876.8,51.71
5022440,K06491.01,0,3.693951168,133.61052,0.09389166666666666,28290.0,20.88
5022900,K06492.01,0,1.05680287,131.682,0.2395,82.3,0.83
5024126,K06493.01,0,0.787122102,131.73687,0.12916249999999999,596.8,20.76
5024268,K06494.01,0,2.15045295,132.32499,0.18554166666666666,169.1,24.27
5024372,K06495.01,0,0.561524348,131.79593,0.13899999999999998,34.1,0.43
5647638,K06611.01,0,1.21607873,132.4476,0.19524999999999998,29.4,1.92
5653126,K06612.01,0,38.49536985,152.84943,0.5363166666666667,93327.0,124.34
5686974,K06613.01,0,4.18224416,134.0885,0.2587083333333333,57.2,1.07
5696909,K06614.01,0,0.643002821,131.689685,0.04275333333333334,2671.5,36.82
5697628,K06615.01,0,1.95119541,133.3951,0.07945833333333333,59.7,0.47
5700330,K06616.01,0,53.220416998,138.5798799,0.7389333333333333,72895.3,55.22
6629156,K06747.01,0,0.71538172,131.5505,0.20833333333333331,nan,nan
6629588,K06748.01,0,2.264471713,131.518805,0.29917916666666666,187430.0,102.12
6636020,K06749.01,0,18.3602239,143.4753,0.09799999999999999,574.6,2.04
7431665,K06877.01,0,281.509095,171.52715,1.7067916666666667,5948.7,85.77
7455553,K06879.01,0,3.258249472,134.59656,0.109825,1643.5,79.23
7456521,K06880.01,0,552.8295063,484.260879,0.6702125,266298.0,56.89
7461314,K06881.01,0,0.773595312,132.08776,0.03254166666666666,93.0,0.96
7499571,K06883.01,0,533.6593,375.228,0.53375,533.5,1.92
7541502,K06885.01,0,44.827323809,173.4103489,0.28587625,237120.0,429.0
8285254,K07008.01,0,7.535894184,137.781231,0.3460791666666666,172126.0,24.64
8285970,K07009.01,0,0.562498925,131.750623,0.028095833333333334,420.1,2.88
8288719,K07010.01,0,0.755049082,132.1942347,0.08735124999999999,26067.9,30.47
8294484,K07011.01,0,1.012694226,132.44896,0.15007083333333332,108504.0,42.51
8296467,K07012.01,0,10.303356001,137.1682892,0.24943041666666665,520067.0,69.66
8301013,K07013.01,0,2.214029545,133.1692046,0.23510999999999999,349110.0,94.23
8302455,K07014.01,0,2.441988077,132.1323834,0.16438583333333334,95343.5,90.39
8302473,K07015.01,0,2.44200193,132.1295,0.13108333333333333,128.6,0.95
8311864,K07016.01,1,384.847556,314.97,0.41537499999999994,189.9,1.09
9181340,K07143.01,0,2.131225773,133.29978,0.22888333333333333,2337.1,35.68
9205993,K07145.01,0,1.219736039,132.12417,0.20394375,611523.0,135.43
9207508,K07146.01,0,2.015152464,132.1127635,0.34083208333333337,561687.0,132.05
9210828,K07147.01,0,0.82820657,131.581313,0.11264708333333334,118533.0,35.67
9236858,K07149.01,0,2.537081943,134.005172,0.20037624999999998,245319.0,67.96
9243795,K07150.01,0,14.443127448,139.3903174,0.34733249999999993,41685.3,92.28
9266285,K07151.01,0,5.61386908,132.572901,0.21156375,57385.6,34.24
10026136,K07274.01,0,9.080194398,136.8170208,0.34115708333333333,324573.0,76.4
10026457,K07275.01,0,9.93442075,132.874989,0.3259125,55965.0,34.03
10031409,K07276.01,0,2.071939672,132.8368962,0.18556958333333332,198766.0,75.64
10031526,K07277.01,0,8.5893644,132.0467,0.29062499999999997,179.3,1.21
10031808,K07278.01,0,8.589644815,132.0206787,0.3956120833333333,269518.0,140.07
10063044,K07280.01,0,1.009671584,131.5869372,0.1823995833333333,155117.0,125.31
11134079,K07410.01,0,1.260575815,132.0569049,0.09836,154278.0,29.91
11137061,K07411.01,0,1.88912273,132.953,0.17579166666666668,60.2,0.59
11144439,K07412.01,0,0.609125246,132.08281,0.027291666666666665,139.2,0.96
11147276,K07413.01,0,1.566528935,132.537255,0.13580416666666667,92511.0,49.66
11154043,K07414.01,0,4.52977632,136.1237,1.1146666666666665,1582.2,12.22
4548011,K04288.03,0,4.32744048,132.7835,0.189125,22.0,0.58
2852941,K04298.02,0,11.57958162,135.5195336,0.10291666666666667,nan,nan
9597729,K04417.02,0,0.87630504,131.95622,0.04625,170.9,22.24
3830820,K06360.01,0,15.582794732,135.112903,0.15695125,52760.0,14.0
3831523,K06361.01,0,1.529283907,131.4176092,0.5836458333333333,54.8,2.26
3834364,K06362.01,0,2.908454772,132.315694,0.10835416666666665,64325.0,40.85
3836413,K06363.01,0,1.540396094,131.996172,0.11684999999999998,55123.0,48.81
3836439,K06364.01,0,1.540395674,131.9963513,0.11673666666666667,70614.6,117.33
3838004,K06365.01,0,2.344138713,131.57589,0.018729166666666665,110.8,2.43
3851134,K06366.01,0,0.91849333,131.8481,0.09995833333333333,58.7,0.93
3851193,K06367.01,0,1.341078755,131.8392432,0.16103833333333334,112151.0,41.8
9595956,K07604.01,0,316.950146,280.9211479,0.22208333333333333,nan,nan
9655792,K07605.01,0,589.74851,241.6495,0.5308333333333333,462.4,2.03
9970396,K07606.01,0,235.2976173,219.44696,3.625541666666667,23052.8,82.92
10253638,K07608.01,0,7.4539297,137.33196,0.5920833333333333,nan,nan
10267121,K07609.01,0,36.136968,137.0578,0.6425,152.0,1.3
10341777,K07610.01,0,0.933746709,132.4539,0.143125,18.6,0.36
10407271,K07611.01,0,0.93376738,132.4404,0.16816666666666663,55.4,0.63
10471167,K07612.01,0,0.93374073,131.5337,0.179,147.6,0.84
10471174,K07613.01,0,0.93369659,131.5867,0.18516666666666665,81.4,0.78
10471345,K07614.01,0,0.9337473,132.4461,0.14358333333333334,64.6,0.6
11296798,K07615.01,0,677.35794,234.634,0.40408333333333335,322.4,7.12
11463950,K07616.01,0,4.0551242,134.6871,0.5,148.7,3.13
11621897,K07618.01,0,21.6817115,137.009,0.29916666666666664,73.5,0.89
12253534,K07619.01,0,466.08101,166.4321,0.9870833333333333,180.1,2.13
12304202,K07620.01,0,0.66573903,131.6585795,0.05291666666666667,nan,nan
9291039,K03230.02,0,3.796383639,135.2015074,0.36129583333333326,31.1,0.71
10155321,K04422.02,0,0.71059239,132.08465,0.205,280.6,3.92
4953173,K04676.02,0,3.36379289,132.9065,0.9874999999999999,136.3,44.77
6363560,K05270.02,0,0.907818056,131.91608,0.06995833333333333,29.5,0.55
7539174,K05397.02,0,297.71402,315.5437,0.558875,1374.5,45.69
7935997,K05447.02,1,3.87594316,134.84758,0.09641666666666666,58.6,0.68
10535708,K05801.02,0,0.93373761,131.53,0.137625,58.7,1.0
11453930,K05900.02,0,0.687739345,131.73999,0.007774999999999999,37.6,1.53
4737267,K06117.01,0,9.524076544,134.803805,0.43704583333333336,198399.0,151.0
5955321,K06140.01,0,11.637858887,136.885517,0.49521249999999994,427948.0,77.01
6182093,K06143.02,0,50.900813,150.314465,0.13749999999999998,nan,nan
10621666,K01636.02,0,14.5862195,135.2746,0.113875,202.2,1.17
5211470,K06541.02,0,0.938074536,132.26984,0.08174166666666666,575.9,417.01
6665064,K06751.02,0,0.698359996,131.7023,0.062329166666666665,774.1,28.97
3123418,K07542.01,0,563.94854,145.5541,0.6512916666666666,872.9,2.55
3458687,K07543.01,0,0.98376204,132.28418,0.4188333333333333,55.0,12.44
3749508,K07544.01,0,2.403704619,131.5641527,0.03719583333333333,110.6,27.04
3955867,K07545.01,0,33.65766894,178.48518,1.6994583333333333,15379.5,78.44
4074294,K07547.01,0,0.892988877,131.56303,0.10178333333333334,85.0,2.94
4380560,K07548.01,0,0.705816203,131.94499,0.23124999999999998,149.0,15.33
4384652,K07549.01,0,374.51648,430.92524,0.25366666666666665,907419.0,73.1
7697568,K01829.02,0,10.3482112,136.63763,0.08704166666666666,255.1,1.29
4483235,K07550.01,0,1.7609276,132.30263,0.21620833333333334,57.3,1.53
4662363,K07551.01,0,321.24194284,451.2907139,0.42333333333333334,nan,nan
4680745,K07552.01,0,1.463148937,132.34802,0.45999999999999996,168.0,15.82
4851195,K07553.01,0,374.514471,430.92258,0.2762083333333333,440516.0,139.55
5024414,K07555.01,0,1.525924746,132.69258,0.08145833333333333,74.1,8.86
5177065,K07556.01,0,1.25383162,132.6237,0.31999999999999995,12.9,0.47
5268955,K07557.01,0,12.82252496,137.3868282,0.7833333333333333,19268.0,20.12
5598645,K07560.01,0,0.648772102,131.74503,0.10891666666666666,31.1,2.6
5696518,K07561.01,0,0.96391996,132.3687769,0.12541666666666665,nan,nan
5908086,K07563.01,0,0.93705132,132.0238,0.2003333333333333,51.5,6.09
6307243,K07564.01,0,451.86579,254.8061,0.56125,80.0,1.85
6350522,K07565.01,0,491.52571,248.9249,0.5179166666666666,457.3,1.43
6385302,K07566.01,0,411.54039644,185.353922,0.7220833333333332,nan,nan
6508734,K07568.01,0,480.03759,318.4745,0.6770833333333333,717.4,1.14
6527050,K07569.01,0,0.87985197,131.7662713,0.05416666666666667,nan,nan
6590362,K07570.01,0,0.592618966,132.09892,0.033791666666666664,91.4,0.86
6628740,K07571.01,0,0.532854237,131.93754,0.134625,50.9,1.21
7031126,K07573.01,0,0.566802672,131.81511,0.14770833333333333,31.7,1.08
7031208,K07574.01,0,0.566796331,131.8335,0.21641666666666665,114.8,1.5
7031742,K07575.01,0,0.566785459,131.82998,0.12054166666666666,63.8,0.84
7032568,K07576.01,0,0.566792936,131.8166,0.11858333333333333,23.0,0.79
7032687,K07577.01,0,0.5668004,131.81997,0.158875,93.2,0.88
7115384,K07578.01,0,0.566793614,131.65376,0.23845833333333333,31.4,21.63
7116282,K07579.01,0,0.566798676,131.81422,0.11570833333333333,59.9,0.68
7116859,K07580.01,0,0.5667638,131.8674,0.07208333333333333,64.5,0.75
7133286,K07581.01,0,38.51077573,155.594831,1.6189916666666666,84633.4,18.68
7186259,K07582.01,0,4.23965309,132.9703967,0.13708333333333333,nan,nan
7214090,K07583.01,0,0.577910513,131.79797,0.05675,144.1,1.1
7281694,K07584.01,0,0.566807725,131.7888,0.09,31.5,0.94
7362450,K07585.01,0,0.566807422,131.81547,0.21449999999999997,26.1,1.13
8007262,K07586.01,0,1.345078434,132.04218,0.4245833333333333,3025.0,12.16
8106973,K07588.01,0,439.1076969,222.7449,1.0927458333333333,69792.0,24.7
8258103,K07590.01,0,0.594003994,132.07059,0.23154166666666667,25.4,1.55
8579684,K07594.01,0,2.08802799,132.08475,1.0007083333333333,70.8,1.93
8649876,K07595.01,0,10.4212788,140.6517,1.1867999999999999,148.0,36.9
8846809,K07597.01,0,0.778705577,131.64448,0.2685416666666667,54.5,59.33
8868686,K07598.01,0,4.44709107,133.9044,0.6995833333333332,40.5,0.96
9025662,K07599.01,0,293.70696,350.5928,0.4595833333333333,1575.0,6140.44
8572936,K02459.01,0,27.795762425,136.179877,0.6460666666666666,420329.0,81.48
9837578,K02937.01,0,20.733748565,132.8465918,0.26198875,417340.0,69.8
7821010,K02938.01,0,24.238241803,136.6165689,0.17361041666666666,461962.0,102.31
5473556,K02939.01,0,11.258825027,134.7384085,0.37329999999999997,196280.0,87.18
6504534,K03152.01,0,28.162612575,143.7174718,0.13315666666666665,37749.6,23.52
6307062,K03153.01,0,75.378956896,167.1066034,0.32098,539175.0,58.76
5652983,K00371.02,0,9.0584662,133.2317,0.26566666666666666,61.8,2.46
9092897,K07600.01,0,3.9169155,132.2130377,0.08791666666666666,nan,nan
9246715,K07601.01,0,342.55315723,337.516722,3.075283333333333,192887.0,830.99
9292130,K07602.01,0,362.747593,368.2357,0.6854166666666666,132.4,2.51
9541144,K07603.01,0,0.536650344,131.7073,0.11991666666666667,25.8,1.57
8757213,K07911.01,0,328.0485,301.5126,0.5729166666666666,398.0,2.22
8880003,K07914.01,0,1.72128752,132.5489,0.09858333333333333,58.5,0.65
8953296,K07916.01,0,0.784294574,132.2265109,0.17451291666666668,212526.0,87.26
8749844,K07909.01,0,361.51099,249.7333,0.20283333333333334,235.9,6.85
8962007,K07917.01,0,1.41435861,132.69838,0.09520833333333334,56.8,0.74
8703491,K07906.01,0,0.616343903,132.086508,0.0319,161.4,1.72
9079587,K07921.01,0,364.33929,183.3173,0.5619166666666666,1944.0,4.4
8703506,K07907.01,0,352.710091,251.1931,0.12087499999999998,1658.0,3.75
8590776,K07900.01,0,33.8938177,135.3496,0.08383333333333333,205.1,1.22
8761550,K07912.01,0,224.591055,208.7904,0.13466666666666666,125.2,2.17
8686761,K07904.01,0,374.93999098,137.9851608,0.7118708333333333,235.1,4.67
8873450,K07913.01,1,24.2783801,154.51325,0.19016666666666665,714.4,2.03
8750503,K07910.01,0,11.9283194,142.127,0.27875,182.5,0.98
8639155,K07902.01,0,0.603351522,131.98902,0.034824999999999995,164.1,3.91
9021047,K07919.01,0,31.97280045,261.76713,0.20416666666666666,2236.4,5.88
8587439,K07899.01,0,8.39140024,139.02864,0.049708333333333334,134.4,1.1
8712863,K07908.01,0,0.532493086,131.90244,0.089375,19.9,1.87
9079915,K07922.01,0,0.812678859,132.20817,0.035041666666666665,39.3,0.83
10208894,K08199.01,0,183.836254,149.3728,0.5453333333333332,1046.2,51.64
10214873,K08200.01,0,5.959695593,135.2739557,0.07659583333333334,151.2,1.13
10268714,K08202.01,0,452.65206,495.317,0.8279166666666666,175.1,2.41
10281311,K08203.01,0,234.66319186,166.0293811,0.31779166666666664,243.5,1.68
10341876,K08204.01,0,351.204993,184.9276,0.9339166666666667,1257.9,3.57
10219288,K07993.01,0,3.381607,132.92656,0.31779166666666664,440.6,117.25
10226343,K07994.01,0,0.660655454,131.6909,0.2962916666666666,566.9,16.81
10263598,K07995.01,0,145.750554,199.6247,0.5832916666666667,385.6,15.34
10266860,K07996.01,0,2.17813954,132.02972,0.08595833333333333,28.6,1.0
4763020,K08097.01,0,384.09781,418.6723,0.5229166666666667,100.1,1.63
5128966,K08098.01,0,0.505322676,131.542732,0.21969583333333334,77349.2,46.59
5288744,K08099.01,0,333.71634048,336.7917544,0.20098333333333332,420.2,3.53
5305225,K08100.01,0,322.50741,350.3646,0.8619999999999999,349.5,2.11
5598216,K08101.01,0,373.8716,186.6688,0.6991666666666667,382.7,2.19
5637036,K08102.01,0,171.046664,293.02637,0.10158333333333333,731.0,32.31
5647008,K08103.01,0,0.799868354,131.997209,0.2755416666666667,4928.8,34.7
10385708,K08206.01,0,345.7671,320.3812,0.6408333333333334,212.7,2.5
10404545,K08207.01,0,350.34114,184.81,0.7070833333333333,1363.8,2.5
10425070,K08208.01,0,363.97165,198.9835,0.2375833333333333,1966.0,40.48
10425070,K08208.02,0,395.23753,186.536,0.7705833333333333,1298.0,3.17
10461045,K08209.01,0,385.97241,315.6247,0.5069583333333333,162.0,1.72
10493253,K08210.01,0,89.667675,183.036,0.15525,1415.0,78.77
10321927,K07997.01,0,321.02094,179.7137,0.3129166666666666,592.9,1.96
10322797,K07999.01,0,1.213742728,131.74123,0.14983333333333332,31.7,1.18
10338529,K08002.01,0,366.74866,308.3136,0.5185833333333333,419.1,2.35
10340212,K08003.01,0,0.93374894,131.526,0.19320833333333332,226.2,0.18
10383729,K08004.01,0,0.734548624,132.16826,0.09195833333333332,58.6,0.84
5709226,K08104.01,0,317.99484,393.0306,0.30333333333333334,719.0,2.22
5775090,K08105.01,0,432.96732,173.2686,0.4520833333333333,866.0,1.64
5791705,K08106.01,0,614.39054,332.5045,0.38799999999999996,289.1,2.43
5812648,K08108.01,0,238.561202,273.2378,0.49583333333333335,260.2,5.75
5872139,K08110.01,0,375.17737,260.4516,0.855,1230.0,3.64
10519701,K08212.01,0,334.87402,426.2844,1.4758333333333333,387.8,47.48
10664150,K08213.01,0,370.2402,307.3322,1.3108333333333333,1272.6,29.24
10735575,K08214.01,0,1.6749812,131.79288,0.11279166666666665,94.0,79.51
10753394,K08215.01,0,288.678554,143.8403,0.38320833333333326,242.5,0.96
10875937,K08216.01,0,307.94735718,316.0192261,0.625,11296.0,76.66
11087662,K08218.01,0,264.63654,190.9169,1.7820833333333335,431.8,42.55
10389280,K08005.01,0,375.408923,364.4869,0.47658333333333336,87.3,4.48
10397315,K08006.01,0,2.17812769,132.02922,0.06854166666666667,61.7,0.78
10405224,K08008.01,0,0.93378068,132.4123,0.15441666666666665,72.7,0.63
10405482,K08009.01,0,0.93373895,132.4707,0.17316666666666664,39.6,0.64
10405546,K08010.01,0,0.93373718,132.4634,0.10758333333333332,18.9,0.48
5955427,K08112.01,0,213.201978,309.9395,0.6415,696.9,1.91
5956977,K08113.01,0,77.773042,168.8387,0.09520833333333334,432.6,15.03
6043574,K08114.01,0,381.782641,241.1226,0.1883333333333333,367.6,55.75
6049470,K08115.01,0,354.7897,434.394,0.5258333333333333,81.0,0.47
6105359,K08116.01,0,235.544698,191.2774,0.3720833333333333,299.3,2.13
11099109,K08219.01,0,115.28415,219.612,0.47458333333333336,415.1,2.05
11124353,K08220.01,0,423.73074,548.9392,0.8083333333333332,834.9,2.48
11400356,K08222.01,0,677.56282,214.2391,0.43875,631.0,2.24
11449696,K08224.01,0,371.21205,307.6693,0.8312499999999999,719.9,2.55
11456839,K08225.01,0,190.783023,213.6601,0.16954166666666665,1385.0,71.66
10462462,K08013.01,0,0.85581563,132.1452541,0.4279166666666666,nan,nan
10470882,K08014.01,0,0.9337491,132.449,0.16008333333333333,98.1,0.79
10470993,K08015.01,0,0.93374417,132.44559,0.14104166666666665,31.3,0.64
10471005,K08016.01,0,0.93374635,131.5163,0.12808333333333333,34.3,0.63
10471055,K08017.01,0,0.9337465,131.5267,0.15120833333333333,49.9,0.63
10471204,K08018.01,0,0.93371631,131.5435,0.181,61.3,0.7
6119605,K08118.01,0,260.02265,329.8262,0.500375,2060.7,3.13
6230649,K08119.01,0,443.66,523.348,0.33291666666666664,360.7,33.2
6286633,K08120.01,0,366.28999,460.2423,0.45287499999999997,2568.0,68.39
6451125,K08121.01,0,72.6549842,170.59195,0.22929166666666667,389.3,34.52
6516529,K08123.01,0,379.42818,358.9906,0.4683333333333333,403.9,1.89
6521526,K08124.01,0,103.039788,164.9409,0.5915416666666666,1370.0,2.05
11501492,K08226.01,0,371.90464,308.9957,1.0566666666666666,519.1,2.88
11558217,K08227.01,0,362.85801,152.6104,0.7095833333333333,151.6,1.9
11649292,K08228.01,0,384.558321,160.73276,0.1983333333333333,1330.0,14.33
11760931,K08229.01,0,397.72733,264.7499,0.4867916666666666,232.8,1.48
11854061,K08230.01,0,504.88419,357.6471,0.8408333333333333,5058.0,25.19
11868122,K08231.01,0,384.92275,238.6778,0.41583333333333333,184.8,1.64
10471243,K08019.01,0,0.93376131,132.4342,0.15612499999999999,55.6,0.61
10471296,K08020.01,0,0.93377253,132.429,0.106,30.0,0.43
10535886,K08021.01,0,0.93376021,132.4413,0.13258333333333333,56.5,0.4
10535897,K08022.01,0,0.93372008,131.544,0.10795833333333334,17.0,0.41
10535926,K08023.01,0,0.93373591,132.46,0.18820833333333334,35.1,0.57
10535991,K08024.01,0,0.93374911,132.4534,0.146,57.8,0.66
10536177,K08025.01,0,0.93372261,131.5423,0.12716666666666665,31.2,0.59
6600492,K08125.01,0,312.61007,325.3776,0.6187499999999999,438.7,2.01
6685403,K08126.01,0,429.60143,269.5261,0.7545833333333333,1001.4,2.74
6846544,K08127.01,0,499.88159,319.3109,0.5579166666666666,184.4,2.61
6848529,K08128.01,0,197.37704,306.7686,0.7795833333333333,226.2,84.37
6887321,K08129.01,0,1.65746034,131.6967,0.1905,22.9,0.54
6953281,K08130.01,0,0.566799395,131.79717,0.06403333333333333,231.2,1.65
7020168,K08131.01,0,203.8406,250.6264,0.38875,227.4,2.41
12012872,K08233.01,0,14.395425,140.977,0.21333333333333332,115.4,0.85
12069319,K08234.01,0,231.157554,346.94896,0.35370833333333335,845.6,37.37
12121118,K08235.01,0,495.06538,245.567,0.8787499999999999,417.0,2.0
12252732,K08236.01,0,595.78152,363.7685,0.6654166666666667,84.9,1.18
12554051,K08237.01,0,365.709623,183.4903,0.5647083333333334,1033.4,26.93
12555140,K08239.01,0,655.25732,185.9927,0.8354166666666667,268.2,1.56
10614845,K08027.01,0,0.573762943,131.80193,0.0915,48.3,0.39
10616829,K08028.01,0,1.072934147,132.293066,0.18769791666666663,96883.0,81.42
10686909,K08029.01,0,2.61854596,133.9991,0.20274999999999999,19.7,1.18
10730250,K08030.01,0,13.667809025,134.6559996,0.1166375,127.7,0.91
10801951,K08032.01,0,1.105123883,132.51976,0.12504166666666666,66.7,0.83
7049771,K08132.01,0,381.85852,458.813,0.6717083333333332,362.9,8.3
7053328,K08133.01,0,455.77076435,338.7923743,0.21312083333333331,341.1,5.34
7106437,K08134.01,0,212.760495,254.4527,0.15429166666666666,195.8,2.8
7117050,K08135.01,0,73.836858,174.0088,0.82175,231.2,25.09
7185710,K08136.01,0,160.243128,162.4736,0.22470833333333332,556.4,15.72
7282872,K08137.01,0,402.41511,512.3896,0.21483333333333332,780.6,2.52
7340624,K08138.01,0,369.28177,233.4368,1.1233333333333333,1017.7,34.25
12647110,K08240.01,0,462.463589,583.10723,0.20862499999999998,1024.3,8.92
3662635,K08243.01,0,0.939375593,132.016859,0.11843333333333333,100893.0,52.18
3734501,K08244.01,0,31.1911468,142.5078,0.29179166666666667,228.4,9.36
4169315,K08245.01,0,30.9587224,263.3166,0.18379166666666663,342.0,2.34
10862284,K08034.01,0,9.1447861,139.2816,0.22591666666666665,268.8,1.63
10877024,K08036.01,0,0.786483923,131.84261,0.29312499999999997,233.3,21.66
10920420,K08038.01,0,0.9438885,132.2865,0.108,35.8,1.45
7622473,K08139.01,0,40.244826,161.3679,0.17929166666666665,192.9,115.94
7662744,K08140.01,0,135.428746,168.5064,0.3080833333333333,381.1,1.83
7686191,K08141.01,0,380.03903,387.6494,0.7708333333333333,788.8,2.36
7690521,K08142.01,0,380.294204,355.6712,0.514625,730.5,2.27
7747835,K08143.01,0,373.74691,259.9281,1.1820833333333334,622.3,2.65
7762886,K08144.01,0,315.81065,172.543,0.9858333333333333,541.6,1.82
7811537,K08145.01,0,16.9341628,145.9902,0.16416666666666666,207.8,1.71
4566999,K08247.01,0,527.68601,176.6176,0.20070833333333332,602.0,2.0
4569942,K08248.01,0,267.911652,160.2278,0.1718333333333333,695.0,2.38
4772095,K08250.01,0,99.299502,138.7153,0.15129166666666666,408.5,5.4
4847801,K08251.01,0,371.47786,341.9634,0.5125,264.9,1.2
5026023,K08252.01,0,1.99638423,131.5598,0.09999999999999999,29.4,0.59
9101271,K07926.01,0,29.3657204,135.07289,0.3637625,74936.0,51.33
9118340,K07927.01,0,1.035329922,132.3319,0.15842499999999998,992.8,105.66
9159198,K07929.01,0,3.04463691,132.4477,0.2773333333333333,47.0,0.68
11098004,K08041.01,0,7.508818,138.655,0.2708333333333333,70.1,1.02
11135119,K08042.01,0,383.937324,299.28884,0.12016666666666666,627.7,7.9
11145726,K08044.01,0,0.619618218,131.7585541,0.05215416666666667,50.3,3.34
11152950,K08045.01,0,4.17363793,134.20036,0.11408333333333333,49.7,2.52
7811537,K08145.02,0,244.58323,159.3552,0.5342499999999999,408.3,2.33
7874976,K08146.01,0,185.83013,295.002,0.4225,72.6,1.01
7888957,K08147.01,0,363.346158,175.9438,0.20462499999999997,896.0,22.36
7900114,K08148.01,0,303.91225,277.1238,0.6404166666666666,479.5,1.97
7936194,K08149.01,0,536.52197,379.6146,0.18575,293.9,3.0
7959310,K08150.01,0,350.514,210.8168,0.81375,213.5,2.22
8012732,K08151.01,0,431.51734,391.69732,0.6841666666666667,5332.7,10.28
5391407,K08254.01,0,0.638697833,131.7556646,0.2150375,141454.0,162.15
5468555,K08255.01,0,539.214259,439.5039,0.1443333333333333,300.6,2.04
5638699,K08256.01,0,343.56446,203.9865,0.7891666666666667,179.6,1.8
5871116,K08258.01,0,54.432903,154.9178,0.14808333333333332,307.6,1.41
6032318,K08260.01,0,235.20613,291.0893,0.2912083333333333,642.0,1.71
9347066,K07933.01,0,20.004714,139.0639,0.123,115.7,0.89
9392016,K07935.01,0,350.65158,208.7904,0.3323333333333333,248.1,1.31
9429631,K07937.01,0,4.18587282,132.41733,0.08324999999999999,99.4,0.89
9518558,K07939.01,0,2.178142613,132.03328,0.03775,172.7,1.22
11348086,K08049.01,0,391.420272,470.44301,0.15999999999999998,236.7,1.61
11357185,K08051.01,0,185.243906,177.2769,0.13649999999999998,383.9,2.38
8028465,K08152.01,0,261.684363,247.3986,0.16216666666666665,817.0,1.46
8129641,K08153.01,0,0.808106001,131.69026,0.163225,7676.4,39.59
8226720,K08154.01,0,391.33068,186.7266,0.5154166666666666,277.2,1.68
8307354,K08155.01,0,320.56794551,279.6247569,0.6400583333333333,898.9,2.43
8588982,K08158.01,0,116.025744,206.39348,0.14745833333333333,1361.0,37.99
6182508,K08261.01,0,85.9770426,159.3127,0.07995833333333333,1064.0,1.46
6195669,K08262.01,0,370.94353,261.1772,0.6933333333333334,1071.3,27.77
6583107,K08264.01,0,30.6261927,157.94613,0.046125,162.6,1.55
6681618,K08265.01,0,364.42189,303.9267,1.5891666666666666,2498.0,36.37
6946985,K08266.01,0,440.584562,564.12806,0.4389166666666667,65.9,1.67
7106438,K08267.01,0,269.331027,232.6164,0.20379166666666665,515.7,2.54
9529148,K07942.01,0,25.3428696,132.6844,0.06291666666666666,230.5,1.85
9531850,K07943.01,0,0.66234265,131.714,0.04370833333333333,2359.0,5.13
9541094,K07944.01,0,0.536654028,131.70663,0.11595833333333333,41.0,0.67
9579753,K07945.01,0,1.08908149,132.0192,0.09425,130.7,0.69
9588880,K07946.01,0,77.97621155,175.35495,0.08333333333333333,nan,nan
9592831,K07947.01,0,0.609668222,131.934,0.11816666666666666,287.6,1.35
9602658,K07948.01,0,3.55650403,133.5416,0.28591666666666665,132.3,0.56
11560397,K08056.01,0,0.527673051,131.82042,0.06795833333333333,28.3,1.43
11565903,K08057.01,0,117.140785,245.0828,0.14170833333333333,337.1,15.87
11601597,K08058.01,0,0.590281548,131.69127,0.11333333333333334,21.6,0.68
11612241,K08059.01,0,4.5647147,133.0763,0.558125,99.3,1.04
11661803,K08060.01,0,372.086704,404.89901,0.15358333333333332,2494.0,38.4
11661803,K08060.02,0,363.448167,411.19336,0.25054166666666666,2124.0,37.03
8608544,K08159.01,0,348.68162,343.821,0.45662499999999995,309.3,2.09
8618147,K08160.01,0,345.128277,218.662,0.6635416666666667,324.4,1.94
8630840,K08161.01,0,370.38642,263.3823,0.9975,186.2,2.12
8683144,K08162.01,0,267.970682,267.9789,0.47833333333333333,357.7,1.7
8740744,K08164.01,0,417.829033,138.8786,0.6270833333333333,500.8,2.19
7451315,K08268.01,0,368.5224,177.454,1.5120833333333332,1330.2,26.7
7751294,K08269.01,0,371.4589776,309.8187992,0.41972499999999996,456.6,2.22
8008913,K08271.01,0,34.9989085,160.32308,0.0735,427.1,1.65
8108450,K08273.01,0,386.78734,354.9326,0.64625,743.7,2.34
8293631,K08274.01,0,449.557346,142.8226,0.7177916666666666,1193.1,55.33
9639021,K07950.01,0,2.21568076,132.26619,0.06312499999999999,43.6,0.57
9643210,K07952.01,0,3.850304552,132.1063696,0.06390416666666666,158.0,0.28
9651155,K07955.01,0,1.07383154,132.0326,0.20191666666666666,31355.0,137.54
11709006,K08061.01,0,0.719741,131.898,0.1095,32.2,0.57
11724094,K08064.01,0,1.47623061,131.603,0.08466666666666667,39.1,0.71
11774383,K08065.01,0,0.520227316,131.83796,0.07474583333333333,68633.0,50.41
11804952,K08066.01,0,36.3192885,155.94476,0.108375,400.2,25.43
11819135,K08067.01,0,1.901655058,132.83364,0.19393749999999998,87321.0,89.89
8742735,K08165.01,0,331.92622,289.5792,0.45166666666666666,809.0,2.25
8743244,K08166.01,0,346.31688,247.1069,0.9133333333333333,1435.0,5.21
8743244,K08166.02,0,365.61087,185.4567,0.6709166666666666,1116.0,4.42
8748435,K08167.01,0,259.85736,291.1798,1.0016666666666665,307.7,1.33
8766268,K08168.01,0,5.29731736,135.5479,0.13920833333333332,167.5,1.13
8808064,K08169.01,0,447.97028,559.6455,0.45237499999999997,512.7,2.0
8813404,K08170.01,0,374.80095,457.3021,0.44545833333333335,144.4,1.53
8873674,K08278.01,0,172.280975,216.0303,0.51,313.8,1.6
9209808,K08281.01,0,244.547128,133.3618,0.14958333333333332,587.0,1.74
9656547,K07956.01,0,1.27228771,132.49945,0.08745833333333333,82.9,0.63
9658192,K07957.01,0,1.886002102,131.74153,0.04254166666666666,47.4,0.65
9710611,K07958.01,0,386.35444,359.0914,0.39974999999999994,129.6,1.43
9710626,K07959.01,0,371.21454,497.5266,0.8083333333333332,1780.0,28.21
9710792,K07960.01,0,365.5435,132.6904,0.6158333333333332,753.1,3.04
9770983,K07961.01,0,7.02932339,134.66434,0.11887500000000001,81.6,0.92
9777089,K07962.01,0,19.229478,132.5889,0.19499999999999998,115.8,1.97
11918793,K08069.01,0,38.35312,167.6337,0.12083333333333332,3090.0,5.57
11922290,K08070.01,0,114.661733,237.2307,0.11599999999999999,281.8,1.38
11966668,K08071.01,0,313.19875,340.9372,0.3584583333333333,721.0,1.95
11967872,K08072.01,0,134.370692,249.3136,0.36375,432.6,1.95
12004656,K08073.01,0,2.52123022,132.8709,0.19745833333333332,145.9,9.68
12008916,K08074.01,0,47.4314857,174.6547,0.18795833333333334,172.8,8.83
12021943,K08075.01,0,6.0962602,134.9875,0.43333333333333335,30.4,0.62
8815031,K08171.01,0,472.6038,515.577,0.50625,672.0,2.28
8821936,K08172.01,0,371.51852,317.6836,1.2891666666666666,263.0,2.28
8832676,K08173.01,0,323.66542,204.2147,0.84875,1178.0,1.58
9075882,K08175.01,0,367.01607,181.8404,0.645,738.6,2.46
9084832,K08176.01,0,568.08251,254.65449,0.567,508.3,2.14
9093859,K08177.01,0,3.0447752,132.3975,0.30624999999999997,74.9,0.68
9239670,K08282.01,0,456.55308,527.3529,0.18479166666666663,116.2,1.48
9388557,K08283.01,0,209.941369,268.5679,0.12375,477.3,14.36
9532997,K08284.01,0,49.763624,135.0312,0.11454166666666667,412.0,2.43
9536836,K08285.01,0,320.347208,406.2309,0.2982916666666666,262.8,1.58
10010452,K08287.01,0,358.74318,150.554,0.8233333333333334,760.5,2.25
10226420,K08288.01,0,0.660663034,131.68417,0.11708333333333333,134.0,1.32
9777990,K07963.01,0,14.3400358,140.9329,0.2375,1706.0,0.68
9813678,K07964.01,0,0.505079006,131.930776,0.05697375,28077.9,86.41
9826551,K07965.01,0,7.19680984,136.63955,0.07012499999999999,50.5,1.2
9838537,K07966.01,0,1.33257715,132.0367,0.21491666666666667,27.1,0.44
9838761,K07967.01,0,1.33254428,132.06788,0.13008333333333333,162.2,0.93
9839062,K07968.01,0,424.623345,218.25955,0.40275,5132.1,8.13
9851983,K07969.01,0,1.456383399,132.71661,0.49324999999999997,212.2,52.87
12419303,K08079.01,0,0.608074963,131.66689,0.036625,117.5,1.15
12453855,K08080.01,0,0.559643825,131.517134,0.028208333333333335,1812.6,27.21
12459808,K08081.01,0,0.502446098,131.9359,0.075125,11.4,0.43
9114508,K08178.01,0,256.45616,141.7586,1.4729166666666667,17283.0,9.44
9216810,K08179.01,0,138.62902498,235.3730333,0.20541666666666664,nan,nan
9340460,K08181.01,0,388.519605,352.2898,0.4422083333333333,151.2,2.3
9409493,K08182.01,0,60.049737,158.5226,0.8404166666666667,16650.0,28.92
9649205,K08184.01,0,237.26601,315.9446,0.36416666666666664,150.4,1.23
10341781,K08289.01,0,0.93371211,131.5372,0.1983333333333333,126.2,0.75
10459805,K08290.01,0,461.13781,187.0978,0.5379166666666666,408.2,1.26
10471090,K08291.01,0,0.93376089,132.4263,0.126125,27.3,0.57
10532751,K08292.01,0,367.761848,194.7697,0.20379166666666665,428.0,20.06
10585887,K08293.01,0,378.65484,288.2584,0.4708333333333333,247.8,1.53
11867733,K08294.01,0,384.356448,298.90354,0.16133333333333333,715.7,3.03
11923074,K08295.01,0,1.75647084,132.02757,0.10574999999999998,69.5,0.69
9899216,K07971.01,0,1.33259003,132.0133,0.16508333333333333,11.9,0.69
9899256,K07972.01,0,1.33254024,132.0784,0.13166666666666665,35.8,0.59
9899621,K07974.01,0,1.33255492,132.048,0.15125,66.6,0.92
9899623,K07975.01,0,1.33259095,132.0329,0.206125,105.5,1.14
12644020,K08083.01,0,234.524445,346.4227,0.16249999999999998,876.0,2.33
2010152,K08084.01,0,317.74527,205.9582,0.7308333333333332,206.6,2.1
2712825,K08086.01,0,18.384953,133.39,0.24666666666666665,92.9,1.36
3443582,K08087.01,0,1.085965104,132.006611,0.44649999999999995,10578.7,29.66
3533483,K08088.01,0,308.185801,306.2132,0.15370833333333334,708.7,2.12
9771576,K08185.01,0,398.71694,481.1929,0.9,893.9,21.25
9827094,K08186.01,0,241.8591,248.7902,0.5320833333333332,659.0,2.81
9837720,K08187.01,0,353.04037,258.7443,0.5875833333333333,239.6,1.04
9873604,K08188.01,0,522.33888,344.6934,0.56375,423.7,5.65
9874581,K08189.01,0,473.56314,222.9281,0.2119583333333333,327.4,5.39
9899449,K08190.01,0,1.332565736,132.049815,0.25344999999999995,2319.8,33.69
9962731,K08191.01,0,385.39743,340.6913,0.90375,132.3,1.59
12117215,K08296.01,0,272.54288087,349.7527344,0.126025,807.2,2.35
9912977,K07977.01,0,0.9439372,131.8207372,0.3031025,279437.0,88.91
9941425,K07979.01,0,1.075158342,131.7092,0.05395833333333333,30.2,20.09
9959368,K07980.01,0,1.33255801,132.0631,0.1975,48.7,0.62
9959765,K07981.01,0,1.33250451,132.1018,0.17262499999999997,27.4,0.62
10014875,K07983.01,0,453.64875,296.6153,0.7641666666666667,523.4,2.18
3954211,K08090.01,0,0.594274521,131.839508,0.09008333333333332,4691.5,8.7
4056579,K08091.01,0,239.179477,188.47092,0.12208333333333334,750.9,18.27
4276445,K08092.01,0,405.65377,266.3288,0.4591666666666666,521.0,2.03
4371172,K08093.01,0,73.992267,143.4283,0.23716666666666666,225.6,2.86
4557341,K08094.01,0,361.901618,405.3021,0.20766666666666667,184.1,0.95
4645492,K08095.01,0,508.04103,361.7222,0.22491666666666665,371.7,1.89
4738095,K08096.01,0,309.933134,141.9846,0.29854166666666665,176.1,1.8
10023069,K08192.01,0,266.977677,240.84342,0.35791666666666666,389.6,7.86
10079317,K08194.01,0,236.25776888,153.9570927,0.1397875,168.4,2.69
10079481,K08195.01,0,330.80879,281.1568,0.902875,274.8,2.13
10081899,K08196.01,0,522.64613,190.3389,0.7404166666666666,648.1,0.8
10199817,K08197.01,0,392.94247,383.673,0.46062499999999995,120.3,1.6
10205598,K08198.01,0,373.89398,261.4968,1.1524999999999999,730.0,2.51
10031643,K07984.01,0,8.5898708,132.0161,0.20024999999999998,87.7,1.11
10090151,K07985.01,0,0.527698548,131.705093,0.13425416666666667,1579.2,29.35
10147276,K07987.01,0,0.681401611,132.18175,0.036041666666666666,103.6,1.07
10156110,K07989.01,0,4.85603482,135.9933,0.12824999999999998,76.7,1.05
