kepid,name,label,period,epoch,duration
10797460,K00752.01,1,9.48803557,170.53875,0.12322916666666667
10797460,K00752.02,1,54.4183827,162.51384,0.18779166666666663
10848459,K00754.01,0,1.736952453,170.307565,0.10026708333333334
10854555,K00755.01,1,2.525591777,171.59555,0.0689375
10872983,K00756.01,1,11.09432054,171.20116,0.19143749999999998
10872983,K00756.02,1,4.13443512,172.97937,0.13084166666666666
10872983,K00756.03,1,2.56658897,179.55437,0.10120833333333332
6721123,K00114.01,0,7.36178958,132.25053,0.20925
10910878,K00757.01,1,16.06864674,173.621937,0.14727916666666666
11446443,K00001.01,1,2.470613377,122.763305,0.07263291666666666
10666592,K00002.01,1,2.204735417,121.3585417,0.16202666666666665
6922244,K00010.01,1,3.522498429,121.1194228,0.13326791666666665
10984090,K00112.02,1,3.709214104,133.98318,0.10959166666666666
10419211,K00742.01,0,11.521446064,170.839688,0.15166249999999998
10464078,K00743.01,0,19.40393776,172.484253,0.5089791666666666
10480982,K00744.01,0,19.221388942,184.5521637,0.1999345833333333
10485250,K00745.01,0,16.46983774,180.881761,0.3932416666666666
10526549,K00746.01,1,9.27358173,173.258155,0.13697916666666665
10583066,K00747.01,1,6.02930329,171.602959,0.06592083333333333
10583180,K00748.01,0,2.696370652,170.73769,0.1505375
10601284,K00749.01,1,5.349553819,171.80694,0.12615833333333332
10601284,K00749.02,1,3.94105221,136.08662,0.10826666666666665
10601284,K00749.03,1,8.10904807,132.8031,0.14983333333333332
2306756,K00113.01,0,386.6030528,166.342079,0.2835708333333333
10662202,K00750.01,1,21.67699193,171.53594,0.14397916666666666
10682541,K00751.01,1,4.99677968,171.74208,0.0904875
11460018,K00769.01,1,4.280963604,171.89659,0.11979166666666666
11463211,K00770.01,0,1.50635409,170.998064,0.06314583333333333
11465813,K00771.01,0,670.645531,209.04355,2.2255
11493732,K00772.01,0,61.2563628,173.83826,0.31804166666666667
11507101,K00773.01,1,38.3775486,172.82048,0.23283333333333334
10910878,K00757.02,1,41.19725502,165.00404,0.19290416666666665
10910878,K00757.03,1,6.252962249,171.30126,0.10757916666666667
10987985,K00758.01,1,16.01308419,176.3608,0.13564166666666666
11018648,K00759.01,1,32.62876672,194.1019,0.19987916666666666
11018648,K00759.02,1,91.7732862,193.8378,0.2697083333333333
11138155,K00760.01,1,4.959319244,172.2585292,0.09280791666666667
11152159,K00761.01,0,2.701287801,170.69579,0.14094583333333333
11153539,K00762.01,1,4.49876511,171.34905,0.155675
11242721,K00763.01,0,19.651209505,179.401981,0.21880833333333333
9579641,K00115.01,1,5.412203927,133.143089,0.12279999999999999
11304958,K00764.01,1,41.43958662,208.93203,0.44162083333333335
11391957,K00765.01,1,8.35389523,171.63257,0.09380833333333333
11403044,K00766.01,1,4.125543472,169.752585,0.13226666666666664
11414511,K00767.01,1,2.816504904,170.9676846,0.10441124999999998
11442465,K00768.01,0,33.93373447,186.67608,0.6067083333333333
12110942,K00786.01,1,3.689920099,170.36571,0.11065416666666666
12366084,K00787.01,1,4.431238488,171.015,0.13124999999999998
12366084,K00787.02,1,11.37936986,133.84992,0.10939583333333333
12404086,K00788.01,1,26.39432897,176.05459,0.14887499999999998
8395660,K00116.01,1,13.57078281,136.279194,0.13974583333333332
9579641,K00115.02,1,7.12594387,139.00492,0.12505833333333333
11656840,K00774.01,0,7.442652004,169.9717797,0.09615833333333332
11754553,K00775.01,1,16.38489988,172.72782,0.1260375
11754553,K00775.02,1,7.8774163,176.3759,0.08668749999999999
11754553,K00775.03,1,36.4454001,151.60125,0.16695833333333332
11812062,K00776.01,1,3.728732147,171.793255,0.11179166666666665
11853255,K00778.01,1,2.243380573,170.679233,0.04665
11909839,K00779.01,0,10.405998015,177.197466,0.2709833333333333
11918099,K00780.01,1,2.337437946,171.761982,0.08325833333333332
11923270,K00781.01,1,11.59822233,180.395376,0.10515416666666666
11960862,K00782.01,1,6.575315881,173.634044,0.17951666666666666
12020329,K00783.01,1,7.275040844,169.994217,0.3140708333333333
12066335,K00784.01,1,19.27153892,186.77093,0.114975
12066335,K00784.02,1,10.06524317,136.28906,0.057041666666666664
12070811,K00785.01,1,12.3935651,178.74725,0.16206666666666666
8395660,K00116.02,1,43.84439721,151.93538,0.28341666666666665
3120431,K00798.01,0,3.341913228,171.63943,0.158875
3246984,K00799.01,0,1.626630225,169.820171,0.08810416666666666
3342970,K00800.01,1,2.711504086,170.03417,0.12541249999999998
3342970,K00800.02,1,7.21203748,172.81782,0.1687125
12459725,K00789.01,0,14.1798187,171.50237,0.104375
12470844,K00790.01,1,8.47237911,174.16212,0.11352083333333332
12470844,K00790.02,1,60.4189369,181.16367,0.2099583333333333
12644822,K00791.01,1,12.611904345,180.892284,0.21457083333333332
2440757,K00792.01,0,1.433769925,170.403536,0.07861666666666667
2445129,K00793.01,0,10.31872301,173.31543,0.15983333333333333
2713049,K00794.01,1,2.539183147,169.67494,0.10117499999999999
3114167,K00795.01,1,6.770300385,170.57662,0.08685
3114661,K00796.01,0,0.444291966,169.865406,0.08663333333333334
4139816,K00812.02,1,20.06036336,147.46554,0.13834583333333333
4139816,K00812.03,1,46.1842039,165.23729,0.19824999999999998
8395660,K00116.04,1,23.9800854,147.537,0.22295833333333331
4139816,K00812.04,1,7.82502168,136.54995,0.09108333333333332
4275191,K00813.01,1,3.895936525,170.527552,0.09629583333333333
4476123,K00814.01,1,22.36646466,175.45862,0.21783333333333332
3351888,K00801.01,1,1.625522174,170.8266564,0.09956791666666666
3554600,K00803.01,0,7.544039,171.7982,0.25925
3641726,K00804.01,1,9.02930689,177.20422,0.13103749999999997
3734868,K00805.01,0,10.328035714,174.581054,0.3246458333333333
3832474,K00806.01,1,143.2063047,154.23552,0.3720916666666666
8395660,K00116.03,1,6.164876,135.63916,0.13591666666666666
3832474,K00806.02,1,60.32494216,243.892578,0.2757833333333333
3832474,K00806.03,1,29.1598615,150.69922,0.200125
3836375,K00807.01,0,1.540397253,170.50479,0.08975416666666666
3838486,K00808.01,0,2.99025443,171.9834,0.2255833333333333
3935914,K00809.01,1,1.594745374,170.6483505,0.08168333333333333
3940418,K00810.01,1,4.783002698,170.508434,0.09729166666666667
4049131,K00811.01,1,20.50588921,181.43428,0.16914583333333333
4139816,K00812.01,1,3.340218842,171.979062,0.0796
5287983,K00828.01,0,2.507089906,171.002455,0.08361249999999999
5358241,K00829.01,1,18.64932728,174.771,0.18356666666666666
10875245,K00117.02,1,4.90144976,138.60548,0.17355833333333331
5358241,K00829.02,1,9.75192101,138.78608,0.19970833333333332
5358241,K00829.03,1,38.5576546,163.85063,0.24141666666666664
5358624,K00830.01,1,3.525632539,170.0479951,0.10831625
4664847,K00816.01,1,7.748094239,174.997206,0.14982083333333332
4725681,K00817.01,1,23.96793669,186.22182,0.1594583333333333
4725681,K00817.02,1,8.29561738,135.79284,0.055920833333333336
4913852,K00818.01,1,8.11437482,176.33968,0.09473333333333334
4932348,K00819.01,0,38.036729482,196.934947,0.18109041666666664
11913073,K00011.01,0,3.747838198,171.66504,0.2110083333333333
10875245,K00117.01,1,14.74914825,138.77799,0.2541458333333333
5021899,K00821.01,1,21.81295996,174.01085,0.1824625
5077629,K00822.01,0,7.91936937,172.181092,0.13811666666666667
5164255,K00824.01,1,15.37562369,173.61402,0.13820416666666666
5252423,K00825.01,1,8.10363271,176.9486,0.13170833333333332
5252423,K00825.02,1,4.71510843,134.96178,0.10441666666666666
5272878,K00826.01,1,6.365839713,171.13575,0.1238375
5283542,K00827.01,0,5.97581754,174.77602,0.1277083333333333
5649215,K00839.01,0,2.446737317,170.66951,0.19671249999999998
5651104,K00840.01,1,3.04033046,169.9490106,0.07671249999999999
5792202,K00841.01,1,15.33528675,174.00278,0.162375
10875245,K00117.04,1,7.95825328,137.80219,0.18237499999999998
5792202,K00841.02,1,31.33046135,153.43031,0.21566666666666667
5370302,K00831.01,0,3.9043425,173.393734,0.159625
5372966,K00832.01,0,9.286358079,171.8214689,0.14581208333333334
5376067,K00833.01,0,3.951405455,173.276125,0.09109166666666665
5436502,K00834.01,1,23.65369415,171.376107,0.3424291666666666
5436502,K00834.02,1,13.23352214,140.32196,0.2807166666666666
5436502,K00834.03,1,6.15560285,134.81656,0.20767916666666666
5436502,K00834.04,1,2.090811305,134.17462,0.14116666666666666
10875245,K00117.03,1,3.180027898,133.49863,0.14915416666666664
5436502,K00834.05,1,50.4467417,178.5014,0.2982916666666666
5456651,K00835.01,1,11.76307164,180.93613,0.12115
5456651,K00835.02,1,56.2279271,132.29259,0.14875
5481416,K00836.01,0,2.384052875,171.58362,0.128825
5531576,K00837.01,1,7.953547,174.66224,0.10963333333333333
5531576,K00837.02,1,4.14451656,135.92831,0.0975875
5534814,K00838.01,0,4.859386384,173.011469,0.09482083333333333
6291653,K00850.01,1,10.526294577,176.522462,0.10504583333333334
6392727,K00851.01,1,4.583520948,169.973972,0.11272916666666666
6422070,K00852.01,1,3.76181843,171.90364,0.14656666666666665
6428700,K00853.01,1,8.20396958,169.69138,0.12361249999999999
6428700,K00853.02,1,14.49645186,143.41659,0.16733333333333333
5792202,K00841.03,1,6.54626149,133.85964,0.11458333333333333
5794379,K00842.01,1,12.71809866,175.35526,0.12898749999999998
5794379,K00842.02,1,36.06588163,198.58423,0.18019166666666667
5881688,K00843.01,1,4.190425659,171.44122,0.11912083333333334
6022556,K00844.01,1,3.709870784,171.987982,0.12789166666666665
6032497,K00845.01,1,16.3297527,177.29506,0.26129166666666664
6061119,K00846.01,1,27.807566216,186.713552,0.17566125
6191521,K00847.01,1,80.8723469,203.895,0.4664583333333333
6267425,K00848.01,0,3.166465862,172.002627,0.12242083333333333
3531558,K00118.01,1,24.99324319,138.68167,0.2475375
6276477,K00849.01,1,10.35533116,170.93729,0.13239583333333332
6863998,K00867.01,1,16.08518937,180.28319,0.16599999999999998
6948054,K00869.01,1,7.49018305,174.95037,0.11373749999999999
6948054,K00869.02,1,36.2761238,201.2869,0.1994375
6948054,K00869.03,1,17.46087931,137.26594,0.09433749999999999
6435936,K00854.01,1,56.0560754,201.16578,0.19520833333333332
6522242,K00855.01,1,41.408316686,195.78745,0.2094333333333333
6587280,K00857.01,1,5.715425977,174.87931,0.10517499999999999
9471974,K00119.01,1,49.18394185,141.911924,0.47234999999999994
6587280,K00857.02,1,20.0261412,146.91109,0.06712499999999999
6675056,K00859.01,0,10.44331991,175.4046,0.11429166666666665
6685526,K00861.01,1,2.237489571,170.81914,0.07549583333333333
6756669,K00862.01,0,5.851520671,173.8228336,0.1296075
6784235,K00863.01,1,3.167893418,172.147959,0.09089166666666666
6849310,K00864.01,1,4.311780262,173.576483,0.11354583333333332
6849310,K00864.02,1,20.0504494,188.08821,0.18983333333333333
6849310,K00864.03,1,9.76734503,186.57718,0.06910416666666666
9471974,K00119.02,1,190.3200468,312.68498,0.6368333333333334
6862603,K00866.01,0,2.861159894,171.648106,0.07846666666666666
7366258,K00880.01,1,26.44439337,194.12074,0.16576249999999998
7366258,K00880.02,1,51.53997972,174.055011,0.26664166666666667
7366258,K00880.03,1,5.902245782,136.78393,0.12084583333333333
7366258,K00880.04,1,2.382951591,135.080841,0.07865
7373451,K00881.01,1,21.02250608,207.67593,0.1711333333333333
6948054,K00869.04,1,3.219814777,133.00406,0.08600833333333333
6949607,K00870.01,1,5.912273234,172.184012,0.09689166666666667
6949607,K00870.02,1,8.98581901,175.68418,0.11919166666666665
11869052,K00120.01,0,20.5452375,137.91394,0.104875
7109675,K00872.01,1,33.60123371,186.680343,0.18356666666666666
7109675,K00872.02,1,6.76652928,138.0637,0.12084999999999999
7118364,K00873.01,1,4.347288783,172.23343,0.08759999999999998
7134976,K00874.01,1,4.601811819,169.98108,0.09419583333333333
7134976,K00874.02,1,11.18719905,137.17814,0.13549999999999998
7135852,K00875.01,1,4.220965778,170.622433,0.12855833333333333
7270230,K00876.01,0,6.998099523,171.898913,0.08536666666666666
7287995,K00877.01,1,5.95489993,170.955871,0.09955
7287995,K00877.02,1,12.03987488,181.22536,0.11401249999999999
7287995,K00877.03,1,20.83762895,132.08488,0.09889166666666667
3247396,K00121.01,0,8.8111022,136.4568,0.21117916666666664
7303253,K00878.01,1,23.58917143,173.81994,0.211375
5094751,K00123.01,1,6.481633073,122.977657,0.15766666666666665
7678434,K00892.01,1,10.37168928,172.61729,0.12645833333333334
7678434,K00892.02,1,3.96996298,137.75447,0.048987499999999996
7685981,K00893.01,1,4.40841331,172.18582,0.20883333333333332
7708215,K00894.01,0,7.9426176,174.52563,0.27929166666666666
7373451,K00881.02,1,226.8904775,207.35971,0.3149166666666666
7377033,K00882.01,0,1.956811408,170.694208,0.09149166666666667
7434875,K00884.01,1,9.439459486,177.186096,0.12074583333333333
8349582,K00122.01,1,11.523067458,131.969055,0.1614875
7434875,K00884.02,1,20.47748843,178.66786,0.11818333333333332
7434875,K00884.03,1,3.336123113,135.31623,0.08173333333333332
7455287,K00886.01,1,8.01078456,170.20739,0.09633333333333333
7455287,K00886.02,1,12.07134205,143.45948,0.18009999999999998
7455287,K00886.03,1,20.99587872,152.31554,0.10972083333333334
7458762,K00887.01,1,7.41113177,175.34754,0.10517499999999999
7552344,K00888.01,0,1.000747038,169.974229,0.041529166666666666
757450,K00889.01,1,8.884922995,169.991686,0.08625166666666667
7585481,K00890.01,1,8.09888906,176.623731,0.17510041666666668
7663691,K00891.01,1,10.00653012,176.96898,0.22266666666666668
5812701,K00012.01,1,17.855221681,146.596466,0.3088695833333333
8039892,K00903.01,1,5.007316661,173.433997,0.17650833333333332
8150320,K00904.01,1,2.211116989,170.150139,0.0686875
8150320,K00904.02,1,27.9541337,178.73791,0.16458333333333333
11086270,K00124.01,1,12.69104387,137.12594,0.1571958333333333
7767559,K00895.01,0,4.409409243,171.89433,0.1609833333333333
7825899,K00896.01,1,16.23947096,175.569907,0.16822499999999999
7825899,K00896.02,1,6.308201629,174.047661,0.12410416666666665
7849854,K00897.01,1,2.052349884,169.890622,0.08657499999999999
7870390,K00898.01,1,9.7704486,175.71372,0.10215416666666667
7870390,K00898.02,1,5.169804269,172.63153,0.08970833333333333
5094751,K00123.02,1,21.22261195,137.57403,0.2712208333333333
7870390,K00898.03,1,20.09017037,147.97788,0.1730833333333333
7907423,K00899.01,1,7.11373257,174.32351,0.09068333333333334
7907423,K00899.02,1,3.306551643,134.37211,0.0757375
7907423,K00899.03,1,15.36845737,147.38965,0.102975
7938496,K00900.01,1,13.81020318,172.33533,0.127
8490993,K00911.01,1,4.093578461,171.00954,0.1076375
8490993,K00911.02,1,105.145959,178.367,0.35804166666666665
8505670,K00912.01,1,10.8484518,171.80584,0.12497083333333332
8505670,K00912.02,1,6.66833241,137.43988,0.07979166666666666
8544996,K00913.01,1,4.082274889,169.6375652,0.13458958333333332
8150320,K00904.03,1,42.1406089,139.0604,0.21179166666666666
8150320,K00904.04,1,4.617490562,135.04909,0.09424166666666667
8150320,K00904.05,1,10.19849255,137.92067,0.10117916666666667
8180063,K00905.01,0,5.795063956,172.697467,0.1354
8226994,K00906.01,1,7.15681552,174.13511,0.10784166666666667
8226994,K00906.02,1,17.64830851,133.54533,0.08697083333333333
8226994,K00906.03,1,4.14810719,133.3881,0.105625
8247638,K00907.01,1,16.51410989,176.11686,0.17322916666666666
8247638,K00907.02,1,30.1329298,190.38336,0.21549999999999997
8247638,K00907.03,1,4.79090809,136.31106,0.10845833333333334
11086270,K00124.02,1,31.71981013,142.82083,0.20079166666666665
8247638,K00907.04,1,99.6415962,198.68664,0.18533333333333335
8255887,K00908.01,1,4.708326451,171.446507,0.13171416666666666
8256049,K00909.01,0,16.37198661,172.75926,0.16020416666666665
8414716,K00910.01,1,5.392026903,171.72707,0.12418333333333333
9141746,K00929.01,1,6.491682808,174.633553,0.17920833333333333
9159275,K00930.01,0,3.044770796,172.01916,0.417225
9166862,K00931.01,1,3.855603916,170.6787843,0.13407916666666667
9166870,K00932.01,0,3.855599139,170.67957,0.132625
11449844,K00125.01,1,38.47876629,151.852812,0.21007041666666665
8605074,K00915.01,0,37.601661282,194.713383,0.346085
8628973,K00916.01,1,3.314947362,171.313058,0.07502916666666666
8655354,K00917.01,0,6.71969089,173.35776,0.12596249999999998
8672910,K00918.01,1,39.6431552,206.596798,0.27205
8686150,K00919.01,0,51.42598578,173.535933,0.7059249999999999
8689031,K00920.01,1,21.80451611,190.49737,0.1420708333333333
8689373,K00921.01,1,10.28194593,175.33988,0.14319166666666666
8689373,K00921.02,1,18.11993039,182.61535,0.17628749999999999
8689373,K00921.03,1,3.78402867,133.28133,0.07921666666666666
8826878,K00922.01,1,5.15448142,171.6389,0.1345
5897826,K00126.01,0,33.80364366,202.259731,0.47838749999999997
8883593,K00923.01,1,5.743469797,174.898924,0.1433833333333333
9016295,K00925.01,0,19.974485239,171.6300909,0.17644958333333333
9077124,K00926.01,1,3.166353562,170.966145,0.13803749999999998
9097120,K00927.01,0,23.899634407,188.982797,0.15911708333333333
9466668,K00939.01,1,3.388012244,170.5336,0.11187083333333332
9466668,K00939.02,1,5.83909761,132.09261,0.13297916666666665
9466668,K00939.03,1,1.620467654,132.06388,0.0912
9466668,K00939.04,1,10.6816951,131.55082,0.15020833333333333
9479273,K00940.01,1,6.104849417,169.573477,0.19546666666666668
8359498,K00127.01,1,3.578780566,134.0304187,0.12128708333333334
9171801,K00933.01,0,3.187067566,171.64976,0.12995833333333334
9334289,K00934.01,1,5.826657508,173.011411,0.12159583333333332
9334289,K00934.02,1,12.41216347,142.54039,0.15579166666666666
9334289,K00934.03,1,18.74649011,147.13074,0.16229166666666667
9347899,K00935.01,1,20.86021229,180.017757,0.21640416666666665
9347899,K00935.02,1,42.63427848,141.16954,0.25832499999999997
9347899,K00935.03,1,87.6476068,134.94222,0.369625
9388479,K00936.01,1,9.467821474,178.415842,0.1013625
9388479,K00936.02,1,0.893040969,134.540342,0.045754166666666665
11359879,K00128.01,1,4.942783419,136.3294353,0.13556083333333332
9406990,K00937.01,1,20.83426731,176.58569,0.1685583333333333
9415172,K00938.01,1,9.94602357,171.70192,0.14109166666666667
9415172,K00938.02,1,1.04562195,133.91912,0.07897916666666666
9415172,K00938.03,1,5.71462396,132.63866,0.09733333333333333
9904059,K00145.01,0,102.9641952,158.07473,0.6556249999999999
3231341,K01102.02,1,8.14515981,140.56811,0.211375
3231341,K01102.03,1,18.9985279,144.74157,0.1887083333333333
3231341,K01102.04,1,4.24439049,137.06643,0.13674999999999998
7626506,K00150.02,1,28.5742692,143.8315,0.20594583333333333
10482160,K01170.01,1,7.34373964,137.29874,0.04909999999999999
10485069,K01171.01,0,0.445277068,133.52312,0.14745833333333333
3233043,K00966.01,0,0.379463865,170.2480164,0.036206666666666665
6579806,K00967.01,0,9.88047978,173.608672,0.11602416666666666
3560301,K00968.01,0,4.6484156,261.09395,1.5914125
4044005,K00969.01,0,17.512014768,174.282592,0.07603333333333333
5802246,K01044.01,0,0.525154153,133.744359,0.08933749999999999
6066403,K01045.01,0,1.303861044,134.212059,0.16892083333333333
6209637,K01046.01,0,0.73452496,133.43108,0.2791666666666667
5988031,K01047.01,0,2.55549176,134.50078,0.37845833333333334
7684873,K00014.01,0,2.947376671,171.522978,0.08712916666666666
8559644,K00139.01,1,224.7789355,142.095338,0.4662458333333333
2851100,K01104.01,0,0.890110752,133.2647,0.03655833333333333
3130300,K01105.01,0,5.76573396,133.30941,0.12183333333333332
3240158,K01106.01,1,7.42608123,139.90039,0.15157916666666665
3240158,K01106.02,1,15.9868932,137.5964,0.17325000000000002
3228959,K01107.01,0,0.73094589,133.68876,0.18
3218908,K01108.01,1,18.92537246,149.49558,0.16597916666666665
10341913,K01172.01,0,0.933749106,134.31831,0.17733333333333334
10480921,K01173.01,0,2.037440623,133.59962,0.14341666666666666
10350571,K01175.01,1,31.5925809,142.9649,0.56525
10350571,K01175.02,1,17.157236,133.68951,0.4701666666666667
3749365,K01176.01,1,1.97376085,178.6894194,0.07605916666666666
11013201,K00972.01,1,13.118962443,261.539434,0.17935416666666665
11673674,K00133.01,0,4.618767792,133.386535,0.24982083333333333
3632418,K00975.01,1,2.785821236,260.83731,0.14832916666666665
3441784,K00976.01,0,52.56901867,184.971267,0.28127916666666664
5820218,K01048.01,0,3.411758679,133.18086,0.13158333333333333
5876368,K01049.01,0,0.525426427,133.187901,0.045004166666666665
5809890,K01050.01,1,1.269091415,133.343682,0.06102916666666666
5809890,K01050.02,1,2.853133997,133.79678,0.06104166666666667
6131236,K01051.01,1,6.79685353,138.11324,0.13209166666666666
9048161,K00146.01,0,8.667822346,137.341841,0.2069083333333333
3218908,K01108.02,1,1.475323222,131.83272,0.09647916666666667
3218908,K01108.03,1,4.15246118,134.57991,0.10731249999999999
3235672,K01109.01,0,6.7210783,134.7775984,0.3108333333333333
2837111,K01110.01,1,8.7348852,135.0818,0.18708333333333332
3120276,K01111.01,0,10.26547688,136.49663,0.15554166666666666
3547091,K01177.01,0,3.305577989,180.68154,0.10792916666666666
3869825,K01178.01,0,4.800653901,134.365782,0.37674583333333334
3655332,K01179.01,0,15.06649901,140.654788,0.24952083333333333
4042026,K01180.01,0,34.82008158,163.015559,0.46546249999999995
3344419,K01181.01,0,0.651784374,133.111707,0.08392083333333333
11192141,K00977.01,0,1.353771892,261.43662,0.29216666666666663
11494130,K00978.01,0,18.95491633,262.46677,1.0103749999999998
5648449,K00979.01,0,4.348866254,262.72768,0.13665416666666666
12167361,K00980.01,0,47.93094546,179.096467,0.11207083333333334
8607720,K00981.01,0,3.99751422,261.7243,0.15358333333333332
1433962,K00982.01,0,1.592633181,133.9243804,0.2316875
9032900,K00134.01,1,67.5923754,151.75056,0.510375
5956342,K01052.01,1,17.02902786,143.33395,0.19354166666666664
5956342,K01052.02,1,6.84619236,132.17265,0.14704166666666665
5956342,K01052.03,1,67.8321638,125.881,0.3065833333333333
5956342,K01052.04,1,43.1312147,166.26105,0.13324999999999998
5956656,K01053.01,1,1.224866441,133.20824,0.07119166666666665
3109930,K01112.01,1,37.8102649,158.35799,0.363875
2854914,K01113.01,1,25.93406406,149.76273,0.19225833333333334
2854914,K01113.02,1,83.4463485,158.68061,0.2723333333333333
3337425,K01114.01,0,7.04710032,139.79737,0.12191666666666667
3116412,K01115.01,1,12.99204853,136.32016,0.25072916666666667
3865567,K01182.01,0,11.11620211,133.100575,0.17545833333333333
3544689,K01183.01,0,1.922861499,134.658644,0.14889166666666664
4037164,K01184.01,0,0.635445336,134.184037,0.07746666666666666
3443790,K01185.01,0,1.665784138,133.863028,0.07894166666666666
3966912,K01186.01,0,55.6639167,156.35017,0.9810833333333333
8394721,K00152.01,1,52.09081627,158.744665,0.35995
11607193,K00983.01,0,7.1548608,266.04847,0.32058333333333333
1161345,K00984.01,1,4.28746668,262.06245,0.06538749999999999
10227501,K00985.01,0,2.002779769,261.95791,0.09295833333333332
2854698,K00986.01,1,8.18739443,260.86931,0.12696666666666667
2854698,K00986.02,1,76.0498163,161.71445,0.29825
8559644,K00139.02,1,3.341799486,141.35472,0.12189166666666665
6032981,K01054.01,0,3.3226948,134.444,0.14866666666666667
5866099,K01055.01,0,36.97708808,133.62681,0.197375
5964985,K01056.01,0,1.851409163,133.17995,0.4263333333333333
6066416,K01057.01,0,1.303859704,134.21201,0.1176625
1996679,K00147.01,0,145.5624926,146.0588,0.225525
2849805,K01116.01,1,3.749105745,135.10837,0.08260833333333333
3114811,K01117.01,1,11.08956602,141.76142,0.2619875
3003992,K01119.01,0,7.24476126,139.10497,0.09643749999999998
3554031,K01194.01,1,8.70798309,363.05638,0.10376666666666667
3554031,K01194.03,1,4.17634276,352.99674,0.09729166666666667
8394721,K00152.02,1,27.40229859,133.6284,0.28537916666666663
7295235,K00987.01,1,3.179267286,261.841607,0.04269166666666666
2302548,K00988.01,1,10.38122447,268.02421,0.11312499999999999
2302548,K00988.02,1,24.5709023,135.87209,0.14945833333333333
10743597,K00989.01,0,81.221876,184.26164,0.17139583333333333
10743597,K00989.02,0,0.817026268,132.835239,0.08666249999999999
9818381,K00135.01,1,3.024092505,132.4168573,0.11675416666666666
6124941,K01058.01,0,5.670155713,136.201739,0.039004166666666666
6060203,K01059.01,1,1.022678654,133.45422,0.05713333333333333
5880320,K01060.01,1,12.10968709,140.21258,0.2644208333333333
5880320,K01060.02,1,4.75796103,137.69636,0.19416666666666665
5880320,K01060.03,1,20.4972755,147.43894,0.35566666666666663
3003992,K01119.02,0,13.55480534,139.81609,0.09533333333333333
6307537,K01120.01,0,29.74454668,172.386652,0.9701749999999999
6359798,K01121.01,0,14.15402428,140.698466,0.18625041666666667
6311681,K01122.01,0,0.844786082,134.216987,0.1470375
6365321,K01123.01,0,0.848483947,133.585301,0.0602125
6301035,K01124.01,0,11.99097576,143.28437,0.23917083333333333
3859079,K01199.01,1,53.5292702,147.86464,0.23616666666666666
3557493,K01200.01,0,0.393726813,133.310396,0.12291666666666667
4061149,K01201.01,1,2.757584622,133.05017,0.038612499999999994
3444588,K01202.01,1,0.928310036,133.80358,0.04957916666666666
8394721,K00152.03,1,13.48457668,136.61808,0.20915416666666667
3962243,K01203.01,1,31.8841473,160.20696,0.25508333333333333
10015516,K00990.01,0,67.69213907,138.534171,2.1395416666666662
10154388,K00991.01,1,12.06222962,138.22229,0.08576666666666666
1432789,K00992.01,1,9.93146307,136.49128,0.2365833333333333
1718189,K00993.01,1,21.85362905,144.32031,0.14329166666666665
5880320,K01060.04,1,8.19345065,138.99617,0.21808333333333332
5130369,K00140.01,0,19.97867,137.17061,0.42366666666666664
6037187,K01061.01,1,41.8059544,142.81919,0.252375
6147122,K01062.01,0,15.45158184,142.21096,0.10025
8257407,K01063.01,0,89.698168533,176.3060152,0.23090833333333333
8218274,K01064.01,0,1.187352427,133.465454,0.20829166666666665
3964562,K00015.01,0,3.012476582,135.259271,0.13093333333333332
5735762,K00148.01,1,4.77800306,124.061465,0.11400416666666666
6292162,K01125.01,0,7.814839231,357.519981,0.12550833333333333
6307521,K01126.01,0,29.7452499,157.38519,0.9456249999999999
6359320,K01127.01,1,5.32667299,357.12617,0.14185416666666667
3848972,K01187.01,0,0.741057213,131.947273,0.043874583333333335
3860441,K01188.01,0,2.988085455,133.27252,0.15333333333333332
3765771,K01189.01,0,2.783883492,133.227846,0.102275
3557341,K01190.01,0,0.393727296,178.587454,0.12583333333333332
3859628,K01191.01,1,8.17242644,361.20157,0.16258333333333333
1718189,K00993.02,1,13.0607936,137.63148,0.13395833333333332
3858949,K00995.01,0,25.9518461,154.88212,0.6075416666666666
3858824,K00996.01,0,25.9518536,154.88278,0.6147916666666666
2157247,K00997.01,0,5.68628739,135.89269,0.7322083333333333
7601633,K00136.01,0,15.663886949,147.395712,0.10322916666666666
8242681,K01065.01,0,4.020628573,133.638478,0.1836875
8246781,K01067.01,0,185.02288222,273.185533,0.2030525
8264070,K01068.01,0,2.897432135,450.75739,0.13247083333333332
8222813,K01069.01,1,8.70420525,357.55941,0.12243749999999999
6359320,K01127.02,1,8.1280933,358.68367,0.15529166666666666
6362874,K01128.01,1,0.974868896,133.076265,0.0674625
6272413,K01129.01,1,4.89721006,133.39852,0.0755
8279765,K01130.01,0,2.757794163,135.232863,0.11518333333333333
8330548,K01132.01,0,1.914158508,134.644919,0.13715416666666666
3348082,K01196.01,0,3.98216698,135.52749,0.09983333333333333
3853673,K01197.01,0,0.643794198,133.984483,0.06525833333333333
3447722,K01198.01,1,16.08832318,139.49184,0.23879166666666665
3447722,K01198.02,1,10.30067919,142.74251,0.20354166666666665
3447722,K01198.03,1,35.6757453,145.00717,0.30754166666666666
1432214,K00998.01,0,161.78832712,214.039,0.22124999999999997
2165002,K00999.01,1,16.56806842,146.15285,0.17769583333333333
2165002,K00999.02,1,47.3329299,151.41614,0.11283333333333334
2441728,K01000.01,0,0.856895349,133.67521,0.05449166666666667
1871056,K01001.01,1,40.8065333,155.71586,0.5472916666666666
8222813,K01069.02,1,2.46697039,354.93093,0.06810416666666666
8240904,K01070.01,1,6.61836309,360.36694,0.15338749999999998
8240904,K01070.02,1,107.7214092,354.19522,0.3350833333333333
8374494,K01133.01,0,5.251916208,357.321883,0.2045625
5735762,K00148.02,1,9.673958488,125.339418,0.13600416666666665
8414907,K01134.01,0,100.3039228,277.0607,0.3625833333333333
8414907,K01134.02,0,200.61103346,456.84444,0.2970833333333333
8397446,K01135.01,0,0.986620248,448.5959,0.1655083333333333
8386035,K01136.01,0,1.63484631,134.512115,0.25458333333333333
3962243,K01203.02,1,14.12847677,142.8971,0.15354166666666666
3962243,K01203.03,1,48.6478543,172.1271,0.22766666666666668
3438507,K01204.01,1,8.39842977,136.31152,0.2643333333333333
3869014,K01205.01,1,8.63847391,139.94684,0.22735833333333333
1871056,K01001.02,1,140.10765,216.21749,0.7709583333333333
1865042,K01002.01,1,3.4815917,132.98828,0.0752875
2438502,K01003.01,0,8.360616221,172.264978,0.31410416666666663
2309585,K01004.01,0,1.838514968,352.72266,0.11412916666666667
5780460,K01005.01,1,35.61760233,197.03573,0.35232916666666664
8244190,K01071.01,0,1.09206833,133.19403,0.07748333333333332
8229696,K01072.01,1,10.12805158,139.1159,0.14654166666666665
8262210,K01073.01,0,1.613001111,178.52846,0.09975
10272640,K01074.01,1,3.770551475,357.11836,0.15865416666666665
10232123,K01075.01,0,1.343767797,133.275862,0.08085416666666666
10223616,K01076.01,0,29.12436474,142.16154,0.14253749999999998
8415745,K01138.01,0,31.82814583,366.704854,0.12154166666666666
8378634,K01139.01,0,3.629442796,134.70066,0.2345833333333333
8397675,K01140.01,0,0.553261874,133.446605,0.03697916666666666
8346392,K01141.01,1,5.72812616,135.18066,0.0845625
8288947,K01142.01,1,3.75574267,133.4333,0.0954625
8312852,K01143.01,0,7.44042933,134.76331,0.124625
9480189,K00941.01,1,6.581477136,174.787814,0.1287333333333333
11974540,K00129.01,1,24.669192732,132.864236,0.29313124999999995
9480189,K00941.02,1,2.382652873,170.66626,0.07869999999999999
9480189,K00941.03,1,24.66461416,189.02031,0.11907916666666665
9512687,K00942.01,1,11.51517167,174.85855,0.08358333333333332
8644288,K00137.01,1,7.641567589,135.407564,0.14209083333333333
5738346,K01006.01,0,30.6113932,374.6216,0.149
1725016,K01007.01,1,7.40742502,355.49652,0.15312499999999998
1722276,K01008.01,0,569.934135,248.94045,0.1746
892772,K01009.01,0,5.09246539,357.53594,0.1524583333333333
1027438,K01010.01,0,110.61576622,145.83537,0.20833333333333331
10268907,K01077.01,0,1.103971357,354.58216,0.03858333333333333
5446285,K00142.01,1,10.916108342,133.009227,0.15206666666666666
10166274,K01078.01,1,3.353732008,134.869597,0.060825
10166274,K01078.02,1,6.877446033,132.08426,0.05705
10166274,K01078.03,1,28.46464804,158.03986,0.11107083333333334
10153827,K01079.01,0,0.293630085,133.584241,0.09940416666666665
5735762,K00148.03,1,42.89645024,146.0613,0.23707083333333334
8302450,K01144.01,0,2.44199803,134.57095,0.11495833333333333
8351704,K01146.01,1,7.09712124,136.34514,0.08774583333333333
8299955,K01147.01,0,2.6827683,134.25535,0.12320833333333332
9513865,K00943.01,1,3.601465336,171.99184,0.09480416666666666
9595686,K00944.01,0,3.108251172,170.244566,0.10436666666666666
9605514,K00945.01,1,25.8474958,188.874,0.249375
9605514,K00945.02,1,40.715561,146.36485,0.28725
9661877,K00946.01,0,20.42720701,176.71737,0.143625
5728283,K01011.01,0,6.198273591,183.3731434,0.31409875
8127639,K01012.01,0,1.023471798,354.8182,0.09791249999999999
6047498,K01013.01,0,0.51872711,133.676312,0.05216666666666667
8125580,K01014.01,1,17.31711739,142.36094,0.131325
8158127,K01015.01,1,9.42889884,140.1046,0.1853375
10158990,K01080.01,0,1.096583368,133.61436,0.08828333333333332
10141900,K01082.01,1,6.50327035,135.26657,0.10795833333333334
10141900,K01082.02,1,4.09667624,133.09833,0.09125
10141900,K01082.03,1,1.196548464,132.53363,0.05246666666666667
8410727,K01148.01,1,11.47609015,135.39622,0.21025
8410727,K01148.02,1,25.2630467,134.18397,0.25916666666666666
8349405,K01149.01,0,7.1688266,136.23827,0.05375
8278371,K01150.01,1,0.677374687,133.94573,0.07650416666666666
8280511,K01151.01,1,10.43547031,134.82462,0.1423625
8280511,K01151.02,1,7.41084314,135.75425,0.13520833333333332
9710326,K00947.01,1,28.59914031,189.92667,0.15236249999999998
9761882,K00948.01,1,24.58716355,173.70572,0.16599999999999998
5297298,K00130.01,0,34.193600311,155.2966351,0.22557583333333334
9766437,K00949.01,1,12.53248222,170.76535,0.16736666666666666
9775938,K00951.01,1,13.19720694,171.545479,0.14529999999999998
8644288,K00137.02,1,14.85890852,128.154869,0.1468833333333333
8158127,K01015.02,1,4.08897299,135.76402,0.14937499999999998
8176653,K01016.01,0,2.866680334,134.066374,0.046933333333333334
8174625,K01017.01,1,17.44486016,141.6802,0.18520833333333334
8183911,K01018.01,0,8.30697421,137.08254,0.11499999999999999
8179973,K01019.01,0,2.49705175,135.3072596,0.15791666666666665
10157458,K01083.01,1,7.33685101,138.5829,0.14783333333333332
4649305,K00143.01,0,22.65117451,140.337593,0.15372916666666664
10148521,K01084.01,0,1.204274435,134.05838,0.055675
10118816,K01085.01,1,7.71790675,139.15725,0.07666666666666666
10122255,K01086.01,1,27.6652847,144.8714,0.276375
3124412,K01087.01,0,0.948950734,134.368152,0.1676875
3835670,K00149.01,1,14.55730897,145.095012,0.3235125
10287248,K01152.01,0,4.722254104,178.243313,0.14379166666666665
10351767,K01153.01,0,0.635069939,134.0209283,0.08632124999999999
10342041,K01155.01,0,0.933746515,133.387415,0.27717499999999995
10514770,K01156.01,0,1.872421727,134.366162,0.06358749999999999
9775938,K00951.02,1,33.6528474,147.8025,0.16506666666666664
9787239,K00952.01,1,5.90127815,171.40674,0.09157916666666667
9787239,K00952.02,1,8.75209691,170.63671,0.098925
9787239,K00952.03,1,22.78078241,155.20408,0.13750833333333332
9787239,K00952.04,1,2.896005211,133.61228,0.06989999999999999
9787239,K00952.05,1,0.742957911,133.27936,0.027866666666666665
2309719,K01020.01,0,54.35635067,164.070221,0.26810416666666664
2558363,K01021.01,0,0.54624855,178.5614,0.08559583333333333
2716853,K01022.01,1,18.82744023,196.19088,0.1943333333333333
2445154,K01023.01,0,8.4120069,139.64745,0.16345833333333332
2715135,K01024.01,1,5.747711909,133.29939,0.07884583333333334
8644288,K00137.03,1,3.504691252,133.511941,0.08254583333333333
3113266,K01088.01,0,0.995861402,132.346819,0.04794583333333333
3247268,K01089.01,1,86.67856052,175.597013,0.42203749999999995
3247268,K01089.02,1,12.21828097,140.321095,0.11237083333333332
3232859,K01090.01,0,8.387210055,138.903759,0.06865416666666666
3098184,K01091.01,0,15.2384539,369.56902,0.8038333333333334
2720309,K01092.01,0,0.413334492,133.212225,0.09919999999999998
10342065,K01157.01,0,0.93374614,133.388153,0.2729583333333333
10352945,K01158.01,0,6.47179275,356.38477,0.2828333333333333
10354039,K01159.01,1,64.617518,166.14425,0.2415
10330115,K01160.01,1,13.21409607,140.58492,0.14850416666666666
10426656,K01161.01,1,6.05729966,135.92756,0.15591249999999998
9820483,K00953.01,1,3.584101048,170.427829,0.11381666666666665
9941662,K00013.01,1,1.763587535,120.5659254,0.13203208333333333
7778437,K00131.01,1,5.014234733,133.174289,0.19120833333333334
9823457,K00954.01,1,8.11528727,174.52257,0.13379166666666664
9823457,K00954.02,1,36.9250409,174.22246,0.20575416666666668
2574201,K01025.01,0,37.4783492,157.31713,0.22154166666666666
2166206,K01028.01,0,8.09695764,140.74216,0.13829166666666665
2164169,K01029.01,1,32.3122867,133.867,0.27370833333333333
2574338,K01030.01,1,9.22961384,138.43961,0.09312499999999999
2584163,K01031.01,1,14.5598556,135.95038,0.2343333333333333
4180280,K00144.01,1,4.176254191,133.090415,0.15298333333333333
3239636,K01093.01,0,0.528755447,133.38227,0.23808333333333334
2721030,K01094.01,1,6.10027621,135.58656,0.19781666666666667
3340070,K01097.01,0,10.9110487,142.52714,0.29304166666666664
7626506,K00150.01,1,8.408878137,134.006366,0.14569583333333333
10426656,K01161.02,1,10.93725572,136.98549,0.12842499999999998
10426656,K01161.03,1,2.97136658,134.38662,0.11316666666666667
10528068,K01162.01,1,158.6850022,173.94993,0.4807166666666667
10468940,K01163.01,1,2.936527336,135.71829,0.07379166666666666
9825625,K00955.01,1,7.03902016,175.73059,0.16097083333333334
9875711,K00956.01,1,8.360870704,175.64459,0.11309999999999999
7661409,K00957.01,0,3.14051153,178.4691,0.34502499999999997
1026957,K00958.01,1,21.76129812,166.540438,0.051791666666666666
10002261,K00959.01,0,12.713794177,175.0725677,0.10170541666666666
8176650,K00960.01,0,15.801100028,177.1533515,0.2656270833333333
5899544,K01034.01,0,1.739428983,354.889074,0.10372499999999998
5963222,K01035.01,0,1.217266418,133.328666,0.13836666666666667
5982353,K01036.01,0,19.563092517,134.3548284,0.28977916666666664
6205468,K01037.01,0,3.7228551,179.30315,0.5340166666666666
8506766,K00138.01,0,48.93786896,140.76639,0.27444999999999997
3240706,K01098.01,0,5.48990788,134.10438,0.16749999999999998
2853093,K01099.01,1,161.5278347,198.00137,0.15305833333333332
3228824,K01100.01,0,0.73093905,355.90306,0.1184875
3245969,K01101.01,1,11.39102358,137.70864,0.09595833333333333
3231341,K01102.01,1,12.33343853,137.58782,0.2592083333333333
10468940,K01163.02,1,8.01500821,134.8277,0.12557083333333333
10341831,K01164.01,0,0.933749941,133.38422,0.27525
10337517,K01165.01,1,7.053934488,136.357253,0.07185
10337517,K01165.02,1,4.29263699,134.80018,0.1125
10351231,K01166.01,1,7.6746614,133.22431,0.08072499999999999
10485179,K01167.01,0,0.445275074,133.971372,0.09483333333333333
8561063,K00961.01,1,1.213770423,170.483645,0.02305
8561063,K00961.02,1,0.453287416,133.869741,0.018520833333333334
8892910,K00132.01,0,10.810132734,132.95157,0.18590833333333334
8561063,K00961.03,1,1.865114193,133.792344,0.017829166666666667
10657664,K00964.01,0,3.273699006,171.2385098,0.1281775
3337351,K00965.01,0,7.047103499,175.03337,0.13836666666666667
6153201,K01038.01,0,0.530300102,354.985736,0.11875833333333333
5802486,K01039.01,0,1.073917869,177.924088,0.10127083333333332
5817553,K01040.01,0,4.206096814,136.44854,0.44742083333333327
5982368,K01041.01,0,19.56313723,369.11182,0.28572916666666665
5816811,K01042.01,0,2.227718792,134.452638,0.20707916666666665
5816165,K01043.01,0,0.591914504,355.353791,0.042604166666666665
7102227,K01360.01,1,36.7704935,164.29112,0.18416666666666665
7102227,K01360.02,1,14.58932429,141.93498,0.10076666666666667
7102227,K01360.03,1,0.764017553,132.2214,0.04595833333333333
6960913,K01361.01,1,59.8780258,151.1847,0.20011249999999997
11122894,K01426.02,1,74.92768653,124.99266,0.1975
11122894,K01426.03,1,150.0189511,224.685714,0.18259583333333332
11129738,K01427.01,1,2.613020421,133.11283,0.08161666666666667
11401182,K01428.01,1,0.927859786,133.905978,0.05949583333333333
11030711,K01429.01,1,205.912735,252.74129,0.41633333333333333
11512246,K00168.03,1,7.10695741,138.32271,0.214425
6690082,K01240.01,1,2.1395563,133.65392,0.08615833333333334
6690082,K01240.02,1,4.807103254,134.640371,0.0391375
6448890,K01241.01,1,21.4054422,147.08981,0.488375
6448890,K01241.02,1,10.5007712,135.6479,0.6050833333333333
10730034,K01305.01,1,2.633852528,134.56431,0.08419166666666666
10730034,K01305.02,1,6.18670882,136.63308,0.12120833333333332
10858691,K01306.01,1,1.796320953,133.33662,0.07974583333333332
10858691,K01306.02,1,3.468073,136.00831,0.098375
10858691,K01306.03,1,5.9142668,133.49193,0.110875
8107380,K00162.01,1,14.00640392,142.20885,0.19549583333333334
6936909,K01363.01,1,3.546531809,134.90127,0.094775
6936909,K01363.02,1,5.70070626,132.69229,0.06836666666666666
6962977,K01364.01,1,20.8341497,186.03921,0.18841666666666668
6962977,K01364.02,1,7.0556584,181.91205,0.1269958333333333
11176127,K01430.01,1,10.47548084,152.64165,0.09593333333333333
11176127,K01430.02,1,22.92886314,143.86271,0.08679583333333332
11176127,K01430.03,1,77.4740991,184.24533,0.17366666666666666
11014932,K01432.01,1,6.88595222,138.40761,0.1728333333333333
6677256,K01243.01,0,3.125814002,356.41184,0.0745625
8030148,K00155.01,1,5.660669429,137.416045,0.19367916666666665
6692833,K01244.01,0,10.80487163,134.09498,0.11339583333333332
6693640,K01245.01,1,13.71938426,140.74483,0.2319875
10858691,K01306.04,1,29.2214959,139.32807,0.16725
10973814,K01307.01,1,44.8520997,172.46196,0.14887083333333334
10973814,K01307.02,1,20.34237838,137.6952,0.09729583333333333
6541920,K00157.05,1,118.3786735,287.28744,0.39822499999999994
10586208,K01308.01,1,23.58444746,145.95798,0.2314375
6962977,K01364.03,1,11.97884409,178.96957,0.15629166666666666
6962977,K01364.04,1,3.71545593,169.78318,0.10658333333333332
6962977,K01364.05,1,2.58083264,171.56048,0.09053749999999999
7174351,K01365.01,0,1.487084251,133.97746,0.05513749999999999
6932987,K01366.01,1,19.25404023,164.78424,0.1937875
11014932,K01432.02,1,15.0549356,144.575,0.20004166666666667
11014932,K01432.03,1,2.92721119,133.82725,0.10604166666666666
11014932,K01432.04,1,38.2856338,143.2984,0.2713333333333333
11288505,K01433.01,1,19.80787763,139.37983,0.14387499999999998
11493431,K01434.01,1,2.343230566,133.20732,0.08510000000000001
8801343,K01247.01,0,2.73987398,134.5503077,0.1732858333333333
8488878,K01248.01,0,5.801880653,357.453464,0.17753333333333332
8560285,K01249.01,0,85.34092607,386.211642,0.44225416666666667
8620565,K01250.01,0,0.782045734,134.0214,0.07477083333333333
10854768,K01309.01,1,10.1171684,137.44489,0.19448749999999998
10964440,K01310.01,1,19.12947603,139.4353,0.16509166666666666
10713616,K01311.01,1,83.5781976,202.45865,0.3020291666666667
10963242,K01312.01,1,6.1469956,135.07385,0.1381375
10785538,K01313.01,0,0.522457732,133.751976,0.0371125
6932987,K01366.02,1,54.1558384,172.36559,0.18466666666666667
8191672,K00018.01,1,3.548465446,122.9014315,0.19037666666666667
6851425,K00163.01,1,11.1199028,139.753524,0.1406625
6934291,K01367.01,1,0.567856484,134.063088,0.042741666666666664
7357531,K01368.01,0,251.0597249,230.027745,0.2128958333333333
6185711,K00169.01,0,11.70219638,151.13414,0.111075
11037335,K01435.01,1,40.7150498,146.56647,0.3577916666666666
11037335,K01435.02,1,10.44635944,133.27821,0.11454166666666667
11389771,K01436.01,1,2.508553286,135.0112,0.09443333333333333
11389771,K01436.02,1,13.75129636,144.61389,0.16054166666666667
8737796,K01252.01,0,0.885747456,134.486834,0.18661666666666665
8462258,K01253.01,0,3.611541977,357.25064,0.35861666666666664
10925104,K00156.01,1,8.041347775,143.038292,0.10971666666666666
8454250,K01254.01,0,5.082722475,137.26075,0.24641249999999998
8848271,K01256.01,0,9.991625291,137.447816,0.16063333333333332
10585852,K01314.01,1,8.57504983,140.14063,0.36054166666666665
10794087,K01316.01,1,7.64970832,138.33113,0.27604166666666663
6541920,K00157.06,1,10.30401132,138.50377,0.176025
4275739,K01317.01,0,2.171827838,355.083686,0.1341875
7287415,K01369.01,1,3.016182013,133.88395,0.11812083333333334
6924203,K01370.01,1,6.8833761,135.26522,0.09459166666666666
6878167,K01371.01,0,0.833980196,133.68304,0.07316666666666666
6880531,K01372.01,0,69.62754202,176.3098622,0.46125
6863839,K01373.01,0,1.926353494,133.68077,0.10543749999999999
7296086,K01374.01,0,0.890737359,134.56707,0.08023749999999999
11389771,K01436.03,1,5.41908491,131.6422,0.09741249999999999
11599038,K01437.01,1,7.01733571,133.90592,0.148625
11193263,K01438.01,1,6.91134223,136.64878,0.23642916666666663
11027624,K01439.01,1,394.6249514,177.84534,1.0045
11032227,K01440.01,1,7.19304935,136.05065,0.14195833333333333
8751933,K01257.01,1,86.64764448,173.794641,0.1763583333333333
8630788,K01258.01,1,36.33750453,160.39806,0.29416666666666663
8630788,K01258.02,1,14.64613058,136.5227,0.237
8630788,K01258.03,1,148.272013,138.00557,0.17466666666666666
8823426,K01259.01,0,1.506507172,178.18515,0.18894166666666667
4070376,K01318.01,0,1.634614356,133.96855,0.143425
4078157,K01319.01,0,16.025018977,367.693328,0.16178333333333333
4164994,K01320.01,1,10.50682978,360.082152,0.15737083333333332
4480676,K01321.01,0,0.711966971,134.223486,0.08425416666666666
4079535,K01322.01,0,17.72724392,356.795528,0.1711375
6766634,K01375.01,1,321.2124365,206.930556,0.16716666666666663
6774826,K01376.01,0,7.13895376,184.24569,0.1903333333333333
5652237,K00164.01,0,4.4645454,132.31538,0.12009583333333332
7211469,K01377.01,1,11.29689442,134.57233,0.192625
7375795,K01378.01,0,19.30112039,133.35614,0.2531333333333333
7255336,K00019.01,0,1.20320092,133.929836,0.07998749999999999
7831264,K00171.01,1,5.968724048,137.158607,0.15212499999999998
7802136,K01449.01,0,10.980246199,137.1376073,0.15602666666666665
7532973,K01450.01,1,2.144632238,133.984128,0.2612541666666667
9632895,K01451.01,0,27.32204488,159.7472774,0.23631666666666665
7449844,K01452.01,0,1.152216965,133.277861,0.09268749999999999
8766222,K01260.01,0,5.2972293,177.95111,0.15829166666666666
8678594,K01261.01,1,133.460999,216.04334,0.47915416666666666
10925104,K00156.02,1,5.188563677,145.362252,0.09867916666666667
8678594,K01261.02,1,15.19423359,142.73422,0.12941666666666665
8703884,K01262.01,0,14.17098745,359.82956,0.14501666666666665
8560840,K01263.01,0,31.9734169,133.86598,0.5525833333333333
4076098,K01323.01,1,3.990105908,355.840837,0.10045
4551328,K01324.01,0,0.52205862,133.138446,0.08686250000000001
4282872,K01325.01,1,10.035381809,137.471481,0.141925
4639868,K01326.01,0,53.100942624,135.9717179,0.09528333333333333
10555375,K00158.01,0,5.80181368,137.57807,0.17162499999999997
4372768,K01327.01,0,15.6402515,359.07991,0.25925
7375795,K01378.02,0,0.691666384,135.94927,0.08167916666666666
7211221,K01379.01,1,5.62154315,136.89013,0.10059583333333333
7025526,K01380.01,0,1.074106954,133.84323,0.08248749999999999
9451127,K01381.01,0,5.117401517,134.586518,0.1794
9446824,K01382.01,0,4.20233673,179.533899,0.15405416666666666
11356260,K01441.01,1,8.50698069,134.64421,0.12241666666666667
11044770,K00170.01,0,15.60865244,144.29934,0.2608333333333333
11600889,K01442.01,1,0.669310092,134.131388,0.06780833333333333
11197126,K01443.01,0,4.494498254,134.77583,0.08225833333333332
11043167,K01444.01,1,44.9306706,140.2077,0.2724583333333333
8612847,K01264.01,1,14.13175309,142.26044,0.16723333333333334
8552583,K01265.01,0,1.061934816,133.84801,0.13562916666666666
8547140,K01266.01,1,11.41926141,137.66894,0.16628333333333334
8519253,K01267.01,0,5.93821065,136.52839,0.10469999999999999
8757910,K01269.01,0,0.655001616,133.176794,0.07556666666666667
4072526,K01329.01,1,33.1996355,153.66086,0.20925
4150539,K01330.01,0,8.65306587,134.30886,0.18691666666666665
4455231,K01332.01,1,19.30581662,373.18998,0.1787583333333333
8953257,K01383.01,0,3.221785738,136.141517,0.1392125
8971432,K01384.01,0,0.6243875,133.0436541,0.08004249999999999
9278553,K01385.01,0,18.610092584,139.0850449,0.20762833333333333
9527915,K00165.01,1,13.22175358,139.570627,0.11618333333333333
9143254,K01386.01,0,1.137525054,133.805565,0.11176166666666666
8949247,K01387.01,0,23.799939273,152.5654761,0.20929958333333332
11336883,K01445.01,1,7.16893064,135.67854,0.1948583333333333
12506351,K01446.01,0,1.22775877,133.78679,0.11477083333333334
7622486,K01447.01,0,40.24649897,161.306577,0.2508458333333333
7622486,K01447.02,0,2.27999662,133.640649,0.2407375
9705459,K01448.01,0,2.48658617,134.110364,0.1132875
8564587,K01270.01,1,5.729317577,138.559971,0.04923333333333333
10925104,K00156.03,1,11.776132317,142.705753,0.1207125
8564587,K01270.02,1,11.60908533,133.99324,0.09417916666666666
8552498,K01272.01,0,0.530967162,133.849416,0.14024583333333332
8806072,K01273.01,1,40.05881661,169.91063,0.23312499999999997
4455231,K01332.02,1,6.09747233,354.05919,0.14295833333333333
4455231,K01332.03,1,56.637918,135.51975,0.25716666666666665
4285107,K01333.01,0,2.243016513,133.45086,0.113375
4150624,K01334.01,0,8.6531216,134.30147,0.18291666666666664
8972058,K00159.01,1,8.99088621,136.73923,0.17686249999999998
9346253,K01388.01,0,34.064566412,150.452048,0.40047499999999997
9002237,K01389.01,0,4.350087749,134.800238,0.11011666666666665
9288786,K01390.01,0,1.744101106,134.50867,0.06457083333333333
8958035,K01391.01,0,7.981187121,133.802114,0.07529583333333333
9040849,K01392.01,0,4.118775582,357.261244,0.15666666666666665
7842610,K01453.01,0,0.971933156,133.853925,0.08027083333333333
7830637,K01454.01,0,121.5991278,137.27469,0.6316499999999999
7832356,K01456.01,1,7.886632468,360.514132,0.21727916666666663
9643874,K01457.01,1,8.027681123,360.171355,0.12892499999999998
8800954,K01274.01,1,704.962626,492.77178,0.7501249999999999
8583696,K01275.01,1,50.28635977,167.63351,0.2633833333333333
8804283,K01276.01,1,22.79020351,138.68515,0.20997499999999997
8804283,K01276.02,1,13.26079792,139.0988,0.16299999999999998
8552565,K01277.01,0,1.061932545,133.850441,0.08928749999999999
4155328,K01335.01,1,127.8334997,293.41845,0.45475
4077526,K01336.01,1,10.21864532,136.8622,0.15841666666666665
4077526,K01336.02,1,15.573637,132.44282,0.22191666666666665
4077526,K01336.03,1,40.1015561,132.71244,0.21858333333333335
4077526,K01336.04,1,4.45814897,134.39743,0.11945833333333333
8937021,K01394.01,0,5.663621501,133.89009,0.05403333333333333
8935810,K01395.01,1,6.230335,181.29566,0.06872083333333333
2441495,K00166.01,1,12.49340725,138.462232,0.094225
9455556,K01396.01,1,6.62643441,183.98789,0.13229999999999997
9455556,K01396.02,1,3.70122061,180.27172,0.105125
3732821,K01207.01,1,13.73474071,142.32752,0.115375
3962357,K01210.01,1,14.55387488,134.11669,0.29054166666666664
9110357,K00016.01,0,0.895277575,133.411986,0.11295833333333333
8394721,K00152.04,1,81.0637895,139.53492,0.12504166666666666
8609450,K01278.01,1,24.8056775,145.07526,0.25616666666666665
6541920,K00157.01,1,13.02493307,138.176157,0.19044166666666665
8609450,K01278.02,1,44.3471936,161.31738,0.26791666666666664
8609450,K01278.03,1,9.2207691,138.0072,0.20445833333333333
8609450,K01278.04,1,13.6396648,141.7301,0.22604166666666664
4243911,K01337.01,1,1.922799706,134.50174,0.07751666666666666
4466677,K01338.01,1,3.222975318,178.0701,0.1218625
4135665,K01339.01,1,4.16811839,134.89621,0.11701666666666666
9269281,K01398.01,1,5.82348911,354.99602,0.09350416666666667
9157908,K01400.01,0,9.41475056,142.32936,0.1973333333333333
9030447,K01401.01,0,0.56669006,133.81294,0.09030833333333334
9034103,K01402.01,1,7.13969705,137.18652,0.165875
9214942,K01403.01,1,18.75470238,141.7172,0.12637916666666665
3858704,K01211.01,0,3.00363219,135.64129,0.1555
3749134,K01212.01,1,11.30123036,134.91855,0.16758333333333333
3556220,K01213.01,0,0.796722833,133.07985,0.10229583333333332
3660924,K01214.01,1,4.24153629,133.45522,0.12379166666666666
3939150,K01215.01,1,17.32419108,142.09977,0.33520833333333333
8628758,K01279.01,1,14.37457572,138.20189,0.19955
8628758,K01279.02,1,9.65188331,132.15947,0.179
8509361,K01280.01,0,6.0990118,135.52357,0.15046666666666667
8742590,K01281.01,1,49.4781446,141.82465,0.103875
8822366,K01282.01,1,30.8639476,162.88077,0.36933333333333335
8972058,K00159.02,1,2.403640701,134.73065,0.05838333333333333
4386059,K01340.01,0,2.90060781,179.83386,0.10679166666666667
4650674,K01341.01,1,4.51436096,134.0293,0.12534583333333332
4275721,K01342.01,1,3.77359871,134.07013,0.113675
4275721,K01342.02,1,8.18182189,134.81423,0.10235833333333333
8874090,K01404.01,1,13.32389352,135.24585,0.13419999999999999
11666881,K00167.01,1,4.919584997,134.602396,0.17495
9264949,K01405.01,1,11.41911886,186.30498,0.2139583333333333
9271752,K01406.01,1,11.36113254,136.92584,0.17452499999999999
9007866,K01407.01,0,1.3866358,134.3472,0.19874999999999998
9150827,K01408.01,1,14.53410833,145.42643,0.13789166666666666
3939150,K01215.02,1,33.0063185,145.38821,0.2965833333333333
3839488,K01216.01,1,11.13127159,134.36341,0.17654999999999998
3542588,K01217.01,0,3.47143963,133.74061,0.15262499999999998
3442055,K01218.01,1,29.6193891,133.68205,0.20664583333333333
3440861,K01219.01,0,3.50376155,134.6825677,0.13166666666666665
12252424,K00153.01,1,8.925079516,139.71389,0.111525
8700771,K01283.01,1,8.0922105,138.04535,0.24039999999999997
10960993,K01284.01,0,3.117087797,134.684738,0.12789208333333332
6541920,K00157.02,1,22.687155,148.455435,0.22883749999999997
10599397,K01285.01,0,0.937406378,134.726531,0.0813125
10879208,K01286.01,0,0.668483615,178.281377,0.08712083333333333
10843203,K01287.01,0,4.429633087,355.143546,0.12607083333333333
4570931,K01343.01,0,1.544927524,133.54909,0.042225
4136466,K01344.01,1,4.48758768,133.36092,0.11975
7284688,K01345.01,0,0.323021692,133.603668,0.09767499999999998
7199774,K01346.01,0,4.70818628,137.0593,0.13658333333333333
7037540,K01347.01,0,14.405857436,360.3847471,0.22854541666666664
6866228,K01348.01,0,7.702374154,137.563452,0.1602458333333333
9391208,K01409.01,1,16.56062577,133.49703,0.10879166666666668
9391506,K01410.01,1,15.74958583,150.24579,0.19446666666666668
8950853,K01412.01,1,37.8145252,134.66424,0.37954166666666667
9006449,K01413.01,1,12.64504291,138.63149,0.379875
9006449,K01413.02,1,21.5262958,132.28787,0.3496666666666666
9006449,K01413.03,1,33.8845825,159.98819,0.27241666666666664
4043190,K01220.01,1,6.40087137,136.8824,0.10650416666666665
3640905,K01221.01,1,30.1599411,138.51774,0.3280833333333333
3640905,K01221.02,1,51.0771048,152.35694,0.4680416666666667
4060815,K01222.01,0,4.2856756,134.4812,0.169125
6613006,K01223.01,0,7.388833611,133.9344039,0.23452374999999998
6606653,K01224.01,0,2.698021895,136.32786,0.9663333333333333
10790387,K01288.01,1,117.93110803,219.704226,0.24498333333333333
10748393,K01289.01,0,4.887806806,354.539481,0.100325
10874226,K01290.01,0,11.973605044,144.779315,0.17965416666666667
10661771,K01291.01,0,1.231364189,133.036618,0.24405833333333332
10924853,K01292.01,0,2.102416517,134.394943,0.07368333333333332
10874926,K01293.01,0,11.703109303,133.721698,0.08527916666666666
6631721,K00160.01,0,13.73808249,134.43787,0.13974999999999999
6847018,K01349.01,0,16.66216657,142.186468,0.1615083333333333
7220322,K01350.01,0,0.752159702,134.047229,0.09842083333333332
6956233,K01352.01,0,4.81886153,358.16338,0.25929166666666664
7303287,K01353.01,1,125.86540191,236.659731,0.37579583333333333
7303287,K01353.02,1,34.5439452,132.68453,0.14508333333333334
11512246,K00168.01,1,10.74241765,133.2867,0.25263749999999996
8916492,K01414.01,0,4.02378908,136.23411,0.134875
11193447,K01415.01,0,0.312941621,133.810501,0.08602499999999999
11517719,K01416.01,1,2.495780169,135.336948,0.17800416666666666
11599264,K01417.01,0,8.428090255,358.303469,0.078375
11100657,K01418.01,0,8.344104633,361.839209,0.07505833333333332
6621116,K01226.01,0,137.75960504,173.16476,0.3821375
6629332,K01227.01,0,2.155278342,133.576109,0.08776666666666666
6387450,K01228.01,0,3.661326482,135.26995,0.10714166666666666
12252424,K00153.02,1,4.75400072,128.547155,0.10580833333333334
6432059,K01229.01,0,0.76973817,133.2965754,0.10416666666666666
6470149,K01230.01,0,165.739861,214.039466,1.0391374999999998
10549562,K01294.01,0,9.08937826,139.08364,0.260625
10874614,K00017.01,1,3.234699282,121.4865708,0.14974375
6541920,K00157.03,1,31.99552485,154.160745,0.17840416666666664
10666230,K01295.01,0,1.577800747,133.307724,0.09010833333333332
10971674,K01296.01,0,2.380862632,135.3252117,0.17517333333333332
6891543,K01354.01,0,1.752567456,134.47196,0.2291375
7211141,K01355.01,1,51.92920654,151.93321,0.21932083333333333
7376983,K01358.01,1,5.644914154,356.73699,0.0941625
5084942,K00161.01,1,3.105507835,133.210427,0.07274166666666666
11125936,K01419.01,0,1.336109338,178.258786,0.07257916666666667
11497958,K01422.01,1,5.841636615,135.92315,0.07805833333333333
11497958,K01422.02,1,19.85029495,133.64933,0.1183625
11512246,K00168.02,1,15.27443889,147.57983,0.2531875
6462874,K01231.01,0,22.34293693,155.08552,0.2950541666666666
6665223,K01232.01,0,119.40817159,232.649303,0.38973749999999996
6545358,K01233.01,0,1.171536413,178.597581,0.06615833333333333
6390824,K01234.01,0,0.973547911,133.49742,0.09524166666666667
6546528,K01235.01,0,3.053563251,133.88354,0.13562916666666666
10676923,K01297.01,0,1.031096352,133.93938,0.115875
10604335,K01298.01,1,11.00817635,143.22611,0.08387499999999999
10604335,K01298.02,1,92.7495777,173.27975,0.22941666666666666
10864656,K01299.01,1,52.5008645,171.52114,0.6211083333333333
10975146,K01300.01,1,0.63133171,133.94488,0.0478625
10538176,K01301.01,1,12.69905011,184.9868,0.12457916666666666
7376983,K01358.02,1,8.74292005,358.59286,0.10948749999999999
7376983,K01358.03,1,3.64830183,355.39128,0.08327083333333332
7376983,K01358.04,1,2.345863002,354.11185,0.06997916666666666
6946199,K01359.01,1,37.1011418,370.4803,0.23148333333333332
11497958,K01422.03,1,10.8644095,131.12833,0.07720833333333332
11177707,K01423.01,1,124.4197175,150.59616,0.1549875
11611600,K01424.01,1,1.219568047,133.460233,0.06533749999999999
11254382,K01425.01,1,2.05388477,133.73432,0.09014583333333333
11122894,K01426.01,1,38.86848956,171.30369,0.2523875
6677841,K01236.01,1,35.7353616,151.1133,0.3537916666666666
6677841,K01236.02,1,12.30971679,137.68401,0.2808333333333333
6677841,K01236.03,1,54.4205407,148.70471,0.35662499999999997
9970525,K00154.01,0,30.00908916,139.70643,0.13124999999999998
6531491,K01237.01,0,14.32407216,364.39537,0.19407083333333333
6383821,K01238.01,1,27.07237655,139.1127,0.28996666666666665
10538176,K01301.02,1,37.5142128,189.30015,0.2209583333333333
10724369,K01302.01,1,55.6391882,187.55044,0.3048333333333333
6541920,K00157.04,1,46.6856205,225.04604,0.2658083333333333
10744335,K01304.01,1,4.59726613,136.47837,0.12120833333333332
4860678,K01602.01,1,9.97716876,137.2361,0.24616666666666667
5177104,K01603.01,1,3.02168007,133.47243,0.11776666666666666
7023960,K00187.01,0,30.882538697,151.5295103,0.22390416666666668
10033279,K01604.01,0,72.4914068,139.77857,0.1505
5009189,K01605.01,0,4.93913074,135.05172,0.05675
8230616,K01713.02,1,2.240486703,137.82477,0.05828333333333333
9836959,K01715.01,1,105.0145774,228.94455,0.3094166666666667
9838949,K01716.01,1,4.88084456,136.19585,0.10655833333333332
9895006,K01717.01,1,10.56137217,133.76396,0.1360208333333333
9896558,K01718.01,1,67.6690554,198.19427,0.3981666666666666
9589323,K01488.01,1,3.949627144,134.61096,0.06452083333333333
9823487,K01489.01,1,16.00460392,140.47981,0.16447916666666665
9602514,K01490.01,0,3.55650737,133.51831,0.35604166666666665
9726659,K01491.01,1,3.148661555,356.93612,0.09157499999999999
12108312,K01492.01,0,0.70544824,133.807063,0.12259583333333332
5371776,K01557.01,1,3.295701024,133.966333,0.07611666666666667
5371776,K01557.02,1,9.65349016,134.85555,0.12095416666666665
5371776,K01557.03,1,5.315954488,132.43002,0.04652083333333333
9573539,K00180.01,1,10.04556377,129.09371,0.13344583333333332
5371776,K01557.04,1,1.499144441,133.07022,0.05941249999999999
9886661,K01606.01,1,5.082748362,133.21176,0.07388333333333333
5477805,K01607.01,0,5.00673576,134.54239,0.080825
10055126,K01608.01,1,9.17617167,138.71393,0.17767499999999997
10055126,K01608.02,1,19.7383992,133.28544,0.20391666666666666
5009743,K01609.01,1,41.6980186,169.57548,0.23769583333333333
10015937,K01720.01,1,59.6585348,168.08764,0.22975
10019065,K01721.01,1,52.6298542,155.61064,0.2549166666666667
7950644,K00192.01,1,10.290994129,137.0220594,0.17870375
10080248,K01722.01,1,14.8783945,142.96841,0.312125
10213902,K01723.01,1,59.6222627,138.13805,0.287
9842906,K01493.01,0,4.9883873,358.23526,0.3774583333333333
11821363,K01494.01,1,8.19596647,136.68736,0.11766666666666666
7629518,K01495.01,1,15.59466045,137.5636,0.21032499999999998
10810838,K00174.01,1,56.35407916,144.83768,0.14353749999999998
4828341,K01496.01,0,36.12895451,388.551318,0.09311666666666665
10019763,K01558.01,0,32.50456309,365.358295,0.1027375
9899280,K01559.01,0,1.332560589,133.38311,0.17677916666666665
4940438,K01561.01,0,9.08590495,182.08162,0.086325
5308663,K01562.01,0,0.784512952,355.57263,0.10259583333333333
5474733,K01610.01,0,0.883778461,133.60599,0.06807916666666666
10963065,K01612.01,1,2.465024332,132.68122,0.05258333333333333
6268648,K01613.01,1,15.86624787,141.08734,0.17708333333333331
10125352,K00021.01,0,4.288515468,121.97268,0.0956625
5357901,K00188.01,1,3.797018259,133.508776,0.0942
4278221,K01615.01,1,1.340596782,132.24549,0.06868333333333333
10214162,K01724.01,1,17.42393582,148.82614,0.205375
10905746,K01725.01,1,9.8786461,138.41159,0.0788125
8242434,K01726.01,1,44.96407458,144.56002,0.20754166666666665
6185331,K01727.01,1,49.7700907,159.98658,0.41937499999999994
11820830,K01728.01,0,12.7319385,138.73144,0.1839875
11774387,K01497.01,0,0.520222869,178.14846,0.0509
9636135,K01498.01,1,5.83376197,138.74892,0.16661666666666666
9636135,K01498.02,1,2.42150341,133.83517,0.12354166666666666
7841925,K01499.01,1,14.16400071,140.58934,0.17929583333333332
7841925,K01499.03,1,6.20920207,136.87938,0.109875
5219234,K01563.01,1,5.48711441,356.0773,0.12208333333333334
5219234,K01563.02,1,8.29084167,359.63666,0.15054166666666666
5219234,K01563.03,1,3.20539622,354.63069,0.08929166666666666
5219234,K01563.04,1,16.73869035,359.41655,0.09991666666666667
12504988,K00181.01,0,5.093938816,139.7178386,0.16380999999999998
9015738,K01616.01,1,13.93291548,139.41058,0.10932916666666666
7215603,K01618.01,1,2.36436762,132.25007,0.14049999999999999
5561278,K01621.01,1,20.31047472,146.82534,0.22232083333333333
6387542,K01626.01,1,2.53475568,132.68024,0.19048333333333334
6869184,K01732.01,1,43.3167427,136.57435,0.208125
10799735,K00193.01,0,37.590298548,157.350357,0.18272916666666666
6604328,K01736.01,1,31.0033072,143.29085,0.218875
9719634,K01500.01,0,3.351556891,134.28439,0.10002083333333334
7439316,K01501.01,1,2.617028373,134.03294,0.08524999999999999
12061238,K01502.01,0,1.876406096,133.12761,0.06379166666666666
8323753,K00175.01,0,6.71425632,134.31646,0.139125
12400538,K01503.01,1,150.2412582,138.29013,0.4520416666666667
5184584,K01564.01,1,53.44944498,149.20185,0.22121249999999998
5636648,K01565.01,0,0.466743525,133.971123,0.05814999999999999
5564247,K01566.01,0,1.727177258,355.37033,0.08670833333333333
5438099,K01567.01,1,7.24022418,355.01243,0.12147083333333332
5438099,K01567.02,1,4.64622383,354.58863,0.1047375
6543893,K01627.01,1,10.29674097,132.19453,0.11371666666666666
6543893,K01627.02,1,5.93919041,353.75537,0.09520833333333334
6975129,K01628.01,1,19.74733983,147.10553,0.14351666666666665
11391018,K00189.01,1,30.360445359,148.091546,0.2505583333333333
8685497,K01629.01,1,4.4096675,132.45003,0.08924166666666666
4365645,K01738.01,1,4.16787814,135.28334,0.09223333333333333
8197343,K01746.01,1,11.79161234,134.54064,0.1265
7032421,K01747.01,0,20.55848388,133.00401,0.060375
6786348,K01749.01,1,26.964501,145.34426,0.15799999999999997
6209677,K01750.01,1,7.76845639,138.06602,0.15370833333333334
9641018,K01504.01,0,2.178154348,134.203059,0.14530833333333332
9813499,K01505.01,1,5.03257009,137.32638,0.17554166666666665
12254792,K01506.01,1,40.4286676,139.50631,0.29591666666666666
12020218,K01507.01,1,21.3588236,135.07022,0.242625
7690844,K01508.01,1,22.0459163,136.47548,0.21749999999999997
9535080,K01509.01,0,49.6456235,153.0806,0.982
5438099,K01567.03,1,17.32670445,360.5083,0.177875
5438099,K01567.04,1,44.8411168,359.87359,0.24591666666666667
5210475,K01568.01,0,1.008917105,354.85926,0.0607375
8009350,K01569.01,1,13.75207851,143.03241,0.12012916666666668
8082001,K01570.01,1,6.33855946,354.85104,0.1442375
9277896,K01632.01,1,4.59489816,133.83995,0.13075416666666667
9401997,K01633.01,1,32.2964275,138.52615,0.19004166666666666
10686864,K01637.01,1,2.97041801,133.39136,0.09320416666666666
8043714,K01765.01,0,6.814984472,134.212391,0.12725375
7918217,K01770.01,0,63.9354965,162.84657,0.5550416666666667
9631995,K00022.01,1,7.891448838,177.2499624,0.17855833333333332
7901948,K01511.01,1,2.578852119,133.2237,0.09825416666666666
11955499,K01512.01,0,9.04189129,137.86611,0.11620833333333333
6442377,K00176.01,1,30.22910274,134.52081,0.27812916666666665
9784222,K01513.01,0,0.798200403,133.962079,0.0760875
5376836,K00182.01,0,3.479425638,136.797172,0.1436625
5557821,K01571.01,0,2.92878704,356.28699,0.19308333333333333
10004519,K01572.01,1,9.80321143,363.98686,0.18590416666666668
5031857,K01573.01,1,24.81097206,156.506971,0.13435416666666666
10879038,K01641.01,1,4.8538404,135.09902,0.13324999999999998
10990917,K01643.01,1,11.04605365,136.44056,0.19995833333333335
11043136,K01644.01,0,2.621706694,131.88227,0.080875
11046025,K01646.01,1,3.72020708,133.41684,0.07883333333333332
5771719,K00190.01,0,12.264867364,139.304999,0.19735833333333333
9729691,K01751.01,1,8.689301216,133.661284,0.10679166666666667
9729691,K01751.02,1,20.99757968,132.05689,0.10225000000000001
4950232,K01753.01,0,0.979442525,132.42297,0.043116666666666664
10904857,K00194.01,1,3.120828136,139.466594,0.09115833333333334
8651389,K01754.01,1,15.13590453,146.58371,0.09316666666666668
9520668,K01514.01,0,1.399326503,133.61426,0.07627083333333333
7871954,K01515.01,1,1.937029968,134.72107,0.06136249999999999
7871954,K01515.02,1,7.06117322,136.27344,0.04335833333333333
12418724,K01516.01,1,20.55331441,139.5613,0.22139999999999999
7456001,K01517.01,1,40.0686713,151.80901,0.2453125
10028792,K01574.01,1,114.73658,165.150671,0.5014791666666667
10028792,K01574.02,1,191.239133,286.22034,0.7059166666666666
5553652,K01575.01,0,24.3282251,141.05149,0.25658333333333333
5299459,K01576.01,1,10.41572666,143.04774,0.11549583333333333
11153121,K01647.01,1,14.97031664,134.50507,0.24516666666666667
11153121,K01647.02,1,32.2753853,149.046,0.35924999999999996
11177543,K01648.01,1,38.3262237,142.08401,0.12804166666666666
11337141,K01649.01,1,4.04355245,131.62995,0.081875
3967760,K01760.01,1,5.52418625,135.62306,0.11775
3967760,K01760.02,1,8.77514782,133.70319,0.13233333333333333
4067336,K01761.01,0,10.12742274,135.26504,0.053175
5387843,K01762.01,0,0.870693883,132.083949,0.05057083333333333
7549209,K01518.01,1,27.5071114,151.84775,0.24612499999999998
7663405,K01519.01,1,5.1443645,133.83044,0.11262499999999999
9765975,K01520.01,1,18.45848388,138.1635,0.14042916666666666
9818462,K01521.01,1,25.9421582,156.18894,0.16854166666666665
6803202,K00177.01,1,21.06075303,143.59983,0.21863333333333335
5299459,K01576.02,1,13.08424286,132.63129,0.12667083333333332
9651668,K00183.01,1,2.684328541,133.3548095,0.1122425
12506770,K01577.01,1,2.806243488,133.7314,0.06779583333333333
5629985,K01578.01,0,2.27190723,134.79852,0.22429166666666667
9898364,K01579.01,0,7.132351753,134.473083,0.12364166666666666
11337372,K01650.01,1,6.53194024,136.03223,0.1389625
11337833,K01651.01,1,51.3011844,153.52571,0.22329166666666667
11546211,K01654.01,0,1.097211085,131.517201,0.06974166666666666
11547505,K01655.01,1,0.938466959,135.600698,0.05422916666666667
11502867,K00195.01,1,3.217518511,133.6320632,0.08811708333333332
9909735,K01779.01,1,4.66271902,134.08296,0.114875
9909735,K01779.02,1,11.8150174,133.08929,0.11808333333333333
11551692,K01781.01,1,7.834433676,135.222143,0.12041666666666667
11551692,K01781.02,1,3.005156911,137.103362,0.08644583333333333
12266636,K01522.01,1,33.3856176,148.92764,0.2098375
9850893,K01523.01,0,8.48039789,135.85018,0.26037499999999997
4826110,K01524.01,0,1.333395306,134.18228,0.049499999999999995
7869917,K01525.01,1,7.71467686,133.55635,0.19112916666666668
9824805,K01526.01,1,4.4444826,133.46308,0.15358333333333332
5193400,K01580.01,0,21.3781146,147.2124,0.806625
7939330,K01581.01,1,29.5422566,137.57837,0.5792499999999999
7939330,K01581.02,1,144.551628,265.9401,0.6916249999999999
12602568,K01583.01,1,8.04727721,137.2073,0.2149583333333333
9941066,K01584.01,1,5.87063416,137.24813,0.10723333333333332
5972334,K00191.01,1,15.358767771,132.385085,0.17176249999999998
4650733,K01659.01,1,29.5390897,143.91607,0.17245833333333332
4832197,K01661.01,0,0.94773253,137.12993,0.07352083333333333
4844004,K01662.01,0,0.784031658,133.38391,0.0323875
7831264,K00171.02,1,13.07141889,144.44217,0.12894166666666665
9761199,K01459.01,0,0.692015479,133.114177,0.04714583333333333
7751571,K01460.01,0,17.0421346,363.97428,0.31279166666666663
9579499,K01461.01,0,7.94671044,140.708207,0.11841249999999999
11913013,K01462.01,0,3.74781242,355.31325,0.21837499999999999
7691260,K01528.01,1,3.989544192,134.0989,0.06629166666666667
9821454,K01529.01,1,17.9776037,147.7515,0.19187500000000002
9821454,K01529.02,1,11.8693144,137.721,0.19387499999999996
11954842,K01530.01,1,12.98494603,139.78207,0.1437375
7972785,K00184.01,0,7.300735516,133.5664741,0.24113541666666666
5470739,K01585.01,1,19.17893976,139.74552,0.21433333333333332
10022908,K01586.01,1,6.99130452,135.46291,0.08986666666666666
5617854,K01588.01,1,3.517494725,135.546724,0.0651625
4932442,K01665.01,1,6.93365167,137.07375,0.19199999999999998
5183357,K01669.01,1,61.0373591,175.17671,0.3490833333333333
5269467,K01672.01,1,33.8677783,137.51532,0.155
7672940,K01463.01,0,1064.2680956,144.086072,0.4813375
7838655,K01464.01,0,2.113202658,356.32832,0.14680833333333332
7770450,K01467.01,0,1.157808038,354.74488,0.1529375
11455491,K00178.01,0,6.14281498,135.16169,0.19266666666666665
11764462,K01531.01,1,5.69919592,136.58738,0.09960833333333333
11656246,K01532.01,1,18.11473813,147.4904,0.21960833333333332
7808587,K01533.01,1,6.24145791,134.88892,0.12915833333333332
4741126,K01534.01,1,20.4222447,146.9837,0.25916666666666666
5301750,K01589.01,1,8.72585478,138.76838,0.18637499999999999
5301750,K01589.02,1,12.88291395,135.18736,0.2365
5301750,K01589.03,1,27.4345973,145.12322,0.20991666666666667
5301750,K01589.04,1,4.22453631,135.42908,0.13033333333333333
5301750,K01589.05,1,44.5520266,160.29386,0.25
5526717,K01677.01,1,52.069002,178.15525,0.12537083333333332
5972334,K00191.02,1,2.418406841,132.505587,0.08643333333333332
5530882,K01680.01,0,5.0825188,132.95792,0.13866666666666666
6034945,K01683.01,1,9.11500269,133.97523,0.18991666666666665
9851226,K01468.01,0,8.48031942,135.85217,0.30404166666666665
8692861,K00172.01,1,13.7223682,137.84083,0.2134625
7543649,K01469.01,0,3.582076914,355.515064,0.1842833333333333
9480310,K01470.01,1,15.43400996,363.29494,0.17738333333333334
11858748,K01471.01,0,1.780984316,177.8249,0.09054166666666666
4741126,K01534.02,1,7.63846084,138.24557,0.164875
11669125,K01535.01,1,70.6981724,188.56795,0.2763333333333333
12159249,K01536.01,1,3.74443645,133.55997,0.12162916666666665
9963461,K01538.01,0,10.581581895,183.008458,0.27788708333333334
8081482,K01539.01,0,2.819453322,133.870141,0.18386249999999998
5542466,K01590.02,1,2.35574505,177.88824,0.07483333333333334
10028140,K01591.01,1,19.65639342,140.29937,0.13441666666666666
6048024,K01684.01,0,62.81584402,151.47691,0.1120875
6049190,K01685.01,1,70.468171,189.15822,0.2772083333333333
6149553,K01686.01,0,56.86716792,157.2619128,0.17625000000000002
6198999,K01687.01,1,3.93246069,132.55435,0.09067916666666666
6310636,K01688.01,1,0.921030497,132.03171,0.10865416666666666
6616218,K01692.01,1,5.960400011,137.265171,0.1192375
7761545,K01472.01,1,85.3514875,161.007608,0.28126666666666666
12365184,K01474.01,1,69.72646639,196.093243,0.15490416666666665
4770365,K01475.01,1,1.609321941,178.94178,0.06694583333333333
4770365,K01475.02,1,9.51220046,185.47893,0.12290416666666666
4770365,K01475.03,1,4.72941177,132.93871,0.09308333333333332
10748390,K00003.01,1,4.887803076,124.8130808,0.09843958333333333
11804465,K00020.01,1,4.437962934,171.0091259,0.19575541666666665
9663113,K00179.01,1,20.74028645,142.80003,0.4330791666666667
5649956,K01540.01,0,1.207852845,178.2142,0.149175
4840513,K01541.01,0,2.379282197,133.651365,0.13220416666666665
5217586,K01592.01,0,26.0692512,143.12549,0.31195833333333334
5289854,K01593.01,1,9.69501146,182.45413,0.11458333333333333
5289854,K01593.02,1,15.3825394,139.07648,0.1589583333333333
9895709,K01594.01,0,1.818939148,133.12299,0.06849999999999999
10006581,K01595.01,1,40.1097817,142.08227,0.21706666666666666
6616218,K01692.02,1,2.46106962,133.32138,0.091
6696462,K01693.01,0,3.403743926,137.232574,0.06257083333333333
7220429,K01700.01,1,8.03753796,139.3582,0.12132499999999999
7222086,K01701.01,0,2.43902575,133.58474,0.04832499999999999
12406749,K01476.01,1,56.3587987,222.31819,0.28862499999999996
8692861,K00172.02,1,242.467406,150.85827,0.5336666666666666
12403119,K01478.01,1,76.13622222,199.476237,0.3308041666666667
9842890,K01479.01,0,4.9883872,358.2335,0.3809166666666666
8113154,K01542.01,0,2.586878667,133.817008,0.256725
5270698,K01543.01,0,3.964333304,136.029542,0.19639999999999996
5024450,K01544.01,0,1.525924389,355.479571,0.13166583333333332
5282049,K01545.01,0,5.910371418,360.2852478,0.16206749999999998
10027323,K01596.01,1,5.92365747,134.68361,0.10959166666666666
10027323,K01596.02,1,105.3582299,138.68069,0.15875
12019440,K00186.01,1,3.24325988,133.6690203,0.1263825
10004738,K01598.01,1,56.4758069,143.81128,0.248375
10004738,K01598.02,1,92.8747294,145.93535,0.3114166666666667
7304449,K01702.01,1,1.538180949,131.822823,0.052645833333333336
7386827,K01704.01,1,10.4188915,137.74971,0.1252875
7522911,K01705.01,1,20.4998763,131.82068,0.270875
7626370,K01706.01,1,1.921437488,131.806204,0.07935833333333334
7703955,K01707.01,1,96.109323,187.699,0.4115416666666667
7512982,K01480.01,1,20.38174802,142.31499,0.1580083333333333
9597806,K01481.01,1,5.101375725,357.48217,0.108125
7812167,K01482.01,0,17.7940049,365.34666,0.17045833333333332
11760959,K01484.01,0,3.47021401,356.09943,0.095375
9940565,K01548.01,0,2.139325409,135.062261,0.1169
9663113,K00179.02,1,572.376632,306.51006,1.0175
8111381,K01550.01,0,2.233799622,134.720709,0.12666666666666665
5444549,K01551.01,0,31.13862664,415.9492,0.21867499999999998
10004738,K01598.03,1,13.93068791,134.42851,0.09633333333333333
5474613,K01599.01,1,20.4074846,140.1821,0.3682916666666667
4860932,K01600.01,0,12.36564669,140.92029,0.15183333333333332
5438757,K01601.01,1,10.35078415,133.71163,0.26054166666666667
5438757,K01601.02,1,62.9224936,151.6882,0.485
5972334,K00191.04,1,38.6520796,164.04455,0.233625
7815744,K01710.01,1,14.20442616,142.7332,0.16241666666666665
7955580,K01711.01,1,55.673582,136.54906,0.15741666666666665
8230616,K01713.01,1,6.82778157,131.78839,0.09885833333333333
9692345,K01485.01,0,0.687895191,133.66492,0.10097083333333332
7898352,K01486.01,1,127.2824442,163.89,0.2981041666666666
11402995,K00173.01,1,10.06083238,138.96723,0.19049166666666664
7898352,K01486.02,1,30.1837021,146.64675,0.2449583333333333
12062667,K01487.01,0,2.92928244,133.72275,0.2830833333333333
7951018,K01553.01,1,52.75878505,156.306351,0.27715416666666665
9899355,K01554.01,0,1.332564478,354.58908,0.25135416666666666
12644774,K01555.01,0,41.0772969,379.12848,0.23020833333333335
9902856,K01556.01,0,135.9121619,277.33,0.2345
7747425,K01952.04,1,42.4729078,146.28712,0.3022083333333333
9892816,K01955.01,1,15.17026921,132.6655,0.1804625
9892816,K01955.02,1,39.4576228,136.47398,0.39820833333333333
9836149,K01958.01,1,17.8159689,134.4832,0.15318749999999998
4813563,K01959.01,1,36.5157639,151.28989,0.15240416666666667
2985767,K02032.01,1,14.07969236,139.96053,0.057291666666666664
2304320,K02033.01,1,16.54081386,133.95274,0.10831666666666667
3657758,K02034.01,1,3.609313059,133.79024,0.07396666666666665
9790806,K02035.01,1,1.93155546,131.76708,0.06725
6382217,K02036.01,1,8.41100305,133.79856,0.10230416666666665
5375194,K01825.01,1,13.52252364,142.17932,0.166125
6468138,K01826.01,1,134.2520474,182.70534,0.37764999999999993
10019708,K00199.01,1,3.268695042,137.4817205,0.14382833333333334
11875734,K01828.01,1,99.7468804,208.39688,0.2835
7697568,K01829.01,0,22.84156293,138.632,0.10832083333333332
7046804,K00205.01,1,11.720123999,142.173999,0.12516249999999998
7449136,K01890.01,1,4.33643506,133.85442,0.1726875
8680979,K01891.01,1,15.95541913,143.30236,0.16604583333333334
8680979,K01891.02,1,8.25980352,137.47021,0.122
9030537,K01892.01,1,62.5613879,178.40847,0.24612499999999998
6949061,K01960.01,1,8.96847034,139.39473,0.1836375
7269493,K01961.01,1,1.907810683,131.63784,0.07794583333333333
9164836,K00213.01,0,48.118812545,170.8396102,0.2199825
11657891,K01965.01,1,2.514628496,132.90904,0.06766249999999999
6305192,K00219.01,1,8.025118521,132.469133,0.22372499999999998
6382217,K02036.02,1,5.79529495,136.77974,0.09466666666666665
9634821,K02037.01,1,73.7578875,183.72348,0.11208333333333333
8950568,K02038.01,1,8.30537702,139.7437,0.15629166666666666
3326377,K01830.01,1,13.22714056,142.20251,0.13692083333333332
11601584,K01831.01,1,51.8098276,182.97335,0.26429166666666665
11601584,K01831.02,1,4.38536428,139.22548,0.10469166666666666
11601584,K01831.03,1,34.205785079,148.8050925,0.21537916666666668
11601584,K01831.04,1,13.97945055,142.33829,0.05135416666666666
8689793,K01893.01,1,3.554856338,131.80398,0.08751666666666666
11673802,K01894.01,1,5.28790754,135.36119,0.35530833333333334
4263293,K01895.01,1,8.45746636,133.87132,0.09544166666666666
4263293,K01895.02,1,17.28116957,136.00718,0.11787500000000001
4263293,K01895.03,1,32.1340014,142.27582,0.11212499999999999
5695524,K01897.01,1,59.7711433,148.96886,0.20179166666666665
6205897,K01967.01,1,4.417692516,133.96139,0.09679166666666666
7948784,K01968.01,1,10.08744556,135.13582,0.12451666666666666
9244756,K01969.01,1,16.34355902,145.04116,0.22808333333333333
9650808,K01970.01,1,21.96401646,133.03586,0.11462083333333334
9650808,K01970.02,1,125.602323,215.4336,0.29604166666666665
8950568,K02038.02,1,12.51353325,139.42461,0.17920833333333333
8950568,K02038.03,1,17.9134215,135.52921,0.18183333333333332
8950568,K02038.04,1,25.2149143,152.6912,0.24
8804845,K02039.01,1,5.42586901,135.86589,0.10559166666666665
10480915,K02040.01,1,19.58561177,132.36472,0.073125
11709244,K01832.01,1,4.544436472,134.90159,0.0755875
11709244,K01832.02,1,12.76220558,143.73026,0.0862
11709244,K01832.03,1,38.7149617,134.0313,0.14337499999999997
10019708,K00199.02,0,8.78458274,135.37812,0.26912499999999995
11853878,K01833.01,1,3.69298623,132.73624,0.07393333333333332
5728139,K00206.01,1,5.334082429,131.981761,0.259275
7668663,K01898.01,1,6.4980147,136.00108,0.1016
7047922,K01899.01,1,19.76169247,135.17794,0.16290416666666666
9353314,K01900.01,1,5.18498961,131.8814,0.08915416666666666
3629967,K01901.01,1,85.6542476,155.12346,0.2860833333333333
9347009,K01971.01,1,19.32945602,133.26717,0.15808333333333333
4917596,K01973.01,1,3.290114076,133.15709,0.06312916666666665
4743513,K00024.01,0,2.086075752,170.965627,0.09436249999999999
11046458,K00214.01,1,3.311864148,131.7427761,0.0585375
7132798,K00220.01,1,2.422084188,132.940079,0.10672083333333333
3448130,K02043.01,1,78.5461106,144.06871,0.36204166666666665
9656252,K02044.01,1,16.92342126,145.81407,0.17443333333333333
6026438,K02045.01,1,5.47665801,135.70431,0.10617499999999999
9471268,K01835.01,1,4.580346161,134.0754,0.087375
9471268,K01835.02,1,2.248288213,133.425805,0.08483749999999998
9471268,K01835.03,1,6.76690759,136.61633,0.07109166666666666
10657406,K01837.01,1,34.1732156,137.78862,0.1986625
5526527,K01838.01,1,16.7364755,143.13606,0.08962499999999998
5809954,K01902.01,0,137.8645881,172.8113,0.08008333333333333
8766650,K01904.01,1,12.43929428,136.37952,0.13233333333333333
10328393,K01905.01,1,7.62635494,136.01585,0.10069999999999998
7094486,K01907.01,1,11.35010642,134.04612,0.09496666666666666
7289577,K01974.01,1,109.4450597,197.9832,0.15799999999999997
8543100,K01975.01,1,7.56052209,134.47889,0.1607208333333333
2693736,K01976.01,1,12.12401737,134.955,0.13787916666666666
9412760,K01977.01,1,9.38740646,137.38383,0.06735416666666666
9412760,K01977.02,1,7.41556471,137.81512,0.08220833333333333
6026438,K02045.02,1,24.2101973,141.4698,0.16858333333333334
10663396,K02046.01,1,23.8990075,151.39847,0.6647916666666667
11457726,K02047.01,1,6.22161107,131.99094,0.14215416666666666
8956206,K02048.01,1,6.17998508,132.72278,0.08789166666666666
9649706,K02049.01,1,1.569066598,133.04032,0.11584583333333333
5856571,K01839.01,1,9.59068586,132.68264,0.1438333333333333
7765528,K01840.01,1,7.03932913,133.85433,0.14641666666666664
11760231,K01841.01,1,49.6075771,138.41517,0.12322916666666667
7779077,K01842.01,1,16.84183355,137.99443,0.10914166666666666
6046540,K00200.01,1,7.340714946,134.3457036,0.12494583333333333
5706966,K01908.01,1,12.55111099,137.26226,0.1303875
3762468,K00208.01,1,3.003879547,134.709874,0.13686666666666666
5706966,K01908.02,1,24.0884178,134.42178,0.16466666666666666
10130039,K01909.01,1,12.75800092,133.95888,0.17428333333333335
10130039,K01909.02,1,5.47033376,131.49548,0.13100416666666664
9518318,K01978.01,1,6.51112385,131.70646,0.07049583333333333
9518318,K01978.02,1,23.85163321,147.61456,0.10188749999999999
7273277,K01979.01,1,2.714078374,133.71179,0.05464583333333334
11769890,K01980.01,1,122.8799543,165.46356,0.3264583333333333
6862721,K01982.01,1,4.88753111,132.70783,0.08474999999999999
12301181,K02059.01,1,6.14728341,134.87289,0.1151875
9279354,K02060.01,1,2.800111267,132.04865,0.04265416666666667
6774880,K02062.01,1,34.3511339,134.19046,0.18503333333333333
3937519,K00221.01,1,3.413036353,132.443054,0.10890249999999999
7449541,K02063.01,1,3.00725068,131.90484,0.18459166666666665
5080636,K01843.01,1,4.194496867,134.13511,0.07419583333333332
3338885,K01845.01,1,1.970340203,131.948389,0.0745875
3338885,K01845.02,1,5.05821338,135.702454,0.04716666666666666
6776401,K01847.01,1,26.85323647,143.31303,0.18565416666666668
10130039,K01909.03,1,25.0985083,145.56829,0.11552916666666666
8226050,K01910.01,1,34.2685741,147.05143,0.2010458333333333
9965957,K01911.01,1,5.75321539,136.75617,0.07478333333333333
9704384,K01913.01,1,5.50860699,132.2983,0.12828333333333333
8426567,K01914.01,1,18.93055119,143.25058,0.14049999999999999
12508335,K00215.01,0,42.94386258,155.206515,0.15662916666666665
10094670,K01984.01,1,22.06402,148.9199,0.1708333333333333
8142942,K01985.01,1,5.756245244,133.903421,0.044625
8257205,K01986.01,1,148.4601819,151.38686,0.22912499999999997
9044228,K01988.01,1,0.934885365,131.580676,0.05867916666666667
7265298,K02051.01,1,25.7626846,147.6963,0.28783333333333333
7265298,K02051.02,1,11.0317836,362.3431,0.19804166666666667
7132798,K00220.02,1,4.12511935,133.64014,0.11987499999999998
2307415,K02053.01,1,13.12162167,133.39526,0.150575
7430034,K01848.01,1,49.6220669,137.10149,0.30091666666666667
9735426,K01849.01,1,8.08801663,138.73516,0.07639166666666666
8826168,K01850.01,1,11.55103848,134.90803,0.14000416666666665
10464050,K01851.01,1,4.469754641,131.84402,0.07554166666666666
9763348,K01852.01,1,15.77382794,137.53051,0.20654166666666665
9101496,K01915.01,1,6.56226483,132.61123,0.16726666666666667
6037581,K01916.01,1,20.67876365,151.69245,0.1933125
10723750,K00209.01,1,50.79034648,135.632759,0.451975
6037581,K01916.02,1,9.59993246,136.58227,0.180025
6037581,K01916.03,1,2.0248205,132.35465,0.10624999999999998
10779233,K01989.01,1,201.118319,187.56986,0.4303333333333333
11614617,K01990.01,1,24.7577652,142.06826,0.2915833333333333
11450414,K01992.01,1,12.7983174,133.64979,0.2667083333333333
4736569,K01996.01,1,10.13200555,132.91155,0.13201249999999998
10384798,K01997.01,1,38.505224,158.30491,0.24754166666666666
2307415,K02053.02,1,4.6126736,132.7757,0.12767916666666665
3128552,K02055.01,1,8.67890312,133.03651,0.14715416666666664
10134152,K02056.01,1,39.3135699,154.93767,0.20890416666666667
9573685,K02057.01,1,5.94565516,133.99359,0.09001666666666666
10329835,K02058.01,1,1.52373073,131.61813,0.061649999999999996
6849046,K00201.01,1,4.225384543,137.5606891,0.11751583333333333
8804397,K01853.01,1,60.0853848,153.25707,0.2919583333333333
9662811,K01854.01,1,43.0343364,137.69007,0.27379166666666666
11297236,K01857.01,1,88.6440015,145.47193,0.3258333333333333
10074466,K01917.01,1,35.01190875,150.37126,0.1195
8218379,K01920.01,1,16.57099265,133.90704,0.12104999999999999
7755636,K01921.01,1,16.00496657,135.25305,0.27102916666666665
9411166,K01922.01,1,1.954525966,132.29679,0.08726666666666666
4989057,K01923.01,1,7.23400381,137.67742,0.09020833333333333
9834040,K01998.01,1,6.77408984,135.95524,0.10922916666666667
6152974,K00216.01,1,20.172024672,141.209182,0.13119999999999998
8802693,K02000.01,1,26.41044199,149.39541,0.12797916666666664
6061773,K02001.01,1,8.27745764,138.25667,0.11304166666666667
10024701,K02002.01,1,14.37504582,139.05924,0.13366666666666666
3239671,K02066.01,1,147.97391,263.08561,0.2855833333333333
9304101,K02067.01,1,13.24503482,142.00573,0.1836583333333333
11360571,K02069.01,1,77.2550726,159.32399,0.4255833333333333
6035124,K02071.01,1,3.85690686,134.47405,0.0867
8160953,K01858.01,1,116.3311739,173.68887,0.29270833333333335
4157325,K01860.01,1,6.31943553,132.22892,0.13925833333333332
4157325,K01860.02,1,12.20951755,360.3204,0.17419999999999997
4157325,K01860.03,1,3.07644709,353.7643,0.10969166666666666
5108214,K01924.01,0,2.11913005,132.59,0.17254166666666665
9955598,K01925.01,1,68.958447,179.08158,0.13033333333333333
10723750,K00209.02,1,18.79591276,145.821854,0.31347916666666664
7219761,K01927.01,0,47.76397728,165.041066,0.16999999999999998
5770074,K01928.01,1,63.0380366,169.12161,0.30709166666666665
10136549,K01929.01,1,9.69315023,132.81362,0.23635416666666667
9851271,K02003.01,0,8.48031229,135.85319,0.29604166666666665
12154526,K02004.01,1,56.1886436,146.37945,0.27196666666666663
6665512,K02005.01,1,6.92101452,135.64343,0.18162916666666665
10525027,K02006.01,1,3.27344784,134.45023,0.07205
11069176,K02007.01,1,15.3789014,143.40629,0.19424999999999998
10005758,K01783.01,1,134.4785189,169.28141,0.24703333333333333
3128793,K01786.01,0,24.68662378,137.53976,0.6319999999999999
5864975,K01787.01,1,98.7179332,131.58694,0.27470833333333333
2975770,K01788.01,1,71.52543938,191.69147,0.24662083333333332
7877496,K00202.01,1,1.72086129,133.0209998,0.08434583333333334
7286173,K01862.01,1,56.4349933,151.41082,0.19742083333333332
11126381,K01863.01,1,33.7888028,153.65384,0.229
4149450,K01864.01,1,3.215109385,133.77747,0.181875
10136549,K01929.02,1,3.29276797,133.00741,0.20028749999999998
5511081,K01930.01,1,13.72710334,138.74473,0.3059125
5511081,K01930.02,1,24.3110031,137.0394,0.3653416666666667
5511081,K01930.03,1,44.4304059,143.5462,0.4294166666666666
5511081,K01930.04,1,9.34145925,132.38581,0.25749999999999995
10978763,K01931.01,1,4.97760447,134.67304,0.1071625
11069176,K02007.02,1,21.1285655,149.27632,0.16049999999999998
8098728,K02008.01,0,24.4851178,137.6248,0.19341666666666668
6152974,K00216.02,1,7.51854537,132.53078,0.11854166666666667
5631630,K02010.01,1,25.96190067,138.96908,0.2613833333333333
6504954,K01790.01,1,130.3543929,144.06022,0.26975
9410930,K00196.01,1,1.855557556,137.181028,0.09819666666666667
6153672,K01794.01,0,3.364425589,131.66843,0.05525416666666667
10676014,K01797.01,1,16.78175788,139.79356,0.155775
9520838,K01866.01,1,105.3035093,207.17015,0.2589166666666667
8167996,K01867.01,1,2.549562652,132.60803,0.07082916666666667
8167996,K01867.02,1,13.96950181,132.17062,0.06612916666666666
8167996,K01867.03,1,5.21230171,132.71052,0.08741666666666666
6773862,K01868.01,1,17.76076524,137.50778,0.06949583333333333
10978763,K01931.02,1,10.55840479,136.34449,0.14024999999999999
10978763,K01931.03,1,6.98800953,132.56964,0.12929166666666667
5202905,K01932.01,1,22.8245144,144.46843,0.27570833333333333
9072190,K01933.01,1,49.1011093,136.47265,0.2642083333333333
5384079,K02011.01,1,7.05675145,132.53512,0.08442083333333333
9839821,K02012.01,1,34.8536903,164.04668,0.22220833333333334
4056616,K02013.01,1,2.41434868,132.42878,0.052920833333333334
6707908,K02014.01,0,2.466070972,132.32097,0.08149583333333332
8492026,K02016.01,1,4.30656389,132.44098,0.17127916666666665
6867766,K01798.01,0,12.964717746,136.143342,0.0762625
6058614,K01799.01,0,1.731079436,134.77977,0.07674583333333333
11017901,K01800.01,1,7.794302043,137.260385,0.046170833333333335
5088591,K01801.01,1,14.5324483,140.72407,0.13041666666666665
11298298,K01802.01,1,5.248667607,135.516708,0.079875
10187159,K01870.01,1,7.96431492,136.81646,0.063925
9758089,K01871.01,1,92.7297248,177.43808,0.2845833333333333
10619192,K00203.01,1,1.485710994,132.7935653,0.09530833333333333
4939346,K01873.01,1,71.3116598,132.39239,0.36720833333333336
5396122,K01935.01,0,15.44428875,138.1678,0.08662916666666666
10190777,K01937.01,1,1.411230023,132.641925,0.059687500000000004
9651234,K01938.01,1,96.9151707,187.08955,0.2527083333333333
7045496,K01939.01,1,13.47472742,133.48999,0.10831249999999999
8750043,K02017.01,1,2.29503515,132.69329,0.06891666666666665
9973109,K02018.01,1,27.495634,133.28538,0.20241666666666663
6226290,K02019.01,1,14.08826442,137.34334,0.1743625
9595827,K00217.01,1,3.905081685,133.4150433,0.11755416666666665
9349482,K02020.01,1,110.9643706,187.04621,0.5346249999999999
4644952,K01805.01,1,6.94135824,137.5437,0.07874583333333332
2987027,K00197.01,1,17.276296682,133.839172,0.16447416666666664
4644952,K01805.02,1,31.7821117,134.8645,0.16066666666666665
4644952,K01805.03,1,4.36273233,135.23342,0.09322916666666665
8978528,K01874.01,1,18.6848377,136.14587,0.15818749999999998
8978528,K01874.02,1,7.41634701,135.85372,0.08900833333333333
9967771,K01875.01,1,9.91724268,135.1389,0.1343375
11622600,K01876.01,1,82.5341188,209.12763,0.20231666666666664
10454632,K01877.01,1,20.16037858,144.34281,0.1720833333333333
10005788,K01940.01,1,10.99470891,137.35769,0.06637083333333332
5213902,K01941.01,0,1.194812329,132.18329,0.05740416666666666
2832589,K01942.01,1,10.84969477,136.74432,0.14475
2438513,K01944.01,1,12.18420006,139.05644,0.10422499999999998
6356207,K02021.01,1,3.76417012,132.35462,0.08379583333333332
8564674,K02022.01,1,5.92972237,135.49811,0.10491666666666666
8564674,K02022.02,1,12.2476121,138.2196,0.13370833333333332
8578780,K02023.01,1,13.59051547,133.07217,0.15766666666666665
4544907,K02024.01,1,46.8776724,137.66791,0.418375
7761918,K01808.01,1,89.1935737,217.82184,0.16709999999999997
8240797,K01809.01,1,13.09390911,144.525,0.09502083333333333
8240797,K01809.02,1,4.915385452,132.69448,0.11565416666666667
8164262,K01810.01,0,87.455958,136.23042,0.7607083333333333
6279974,K01812.01,0,0.805259257,132.100916,0.059269166666666664
9455325,K01813.01,1,9.76785911,139.43968,0.09020416666666665
3098810,K01878.01,1,40.80957343,142.69218,0.13158333333333333
8367644,K01879.01,1,22.08551599,135.23432,0.09052916666666666
10332883,K01880.01,1,1.151166776,133.231766,0.04544583333333333
9071386,K00023.01,0,4.693305543,136.8627229,0.21552041666666666
9305831,K00204.01,1,3.246732048,133.379165,0.12722916666666667
2438513,K01944.02,0,8.3606759,138.81934,0.2619583333333333
11656918,K01945.01,1,62.1385979,161.14834,0.17890833333333334
9536692,K01948.01,0,26.635216,155.5577,0.24787499999999998
4636578,K02025.01,1,17.84850835,148.39117,0.2454958333333333
4636578,K02025.02,1,26.1363443,131.61796,0.2755416666666667
4636578,K02025.03,1,11.1895709,140.63504,0.22083333333333333
11923284,K02026.01,1,2.757977384,131.87907,0.08953749999999999
9838975,K00218.01,0,18.692860599,143.8331829,0.16191
5621125,K01814.01,1,14.80075082,132.82179,0.24008333333333332
9872283,K01815.01,1,3.126861192,133.724959,0.04969166666666667
10666242,K00198.01,0,87.24250316,153.344695,0.17169166666666663
7870032,K01818.01,1,16.87725775,138.64907,0.1579875
9597058,K01819.01,1,12.05705659,135.41595,0.09775833333333334
4035640,K01881.01,1,28.26727385,140.92561,0.1909958333333333
6205228,K01882.01,1,3.770590654,133.39088,0.08454166666666665
11758544,K01883.01,1,2.7073064,132.43068,0.14324166666666666
3118797,K01950.01,1,66.4159789,188.13988,0.2942083333333333
7747425,K01952.01,1,8.0103929,135.31823,0.17797083333333333
7747425,K01952.02,1,27.6666375,143.86343,0.263125
7747425,K01952.03,1,5.19559398,132.72178,0.15616666666666668
7102316,K02028.01,1,57.2488518,184.6864,0.25345833333333334
7102316,K02028.02,1,37.0551726,200.20176,0.226625
9489524,K02029.01,1,16.33269981,136.90909,0.09058333333333332
9489524,K02029.02,1,10.05550267,173.2234,0.12295833333333334
5940165,K02031.01,1,9.30413878,140.33868,0.08022499999999999
8277797,K01820.01,1,4.33722007,132.85152,0.10405416666666667
8277797,K01820.02,1,1.653889476,132.18845,0.07184166666666666
5124667,K01822.01,1,150.8783198,206.69223,0.36165416666666667
2989404,K01824.01,1,3.553831111,134.64066,0.1292875
2989404,K01824.02,1,1.6783263,136.05259,0.10467916666666667
11413812,K01885.01,1,5.65378163,131.71154,0.08117916666666666
9549648,K01886.01,1,5.99185827,136.88244,0.07172916666666666
10063802,K01888.01,1,120.0183551,134.18742,0.484875
11074178,K01889.01,1,14.30517579,135.06301,0.18895833333333334
11074178,K01889.02,1,9.18189122,132.40505,0.18095833333333333
5942808,K02250.01,1,2.935362067,136.18415,0.06267916666666666
6206214,K02252.01,1,13.53953595,143.15629,0.182875
8959839,K02253.01,1,22.7082375,133.72114,0.14595833333333333
7672097,K02255.01,1,7.97033985,136.55775,0.11114583333333333
6142862,K02336.01,0,5.33459393,133.43443,0.11008333333333332
5599774,K02337.01,1,8.49640437,138.73595,0.0922
8099138,K02338.01,1,66.1843646,141.62259,0.21479166666666666
7033233,K02339.01,1,2.032318856,132.64394,0.04831666666666666
6383785,K00239.02,1,3.62275506,132.99267,0.11611666666666666
9411412,K02101.01,1,2.892216772,132.87726,0.05664999999999999
7008211,K02102.01,1,187.746606,157.35064,0.2452083333333333
7620413,K02103.01,1,2.543063763,132.68159,0.1186375
4545187,K00223.01,1,3.177414601,134.478892,0.06359166666666666
10854546,K02104.01,1,2.168451063,132.14107,0.06075
11774991,K02173.01,1,37.8154157,141.10346,0.19424999999999998
11774991,K02173.02,1,53.5783052,171.1857,0.21641666666666665
8261920,K02174.02,1,33.1362861,169.50676,0.17345833333333333
8261920,K02174.03,1,7.72513619,176.80202,0.08508333333333332
9112931,K02256.01,1,10.71253475,137.16499,0.11327499999999999
9071593,K02257.01,1,32.5635249,163.46038,0.22575
8126558,K02259.01,1,12.19140405,136.33677,0.07846666666666666
11811193,K02260.01,1,6.11784972,133.61873,0.14408333333333334
3734418,K02261.01,1,3.97599629,133.62238,0.0917875
8681734,K02340.01,1,7.68478504,137.64035,0.10195833333333333
10232693,K02341.01,0,0.990516282,131.84152,0.084125
10212441,K02342.01,1,15.0447098,133.20895,0.242625
8247771,K02344.01,1,1.118547814,132.84826,0.06472499999999999
8165946,K02105.01,1,6.42199919,134.58037,0.10913333333333333
12017109,K02106.01,1,9.75374033,134.06014,0.09783333333333333
9225395,K02107.01,1,81.3153052,175.9957,0.24195833333333333
10709622,K02108.01,1,51.3283527,177.67418,0.38987499999999997
11499228,K02109.01,1,19.7919389,149.30719,0.15779166666666666
9022166,K02175.01,1,26.8475962,142.17023,0.4195
10965588,K02177.01,1,62.8917493,139.12778,0.284625
10670119,K02179.01,1,14.87149773,137.69573,0.10031666666666667
10670119,K02179.02,1,2.732767897,354.09581,0.04625833333333333
4043443,K00231.01,0,119.8401019,161.863461,0.15331666666666666
8491277,K00234.01,1,9.61375316,132.185679,0.19391666666666665
8613535,K02263.01,1,29.9685917,147.8598,0.27825
12256520,K02264.01,1,33.2407985,143.46683,0.19479166666666664
3337432,K02265.01,0,2.97600846,132.98121,0.17808333333333332
5629538,K02345.01,1,15.18727049,134.05495,0.18787500000000001
8561231,K02346.01,1,28.6853212,159.87094,0.26279166666666665
8235924,K02347.01,1,0.588001053,132.058754,0.0477125
6941084,K02348.01,1,85.7357202,170.98121,0.3177083333333333
6200235,K02350.01,1,1.078389713,133.25041,0.05580833333333333
11460462,K02110.01,1,5.03728033,134.1094,0.0859125
8612275,K02111.01,1,3.289726319,131.75522,0.09697499999999999
8612275,K02111.02,1,7.18644594,136.62345,0.06238333333333333
7207061,K02113.01,1,15.94248453,146.33157,0.14539166666666664
4545187,K00223.02,1,41.0081117,147.03382,0.18233333333333335
7286911,K02180.01,1,11.55562042,138.19752,0.069825
8591173,K02181.01,1,12.2885046,141.61869,0.11695833333333333
6962109,K02182.01,1,17.13263125,147.1546,0.1273125
5706595,K02183.01,1,19.0231361,139.65988,0.14295833333333333
5706595,K02183.02,1,4.57948235,135.09685,0.12941666666666665
10489345,K02266.01,1,1.003931703,132.09988,0.059837499999999995
11774303,K02269.01,0,0.614083885,132.46969,0.040904166666666665
10329469,K02271.01,1,55.8224775,169.03741,0.227375
9717943,K02273.01,1,6.11010439,136.91214,0.09641666666666666
8026752,K00240.01,1,4.286866229,138.614882,0.18635833333333332
1872821,K02351.01,1,10.27380957,134.65748,0.13549999999999998
8013439,K02352.01,1,13.39155154,133.05499,0.14129166666666665
8013439,K02352.02,1,5.62904396,134.74679,0.15539583333333332
8013439,K02352.03,1,8.2562857,137.9267,0.08490833333333332
7207061,K02113.02,1,12.33087921,361.9744,0.12776666666666664
6921944,K02114.01,1,4.421566535,132.18465,0.08845416666666667
9532052,K02115.01,1,15.72585941,133.98774,0.15951666666666664
8164012,K02116.01,1,1.252753881,133.17054,0.08946666666666667
4140813,K02117.01,1,13.36019864,131.81481,0.11616666666666665
8611781,K02185.01,1,76.957056,192.33682,0.3979583333333333
5601258,K02191.01,1,8.84784273,140.15085,0.08571666666666666
7960980,K02274.01,1,9.98970266,133.76102,0.15416666666666667
8107225,K00235.01,1,5.63252508,133.81818,0.08936666666666666
3458028,K02276.01,1,1.442592305,134.07188,0.12374166666666667
3342794,K02278.01,1,14.17222858,142.60134,0.10957083333333334
3342794,K02278.02,1,4.92031063,135.40577,0.16858333333333334
5716932,K02358.01,1,56.4931698,143.99262,0.3626666666666667
11288051,K00241.01,1,13.82142084,131.79237,0.16604166666666664
7515670,K02360.01,0,2.30367952,133.76909,0.12874166666666664
11566256,K02361.01,1,5.78387049,135.5798,0.05819166666666667
8495415,K02362.02,1,11.08507658,355.03627,0.07295833333333332
4055304,K02119.01,1,0.571038347,131.653752,0.04694583333333333
4857213,K02120.01,1,8.77425786,132.33386,0.09268749999999999
9415108,K02121.01,1,4.51005082,134.56954,0.08972083333333333
4262581,K02122.01,1,37.6468519,161.46355,0.2643333333333333
8591693,K02123.01,1,29.4557841,154.17062,0.14379166666666665
4833421,K00232.01,1,12.466004437,134.003258,0.2086083333333333
8282651,K02193.01,1,2.361724472,133.23932,0.05069583333333333
3548044,K02194.01,1,34.7630543,161.74217,0.17954166666666665
11401767,K02195.01,1,20.0545282,136.56587,0.298875
10909127,K02200.01,1,3.17059731,132.67813,0.069525
3661886,K02279.01,1,27.0142622,132.52245,0.224375
3661886,K02279.02,1,12.50945798,136.99217,0.14495833333333333
2439243,K02280.01,1,26.0203329,154.5286,0.20687499999999998
9221517,K02281.01,1,0.769854899,132.51944,0.042679166666666664
6751874,K02282.01,1,6.89226333,132.4644,0.1038375
10863608,K02368.01,1,8.07127043,137.76604,0.09970833333333332
5602588,K02369.01,1,11.01819178,139.87858,0.193125
11288051,K00241.02,1,30.9505927,153.84507,0.22475
5547480,K00224.01,0,3.979867514,132.071233,0.09836249999999999
9405595,K02125.01,1,23.3593589,144.01826,0.22454166666666667
3546060,K02126.01,1,9.69310837,134.53003,0.11391666666666667
7019489,K02128.01,0,24.2598301,132.47982,0.162375
2141783,K02201.01,0,116.5214317,144.13378,0.232375
4144576,K02202.01,1,0.813166357,131.82536,0.05884166666666666
8494542,K02204.01,1,10.86062378,136.65957,0.09530833333333333
9992325,K02205.01,1,24.08632177,148.20086,0.09316666666666668
10206675,K02283.01,0,17.40208965,141.93057,0.15604166666666666
9945370,K02285.01,1,37.9456138,134.78331,0.17054166666666665
3832716,K00027.01,0,1.141877248,170.3386848,0.18080458333333332
8453211,K00236.01,0,5.77675928,143.09616,0.282875
8973129,K02286.01,1,24.1738244,135.62471,0.12733333333333333
12505654,K02353.01,1,5.186737262,134.99509,0.03342916666666666
11670125,K02355.01,1,1.217000383,132.03128,0.05535416666666666
11461844,K02356.01,1,13.6823798,139.18611,0.17304166666666665
9351920,K02129.01,1,8.79618433,135.67645,0.14075416666666665
2161536,K02130.01,1,16.85592593,138.26808,0.09620833333333334
10549023,K02131.01,1,14.36270451,141.435,0.19016666666666665
9661979,K02132.01,1,69.8956789,160.66805,0.21983333333333333
8219268,K02133.01,1,6.24667547,136.38688,0.4692083333333333
10531955,K02208.01,1,2.344512589,132.87316,0.05881666666666666
4833421,K00232.02,1,5.766165573,134.01725,0.15964166666666665
8168187,K02209.01,1,18.3027235,142.89166,0.34425
4142847,K02210.01,1,2.888904439,132.15271,0.06684583333333333
10203349,K02212.01,1,17.14648756,140.66122,0.176475
9718066,K02287.01,1,16.09227518,142.51659,0.0878
3867615,K02289.01,1,62.7843981,157.30698,0.20041666666666663
12121570,K02290.01,1,91.500873,165.67309,0.20174999999999998
8410415,K02291.01,1,44.2993483,141.28194,0.17908333333333332
7987866,K02363.01,1,3.13877646,133.65614,0.06942916666666665
11560897,K02365.01,1,35.9682692,138.66885,0.11829166666666666
11342416,K02366.01,1,25.3690868,143.68699,0.19775
9086251,K02367.01,1,6.89213244,131.63179,0.071875
4254466,K02134.01,1,42.3006282,168.77783,0.18216666666666664
5801571,K00225.01,0,0.838597429,141.537817,0.07027833333333333
9904006,K02135.01,1,55.1866213,180.75953,0.3805416666666666
5288570,K02136.01,0,1.728528176,131.80851,0.15341666666666665
9364609,K02137.01,1,14.97436238,141.50057,0.10192083333333332
7457296,K02213.01,1,3.97076603,134.63962,0.07558333333333334
10328458,K02214.01,1,2.352273912,131.80267,0.07245416666666665
7050060,K02215.01,0,22.0425953,134.1281,2.5500749999999996
4248120,K02216.01,1,23.34036251,136.20727,0.08558333333333332
8321314,K02293.01,1,15.03366411,144.98055,0.1363333333333333
11498128,K02296.01,1,106.247882,135.7435,0.5741666666666666
8041216,K00237.01,1,8.508333104,134.785645,0.14399583333333332
11824786,K02371.01,1,12.94123564,139.89901,0.19316666666666665
12254909,K02372.01,1,5.349791,133.8836,0.17829166666666665
9364290,K02374.01,1,5.26211833,136.37566,0.13516666666666666
9364290,K02374.02,1,12.1628195,137.52402,0.09650416666666667
5022828,K02138.01,1,23.5541012,144.21486,0.30416666666666664
8233702,K02140.01,1,41.6977582,134.24608,0.22970833333333332
11403339,K02143.01,1,4.79029482,134.95277,0.1134125
8260902,K02144.01,1,38.6715843,157.61988,0.23049999999999998
8381204,K02145.01,1,8.32651854,135.58655,0.22845833333333332
12058204,K02218.01,1,5.53533152,132.76087,0.116375
12058204,K02218.02,1,16.7261969,143.74673,0.11283333333333334
4833421,K00232.03,1,21.58752788,142.96728,0.18736666666666668
5357545,K02219.01,1,3.757294695,133.95965,0.038620833333333326
6871071,K02220.01,1,3.2828024,131.89965,0.13555
5342473,K02297.01,1,4.64495172,136.02095,0.14024999999999999
9963265,K02299.01,1,16.48686712,139.20338,0.059625
10583761,K02300.01,1,2.685054445,132.60443,0.043637499999999996
7542813,K02302.01,1,16.8600805,139.84916,0.23154166666666667
12058147,K02072.01,1,1.54320541,131.5554,0.1074125
8164257,K02073.01,1,49.5004725,139.04294,0.2405
8164257,K02073.02,1,6.47539108,137.5825,0.1127
8164257,K02073.03,1,16.85825609,142.34289,0.08636666666666666
10593759,K00025.01,0,3.132604547,136.010454,0.15140416666666667
6774537,K02146.01,1,2.949029106,133.13832,0.08462916666666666
10404582,K02147.01,1,37.8658964,134.36237,0.19924999999999998
5959753,K00226.01,1,8.30865307,138.10788,0.13644583333333332
6021193,K02148.01,1,11.93205399,142.10648,0.25854166666666667
6021193,K02148.02,1,7.54235832,132.96117,0.19708333333333333
6871071,K02220.02,1,5.02818253,134.10891,0.14691666666666664
6871071,K02220.03,1,1.897828815,132.6785,0.11297499999999999
6287313,K02221.01,1,10.62788695,137.81843,0.19066666666666665
9278725,K02223.01,1,1.104462494,132.32134,0.043575
4458082,K02303.01,1,4.89336495,133.6449,0.14520833333333333
8042453,K02304.01,1,11.17392077,134.70626,0.13779166666666665
10874215,K02305.01,1,31.0325991,152.27157,0.14483333333333331
6666233,K02306.01,0,0.512407185,132.240449,0.04407916666666667
7661065,K02307.01,0,4.150297119,134.9355,0.050241666666666664
3937519,K00221.02,1,5.89661966,134.03046,0.13141666666666665
8866137,K02074.01,1,33.4178173,155.58781,0.19354166666666664
10857519,K02075.01,1,2.053341891,134.51606,0.10816666666666666
9517393,K02076.01,1,56.7769831,181.09789,0.286
9351316,K02078.01,1,18.78429232,137.88207,0.1297333333333333
6021193,K02148.03,1,3.61460279,134.69521,0.13445833333333332
10617017,K02149.01,1,13.15140223,144.16237,0.226625
3229150,K02150.01,1,18.5084526,131.54555,0.2748333333333333
7989422,K02151.01,0,7.47763833,133.40976,0.10705416666666667
9641481,K02152.01,1,42.1918331,155.31211,0.29512499999999997
8892157,K02224.01,1,3.73090026,132.89428,0.12122916666666667
11569782,K02225.01,1,2.787874175,133.90417,0.08478333333333334
4833421,K00232.04,1,37.9962369,162.97984,0.2822958333333333
7219825,K00238.01,1,17.23232894,135.0922,0.18986666666666666
3749978,K02308.01,1,28.5057217,132.92075,0.26349999999999996
10010440,K02309.01,1,53.5991459,147.43015,0.28379166666666666
11718144,K02310.01,1,16.4581861,134.01969,0.08182083333333333
9473078,K02079.01,1,0.693842661,132.18157,0.06748749999999999
10864531,K02080.01,1,83.4887405,188.53792,0.25875
10864531,K02080.02,1,34.0607677,141.35928,0.10295833333333333
9472000,K02082.01,1,31.5888979,155.61538,0.14325
10253547,K02153.01,1,59.9809868,176.14903,0.31616666666666665
10253547,K02153.02,1,25.7457957,135.94806,0.29470833333333335
12505076,K02154.01,1,11.92979348,136.66919,0.2563333333333333
12116380,K02155.01,1,4.3394569,132.80309,0.09855
2556650,K02156.01,1,2.852348262,132.044534,0.029379166666666665
10600955,K02227.01,1,65.6480892,173.30166,0.23941666666666667
10801100,K02228.01,0,102.653705,222.9895,2.2328625
4473226,K02229.01,1,14.83340944,135.44213,0.163625
8914779,K02230.01,0,0.987338654,131.88155,0.10795833333333334
2854181,K02232.01,1,101.1323475,210.18316,0.18191666666666664
8963721,K02233.01,0,1.811460943,132.93207,0.21104166666666668
10132832,K02313.01,1,16.07673148,143.39091,0.091875
3219995,K02314.01,1,18.87058705,143.95639,0.14458749999999998
6062929,K02315.01,1,22.1334224,152.18405,0.08537499999999999
7504778,K02316.01,1,17.1369408,141.01497,0.2673333333333333
7219825,K00238.02,1,26.6951944,143.9999,0.19066666666666665
7097965,K02083.01,1,7.72085047,136.563,0.0761
4249725,K00222.01,1,6.312508525,132.654418,0.11439583333333332
3967326,K02084.01,1,4.19577385,135.17605,0.08982083333333332
6768394,K02086.01,1,7.1329472,135.99259,0.182
6768394,K02086.02,1,8.91901228,140.0777,0.17254166666666665
5211199,K02158.01,1,4.5620407,132.64295,0.1188375
8804455,K02159.02,0,2.392630668,133.7861,0.057104166666666664
5546761,K02160.01,1,17.6700291,131.60103,0.278875
9205938,K02162.01,1,108.593113,173.75198,0.332875
10723367,K02236.01,1,19.9865916,135.52265,0.18295833333333333
10723367,K02236.02,1,12.12580644,142.10763,0.13704166666666667
5005121,K02237.01,1,76.421501,164.4879,0.30074999999999996
4833421,K00232.05,1,56.2590881,164.21993,0.33808333333333335
8229458,K02238.01,1,1.646801683,132.0615,0.04985833333333334
10684670,K02317.01,1,3.78861833,134.61419,0.11699999999999999
11495458,K02318.01,1,10.45839865,137.65416,0.13141666666666665
9003401,K02319.01,1,21.1033014,144.66035,0.08579166666666667
5978559,K02321.01,1,95.6114617,138.35664,0.31204166666666666
6768394,K02086.03,1,11.8984948,133.34685,0.125625
6922710,K02087.01,1,23.1274171,145.66194,0.20420833333333333
11348997,K02090.01,1,5.132486123,132.15985,0.06072916666666667
5705819,K02091.01,1,8.77997349,138.48383,0.13417083333333332
6696580,K02092.01,1,57.6896212,139.92753,0.21325
11358389,K02163.01,1,10.66489514,132.00872,0.131625
7204981,K02164.01,1,5.1233204,132.08472,0.11444166666666666
3847907,K00229.01,1,3.573202801,134.934397,0.12
4370527,K02166.01,1,61.6174528,179.08282,0.15899999999999997
6041734,K02167.01,1,24.3398202,136.05813,0.162125
5125347,K02241.01,1,7.16520428,132.96921,0.07104166666666667
9336200,K02242.01,1,1.755843555,133.15509,0.0809375
4770617,K02243.01,1,5.18560081,132.32455,0.16891666666666666
4454934,K02245.01,1,33.4698571,140.14977,0.19787499999999997
9458343,K02246.01,1,11.89520436,132.8908,0.14304166666666665
7120108,K02325.01,1,1.025857984,131.655621,0.03362083333333333
10730703,K02327.01,1,5.60013327,135.96495,0.11044999999999999
8007644,K02328.01,1,25.2034128,137.56393,0.188125
11192235,K02329.01,1,1.615357809,132.7846,0.04764583333333333
6383785,K00239.01,1,5.640676975,138.556259,0.11814166666666666
6696580,K02092.02,1,25.5638626,375.27811,0.19520833333333332
4249725,K00222.02,1,12.7945474,130.7668,0.1424875
8505920,K02094.01,1,42.4269647,156.17194,0.24612499999999998
7918992,K02095.01,1,1.434745129,132.62802,0.07758333333333334
11308499,K02168.01,1,3.28192056,132.42485,0.12154166666666666
11308499,K02168.02,1,12.51610549,135.03333,0.20220833333333332
9006186,K02169.01,1,5.45298742,134.15183,0.08886666666666666
9006186,K02169.02,1,3.26662733,136.08452,0.08566666666666667
7802719,K02247.01,1,4.45743267,132.16006,0.096775
11030475,K02248.01,1,2.81814715,132.25336,0.07345833333333332
5023956,K00233.01,0,1.824649,147.482662,0.1761875
12401863,K02331.01,1,2.832647249,131.82642,0.09608333333333333
5534941,K02332.01,1,3.70063251,133.16065,0.22533333333333333
11121752,K02333.01,1,3.93083997,135.19393,0.12216666666666666
11121752,K02333.02,1,7.63008196,137.07948,0.11583333333333332
2990873,K02335.01,1,16.22378479,136.02454,0.10609166666666665
9307509,K02096.01,1,9.76293284,139.15802,0.12766666666666665
10158729,K02097.01,1,58.601926,137.66825,0.23008333333333333
6105462,K02098.01,1,25.0823402,134.13568,0.267625
3120355,K02099.01,1,78.0998908,139.49646,0.35091666666666665
6047072,K02100.01,1,4.27103727,133.14028,0.09482916666666666
9006186,K02169.03,1,4.27226421,133.21863,0.08804166666666666
11410904,K02171.01,1,3.53232429,134.74727,0.11520833333333333
5021737,K00026.01,0,15.03946326,144.137461,0.2125333333333333
3862246,K00230.01,0,4.702495974,136.308468,0.0975875
4173026,K02172.01,1,10.44087398,137.97113,0.1559583333333333
5350244,K02555.01,1,12.5722897,143.0663,0.19854166666666664
5374403,K02556.01,1,40.8366307,152.87346,0.20650000000000002
10925113,K02557.01,0,11.7761073,142.70558,0.11787500000000001
11769801,K02633.01,0,29.7123181,151.5603,2.9321124999999997
11752906,K00253.02,1,20.6180348,145.51232,0.136125
1995519,K02634.01,1,19.9401211,142.34849,0.17845833333333333
4914566,K02635.01,1,22.2420032,144.72364,0.3138333333333333
6198182,K02636.01,1,3.88148385,135.12314,0.11162499999999999
10024051,K02409.01,1,0.577369336,132.425795,0.04521666666666666
8676038,K02410.01,0,186.65435483,187.3800339,0.4379166666666666
4349452,K00244.01,1,12.720370263,178.528297,0.11377499999999999
8676038,K02410.02,0,86.59322294,201.0035479,0.3325
8073806,K02411.01,1,11.96407399,133.15804,0.18858333333333333
10419312,K02412.01,0,2.493237866,132.63633,0.11016666666666666
3234598,K02413.01,1,12.90467523,144.32009,0.13666666666666666
10453588,K02484.01,1,68.8861017,160.29958,0.24687499999999998
11125613,K02485.01,1,9.99115241,134.39335,0.11070833333333333
7212184,K02487.01,1,36.292017,132.17691,0.34158333333333335
6956014,K00031.01,0,0.925589891,169.69275,0.08195833333333333
9757613,K00250.02,1,17.25121397,149.886479,0.08487916666666667
5307858,K02558.01,0,1.867281146,132.07744,0.31229166666666663
6605493,K02559.01,1,9.30991834,136.39785,0.14395833333333333
7259298,K02561.01,1,3.23941775,133.98383,0.10704166666666666
6211812,K02638.01,1,2.524017517,133.85946,0.04986666666666667
3234598,K02413.02,1,31.2012202,140.07042,0.169875
8611832,K02414.01,1,22.5968256,140.42654,0.25745833333333334
8611832,K02414.02,1,45.3486381,142.25049,0.20241666666666663
5621586,K02415.01,1,5.25419589,133.72952,0.12449166666666667
9210387,K02416.01,1,5.90608902,131.56096,0.10037499999999999
11852982,K00247.01,1,13.81504449,181.12621,0.09684999999999999
8559152,K02488.01,1,12.4128518,140.35679,0.17908333333333332
2718778,K02489.01,1,3.92453009,132.40179,0.15379166666666666
3122913,K02490.01,1,11.60653061,134.41637,0.09141666666666666
9229657,K02491.01,1,2.66831274,131.68823,0.1005875
10415227,K02562.01,0,2.9322509,133.7648,0.122125
5175024,K02563.01,1,23.4772553,145.3641,0.280625
9026749,K02564.01,1,66.5576728,181.3241,0.4388333333333333
12216278,K02565.01,0,2.01948607,132.9238,0.21866666666666668
9159242,K02566.01,0,3.04468229,132.464,0.2479583333333333
12061096,K02642.01,0,15.05028313,141.53522,0.077
5794240,K00254.01,1,2.455240626,170.821762,0.07196749999999999
6933567,K02643.01,1,9.08233411,139.65489,0.08366666666666667
9993529,K02644.01,0,0.790539912,131.87702,0.04402916666666666
11303815,K02645.01,0,1.705782214,133.15607,0.04195833333333333
6044553,K02646.01,0,0.532086296,131.9134,0.16762499999999997
9654468,K02417.01,1,47.7052566,146.3164,0.24829166666666663
4349452,K00244.02,1,6.238535444,171.706325,0.14689583333333334
10027247,K02418.01,1,86.829519,189.26162,0.311
6343170,K02419.01,1,9.95667035,136.5827,0.14725
7107802,K02420.01,1,10.41728722,137.45784,0.171875
11752632,K02492.01,1,0.984941669,133.31801,0.08218333333333333
10028535,K02493.01,1,0.663085361,131.97961,0.048008333333333326
7047207,K02494.01,1,19.1187425,138.42824,0.28354166666666664
5212220,K02495.01,0,1.08749101,131.77034,0.06746666666666666
9964748,K02496.01,0,1.183818383,131.88403,0.058041666666666665
9842937,K02567.01,0,4.98845099,133.74684,0.31054166666666666
9757613,K00250.03,1,3.543919702,136.26075,0.07798749999999999
11962284,K02647.01,1,8.83929462,135.54125,0.071625
2573056,K02648.01,0,0.631795416,132.53963,0.044595833333333335
6842682,K02649.01,1,7.56126152,135.6368,0.11879166666666666
8890150,K02650.01,1,34.9897847,144.20912,0.17533333333333334
8890150,K02650.02,1,7.05429483,136.18961,0.0715
11360805,K02422.01,1,26.7838935,140.75396,0.19099999999999998
9845898,K02423.01,1,45.126216,165.42066,0.2773333333333333
12453581,K02424.01,1,11.94019101,136.55603,0.11941666666666667
11922678,K02425.01,0,3.51295674,133.78198,0.1275
11179076,K02497.01,1,48.4313003,141.45612,0.16791666666666666
5364071,K00248.01,1,7.203855862,170.285731,0.10590833333333333
5959719,K02498.01,1,6.73808701,133.32953,0.10795833333333334
5544903,K02499.01,0,7.57571414,138.2166,0.09820833333333334
5542983,K02501.01,0,4.76887671,132.09888,0.06966666666666665
8256453,K02573.01,0,1.347512632,132.127858,0.08257083333333333
9474493,K02574.01,0,0.512581697,132.80609,0.0657875
4551663,K02576.01,0,12.07760884,140.46287,0.09304166666666666
11752908,K02651.01,0,6.38315744,132.30539,0.07114583333333332
7021681,K00255.01,1,27.52194772,189.824523,0.16862499999999997
4346178,K02652.01,1,16.1289679,143.75518,0.26129166666666664
9664142,K02654.01,1,13.5631157,140.65364,0.2265833333333333
10018233,K02655.01,1,16.2959916,133.90784,0.08816666666666667
8081899,K02426.01,1,4.16056658,132.27418,0.10874999999999999
10189557,K02427.01,0,2.93101771,131.92959,0.09295833333333332
8478994,K00245.01,1,39.79220077,175.250558,0.18608333333333332
9965184,K02428.01,0,16.2276756,136.62586,0.15412499999999998
9911882,K02429.01,0,1.595630597,136.13782,0.07470833333333332
8631504,K02503.01,1,14.8200596,133.39933,0.16258333333333333
8110767,K02504.01,1,20.49041,144.41979,0.18204166666666666
5471574,K02505.01,0,0.962827066,132.20517,0.18666666666666668
6767840,K02506.01,1,8.679037,140.90423,0.11933333333333332
8379705,K02507.01,1,11.1296971,138.57573,0.12258333333333334
9896018,K02579.01,1,2.7296036,133.28661,0.113375
11037511,K02580.01,1,3.11604194,133.84988,0.0740125
9757613,K00250.04,1,46.82767725,136.74468,0.07930416666666666
11818872,K02581.01,1,12.7372371,136.0162,0.13991666666666666
11771430,K02582.01,1,40.0306267,148.85882,0.200625
5513012,K02668.01,1,0.679336747,132.856178,0.05078333333333333
11761199,K02669.01,0,213.6103207,141.655562,0.4485125
8074805,K02670.01,0,170.8658492,299.660385,0.7078958333333333
2437505,K02671.02,0,17.5509742,133.9459,0.16933333333333334
11253827,K02672.01,1,88.5122014,182.67266,0.28422499999999995
3533469,K02430.01,0,10.21507506,133.64546,0.14145833333333332
8956706,K02431.01,0,8.3806973,134.7287,0.12616666666666665
7047363,K02432.01,1,31.0572947,147.56275,0.14170833333333333
11968463,K02433.01,1,15.1622287,144.474,0.3055
11968463,K02433.02,1,10.04378351,353.61859,0.23116666666666666
9880190,K02509.01,1,4.5513988,133.05954,0.102375
5364071,K00248.02,1,10.91274065,169.85247,0.09083749999999999
5392702,K02510.01,0,12.2141545,141.3677,0.4275833333333333
8429566,K02511.01,0,3.732261,131.93795,0.08558333333333332
10387742,K02583.01,1,3.03267135,134.0668,0.07391666666666666
7673841,K02585.01,1,5.34182466,136.3186,0.14904166666666666
9827149,K02586.01,1,2.131945045,133.65547,0.07525416666666666
5546691,K02587.01,1,12.9462567,139.4165,0.3986666666666666
12156347,K02588.01,1,5.77957133,136.53014,0.10505416666666667
8547429,K02658.01,1,11.6601667,140.62189,0.24508333333333332
8803882,K02659.01,0,89.465468,170.8426,0.4116666666666667
9893318,K02660.01,1,18.0161227,145.24169,0.16733333333333333
6864885,K02434.01,0,40.8777605,163.43477,0.40604166666666663
5097868,K02435.01,0,6.80243431,132.40355,0.15904166666666666
8570333,K02436.01,1,84.5733346,150.152,0.24008333333333332
8478994,K00245.02,1,21.30181863,191.84136,0.1615125
5036705,K02437.01,1,4.14789051,135.53291,0.15954166666666666
9653622,K02513.01,1,19.0054098,144.15574,0.07679166666666666
4391348,K02514.01,0,1.96433113,131.65195,0.09920833333333332
8947520,K02517.01,1,0.968527683,131.50954,0.056966666666666665
10468885,K02589.01,1,0.664074145,133.40285,0.04552083333333333
12016267,K02590.01,0,11.7489907,135.68045,0.16845833333333332
3861595,K00004.01,1,3.849371737,157.526686,0.10966666666666666
5725087,K00033.01,0,0.366197145,133.55969,0.051395833333333335
10489206,K00251.01,1,4.164384505,171.087935,0.07693333333333333
3426367,K02662.01,1,2.10433534,133.31612,0.04653333333333333
5562090,K02664.01,1,28.8431751,143.82307,0.132125
11548140,K00256.01,0,1.378649746,169.780113,0.05096666666666667
12110786,K02665.01,0,1.112207126,131.8505,0.05625
3654095,K02667.01,0,1.303576682,133.0758,0.04254166666666666
5078939,K02438.01,0,1.958577398,132.26115,0.09949999999999999
6867555,K02439.01,1,5.19103699,135.21628,0.17591666666666667
5339567,K02440.01,1,4.86638504,134.01501,0.09566666666666665
4459924,K02441.01,0,4.79176993,134.03502,0.1883333333333333
11080405,K02442.01,1,25.1933989,146.4301,0.1925
5529738,K02518.01,0,0.759762021,131.79506,0.20466666666666666
10059645,K02520.01,1,6.49441464,132.25189,0.09766666666666665
5364071,K00248.03,1,2.576571021,172.126911,0.06665416666666665
7183745,K02521.01,1,28.4750006,154.5706,0.19658333333333333
8212002,K02593.01,1,14.7966306,142.74484,0.233875
8004903,K02594.01,1,11.25401871,136.8901,0.19829166666666667
8883329,K02595.01,1,9.18244299,134.04601,0.17991666666666664
8883329,K02595.02,1,14.6134781,140.41368,0.21941666666666665
3644653,K02596.01,0,119.682075,176.0877,1.3033333333333332
11253827,K02672.02,1,42.9923284,162.50532,0.19691666666666666
5514383,K00257.01,1,6.88341278,172.66227,0.08614166666666667
10747445,K02673.01,0,4.593595496,134.88971,0.11445
8022489,K02674.01,1,197.5111484,272.3864,0.46275
8022489,K02674.02,1,11.1726723,140.00764,0.2544166666666666
8022489,K02674.03,1,2.53573284,133.01581,0.16620833333333332
9209624,K02443.01,1,6.79164656,136.48519,0.13929166666666665
9209624,K02443.02,1,11.8376933,142.21212,0.14087499999999997
3354846,K02444.01,1,18.5525162,135.51322,0.1827083333333333
8478994,K00245.03,1,13.3669309,184.0734,0.15554166666666666
3946023,K02447.01,0,1.045492348,132.27517,0.12220833333333332
7183745,K02521.02,1,4.86634094,353.34131,0.07854166666666666
9177629,K02522.01,1,5.60402307,133.82508,0.04280416666666667
7778767,K02523.01,1,13.0313583,144.11544,0.188375
7515762,K02524.01,1,40.9905002,132.4136,0.30566666666666664
5942949,K02525.01,1,57.2932309,146.23112,0.20325
12120307,K02597.01,1,8.00504749,138.71228,0.1383333333333333
12120307,K02597.02,1,12.13070414,139.89855,0.160125
12120307,K02597.03,1,5.61357653,131.81669,0.12104166666666666
9777251,K02600.01,0,1.33255087,132.059,0.14854166666666666
6864893,K02375.01,0,40.8792243,163.41583,0.291875
11701407,K02376.01,1,18.8262877,134.70322,0.09766666666666665
11288051,K00241.03,1,3.41045981,131.58062,0.11941666666666667
10813132,K02378.01,1,4.76702759,132.69368,0.08387499999999999
5857540,K02448.01,1,13.62801048,135.45073,0.14739166666666664
7289317,K02450.01,1,16.83203175,140.53041,0.16795833333333332
6500206,K02451.01,0,13.37499553,142.38153,0.06829166666666667
5545815,K02452.01,0,4.35370136,134.09426,0.07970833333333333
3116302,K02526.01,0,134.96694,205.9674,0.7679166666666666
7879433,K02527.01,1,1.385787741,135.49119,0.0685375
9205907,K02528.01,1,12.02295362,136.20687,0.05277916666666666
8463346,K02529.01,1,16.79716262,134.0417,0.15958333333333333
5364071,K00248.04,1,18.59611518,141.26331,0.09605
10489206,K00251.02,1,5.77440326,132.96695,0.07366666666666666
7531677,K02601.01,0,2.622134451,131.87323,0.19729166666666667
10068659,K02602.01,1,11.47685263,139.63194,0.11483333333333332
9718379,K02379.01,0,40.0088894,141.74475,0.15066666666666667
4055774,K02381.01,0,6.58738839,133.35768,0.19824999999999998
6670075,K02382.01,0,0.759706632,131.7692,0.045399999999999996
9395024,K02383.01,1,4.37033233,131.92696,0.11854166666666667
11401822,K02454.01,0,1.08070294,131.86686,0.140125
6507427,K02455.01,0,4.74254518,133.13916,0.042624999999999996
5521300,K02456.01,0,18.13559979,138.31557,0.084125
8478994,K00245.04,1,51.20690303,195.7303,0.3745833333333333
9753154,K02457.01,1,3.70429015,132.21478,0.14041666666666666
9011825,K02530.01,1,37.3331165,162.90453,0.3184583333333333
5174858,K02532.01,1,7.9709719,134.0507,0.05372083333333333
11074835,K02533.01,1,6.03355539,137.121,0.4187083333333333
1996180,K02534.01,1,3.02558494,134.36744,0.12503333333333333
10407221,K02605.01,0,0.933746783,131.51962,0.17729166666666665
5991936,K02606.01,0,6.09740316,133.32402,0.193125
6269070,K02608.01,1,2.7612237,131.6081,0.15337499999999998
6705137,K02609.01,0,5.59727625,131.86798,0.06912499999999999
8345172,K02385.01,0,50.5715805,161.11366,0.15525
12254378,K02387.01,1,2.032319072,132.32157,0.06984166666666666
4247791,K00028.01,0,4.100870416,168.1460533,0.33973375
7604328,K02458.01,1,4.35407371,132.85695,0.10112499999999999
11236244,K02460.01,1,11.32269749,136.05511,0.14654166666666665
9837685,K02461.01,1,13.71218522,135.51875,0.10154166666666666
5042210,K02462.01,1,12.14684625,131.55623,0.2582083333333333
12454461,K02463.01,1,7.46718958,136.39348,0.15137499999999998
9635606,K02535.01,1,48.8882668,153.8341,0.26949999999999996
3728701,K02536.01,1,51.1319346,137.1568,0.25079166666666663
10861715,K02537.01,0,133.516435,134.8898,0.0915
1849702,K02538.01,1,39.8312536,155.6409,0.10175000000000001
9390653,K00249.01,1,9.549277089,175.757183,0.06596666666666666
11187837,K00252.01,1,17.60461401,170.4984,0.15483333333333332
8885673,K02611.01,0,1.228721184,133.49967,0.043375
8025596,K02615.01,1,4.69505576,133.93643,0.12741666666666665
5956787,K02616.01,0,0.569115976,132.01945,0.08449999999999999
3642741,K00242.01,0,7.258450123,138.344691,0.2387375
12071037,K02388.01,0,6.0959841,135.0254,0.43291666666666667
8494617,K02389.01,1,22.9221181,133.66805,0.3416666666666666
10289119,K02390.01,1,16.10474503,135.01186,0.238
7382313,K02392.01,1,7.42697378,133.099,0.13358333333333333
9887224,K02464.01,0,0.874629873,132.25706,0.07425
7542369,K02465.01,0,5.46091846,131.66849,0.07420833333333332
8544992,K02466.01,1,3.17323012,133.69979,0.07955833333333333
8544992,K02466.02,1,13.2970695,140.94606,0.13679166666666664
11295426,K00246.01,1,5.398752862,173.858666,0.14292916666666666
7289162,K02539.01,0,5.26648126,131.6902,0.08183333333333333
3001885,K02540.01,0,2.67596808,133.70492,0.08420833333333333
12306058,K02541.01,1,7.41683033,137.96389,0.3030833333333333
6183511,K02542.01,1,0.727331746,132.37007,0.034679166666666664
12469800,K02543.01,1,1.302017467,131.93696,0.05705
4915638,K02617.01,1,8.63050092,139.57438,0.131
6351097,K02618.01,0,12.49117388,136.31491,0.11866666666666666
8081905,K02619.01,1,3.27645723,131.97924,0.09245833333333332
11465950,K02620.01,1,16.0573291,132.39054,0.14775
9996632,K02621.01,0,8.44326557,136.26748,0.13970833333333332
4665571,K02393.01,1,4.60300256,133.22313,0.11186666666666667
4829935,K02395.01,0,16.9329284,132.15407,0.050749999999999997
9269042,K02397.01,1,12.00089667,142.04182,0.13608333333333333
6199056,K02398.01,0,1.169010526,131.738567,0.04882083333333333
11461433,K02399.01,1,1.916940872,132.46734,0.05934583333333333
11818607,K02467.01,1,5.05661302,134.39648,0.16358333333333333
8380709,K02468.01,1,24.3344939,147.41892,0.27320833333333333
6149910,K02469.01,1,131.187921,172.3923,0.28770833333333334
9108085,K02470.01,0,2.17489806,134.11887,0.191625
5436013,K02471.01,1,25.8859397,157.04329,0.1895
8676148,K02544.01,1,28.6253502,158.11827,0.189625
9696358,K02545.01,1,6.98141327,132.7883,0.2719583333333333
5039129,K02546.01,0,1.319677953,132.06143,0.08241666666666667
4484336,K02547.01,1,8.94337724,137.30234,0.102875
9757613,K00250.01,1,12.282998287,170.39809,0.1129
10527135,K02622.01,0,0.328686504,132.77146,0.0358
11752906,K00253.01,1,6.383159135,170.604622,0.07293333333333332
10916600,K02623.01,1,5.57654782,136.42668,0.15304166666666666
8429314,K02624.01,1,115.6863392,246.98666,0.19375
9153570,K02625.01,1,3.81371423,132.57465,0.08220833333333333
11768142,K02626.01,1,38.0970717,140.00353,0.17945833333333333
9592579,K00243.01,0,2.637574744,134.212775,0.2273875
8481129,K02402.01,1,16.3012727,133.79446,0.16558333333333333
2142522,K02403.01,1,13.32354078,134.03671,0.161375
9395719,K02472.01,1,2.607545159,131.83453,0.05798333333333333
8753896,K02473.01,1,3.24417541,132.94014,0.08299999999999999
8746295,K02475.01,0,6.85567248,136.01953,0.09449999999999999
10090257,K02476.01,0,2.28607282,133.557,0.3258333333333333
11295426,K00246.02,1,9.60505976,136.37863,0.1252625
10679583,K02549.01,0,3.54789928,133.78212,0.11920833333333333
8757824,K02552.01,1,3.65690909,134.95269,0.086
9832208,K02553.01,1,88.0712769,214.51304,0.2815833333333333
6124512,K02627.01,1,8.38395796,134.41408,0.21666666666666667
10070468,K02628.01,1,1.68189051,133.07951,0.12466666666666666
10031656,K02629.01,0,8.59000355,131.97492,0.2783333333333333
7584650,K02631.01,1,44.9977604,160.2298,0.4035833333333333
11337566,K02632.01,1,7.12815163,136.88006,0.23008333333333333
10202759,K02405.01,0,0.872952088,131.49734,0.060412499999999994
5007345,K02406.01,1,7.01074295,138.4027,0.09077916666666666
12120484,K02407.01,1,17.2922631,135.75448,0.29341666666666666
6429812,K02408.01,1,94.289223,166.50826,0.17091666666666666
6846911,K02477.01,1,14.02634692,135.17539,0.05336666666666666
5385439,K02478.01,0,12.425866431,141.5137911,1.2142833333333334
5963582,K02479.01,1,25.5433704,140.58705,0.3569583333333333
4476423,K02481.01,0,33.8542586,132.1329,0.5287083333333333
11403389,K02482.01,1,45.0909201,133.55146,0.19187500000000002
9851662,K02483.01,1,15.0539886,135.53329,0.18424999999999997
8758204,K02841.01,1,159.388788,226.9313,0.35133333333333333
8733898,K02842.01,1,1.565412613,132.91281,0.031549999999999995
8733898,K02842.02,1,5.14892346,133.31971,0.04005416666666667
3228945,K02917.01,0,0.730943372,131.49862,0.12516666666666665
7008149,K02918.01,0,0.515552803,131.651719,0.07445416666666665
10332213,K02919.01,1,2.522590567,131.64534,0.05858333333333333
7090524,K02920.01,1,6.73968289,132.29296,0.17429166666666665
11133306,K00276.01,1,41.74598855,210.399151,0.19218749999999998
6307063,K02702.01,0,75.378004,167.11715,0.28099999999999997
5871985,K02703.01,1,213.258526,268.13424,0.32366666666666666
8292840,K00260.02,1,100.2830675,245.04318,0.45265
9730163,K02704.01,1,4.871223664,133.64255,0.06631666666666666
9730163,K02704.02,1,2.984157711,133.11908,0.05265416666666667
11453592,K02705.01,1,2.8867624,131.66592,0.0411625
3834322,K02763.01,0,0.498434645,131.57053,0.03979166666666666
11188249,K02765.01,0,2.75505467,133.42201,0.14275
4677282,K02766.01,0,1.572181216,131.77456,0.3007916666666667
5097470,K02767.01,0,1.28805834,131.9914,0.14245833333333333
4858610,K02844.01,0,2.72288246,131.90948,0.10033333333333333
10591855,K02845.01,1,1.574090323,131.86116,0.06581666666666666
4832175,K02846.01,0,0.947738312,132.38567,0.050249999999999996
7749773,K02848.01,1,13.7872627,144.77403,0.23945833333333333
9451706,K00271.03,1,14.4359459,141.51253,0.14225
10064256,K02849.01,1,5.95958637,135.00822,0.12079166666666666
4381282,K02922.01,0,0.497581917,131.6572,0.06083333333333333
7609553,K02924.01,1,2.279523364,133.3576,0.06750833333333334
10122538,K02926.01,1,12.2854718,131.90073,0.12483333333333332
10122538,K02926.02,1,5.53609368,131.88286,0.09559166666666666
5480640,K02707.01,1,58.0337426,138.7412,0.23266666666666663
5480640,K02707.02,1,14.4252635,136.75608,0.15641666666666665
5480640,K02707.03,1,26.6757818,149.99527,0.11233333333333334
5175986,K02708.01,1,0.868386354,132.06741,0.04441666666666667
9008737,K02768.01,1,11.8288843,137.6991,0.13904166666666667
9008737,K02768.02,1,14.7512034,137.1559,0.05208333333333333
9692128,K02769.01,0,1.480323978,131.7553,0.076375
6521045,K00041.02,1,6.88707073,133.17797,0.1861625
8167959,K00267.01,0,165.75597,207.3074,0.3520833333333333
4075015,K02850.01,0,1.11431205,131.75649,0.088
6697605,K02851.01,1,3.42064689,132.30629,0.073625
6294819,K02852.01,1,0.675650404,131.68114,0.0760875
3230753,K02928.01,0,17.7337356,143.9223,0.2315833333333333
8358012,K02929.01,0,10.06478627,135.24121,0.11916666666666666
4664046,K02930.01,0,1.12976597,132.526,0.129
11401755,K00277.01,1,16.23191704,171.67758,0.310875
4180401,K02709.01,0,15.4126766,144.9757,0.14175
6350476,K02710.01,0,1.110599919,131.57274,0.05622083333333333
8292840,K00260.03,1,21.86965714,140.29513,0.22990416666666663
5272233,K02711.01,1,9.02436414,133.54199,0.12545833333333334
5272233,K02711.02,1,17.3408735,138.96694,0.14158333333333334
11456382,K02771.01,0,0.814280672,131.64736,0.09691666666666666
3130548,K02773.01,0,0.878855771,131.49524,0.045891666666666664
9593757,K02774.01,0,2.49432176,133.61066,0.09695416666666667
4275117,K02776.01,0,1.00652785,131.71627,0.054895833333333324
6545051,K02777.01,0,1.99566293,132.8585,0.18808333333333332
5513866,K02854.01,0,0.755111225,131.80687,0.13183333333333333
5688910,K02856.01,1,25.8730914,143.28644,0.21187499999999998
6345732,K02857.01,1,20.2642023,135.27919,0.1943333333333333
6345732,K02857.02,1,7.44136102,137.74695,0.18975
8611257,K02931.01,1,99.2532336,148.53067,0.30033333333333334
3861611,K02932.01,0,3.84933401,134.43526,0.09579166666666666
10880507,K02936.01,1,6.4802138,132.8598,0.13624999999999998
5443604,K02713.01,0,21.3910125,141.29764,0.14633333333333332
12206313,K02714.01,1,14.3832267,140.57648,0.3490833333333333
12206313,K02714.02,1,47.3186631,170.06035,0.43604166666666666
9837661,K02715.01,1,11.12827427,139.54417,0.108825
7769819,K02778.01,1,2.21571296,131.82107,0.07587916666666666
11874577,K02779.01,1,34.4585495,147.82493,0.30974999999999997
12164564,K02780.01,1,3.35184041,131.64441,0.08272916666666666
8190354,K02781.01,0,1.615758517,131.68535,0.07225
10397751,K02859.01,1,3.4462125,132.22894,0.08754166666666666
10397751,K02859.02,1,2.005414293,133.24526,0.08058333333333333
7815931,K02861.01,0,1.868564038,132.51442,0.049666666666666665
9642292,K02946.01,1,15.1408916,143.74584,0.18162499999999998
6356692,K02948.01,1,11.39169531,141.55983,0.20833333333333331
4991208,K02951.01,1,2.44358543,132.80194,0.07716666666666666
8243283,K02952.01,0,1.7592691,132.07552,0.09920833333333332
9837661,K02715.02,1,2.226496196,133.37195,0.07113749999999999
9837661,K02715.03,1,5.72084599,134.66576,0.11433333333333334
9092504,K02716.01,1,0.962864171,132.12548,0.07000833333333333
5383248,K00261.01,1,16.23847733,171.019564,0.1654125
9092504,K02716.02,1,6.46004728,135.96779,0.08245833333333333
10001368,K02785.01,1,4.76831033,134.86116,0.13484583333333333
9466429,K02786.01,1,44.616751,164.45238,0.32629166666666665
4365442,K02787.01,0,1.714410345,131.86549,0.13899999999999998
8885643,K02789.01,1,3.40165617,132.06195,0.08173749999999999
5652893,K02790.01,1,14.00948631,132.96947,0.141625
3241557,K02863.01,0,1.703359172,132.46185,0.07974999999999999
3957082,K02864.01,0,3.77881664,134.208,0.24245833333333333
8681833,K02865.01,1,1.311558909,131.53283,0.07995833333333333
4138951,K02866.01,1,1.291233083,131.99105,0.07729166666666666
3102384,K00273.01,1,10.573751447,175.067739,0.07191249999999999
10471515,K02961.01,1,3.7847507,133.50785,0.12183333333333332
8760040,K02963.01,1,18.2206024,141.37607,0.21287499999999998
10098844,K02964.01,1,47.4497134,173.4565,0.4447916666666667
9467404,K02717.01,1,0.929906166,132.25126,0.072625
5308666,K02718.01,0,0.784513087,131.98751,0.080025
5184911,K02719.01,1,4.11585514,134.11726,0.06190833333333333
6587105,K02721.01,1,33.878639,160.21869,0.25808333333333333
11662184,K02791.01,1,27.5722144,145.39543,0.219
11127479,K02792.01,1,2.12821621,132.48055,0.13108333333333333
5428668,K02794.01,0,0.703399912,131.65929,0.034291666666666665
5041569,K02795.01,0,2.5355023,132.20054,0.29954166666666665
9899181,K02867.01,0,1.332560553,132.05303,0.138125
9899181,K02867.02,0,18.936061,139.0725,0.9279166666666666
8884274,K02868.01,1,10.65275054,136.08994,0.11183333333333334
7767162,K02869.01,1,3.30040818,133.56723,0.18591666666666665
4861791,K02870.01,0,5.62950902,136.8607,0.2725833333333333
4385148,K02942.02,1,24.2758992,152.43133,0.19124999999999998
9838468,K02943.01,1,54.4099612,175.40307,0.38808333333333334
6781548,K02944.01,0,9.12209336,138.83306,0.181125
8617363,K02945.01,1,19.94752741,144.2469,0.07316666666666666
11401755,K00277.02,1,13.84984567,141.64914,0.3032625
7673192,K02722.01,1,6.12479773,134.93803,0.14441666666666667
7673192,K02722.02,1,11.24284815,136.32084,0.1767083333333333
7673192,K02722.03,1,4.02877097,133.76774,0.13220833333333332
7673192,K02722.04,1,8.92114318,137.49071,0.163875
11807274,K00262.01,1,7.81285862,172.6138,0.17074999999999999
7670943,K00269.01,1,18.01164974,185.09162,0.2806958333333333
6697756,K02798.01,1,0.916142298,132.02221,0.04814583333333333
5649833,K02799.01,0,0.597933473,131.95386,0.07991666666666666
10518399,K02800.01,0,2.69636494,132.99372,0.16216666666666665
5905822,K02801.01,1,6.99205021,138.05147,0.20987499999999998
10793172,K02871.01,1,12.0999065,143.04424,0.14825
10793172,K02871.02,1,5.36375016,134.65014,0.1225
7136729,K02872.01,0,3.17319407,133.38365,0.10466666666666666
6364276,K02873.01,0,5.24368302,132.7109,0.4530416666666666
5108946,K02955.01,0,0.591280187,131.74406,0.04856666666666666
8801316,K02956.01,1,3.93766786,135.27724,0.19395833333333334
10876237,K02960.01,0,1.465943491,132.32801,0.06304166666666666
12314973,K00279.01,1,28.45489091,176.706265,0.33997083333333333
3346154,K02723.01,1,1.952711161,133.160986,0.03633333333333333
5308387,K02724.01,0,0.620739667,132.10051,0.10320833333333332
6233573,K02725.01,0,0.587470828,131.49788,0.10159166666666666
10363281,K02726.01,0,0.934924739,132.17846,0.08549999999999999
4861527,K02727.01,0,25.7054557,156.66709,0.25245833333333334
5775129,K02802.01,1,3.84822189,131.9185,0.08387499999999999
9898447,K02803.01,1,2.37752442,133.39854,0.09612499999999999
5307568,K02804.01,0,2.62838097,131.62343,0.13304166666666667
11135308,K02805.01,1,1.877878538,132.26131,0.09958333333333333
6521045,K00041.03,1,35.3331932,153.98249,0.24858333333333332
8077137,K00274.01,1,15.0896415,175.95371,0.18062083333333334
7019524,K02877.01,1,5.30873978,134.25061,0.12574999999999997
5106313,K02878.01,1,3.89524296,131.85929,0.070375
9825174,K02880.01,1,0.740926358,131.91163,0.04234583333333333
8429415,K02965.01,0,1.352564873,132.04752,0.14454166666666665
5014903,K02966.01,0,7.72768833,136.19387,0.08583333333333333
5980783,K02967.01,1,37.3033197,133.3072,0.3247083333333333
8560804,K02969.01,0,31.9729501,133.88218,0.39208333333333334
12008872,K02729.01,1,14.8877665,141.95432,0.20754166666666665
8415200,K02730.01,1,4.52158614,133.21804,0.14459166666666667
4072333,K02731.01,0,2.007750531,132.57843,0.08631249999999999
9886361,K02732.01,1,7.03146295,134.4525,0.24674999999999997
9886361,K02732.03,1,54.2811949,140.71639,0.229875
3730335,K02808.01,0,0.596087893,131.82296,0.029829166666666664
6528464,K00270.01,1,12.58229808,175.02129,0.265625
7428316,K02809.01,0,7.12684695,137.42807,0.13245833333333332
10275766,K02810.01,0,0.661749944,131.86076,0.17133333333333334
10275766,K02810.02,0,354.95118,156.9947,0.5425
6370120,K02811.01,0,1.35477049,131.64321,0.06741666666666667
5642620,K02882.02,0,0.493393859,131.57378,0.047162499999999996
5209845,K02883.01,1,11.95401876,140.26226,0.11066666666666666
9652649,K02884.01,0,2.48883033,132.11766,0.17783333333333332
11100670,K02885.01,0,20.2340219,141.38622,0.15308333333333332
6129524,K02886.01,1,0.88184263,131.68869,0.05465416666666667
5794570,K02675.01,1,5.448321078,132.49088,0.09255416666666666
5794570,K02675.02,1,1.116127169,131.84982,0.055145833333333324
5649325,K02676.01,0,195.613824,167.73974,0.9907083333333333
6779260,K02678.01,1,3.833087643,131.63482,0.06291666666666666
11807274,K00262.02,1,9.37663713,136.95319,0.0876375
5953297,K02733.01,1,5.62006198,132.95381,0.11462499999999999
7659389,K02734.01,1,3.8259005,132.20163,0.0752375
9472074,K02735.01,1,0.558841234,131.57991,0.03299166666666666
10842192,K02736.01,1,9.33648141,140.67893,0.1060375
2442448,K02812.01,1,76.6139446,153.79301,0.42583333333333334
9665922,K02815.01,0,1.545388842,132.63059,0.12654166666666666
11283615,K02816.01,1,1.289590179,131.89057,0.05642083333333334
7605093,K02817.01,1,0.634003002,131.89476,0.038362499999999994
3859363,K02887.01,0,1.56859048,131.64081,0.48295833333333327
8077137,K00274.02,1,22.8030252,153.37541,0.19866666666666666
12023078,K02888.01,0,0.623441939,131.990423,0.058554166666666664
6364162,K02889.01,0,5.24364571,132.7242,0.7076666666666667
7463685,K02890.01,1,8.98826122,138.83733,0.20666666666666667
11231334,K00258.01,0,4.15743922,172.50464,0.39883333333333326
6878240,K02681.01,1,135.4978256,233.6923,0.28204166666666663
6878240,K02681.02,1,22.2508509,149.43326,0.07270833333333333
2436378,K02682.01,0,8.53161917,136.27763,0.12331666666666666
6614629,K02737.01,0,0.526615152,131.49908,0.04409166666666667
6630943,K02738.01,0,0.690405794,131.7301,0.07252916666666666
4831728,K02739.01,1,10.10773789,135.1032,0.15949999999999998
3336765,K02740.01,0,1.844857057,132.16167,0.0689875
4270565,K02819.01,0,18.0116764,139.19459,0.25025
6528464,K00270.02,1,33.67280658,162.03676,0.34277916666666663
11963206,K02820.01,1,3.00912491,131.62696,0.09283333333333334
8263545,K02822.01,1,4.44589508,131.74309,0.09923333333333334
10068024,K02891.01,0,2.023126394,132.07328,0.053212499999999996
9636563,K02892.01,0,10.63609504,139.7996,0.145
6937402,K02894.01,1,10.3108232,141.5114,0.23404166666666665
5475641,K02895.01,0,1.069842837,132.4449,0.21979166666666666
2853828,K02896.01,0,1.077467951,131.58234,0.08802083333333333
4035667,K02684.01,0,2.8736467,132.58652,0.07008333333333333
9612825,K02685.01,0,2.846517614,133.24348,0.17616666666666664
7826659,K02686.01,1,211.032819,279.12891,0.29662499999999997
7202957,K02687.01,1,1.716828304,132.03204,0.08616666666666667
5513893,K02741.01,0,0.755103143,131.81388,0.12020833333333332
10514430,K00263.01,0,20.71927223,184.73851,0.16828333333333334
8095441,K02743.01,1,11.87457664,140.21259,0.08248749999999999
5881813,K02744.01,1,109.6469948,190.67271,0.2736666666666666
12456601,K02745.01,1,15.64588656,146.04926,0.16495833333333332
10341917,K02823.01,0,0.93375241,131.5113,0.26466666666666666
3241604,K02824.01,0,1.70336496,132.45889,0.07102083333333332
9591070,K02825.01,0,0.764174368,131.68497,0.09775
8227661,K02826.01,0,1.85373924,132.66885,0.07566666666666666
7428736,K02827.01,1,7.06321927,132.52395,0.10045833333333333
5817986,K02897.01,0,0.584310213,132.013258,0.09083749999999999
11129258,K02898.01,1,25.384175,137.77326,0.149
10586004,K00275.01,1,15.79196594,176.81888,0.30321666666666663
7202957,K02687.02,1,8.16733851,136.20356,0.13904166666666667
6521045,K00041.01,1,12.81590421,122.94682,0.2660666666666667
5790807,K00259.01,0,79.99623328,207.126264,0.2639125
8892303,K02688.01,1,5.424749327,133.728952,0.04745833333333333
5369827,K02690.01,1,3.606940379,134.77442,0.043408333333333333
5302643,K02746.01,0,69.2002312,145.95159,0.236625
6586746,K02747.01,1,6.26404774,132.82928,0.09958333333333333
9962455,K02748.01,1,23.1985852,142.62801,0.4092083333333333
9962455,K02748.02,1,5.77721259,137.16696,0.10258333333333333
8687088,K02749.01,0,0.905037231,132.21703,0.05979583333333333
6436029,K02828.01,1,59.4969009,146.95193,0.22516666666666665
6197215,K02829.01,1,10.61345333,135.6898,0.040954166666666666
9451706,K00271.01,1,48.6303805,172.54736,0.2950208333333333
9244508,K02830.01,1,40.5289885,168.01669,0.4418333333333333
9692557,K02831.01,0,0.571940563,131.71371,0.037629166666666665
9366886,K02901.01,0,0.633514386,131.56236,0.05329999999999999
3657176,K02903.01,0,17.4166143,141.10369,0.101875
3969687,K02904.01,1,16.3583482,141.25354,0.41075
9369366,K02905.01,0,36.0054414,144.34331,0.13591666666666666
6716545,K02906.01,1,13.9093544,142.8769,0.281875
2989706,K02692.01,0,1.257689465,132.503649,0.03499583333333333
5185897,K02693.01,1,4.081411554,133.85992,0.09682916666666666
5185897,K02693.02,1,11.41941928,142.11859,0.1378125
5185897,K02693.03,1,6.83440674,136.86023,0.09469166666666667
9881077,K02751.01,1,24.4004378,135.62326,0.12445833333333334
3097346,K00264.01,0,4.029810359,170.69131,0.13881666666666664
5717567,K02752.01,0,1.287622419,132.43069,0.03420833333333333
6265792,K02753.01,1,0.935115863,132.20193,0.06738333333333332
9995402,K02832.01,1,3.57551429,132.86125,0.09849999999999999
5609593,K02834.01,1,136.205112,234.72601,0.23199999999999998
5436338,K02835.01,1,6.30922043,133.99677,0.0552125
11414465,K02836.01,1,2.94194296,133.1044,0.08566666666666667
2708885,K02907.01,0,1.146934644,132.2666,0.0718625
6612284,K02908.01,0,1.245353252,132.21522,0.08966666666666667
10586004,K00275.02,1,82.2001239,208.79417,0.4427916666666667
4483138,K02910.01,1,15.3626052,145.5732,0.15566666666666668
9475552,K02694.01,1,0.843379985,131.966174,0.06030833333333333
9475552,K02694.02,1,6.56606941,134.49512,0.07689583333333333
8292840,K00260.01,1,10.49566303,172.79335,0.19731666666666664
10905911,K02754.01,1,1.34155642,132.73743,0.06859166666666666
3545135,K02755.01,1,8.48299282,132.96583,0.104375
6964929,K02756.01,1,0.665025941,131.65962,0.07309166666666667
6432345,K02757.01,1,234.635652,172.64615,0.2902083333333333
11565924,K02837.01,1,13.32191461,142.7235,0.25887499999999997
6607357,K02838.01,1,7.69994466,134.39282,0.18466666666666667
6607357,K02838.02,1,4.77466043,135.16338,0.15849999999999997
9451706,K00271.02,1,29.39337161,209.06737,0.29352083333333334
6186964,K02839.01,1,2.164570593,131.83142,0.05359166666666666
5471202,K02911.01,0,12.4258343,141.5311,1.1715458333333333
9640439,K02912.01,0,0.873227249,132.23359,0.03311666666666666
9693006,K02913.01,1,2.88878583,132.33651,0.12404166666666666
6627507,K02697.01,0,7.37453336,131.55947,0.15604166666666666
5128673,K02698.01,1,87.9724227,168.29785,0.6099166666666667
6690836,K02699.01,1,0.568874717,132.048771,0.0507375
5481148,K02701.01,0,22.023514,135.18349,0.08049999999999999
7877978,K02760.01,1,56.5732318,146.57984,0.1745
7903086,K02761.01,0,1.846861455,131.90493,0.0691875
12024120,K00265.01,1,3.568099612,169.74278,0.13387916666666666
8210018,K02762.01,1,132.9955503,258.3961,0.3098333333333333
3642289,K00301.01,1,6.002548291,171.71419,0.17345
3642289,K00301.02,1,11.44865823,141.38705,0.206375
3662838,K00302.01,1,24.85466504,173.99971,0.38258333333333333
5966322,K00303.01,1,60.92818866,173.37212,0.26389999999999997
6029239,K00304.01,1,8.512037736,174.909816,0.0910875
12106929,K00359.01,0,5.93720557,171.57597,0.20341666666666663
12107021,K00360.01,0,5.93719982,135.95338,0.16458333333333333
8248939,K00061.01,0,1.63345402,181.8556,0.15904166666666666
12404954,K00361.01,1,3.247548814,171.27807,0.10477500000000001
1571511,K00362.01,0,14.022451457,177.5952096,0.3369245833333333
2438070,K00363.01,0,2.442945167,171.09721,0.1672708333333333
3747262,K03005.01,0,1.312459403,132.22569,0.06079166666666667
9070666,K03008.01,1,2.99792926,131.76579,0.18324999999999997
3642335,K03010.01,1,60.8660974,179.28674,0.18320833333333333
3328052,K03011.01,0,2.11547854,132.0118,0.15270833333333333
9119568,K03087.01,0,5.54867998,133.9285,0.194375
9119568,K03087.02,0,1.22174063,132.0174,0.310125
9020114,K03088.01,1,3.48412874,134.5504,0.05925
6196457,K00285.01,1,13.74883059,179.279158,0.25403333333333333
6063220,K00305.01,1,4.603575293,171.840124,0.09791249999999999
6071903,K00306.01,1,24.30784323,178.36629,0.10855833333333333
6289257,K00307.01,1,19.67409703,176.27119,0.15639583333333332
10905239,K00046.01,1,3.487688776,170.932217,0.15985875
11623629,K00365.01,1,81.737872,211.678818,0.27884583333333335
4815520,K00367.01,1,31.578651216,177.206237,0.08866291666666666
6603043,K00368.01,0,110.32167272,197.365128,0.5567666666666666
7175184,K00369.01,1,5.88527364,174.42554,0.08137916666666667
7109851,K03012.01,0,1.086486129,131.96598,0.034929166666666664
7347246,K03014.01,1,86.1160885,134.8808,0.2524166666666666
11403530,K03015.01,1,3.61460332,133.09123,0.13445833333333332
5088536,K00282.02,1,8.45744892,139.06689,0.13705416666666664
6609270,K03090.01,1,3.82223397,132.14965,0.08016666666666666
12406807,K03091.01,1,17.067644,145.56929,0.2510833333333333
8046689,K03092.01,0,5.78542702,137.09181,0.09462499999999999
5096590,K03093.01,1,29.6099055,137.3316,0.3097083333333333
9650989,K03095.01,1,3.42390809,132.88326,0.073875
6289257,K00307.02,1,5.21104597,131.53797,0.1393625
6291837,K00308.01,1,35.5969684,187.52765,0.27879166666666666
7024222,K00309.01,0,1.633107509,170.19649,0.062125
7024511,K00311.01,0,66.1544958,175.64641,0.289375
7050989,K00312.01,1,11.57890926,175.58603,0.11336249999999999
7175184,K00369.02,1,10.10463142,135.55718,0.09870833333333334
8494142,K00370.01,1,42.88247951,203.6483,0.40612916666666665
11554435,K00063.01,1,9.43414171,177.84346,0.11713333333333333
8494142,K00370.02,1,22.95062278,151.53259,0.18672499999999997
5652983,K00371.01,0,498.391282,244.08166,0.255625
6471021,K00372.01,1,125.6291479,253.35079,0.3795
7906671,K03018.01,0,45.1178526,156.99133,0.15570833333333334
8709688,K03019.01,1,4.17939037,133.84818,0.11029166666666665
3348285,K03021.01,0,0.803835923,131.80207,0.058208333333333334
11618601,K03022.01,1,2.76263737,132.99574,0.075875
7582689,K03097.01,1,11.9216035,137.47581,0.20870833333333333
7582689,K03097.02,1,6.80257947,138.0478,0.19199999999999998
7582689,K03097.03,1,8.70312154,140.15531,0.20029166666666667
9959589,K03098.01,0,1.332557603,132.05691,0.25179166666666664
9025922,K00043.01,0,11.32029599,177.08388,0.19110833333333332
6196457,K00285.02,1,26.723169,147.93696,0.3542083333333333
7050989,K00312.02,1,16.39926461,131.96806,0.14211666666666667
7419318,K00313.01,1,18.73577127,177.634372,0.12648333333333334
7419318,K00313.02,1,8.43639829,179.88704,0.13521249999999999
7603200,K00314.01,1,13.78109471,177.852785,0.09661666666666666
7603200,K00314.02,1,23.08902241,171.007634,0.07088333333333333
10905239,K00046.02,1,6.02977241,132.48162,0.16504166666666664
7364176,K00373.01,1,135.1879934,190.93292,0.3674625
8686097,K00374.01,1,172.7046083,236.92574,0.4727916666666666
12356617,K00375.01,1,988.8811177,239.224189,0.24793333333333334
12643589,K00376.01,0,44.14599042,211.531127,0.14172916666666666
12643589,K00376.02,0,1.411627439,178.263426,0.045058333333333325
3323887,K00377.01,1,19.270825843,182.5436,0.17200416666666665
11618601,K03022.02,1,5.05368985,135.11296,0.10474999999999998
7732285,K03023.01,0,4.39049637,134.12735,0.12546666666666667
9716391,K03025.01,1,13.1829329,141.82648,0.14975
6929841,K03026.01,1,3.51575492,134.29974,0.057541666666666665
5088536,K00282.03,1,87.5177787,201.15451,0.10624999999999998
5124254,K03099.01,0,14.0498182,140.50396,0.121125
11508644,K03101.01,1,14.2563272,133.40971,0.19983333333333334
8895758,K03106.01,1,0.968980781,132.41921,0.06320833333333332
10031500,K03107.01,0,8.589562,132.0335,0.411875
7603200,K00314.03,1,10.31282204,133.53528,0.08390833333333332
7700622,K00315.01,1,35.58349688,189.03562,0.1661875
8008067,K00316.01,1,15.77111067,184.90347,0.210725
8008067,K00316.02,1,157.0659976,481.26942,0.33870416666666664
8008067,K00316.03,1,7.305706326,131.77905,0.059283333333333334
3323887,K00377.02,1,38.90787517,175.425847,0.18862916666666665
3323887,K00377.03,1,1.59295975,182.08924,0.08047083333333332
2449074,K00378.01,0,4.94402197,173.75192,0.16925
2446113,K00379.01,0,6.71725648,170.99733,0.10502916666666667
11137180,K03027.01,1,6.07032548,135.30933,0.055874999999999994
9838804,K03028.01,0,1.33256952,132.03835,0.12145833333333333
5524881,K03030.01,0,7.19552624,136.03008,0.17062499999999997
3756264,K03108.01,1,7.36272124,136.86143,0.055362499999999995
11572193,K03109.01,1,10.6761592,140.59136,0.19141666666666668
11285870,K03110.01,1,4.48494315,135.01836,0.11466666666666665
6196457,K00285.03,1,49.3567907,134.29533,0.4564166666666667
8121310,K00317.01,1,22.20809549,206.35965,0.30552916666666663
8156120,K00318.01,1,38.5833679,174.84868,0.5162916666666666
8700558,K00320.01,0,4.79179893,173.51679,0.1220125
8753657,K00321.01,1,2.426304127,170.455517,0.11093333333333333
3847708,K00389.01,0,3.741231778,171.70626,0.102875
3849155,K00390.01,0,1.168310132,170.604205,0.05458333333333333
3858804,K00391.01,0,25.9525478,174.84275,0.8886666666666666
3942670,K00392.01,1,33.4160553,171.33696,0.35854166666666665
3942670,K00392.02,1,12.6119685,138.1189,0.26549999999999996
10585738,K03032.01,1,0.636424848,131.68872,0.03945833333333333
7186665,K03033.01,0,8.55935323,137.22854,0.17929166666666665
6388770,K03035.01,0,21.3419702,134.094,0.44708333333333333
7676423,K03113.01,1,2.46050095,133.61605,0.07754166666666666
11714231,K03115.01,1,5.8660127,136.35647,0.16604166666666664
11720424,K03116.01,1,23.9107056,150.5394,0.20816666666666667
7837302,K00048.01,0,23.836808884,173.7759431,0.25118916666666663
8753657,K00321.02,1,4.62334491,132.37083,0.1257875
8948424,K00322.01,0,5.888835386,173.582863,0.15828333333333333
9139084,K00323.01,1,5.83599485,169.87446,0.08591666666666666
9641041,K00324.01,0,1.089077863,171.230501,0.10281666666666667
9724984,K00325.01,0,7.86335883,171.00299,0.14292916666666666
2452450,K00380.01,0,8.0970583,170.81044,0.23745833333333333
3230578,K00381.01,0,6.337614357,170.189414,0.07258333333333333
3231137,K00382.01,0,3.900140077,172.37193,0.15708333333333332
3353050,K00384.01,1,5.0800579,174.42853,0.2169583333333333
3446746,K00385.01,1,13.14496741,174.8467,0.15166249999999998
5695396,K00283.01,1,16.09196369,170.598832,0.12059583333333332
5217891,K03036.01,0,161.239891,189.1791,1.0196666666666667
8051946,K03038.01,1,1.4951513,132.66025,0.14291666666666666
5445681,K03039.01,1,20.3504704,142.7588,0.30104166666666665
11499192,K03120.01,1,4.13592927,133.53763,0.09904166666666665
12416661,K03122.01,1,8.05337912,134.9588,0.22424999999999998
8258171,K00286.01,0,23.6272223,173.65096,0.32916666666666666
9880467,K00326.01,0,8.97349999,171.03075,0.13086666666666666
9880467,K00326.02,0,108.546946,151.1275,0.31529166666666664
9881662,K00327.01,1,3.254277742,172.66256,0.12459583333333332
9881662,K00327.02,1,91.3514816,189.60082,0.3627916666666667
9895004,K00328.01,0,2.250826647,170.321819,0.064
3656121,K00386.01,1,31.1588249,173.90355,0.21584583333333332
10620329,K00066.01,0,0.436282594,170.702041,0.05828333333333333
3656121,K00386.02,1,76.7324556,200.6722,0.260125
3733628,K00387.01,1,13.89963233,182.864454,0.14912916666666665
3831053,K00388.01,1,6.14955931,169.55182,0.2320583333333333
5092266,K03045.01,1,44.8702042,141.11446,0.17495833333333333
4076976,K03124.01,0,4.8807805,133.705,0.39166666666666666
8751796,K03125.01,1,4.45342418,133.09066,0.15225
7097534,K03126.01,0,2.21396685,132.56407,0.18224999999999997
9907129,K03127.01,1,9.705693,140.3709,0.32091666666666663
9527334,K00049.01,1,8.31377304,175.99137,0.1235
10031885,K00329.01,0,8.58969597,174.9625,0.3529583333333333
11361646,K00330.01,1,7.97420583,174.52718,0.22292916666666665
11361646,K00330.02,1,1.88899036,132.09517,0.14525
10285631,K00331.01,1,18.68405716,170.83245,0.2888708333333333
3964109,K00393.01,1,21.41624083,176.24991,0.29504166666666665
4159347,K00394.01,0,12.28351275,174.36652,0.15141666666666664
3544595,K00069.01,1,4.72674037,134.926396,0.12194583333333332
4165960,K00395.01,0,6.77449545,171.0118,0.1059
4376644,K00397.01,0,27.677680103,173.796579,0.09043333333333332
9301506,K03047.01,0,0.605223042,131.75593,0.037441666666666665
5695396,K00283.02,1,25.5172744,154.4165,0.19729166666666667
9714550,K03048.01,1,4.73292061,131.579,0.07275
6263593,K03049.01,1,22.4765952,136.82336,0.14320833333333333
6964159,K03129.01,0,25.503628,139.3578,0.16304166666666664
10252275,K03130.01,1,14.8638496,142.95729,0.11270833333333333
10252275,K03130.02,1,5.65245733,136.97891,0.08591666666666666
11455181,K03131.01,1,10.9294815,141.5034,0.24554166666666666
10290666,K00332.01,1,5.45849914,172.08857,0.16853333333333334
10337258,K00333.01,1,13.28536452,169.86052,0.26179166666666664
10383687,K00334.01,0,8.4879444,176.92505,0.13433333333333333
10470206,K00335.01,0,46.56675437,196.31173,0.32629166666666665
10518725,K00336.01,0,19.5148412,132.60757,0.129
12314973,K00279.02,1,15.4130812,136.94324,0.27649166666666664
5450893,K02970.01,1,4.82051088,135.78541,0.1495
5091016,K02973.01,0,5.76556718,134.96501,0.13074999999999998
8827575,K03052.02,1,15.6112238,144.8735,0.161375
2716801,K03053.01,1,42.5217006,136.1274,0.23845833333333333
7281454,K03055.01,0,0.566805887,131.8203886,0.2179875
7216284,K03056.01,1,6.69958851,134.1468,0.11795833333333333
8703887,K00287.01,0,14.170972781,175.60775,0.1554833333333333
9899352,K03135.01,0,1.332562831,132.05088,0.26
6945786,K03136.01,1,2.39161966,133.07956,0.07941666666666666
5978170,K03140.01,1,5.68879083,131.6672,0.10624999999999998
5440317,K03141.01,1,2.31941571,131.93925,0.06629166666666667
10545066,K00337.01,1,19.7830259,177.72013,0.22874166666666665
6056992,K00051.01,0,10.431146765,133.936337,0.1618875
10552611,K00338.01,1,7.0106324,174.57542,0.12786666666666666
10552611,K00338.02,1,3.10762684,132.63359,0.098375
10587105,K00339.01,1,1.980356674,170.139601,0.10309583333333333
10587105,K00339.02,1,12.8344771,138.32626,0.16025
6948480,K02975.01,0,175.329014,230.9292,0.2612083333333333
11090556,K02977.01,1,2.7881793,131.84558,0.14154166666666665
11090556,K02977.02,1,4.13827684,133.2285,0.14370833333333333
10686814,K02978.01,0,2.61846258,134.02945,0.14604166666666665
3234843,K03057.01,1,29.72722,134.6581,0.14375
6021275,K00284.01,1,18.01019956,179.42137,0.1465
3234843,K03057.02,1,10.61368712,140.85316,0.14575
8192911,K03058.01,0,7.53887442,135.3319,0.131125
10554967,K03059.01,0,0.53633519,131.71447,0.04394583333333333
5688790,K03144.01,1,8.07394097,540.04161,0.10229166666666667
1717722,K03145.01,1,4.53702121,132.1846,0.07554166666666666
10908248,K03146.01,1,39.859505,154.7616,0.33279166666666665
10616571,K00340.01,0,23.6731242,160.628756,0.5997833333333333
10878263,K00341.01,1,7.170710381,176.666844,0.12177083333333333
10878263,K00341.02,1,4.699652821,177.61519,0.106375
10982872,K00343.01,1,4.761705895,170.335759,0.13775416666666665
10982872,K00343.02,1,2.024143568,170.496204,0.10530416666666666
2720514,K02979.01,0,1.371288853,131.93796,0.060533333333333335
4141376,K00280.01,1,11.87290814,180.895933,0.10559166666666665
9468551,K02980.01,1,1.638652525,132.29025,0.08133333333333333
9076971,K02981.01,1,9.06687613,134.75185,0.14087499999999997
8360640,K02982.01,1,4.0223109,135.17298,0.035541666666666666
11019987,K03060.01,1,6.9131732,138.4219,0.19708333333333333
4857058,K03061.01,1,7.32851947,132.12857,0.050458333333333334
10924562,K03063.01,1,18.6052046,149.0376,0.28454166666666664
9899505,K03064.01,0,1.332562787,132.05138,0.26166666666666666
7534267,K03147.01,1,39.4420781,169.1411,0.292875
9592705,K00288.01,1,10.27532513,177.27227,0.2628875
10611420,K03148.01,0,11.50528603,135.1016,0.08741666666666666
10386922,K00289.01,1,26.62941953,191.99627,0.32795416666666666
10386922,K00289.02,1,296.6375817,403.672042,0.684375
10982872,K00343.03,1,41.8085031,148.70814,0.32487499999999997
3558981,K00052.01,0,2.98786272,168.011233,0.10755833333333333
11015108,K00344.01,1,39.30944096,171.334861,0.24041666666666664
11074541,K00345.01,1,29.88487723,173.194404,0.19005
11100383,K00346.01,1,12.92489803,170.78679,0.11171249999999999
8847111,K02985.01,0,0.575884418,132.00778,0.08639166666666666
4568298,K02986.01,0,0.562555067,131.74958,0.07250833333333333
4374339,K02987.01,0,0.993703494,132.142,0.03185416666666666
6636320,K02989.01,1,6.33125228,137.14149,0.112
4067925,K03066.01,1,24.2204192,146.42459,0.13629166666666664
4847782,K03067.01,0,30.9597053,139.43903,0.22583333333333333
6021275,K00284.02,1,6.41491277,169.64044,0.1401208333333333
10350571,K01175.03,0,93.881556,131.5771,0.8601666666666665
10488450,K00290.01,0,2.683395376,171.42605,0.07746666666666666
10933561,K00291.01,1,31.51779463,185.1533,0.31808333333333333
10933561,K00291.02,1,8.12999858,134.10067,0.08954999999999999
8845026,K00044.01,0,66.46746217,160.47651,0.8193249999999999
11075737,K00292.01,1,2.586639524,171.842572,0.093875
11189127,K00347.01,0,2.671942657,169.853908,0.0796625
11194032,K00348.01,1,28.51117639,187.363955,0.19142083333333332
11394027,K00349.01,1,14.38682567,170.455049,0.0892375
11442793,K00351.01,1,331.5972732,140.498929,0.6001666666666666
5520547,K02990.01,1,11.20058855,137.51003,0.19008333333333333
4848424,K02991.01,0,1.50179931,131.55611,0.13645833333333332
8866102,K00042.01,1,17.83367834,181.233943,0.18796666666666664
4143755,K00281.01,1,19.55662003,189.04354,0.3369583333333333
11244137,K02994.01,1,2.03387483,131.91927,0.12904166666666667
6072593,K03070.01,0,5.07538255,133.92978,0.07083333333333333
5865654,K03071.01,1,23.9553986,146.66221,0.1335
8197560,K03074.01,0,1.02425556,131.49437,0.1101625
11200415,K00293.01,0,4.63958598,172.21917,0.11533333333333332
11259686,K00294.01,1,34.4359387,193.038,0.2425
11547513,K00295.01,1,5.317440164,171.875619,0.1222125
11547513,K00295.02,1,10.10575764,135.50958,0.08390833333333332
11802615,K00296.01,1,28.86236571,178.48498,0.2251375
11442793,K00351.02,1,210.6013843,147.056867,0.499675
11442793,K00351.03,1,59.7371443,158.95974,0.3333583333333333
2445975,K00053.01,0,3.388887193,172.259054,0.10197916666666665
11521793,K00352.01,1,27.08239734,191.80728,0.20882916666666665
11566064,K00353.02,1,30.6528935,135.04211,0.20791666666666667
6531496,K03646.02,0,0.512869432,132.01554,0.16729166666666664
3848275,K02995.01,1,5.19492747,131.62458,0.13195833333333332
12021625,K02996.01,1,15.9314412,141.81212,0.10145833333333333
9777256,K02997.01,0,1.33251589,132.0842,0.17566666666666667
4175630,K02998.01,1,28.227413,141.49504,0.24091666666666667
7433585,K02999.01,0,0.545544979,131.72408,0.08141666666666666
6665223,K01232.02,0,419.97507836,524.8465031,0.5070291666666666
3328080,K03075.01,1,4.76559056,133.50531,0.09166666666666667
8430964,K03078.01,1,2.98618134,133.46926,0.12370833333333332
3654719,K03081.01,0,25.9200092,138.1757,0.23370833333333332
6021275,K00284.03,1,6.17817366,168.8626,0.1358375
10619142,K03082.01,0,2.04516705,132.36168,0.15104166666666666
11905011,K00297.01,1,5.65178922,172.27915,0.1288875
12785320,K00298.01,1,19.96367208,178.30806,0.11001249999999999
2692377,K00299.01,1,1.541676547,170.543719,0.07965833333333333
3742855,K00045.01,0,6.397185875,174.365353,0.24432500000000001
3438975,K00300.01,0,2.976020742,171.65845,0.15541666666666665
11568987,K00354.01,1,15.95995611,171.52098,0.1797875
11568987,K00354.02,1,7.37867551,135.82271,0.13954166666666667
11621223,K00355.01,1,4.903321801,172.900587,0.1203625
11624249,K00356.01,1,1.82708193,170.52583,0.08183375
12017140,K00358.01,0,22.845241036,172.8026986,0.2208625
5702939,K03000.01,0,18.3980827,144.9175,0.18491666666666665
3852655,K03002.01,1,11.62904159,132.82099,0.12375
11255231,K03003.01,0,13.6550963,137.52651,0.17154166666666665
5088536,K00282.01,1,27.50871575,182.103494,0.24704583333333333
6103377,K03004.01,1,20.0708757,136.9462,0.26475
6677841,K01236.04,1,98.353149,217.883,1.0294999999999999
3324986,K03084.01,0,1.540411479,131.99239,0.07095833333333333
11912932,K03085.01,0,3.74785358,134.18012,0.15470833333333334
8037145,K00520.03,1,25.75274977,136.43851,0.11532499999999998
8162789,K00521.01,1,10.161023528,172.000736,0.13177916666666667
8806123,K00523.01,1,49.41121127,198.238709,0.21991666666666665
8806123,K00523.02,1,36.8567758,138.90683,0.31229166666666663
10098844,K02964.02,0,35.080928,164.4576,0.28833333333333333
8355239,K00574.02,1,10.39986173,141.51366,0.14070833333333332
9210823,K00090.01,0,0.828206212,135.722038,0.072375
8367113,K00575.01,1,24.31574009,183.40875,0.17226666666666668
8474898,K00576.01,0,199.443024,240.85148,0.3087083333333333
8558011,K00577.01,1,39.6766071,178.55555,0.21
7429287,K04260.03,0,358.66044,296.9516,0.6971666666666666
9115800,K00421.01,1,4.454194254,172.8202233,0.09608749999999999
9478990,K00423.01,1,21.0871953,202.858405,0.24695458333333334
9597411,K00424.01,0,1.575631524,170.393276,0.10800083333333334
6850504,K00070.04,1,6.09855603,135.92906,0.12422916666666667
8609450,K01278.05,0,203.250506,208.4914,0.40875
10934674,K00477.01,1,16.54295261,169.65031,0.1604833333333333
10990886,K00478.01,1,11.023474798,171.114662,0.061725
11015323,K00479.01,1,34.18884323,193.38946,0.22199166666666664
11134879,K00480.01,1,4.30165843,172.311001,0.08772916666666666
11192998,K00481.01,1,7.650243513,171.972352,0.11466666666666665
8934495,K00524.01,1,4.592393816,172.004723,0.09478333333333333
5866724,K00085.01,1,5.859935955,132.040528,0.16743750000000002
9157634,K00526.01,1,2.104721971,171.044219,0.0731125
9636569,K00527.01,0,10.63624422,171.69616,0.21062499999999998
8565266,K00578.01,1,6.412512953,169.879804,0.21948749999999997
8616637,K00579.01,1,2.019997006,170.07102,0.07530416666666666
8616637,K00579.02,1,3.763041531,132.59298,0.0667125
8625925,K00580.01,1,6.521209629,175.7111,0.11656249999999999
8822216,K00581.01,1,6.996926239,175.914281,0.11405833333333333
9967884,K00425.01,0,5.428344915,169.753676,0.07887916666666667
10189546,K00427.01,1,24.61480613,191.741225,0.11084166666666667
10189546,K00427.02,1,42.949522,153.73786,0.22564166666666666
10189546,K00427.03,1,117.033521,245.65151,0.28425
10748393,K01289.02,0,386.39833,365.94877,0.3549583333333333
11192998,K00481.02,1,1.55400389,169.830304,0.0736
11192998,K00481.03,1,34.25951418,183.23718,0.19892916666666666
8823868,K00081.01,0,23.8761144,143.07006,0.38797083333333326
11255761,K00482.01,0,4.99270186,169.55323,0.12919999999999998
11497977,K00483.01,1,4.79860021,173.257466,0.1266
7021681,K00255.03,0,7.7333361,133.58981,0.11695833333333333
9941859,K00528.01,1,9.57665962,176.683759,0.14001249999999998
9941859,K00528.02,1,96.6781852,140.18339,0.23732083333333334
9941859,K00528.03,1,20.55280311,145.02837,0.09172083333333332
10068030,K00529.01,0,2.023123903,170.513161,0.0492875
10266615,K00530.01,1,10.94026745,170.30551,0.09789166666666667
6444896,K03138.02,1,19.5352551,148.20374,0.04220833333333333
8822216,K00581.02,1,151.863949,143.31451,0.357375
9020160,K00582.01,1,5.945043548,170.472237,0.11251666666666667
7941200,K00092.01,1,65.7045275,137.44275,0.13793333333333332
9020160,K00582.02,1,17.73842886,148.99011,0.12520416666666667
9020160,K00582.03,1,9.93962361,131.58267,0.143
10418224,K00428.01,1,6.8731664,172.518826,0.28570416666666665
10616679,K00429.01,1,8.600099313,172.529281,0.16698749999999998
10717241,K00430.01,1,12.37646897,179.404945,0.1128125
7303287,K01353.03,1,330.071558,340.9871,0.17895833333333333
10843590,K00431.01,1,18.87022157,178.71167,0.13085
6850504,K00070.05,1,19.5776073,135.2032,0.14091666666666666
12061222,K00484.01,1,17.20522898,175.05878,0.15286666666666665
12316431,K00485.01,0,17.90766147,175.55977,0.22483333333333333
12404305,K00486.01,1,22.18332255,169.49619,0.21401666666666666
10212441,K02342.02,0,354.78194,175.7246,0.26916666666666667
12834874,K00487.01,1,7.65880048,173.03964,0.12677916666666667
2557816,K00488.01,1,9.3789167,176.45197,0.13927916666666665
10454313,K00532.01,1,4.221626193,173.699895,0.12757916666666666
10513530,K00533.01,1,16.54967098,171.69398,0.18253333333333333
5866724,K00085.02,1,2.154911236,133.498613,0.1305875
10513530,K00533.02,1,3.52467888,131.63994,0.1035
10554999,K00534.01,1,6.400157105,174.02214,0.08335
9076513,K00583.01,1,2.437029217,170.73808,0.13335416666666666
9146018,K00584.01,1,9.9267215,175.68671,0.16011666666666666
9146018,K00584.02,1,21.22349325,170.37387,0.2059
9146018,K00584.03,1,6.47027706,136.50567,0.13929166666666665
9279669,K00585.01,1,3.722158895,171.560055,0.0830875
10843590,K00431.02,1,46.9026431,154.30327,0.1636
10858832,K00432.01,1,5.263415218,174.351207,0.08935833333333333
10937029,K00433.01,1,4.030466786,171.092308,0.11555833333333333
11599038,K01437.02,0,9.27989,133.7457,0.13874999999999998
10937029,K00433.02,1,328.240201,199.203375,0.5113583333333334
11656302,K00434.01,0,22.264806569,173.103028,0.3664208333333333
2576197,K00489.01,0,2.217038096,171.69587,0.07739583333333333
2576197,K00489.02,0,8.874603,140.2954,0.12
3239945,K00490.01,1,4.393157678,172.867528,0.10189583333333332
10387742,K02583.02,0,251.7512,271.06864,0.17975
10187017,K00082.01,1,16.145671932,134.754877,0.15514999999999998
3239945,K00490.02,1,1071.232624,420.286557,0.6740999999999999
10554999,K00534.02,1,2.735900074,171.0964,0.0806625
10873260,K00535.01,1,5.852968845,171.181624,0.19155416666666664
10965008,K00536.01,1,81.1701587,178.58702,0.34825
10467815,K03191.02,0,371.17573,458.7146,0.3416666666666666
11073351,K00537.01,1,2.820190603,170.787705,0.10641666666666666
11090765,K00538.01,1,21.21712312,171.64936,0.24541666666666664
11246364,K00539.01,0,200.0,171.27413,0.3029166666666666
9570741,K00586.01,1,15.77980122,175.96934,0.16820416666666665
9607164,K00587.01,1,14.03490255,171.60491,0.15158333333333332
9631762,K00588.01,1,10.35586478,175.68106,0.1184625
6462863,K00094.01,1,22.342964828,132.741641,0.27766874999999996
9782691,K00590.01,1,11.38840217,174.55377,0.15395416666666667
11709124,K00435.01,1,20.5498184,178.946396,0.23118333333333332
11599038,K01437.03,0,17.4217322,145.9011,0.19658333333333333
12302530,K00438.01,1,5.931196562,174.796908,0.10416249999999999
11904151,K00072.01,1,0.837491225,131.574858,0.07483333333333334
3239945,K00490.03,1,7.40611676,134.07481,0.12010833333333333
3239945,K00490.04,1,21.803708,139.07199,0.140375
3541800,K00491.01,0,4.66229074,169.65558,0.15541666666666665
3559935,K00492.01,1,29.9111886,194.71129,0.27681666666666666
3834360,K00493.01,0,2.908453928,170.12474,0.10567916666666667
3966801,K00494.01,1,25.69581456,188.78889,0.1677125
11521048,K00540.01,0,25.70280003,194.82512,0.13185
11656721,K00541.01,1,13.64617478,180.34991,0.142075
11853905,K00007.01,1,3.213668926,123.611878,0.16593124999999997
5866724,K00085.03,1,8.13121389,137.99254,0.1766083333333333
11669239,K00542.01,1,41.8854433,178.6919,0.28179166666666666
11669239,K00542.02,1,13.81733587,135.03413,0.17754166666666665
10600261,K00597.03,1,52.8148051,164.90456,0.30454166666666665
10656823,K00598.01,1,8.30783912,171.17201,0.13131666666666666
10656823,K00598.02,1,34.0963441,153.82654,0.16233333333333333
10676824,K00599.01,1,6.45442931,173.21478,0.11155
10718726,K00600.01,1,3.595769013,170.36915,0.13153749999999997
12302530,K00438.02,1,52.6615266,183.52054,0.13163333333333332
12470954,K00439.01,1,1.902208647,170.449657,0.09161541666666667
2438264,K00440.01,1,15.90688891,177.9305,0.1661625
2438264,K00440.02,1,4.973455252,170.885791,0.06882916666666666
3340312,K00441.01,0,30.5528972,173.90269,0.21954166666666666
4049108,K00495.01,0,4.804469031,169.63529,0.14411249999999998
4454752,K00496.01,1,1.616883373,169.80396,0.06802083333333334
4757437,K00497.01,1,13.19322809,175.6096,0.2084833333333333
10187017,K00082.02,1,10.31174786,134.07991,0.132575
4757437,K00497.02,1,4.42535097,134.56312,0.146
11823054,K00543.01,1,4.302139338,173.438922,0.0845375
11823054,K00543.02,1,3.137845914,133.55689,0.07958333333333333
11913012,K00544.01,0,3.74782314,171.66634,0.21387499999999998
11972666,K00545.01,0,1.09173174,170.37724,0.0821625
12058931,K00546.01,1,20.68420772,170.19034,0.2683958333333333
9782691,K00590.02,1,50.6985408,141.31813,0.24883333333333335
9886221,K00591.01,0,2.9926465,170.80128,0.07541666666666666
9957627,K00592.01,1,39.7529915,175.46244,0.2068375
9958962,K00593.01,1,9.99760285,171.78828,0.14342916666666666
9958962,K00593.02,1,90.4117992,208.5028,0.2960833333333333
3745690,K00442.01,1,13.54057461,171.67762,0.18613749999999998
3745690,K00442.02,1,1.732346403,134.53123,0.09224583333333333
3745690,K00442.03,1,7.0257409,133.62713,0.09354166666666666
3833007,K00443.01,1,16.21774917,180.0425,0.20530833333333331
3847138,K00444.01,1,11.72291212,177.3196,0.17526666666666668
4833135,K00498.01,0,8.661374,177.5427,0.12383333333333332
4847534,K00499.01,1,9.66857386,174.53483,0.10273333333333332
4852528,K00500.01,1,7.053527145,176.474146,0.099925
4852528,K00500.02,1,9.521644639,177.484839,0.09820416666666666
4852528,K00500.03,1,3.072146607,134.030017,0.07805
4852528,K00500.04,1,4.645382149,134.58939,0.0844625
12058931,K00546.02,1,9.82578495,131.42495,0.21874166666666664
12116489,K00547.01,1,25.30291816,188.060148,0.18709583333333335
12600735,K00548.01,1,21.30020491,189.70595,0.17021666666666668
10593626,K00087.01,1,289.864067,133.69719,0.3152083333333333
3437776,K00549.01,0,10.29767658,131.73374,0.27704166666666663
9958962,K00593.03,1,51.0674355,147.60941,0.18224999999999997
10294465,K00595.01,0,199.99763493,250.97231,0.14291666666666666
10388286,K00596.01,1,1.682695938,170.453117,0.057779166666666666
10600261,K00597.01,1,17.30795548,176.94326,0.21302499999999996
6462863,K00094.02,1,10.423677439,138.009041,0.21773749999999997
10600261,K00597.02,1,2.09227115,133.06258,0.10025833333333334
11904151,K00072.02,1,45.29422297,138.678725,0.2845833333333333
4384675,K00445.01,0,260.20717331,258.34887,0.2745833333333333
4633570,K00446.01,1,16.70920628,174.75417,0.11271666666666666
4633570,K00446.02,1,28.55158187,185.47672,0.172925
5021176,K00447.01,0,4.045057186,172.68365,0.12480833333333333
5640085,K00448.01,1,10.13958818,178.45074,0.11019166666666666
5640085,K00448.02,1,43.5859419,194.6107,0.19505833333333333
4852528,K00500.05,1,0.986785834,133.171292,0.04949583333333333
5282051,K00502.01,0,5.91037674,171.15166,0.14254166666666665
10187017,K00082.03,1,27.4536146,145.02866,0.15612499999999999
5340644,K00503.01,1,8.22241355,172.95657,0.11291666666666667
3437776,K00549.02,0,0.635587392,133.41665,0.19583333333333333
4165473,K00550.01,1,13.02363236,178.52482,0.1655583333333333
4270253,K00551.01,1,11.6370303,178.84448,0.13905
4270253,K00551.02,1,5.68798675,133.95607,0.09450833333333333
5122112,K00552.01,0,3.055171082,171.099046,0.06999166666666666
10973664,K00601.01,1,5.40426917,172.18553,0.10547916666666665
10973664,K00601.02,1,11.67894236,131.5119,0.05267083333333333
10973664,K00601.03,1,1.208462378,133.67712,0.06433333333333333
9141746,K00929.02,1,2.85188338,132.1455,0.11108333333333333
12459913,K00602.01,1,12.91385906,177.27535,0.22368749999999998
6462863,K00094.03,1,54.31996151,161.239869,0.3577416666666667
5779852,K00449.01,0,252.0792347,240.234923,0.16586666666666666
6042214,K00450.01,0,27.04627886,171.95525,0.11108333333333333
6200715,K00451.01,0,3.723560726,172.17977,0.143125
6291033,K00452.01,1,3.705991661,169.94286,0.21524166666666666
6889235,K00074.01,0,5.188671659,125.879388,0.21055833333333332
6758917,K00453.01,0,2.236100588,169.64852,0.07767916666666666
5461440,K00504.01,1,40.606895,199.25748,0.23983333333333334
5689351,K00505.01,1,13.76710058,174.81089,0.12127083333333333
5689351,K00505.02,1,6.1954595,134.71507,0.123
5689351,K00505.03,1,3.25058201,133.69472,0.09390416666666665
5689351,K00505.04,1,8.34819209,136.84111,0.118125
5303551,K00553.01,0,2.399069173,171.45413,0.13573333333333332
7692093,K03337.02,0,91.172033,154.9657,0.2781666666666667
5709725,K00555.01,1,3.701765401,172.44778,0.1085875
5709725,K00555.02,1,86.4943704,181.88967,0.31129166666666663
7700871,K00088.01,0,5.17968868,136.46144,0.15523333333333333
9946525,K00398.01,1,51.84688984,170.08076,0.1990375
9946525,K00398.02,1,4.180048081,173.719249,0.10199583333333334
2716853,K01022.02,0,68.832195,172.12379,0.13791666666666666
9946525,K00398.03,1,1.729367077,133.81929,0.07267499999999999
7289157,K00399.01,0,5.26640614,173.833637,0.15067916666666664
2695110,K00400.01,0,44.18938922,209.98968,0.2839625
7098355,K00454.01,1,29.00789166,170.55349,0.209475
7101828,K00455.01,0,47.878243,193.20518,0.16941666666666666
7269974,K00456.01,1,13.69942266,171.48036,0.18087083333333334
7269974,K00456.02,1,4.309381978,134.03552,0.1207375
7440748,K00457.01,1,4.9213639,174.299322,0.07835833333333334
5689351,K00505.05,1,87.0912594,187.31231,0.29166666666666663
5780715,K00506.01,0,1.583160478,169.965242,0.049729166666666665
5812960,K00507.01,1,18.49234792,173.49816,0.14476666666666665
6266741,K00508.01,1,7.930583519,169.516944,0.15034583333333332
10187017,K00082.04,1,7.07136119,139.98763,0.114875
5738496,K00556.01,0,9.50150926,175.67002,0.2855
5774349,K00557.01,1,15.65563866,170.78358,0.1637708333333333
5978361,K00558.01,1,9.17858526,173.08746,0.0914375
6422367,K00559.01,0,4.33144839,173.69466,0.1075
6501635,K00560.01,1,23.67513153,179.27676,0.193625
3217264,K00401.01,1,29.19899219,185.440631,0.21344583333333333
3217264,K00401.02,1,160.0191598,251.28261,0.228
8554498,K00005.02,0,7.05185637,133.3669015,0.15375
6850504,K00070.01,1,10.854095934,138.608031,0.15736666666666665
3217264,K00401.03,1,55.3291399,186.31545,0.28825
3342592,K00402.01,0,17.177328207,170.54643,0.31959166666666666
7440748,K00457.02,1,7.064252021,135.379512,0.057779166666666666
8219268,K02133.02,0,43.501748,164.2859,0.448125
7977197,K00459.01,1,19.44639139,170.10238,0.15094583333333333
7977197,K00459.02,1,6.91986988,134.11594,0.14272083333333332
6266741,K00508.02,1,16.6658994,180.20215,0.17472499999999996
6381846,K00509.01,1,4.16696628,169.715517,0.11472916666666666
4367854,K02876.02,0,0.535224793,131.73629,0.139175
6381846,K00509.02,1,11.46347165,137.38521,0.10829166666666667
6381846,K00509.03,1,39.6034,168.07114,0.27029166666666665
6422155,K00510.01,1,2.940304817,169.90496,0.11344166666666666
6665695,K00561.01,1,5.378868001,169.61512,0.113425
6707833,K00563.01,1,15.28467725,175.62345,0.2532
9785921,K03372.02,0,73.506021,163.5692,0.23891666666666667
6786037,K00564.01,1,21.05349939,171.92457,0.29835416666666664
6786037,K00564.02,1,127.905412,246.46401,0.6031249999999999
6786037,K00564.03,1,6.21716039,131.71857,0.18453749999999997
4247092,K00403.01,0,21.05647572,171.133613,0.05158333333333333
4949751,K00404.01,0,31.80514278,186.38905,0.31755416666666664
5003117,K00405.01,0,37.60936976,190.724991,0.28589583333333335
5035972,K00406.01,0,49.26678528,191.187887,0.23205
5218441,K00407.01,0,3.613757526,171.422542,0.24636666666666665
5351250,K00408.01,1,7.381980206,173.072659,0.1298
8043638,K00460.01,1,17.58751692,176.077382,0.18238749999999998
8621348,K00461.01,0,11.34436822,172.84392,0.2315833333333333
8773869,K00462.01,0,1.576341127,170.88145,0.13013333333333332
8845205,K00463.01,1,18.47762694,185.269061,0.08083333333333333
8890783,K00464.01,1,58.36205791,196.555405,0.2640125
8890783,K00464.02,1,5.350156114,195.761347,0.09436249999999999
6422155,K00510.02,1,6.38899658,175.4761,0.14596666666666666
6422155,K00510.03,1,14.62709685,136.23467,0.17070833333333335
6422155,K00510.04,1,35.1184432,152.12282,0.19124999999999998
6451936,K00511.01,1,8.00579096,170.50325,0.1272875
6451936,K00511.02,1,4.26374378,133.72073,0.0946875
8056665,K00089.01,1,84.6877524,150.57084,0.4177
7025846,K00565.01,0,2.340523247,170.19754,0.1315
7119481,K00566.01,1,25.85499978,192.57484,0.16140416666666665
7445445,K00567.01,1,10.68758211,169.93115,0.14088333333333333
7445445,K00567.02,1,20.30303506,176.8028,0.18765833333333332
8397947,K04772.03,0,39.0930875,147.6774,0.23695833333333333
5351250,K00408.02,1,12.56096618,166.79483,0.1568625
5351250,K00408.03,1,30.8261043,153.01503,0.24641666666666664
6850504,K00070.02,1,3.696121272,134.5014,0.102625
5351250,K00408.04,1,3.42806306,132.36268,0.10070833333333332
5444548,K00409.01,1,13.24931848,179.52171,0.18691249999999998
10187017,K00082.06,0,22.4098677,147.38366,0.09462499999999999
8891318,K00465.01,0,363.706662,204.02069,0.356375
9583881,K00467.01,1,18.00932214,182.441015,0.2067125
9589524,K00468.01,1,22.18431824,174.597325,0.12665416666666665
8019043,K06048.02,0,0.80489537,132.0521644,0.03833333333333333
11775507,K06245.03,0,276.32360146,162.1955353,0.41235
10187017,K00082.05,1,5.28691996,135.85427,0.10745833333333334
6838050,K00512.01,1,6.51003001,172.91588,0.13789583333333333
6937692,K00513.01,1,35.18105723,170.09969,0.31437499999999996
7602070,K00514.01,0,11.75560012,176.07519,0.19583333333333333
7812179,K00515.01,0,17.79421914,169.605214,0.1746583333333333
1868404,K07625.01,0,6.12601169,134.83637,0.07220833333333333
7445445,K00567.03,1,29.02235217,198.37025,0.16776249999999998
7595157,K00568.01,1,3.383540239,169.63859,0.058458333333333334
7595157,K00568.02,1,2.358952404,132.68957,0.06637499999999999
8008206,K00569.01,1,20.72904234,185.43113,0.11694166666666667
8008206,K00569.02,1,1.632916419,134.54956,0.06499583333333334
5449777,K00410.01,0,7.216951388,176.283024,0.07878416666666666
5478055,K00411.01,0,15.85238672,174.22654,0.21579166666666666
5683743,K00412.01,1,4.147021189,170.325835,0.12082083333333334
5791986,K00413.01,1,15.22895514,176.56001,0.10819583333333332
5791986,K00413.02,1,24.67458244,146.77261,0.13603333333333334
9844088,K00470.01,1,3.750832927,171.151696,0.08107083333333333
10019643,K00471.01,1,21.34736612,171.73531,0.17433333333333334
10019643,K00471.02,1,7.81100952,132.30566,0.134625
10123064,K00472.01,1,4.243748097,173.563074,0.14001249999999998
5653126,K06612.02,0,2.404483552,133.170974,0.012337499999999998
7840044,K00516.01,0,13.54204116,171.09767,0.13891666666666666
8015907,K00517.01,1,2.752359689,171.259808,0.08634166666666666
8017703,K00518.01,1,13.98177862,181.975114,0.12325
8017703,K00518.02,1,44.0003975,210.76222,0.21297916666666666
8017703,K00518.03,1,247.354914,364.15832,0.36154166666666665
1995712,K07626.01,0,462.12069,307.6255,0.43416666666666665
8106610,K00570.01,0,12.39894005,172.78184,0.17758333333333332
8056665,K00089.02,1,207.5829306,289.88311,0.294525
8120608,K00571.01,1,7.26731094,174.31292,0.09454583333333333
8120608,K00571.02,1,13.3430025,176.90387,0.1141625
8120608,K00571.03,1,3.886795001,133.32959,0.073225
8120608,K00571.04,1,22.40777833,153.79858,0.13700416666666665
5872150,K00414.01,0,20.35509657,175.3437299,0.22219375
5872150,K00414.02,0,5.92240377,173.81802,0.15379166666666666
6850504,K00070.03,1,77.6114427,164.7292,0.2991083333333333
6508221,K00416.01,1,18.20795835,185.84306,0.15818749999999998
10155434,K00473.01,1,12.70636123,180.63164,0.09979166666666667
10460984,K00474.01,1,10.94577783,176.71834,0.12890416666666665
10460984,K00474.02,1,28.9869016,134.7812,0.15097083333333333
10460984,K00474.03,1,94.886902,214.82879,0.2884583333333333
10460984,K00474.04,1,5.03505665,132.65597,0.07516666666666666
6436505,K06707.02,0,24.7222403,146.4611,0.18875
8022244,K00519.01,1,11.90352088,178.34161,0.17904166666666665
2571238,K00084.01,1,9.286964466,135.9945,0.14020416666666666
8022244,K00519.02,1,34.0350605,134.42752,0.2789583333333333
8037145,K00520.01,1,12.75934489,170.32152,0.1495375
8037145,K00520.02,1,5.433132902,138.36644,0.10004999999999999
2140389,K07627.01,0,0.967427812,132.258305,0.24534583333333332
8193178,K00572.01,1,10.64021008,179.77776,0.2265875
8193178,K00572.02,1,4.93883135,135.95465,0.18283333333333332
8344004,K00573.01,1,5.996533443,172.50558,0.13803749999999998
8344004,K00573.02,1,2.06190864,133.19888,0.08226249999999999
8355239,K00574.01,1,20.13490007,171.36734,0.15817499999999998
6508221,K00416.02,1,88.2553729,153.77974,0.189125
7975727,K00418.01,0,22.418319842,172.797099,0.222875
8219673,K00419.01,0,20.131477716,189.390784,0.13669166666666666
8352537,K00420.01,1,6.010383339,174.084883,0.09141250000000001
3248033,K00006.01,0,1.334101467,133.703081,0.0876375
10577994,K00475.01,1,8.1808949,176.69885,0.11477499999999999
10577994,K00475.02,1,15.31296388,171.79412,0.12889583333333332
10599206,K00476.01,1,18.42794957,178.43963,0.12193333333333334
6768616,K06765.02,0,8.8249556,131.7064,0.124
10068383,K00725.01,0,7.30497811,169.64592,0.189225
10157573,K00726.01,0,5.115750935,173.26599,0.10574166666666665
10191070,K00727.01,0,1.213745575,170.582782,0.23264583333333333
10225800,K00729.01,0,1.423799421,169.67436,0.06194166666666666
10227020,K00730.01,1,14.78767172,176.79399,0.2549625
4563268,K00627.02,1,4.16536757,132.04068,0.13722916666666665
4644604,K00628.01,1,14.48584765,175.00624,0.13068749999999998
4656049,K00629.01,1,40.6992062,172.57123,0.29474999999999996
4659405,K00630.01,0,4.532402495,171.92667,0.13
7941635,K05449.02,0,25.273355,134.5501,1.4366666666666665
4742414,K00631.01,1,15.458056682,173.782454,0.3664733333333333
7764367,K00685.01,1,3.173914037,170.92525,0.1502875
9024857,K07124.02,0,379.11996,267.6893,0.3008333333333333
10227020,K00730.02,1,9.84824649,138.38845,0.23946249999999997
10227020,K00730.03,1,19.7243672,135.05923,0.3000833333333333
6678383,K00111.03,1,51.75530504,271.08808,0.3098125
10227020,K00730.04,1,7.38443269,137.47412,0.2389625
10259031,K00731.01,0,7.06115081,169.86425,0.14779166666666665
4827723,K00632.01,1,7.23858162,171.21912,0.1299958333333333
4841374,K00633.01,1,161.4746786,170.60338,0.44049999999999995
4861736,K00634.01,0,6.277827312,172.5786,0.36183750000000003
5020319,K00635.01,1,16.71987303,171.40143,0.13820833333333332
5090690,K00636.01,0,12.011661094,176.6358115,0.15729833333333332
8161561,K00688.01,1,3.275821982,170.25357,0.12677916666666667
8361905,K00689.01,1,15.87360981,182.40408,0.1468583333333333
12116489,K00547.03,1,12.3860474,132.8175,0.1085
8409588,K00690.01,0,1.360834768,169.709729,0.062025
11250587,K00107.01,1,7.256962446,134.023923,0.20584166666666665
8480285,K00691.01,1,29.66631669,189.36948,0.35050000000000003
8480285,K00691.02,1,16.2254975,144.02673,0.269625
10265898,K00732.01,1,1.260258822,170.408984,0.07747499999999999
2302758,K07629.01,0,0.542122617,131.98408,0.05345833333333333
10265898,K00732.03,1,5.25449393,132.55624,0.12824999999999998
10271806,K00733.01,1,5.924993927,169.71629,0.12030833333333332
10271806,K00733.02,1,11.34934848,134.31805,0.1295875
5098444,K00637.01,0,26.94927489,177.968689,0.44573749999999995
5113822,K00638.01,1,23.6421965,172.58844,0.20908333333333332
5113822,K00638.02,1,67.0930642,146.57047,0.3055833333333333
5120087,K00639.01,1,17.97979816,182.24179,0.23261666666666664
5121511,K00640.01,1,30.99664113,191.78502,0.12159166666666667
8557374,K00692.01,1,2.462344253,171.84315,0.07547083333333332
8557374,K00692.02,1,4.822969318,134.43535,0.03646666666666666
8738735,K00693.01,1,28.7796446,193.30374,0.347875
8738735,K00693.02,1,15.66057688,146.3487,0.29216666666666663
8802165,K00694.01,1,17.42115972,184.245906,0.208225
10271806,K00733.03,1,3.13295351,135.67494,0.09252916666666666
10271806,K00733.04,1,18.64349986,141.62687,0.07704583333333333
5351250,K00408.05,0,93.803766,170.55916,0.12275
10272442,K00734.01,1,24.5434566,187.92215,0.3021583333333333
10984090,K00112.01,1,51.07926451,185.18087,0.2655375
5181817,K00642.01,0,4.350413063,171.43565,0.073725
5309353,K00643.01,0,1.376384817,169.72919,0.07270833333333333
5356593,K00644.01,0,45.977861823,240.597609,0.3103875
8805348,K00695.01,1,29.90721859,175.29337,0.20197916666666665
8869680,K00696.01,0,7.03380109,174.15772,0.2674375
8878187,K00697.01,1,3.032147946,171.734281,0.16094583333333332
4914423,K00108.01,1,15.96532718,142.178033,0.1909875
8891278,K00698.01,0,12.718711489,172.995345,0.10374916666666667
10340423,K00736.01,1,18.79418506,177.79426,0.13710833333333333
10340423,K00736.02,1,6.73893544,135.28218,0.11720833333333333
10345478,K00737.01,0,14.49839316,182.679596,0.15559583333333332
10358759,K00738.01,1,10.3392408,170.38549,0.128125
5374854,K00645.01,1,8.50339249,170.86894,0.12320416666666667
5374854,K00645.02,1,23.7832097,179.75013,0.33079166666666665
5384802,K00646.01,0,3.041547148,170.4878722,0.13449916666666667
5531694,K00647.01,1,5.16949729,170.31339,0.18800833333333333
8908102,K00699.01,0,5.41460536,174.65563,1.4077916666666666
8962094,K00700.01,1,30.86436512,172.93477,0.12315416666666668
8962094,K00700.02,1,9.36059705,171.97292,0.13362083333333333
8962094,K00700.03,1,14.6672293,145.42058,0.15591666666666665
8962094,K00700.04,1,68.1609897,187.03346,0.23591666666666666
10358759,K00738.02,1,13.28689997,172.11932,0.13677083333333334
10386984,K00739.01,1,1.287076693,169.815491,0.06225833333333333
10395381,K00740.01,1,17.6717714,186.3704,0.14250833333333332
10418797,K00741.01,0,23.355341391,169.8339432,0.19194666666666665
5613330,K00649.01,1,23.44970494,182.92295,0.3606958333333333
8456679,K00102.01,1,1.73513619,135.060047,0.09475416666666665
5786676,K00650.01,1,11.95474513,178.721694,0.08930416666666666
5796186,K00651.01,0,42.55930625,204.130006,0.12561666666666665
5796675,K00652.01,1,16.080657264,182.7601,0.11958749999999999
9002278,K00701.01,1,18.16407304,180.812425,0.1223125
12306808,K07521.02,0,7.334073405,137.1334748,0.11378333333333332
9002278,K00701.02,1,5.71489692,170.921904,0.09821666666666667
9002278,K00701.03,1,122.3858681,150.41158,0.2967916666666667
9053112,K00702.01,0,1.274840187,169.86973,0.6180416666666666
4914423,K00108.02,1,179.609803,295.330361,0.573125
9162741,K00703.01,0,1.368617188,169.95175,0.06764583333333332
5893123,K00653.01,0,1.125963085,169.634,0.06264166666666666
5941160,K00654.01,1,8.59481851,171.62781,0.13558333333333333
5941160,K00654.02,1,10.22215697,135.89017,0.04974583333333333
5966154,K00655.01,1,25.6721559,192.09679,0.24845416666666667
5966154,K00655.02,1,151.8851881,176.41272,0.5037916666666666
3749508,K07544.02,0,1.065731229,132.039287,0.07291249999999999
9266431,K00704.01,1,18.39629744,185.13946,0.11599166666666666
9300285,K00705.01,0,1.012672041,170.189232,0.12713333333333332
9426071,K00706.01,0,28.714216138,182.608668,0.2526
9458613,K00707.01,1,21.77568158,189.63828,0.33161666666666667
9458613,K00707.02,1,41.0283424,172.57481,0.40854999999999997
10729472,K04453.02,0,0.83442282,131.7827,0.07804166666666666
5966660,K00656.01,0,1.906633332,170.064102,0.12843749999999998
6020753,K00657.01,1,4.069425638,171.017743,0.08498333333333333
8456679,K00102.02,1,4.06844957,132.27614,0.11812083333333334
6020753,K00657.02,1,16.28247625,180.79815,0.12177916666666666
6062088,K00658.01,1,3.162692075,169.64186,0.08137083333333334
9458613,K00707.03,1,31.7848157,135.87105,0.3669875
9458613,K00707.04,1,13.17555999,143.6789,0.2778208333333333
9458613,K00707.05,1,5.66815821,131.88743,0.2044333333333333
9530945,K00708.01,1,17.40665216,171.00688,0.286
4752451,K00109.01,0,6.41496453,132.86482,0.1625625
6062088,K00658.02,1,5.370639542,172.23815,0.08800416666666666
6062088,K00658.03,1,11.32977062,133.96755,0.16020833333333334
6125481,K00659.01,1,23.20579353,180.7628,0.18017916666666667
6267535,K00660.01,1,6.07972016,170.58389,0.2967833333333333
6347299,K00661.01,1,14.40090414,174.98964,0.17367499999999997
9530945,K00708.02,1,7.69363627,176.5035,0.20968333333333333
9578686,K00709.01,1,21.3851584,178.78285,0.17007916666666667
9590976,K00710.01,1,5.37493289,170.93379,0.1648625
9590976,K00710.02,1,8.58600968,137.95984,0.13934583333333334
9590976,K00710.03,1,3.88688862,132.4955,0.1534583333333333
2441151,K00603.01,0,2.192009479,171.671953,0.12272083333333333
3970233,K00604.01,0,8.254912972,174.43554,0.28675833333333334
4832837,K00605.01,1,2.628117322,169.718913,0.07620416666666666
5014753,K00606.01,0,3.170626881,172.047171,0.1132875
6347299,K00661.02,1,25.6613816,155.13806,0.18579166666666663
6365156,K00662.01,1,10.21418792,170.70466,0.24250416666666666
6425957,K00663.01,1,2.755637216,170.845854,0.07732916666666667
1293046,K07622.01,0,36.2671673,155.0813,0.08604166666666666
2444412,K00103.01,1,14.91095177,141.336726,0.13854166666666667
6425957,K00663.02,1,20.30652862,172.6581,0.116725
9597345,K00711.01,1,44.6996563,174.82144,0.2595375
9597345,K00711.02,1,3.619309734,135.44164,0.1271
9597345,K00711.03,1,124.5245224,254.17788,0.40225
9640976,K00712.01,0,2.178150857,171.2325,0.08045833333333333
9640985,K00713.01,0,2.178150567,171.232233,0.14610416666666665
5562784,K00608.01,0,25.33709016,192.91451,0.4026666666666666
5608566,K00609.01,0,4.396999852,172.023406,0.078125
5686174,K00610.01,1,14.28228147,180.84677,0.11078333333333332
5903312,K00008.01,0,1.16015259,121.704645,0.05597083333333333
6462863,K00094.04,1,3.743166733,131.61967,0.1537
6442340,K00664.01,1,13.13747785,170.22786,0.20272916666666665
6442340,K00664.02,1,7.78199862,133.58871,0.16445833333333332
1434395,K07623.01,0,2.2227289,131.895,0.10904166666666666
6442340,K00664.03,1,23.4433748,152.00588,0.24033333333333332
6685609,K00665.01,1,5.868066282,170.324046,0.17185833333333334
6685609,K00665.02,1,1.61189046,133.5704,0.1283
9450647,K00110.01,1,9.940666412,135.21559,0.16288333333333332
9702072,K00714.01,1,4.182001885,172.789576,0.0925375
9834719,K00715.01,0,1.621668852,170.358337,0.0729875
9873254,K00717.01,1,14.70749512,175.79267,0.13127499999999998
6587002,K00612.01,1,20.73989406,173.21912,0.13127083333333334
6587002,K00612.02,1,47.4277116,216.55737,0.21949583333333333
6960456,K00613.01,0,5.07442951,171.55916,0.16933333333333334
7368664,K00614.01,1,12.874712426,170.022499,0.09371249999999999
8374580,K00615.01,0,176.2432946,192.50359,0.21009583333333332
6685609,K00665.03,1,3.07155284,133.30255,0.17056249999999998
6707835,K00666.01,1,22.24814617,174.13676,0.1728458333333333
6752502,K00667.01,0,4.305219002,170.453154,0.11185416666666666
6805146,K00668.01,0,13.779711352,178.6879965,0.3182795833333333
10318874,K00104.01,1,2.508057497,135.000657,0.046391666666666664
6960445,K00669.01,0,5.07437786,171.56544,0.24758333333333332
9873254,K00717.02,1,0.900375925,133.11787,0.05237499999999999
9884104,K00718.01,1,4.585466941,169.86095,0.1434875
9884104,K00718.02,1,22.71443351,147.29684,0.25364583333333335
9884104,K00718.03,1,47.903427,141.98347,0.2579583333333333
9950612,K00719.01,1,9.034190783,171.015329,0.06458749999999999
9714696,K00616.01,0,1.433339604,169.85606,0.0569375
9846086,K00617.01,0,37.86511904,198.599331,0.12416250000000001
10353968,K00618.01,1,9.07098164,178.3435,0.11209583333333334
10384962,K00619.01,0,2.879243323,170.710636,0.10947083333333332
11773022,K00620.01,1,45.15535633,159.10544,0.24102083333333335
7033671,K00670.01,1,9.48965527,171.92604,0.14945833333333333
7040629,K00671.01,1,4.22865217,170.74053,0.13864583333333333
2711131,K07637.01,0,2.85889907,134.16649,0.06104166666666667
7040629,K00671.02,1,7.46662068,132.7755,0.16125
7040629,K00671.03,1,16.25951967,144.53203,0.16058333333333333
7040629,K00671.04,1,11.1317901,134.42272,0.16879166666666667
9950612,K00719.02,1,28.1224393,146.91763,0.17391666666666666
6678383,K00111.01,1,11.427550984,137.613711,0.191975
2308411,K07631.01,0,0.983304511,132.48478,0.07416666666666666
9950612,K00719.03,1,45.9029768,166.55667,0.20850416666666666
9950612,K00719.04,1,4.159816554,133.78616,0.06775416666666667
9963524,K00720.01,1,5.69059163,174.04885,0.10654166666666666
5780885,K00097.01,1,4.885488596,134.2768785,0.21506874999999998
11773022,K00620.02,1,130.17802962,212.032638,0.352225
11773022,K00620.03,1,85.3162004,295.31588,0.1143375
12068975,K00623.01,1,10.34973276,174.06193,0.18691249999999998
7115785,K00672.01,1,16.08786246,172.81384,0.12895833333333334
7115785,K00672.02,1,41.74938613,153.84636,0.23374166666666665
7115785,K00672.03,0,0.56680081,131.81737,0.15048333333333333
7124613,K00673.01,1,4.41746257,170.79073,0.12354166666666666
8711794,K00105.01,1,8.981014925,136.649307,0.07699166666666667
7277317,K00674.01,1,16.33888067,177.917586,0.3899958333333333
2446134,K07632.01,0,39.1307086,165.7408,0.09562499999999999
9963524,K00720.02,1,10.04157214,137.08442,0.1107375
9963524,K00720.03,1,18.36974658,131.86573,0.12245833333333334
9963524,K00720.04,1,2.79590004,132.72971,0.08566666666666667
9964801,K00721.01,1,13.72462702,180.64807,0.2906583333333333
9965439,K00722.01,1,46.40626,192.99633,0.2928375
12068975,K00623.02,1,15.67750191,179.47311,0.22950833333333334
12068975,K00623.03,1,5.59931543,171.47391,0.16226666666666667
12068975,K00623.04,1,25.2100146,154.41122,0.2730416666666666
3541946,K00624.01,1,17.79001678,182.43745,0.18381666666666666
3541946,K00624.02,1,49.5674085,169.54227,0.16674999999999998
10264660,K00098.01,1,6.790120801,138.088199,0.2518208333333333
7385509,K00675.01,0,1.655467295,169.54872,0.1351
7447200,K00676.01,1,7.972510087,171.585057,0.123975
7447200,K00676.02,1,2.453236139,170.892059,0.06954583333333333
7466863,K00677.01,0,11.9710626,171.08425,0.11502916666666665
7509886,K00678.01,1,6.0404622,172.59327,0.08249999999999999
7509886,K00678.02,1,4.13852825,132.01882,0.09504166666666666
10002866,K00723.01,1,3.936993144,169.650592,0.078625
10002866,K00723.02,1,28.08185982,194.91696,0.1887
6678383,K00111.02,1,23.66834635,132.71421,0.24290416666666664
10002866,K00723.03,1,10.08881066,173.083353,0.07385833333333333
10005020,K00724.01,0,6.97106919,174.70305,0.16302083333333334
3541946,K00624.03,1,1.311842968,133.11058,0.07448333333333333
4449034,K00625.01,0,38.13853099,180.43748,0.16090416666666665
4478168,K00626.01,1,14.58649856,172.22185,0.16770416666666665
2854839,K07639.01,0,1.05569286,131.5576,0.05370833333333333
4563268,K00627.01,1,7.75192755,176.17197,0.14755416666666665
7515212,K00679.01,1,31.80475991,190.25413,0.3624583333333333
7515212,K00679.02,1,16.2580276,139.6381,0.265625
7529266,K00680.01,1,8.600153929,177.642421,0.37506249999999997
11553706,K00009.01,0,3.719809197,135.068298,0.14715416666666664
2449053,K07633.01,0,0.73975345,131.81739,0.175
10489525,K00106.01,0,1.612249049,131.85204,0.17645833333333333
7598128,K00681.01,0,44.258173075,188.495537,0.3159433333333333
11858979,K04062.01,0,3.05933906,131.7541,0.07221666666666667
5900390,K04063.01,0,0.624677585,131.8663,0.10045833333333333
5444334,K04064.01,0,0.759763198,131.78816,0.12845833333333334
10139620,K04065.01,0,372.37369,138.0835,0.5137499999999999
8686373,K04066.01,1,126.55719,145.69736,0.336625
5386264,K04135.01,0,12.435190544,140.8323906,0.15960416666666666
3867615,K02289.02,1,20.0983676,207.57757,0.2169583333333333
3218844,K07646.01,0,85.112898,171.8254,0.10429166666666667
3542222,K04137.01,0,0.504426087,131.894825,0.06781666666666666
5530112,K04067.01,1,9.6887216,131.8295,0.08333333333333333
6226908,K04068.01,1,19.597317,135.26526,0.18783333333333332
5906694,K04069.01,1,13.06243545,144.18426,0.13516666666666666
10186945,K04070.01,0,0.793663156,131.79065,0.03435
4636565,K04138.01,0,2.81401302,133.0785,0.24170833333333333
9956082,K04139.01,1,3.74031708,134.70305,0.09975
3241647,K07650.01,0,0.851678507,131.62317,0.08449999999999999
7761585,K04140.01,0,205.30627,186.434,0.3275
3241248,K04141.01,0,0.978046982,131.68639,0.10890416666666666
9716302,K04142.01,0,1.332566763,132.04547,0.16670833333333335
2708286,K04071.01,0,1.89131005,132.66204,0.23695833333333333
6755944,K04072.01,1,0.692978457,131.80142,0.047358333333333336
10419797,K04073.01,0,87.140633,169.262,0.7545833333333333
6515335,K04074.01,0,185.53285,310.2503,1.3108333333333333
7777471,K04075.01,0,0.885131111,131.8742,0.14070833333333332
10294509,K04143.01,0,1.85447373,132.50369,0.11104166666666666
3003019,K07642.01,0,0.502622858,131.61123,0.12854166666666667
9334893,K02298.02,1,31.8055128,150.6791,0.16579166666666667
10000941,K04146.01,1,3.50472344,133.72225,0.08109999999999999
9455677,K04076.01,1,124.827797,208.79191,0.2699583333333333
7690855,K04077.01,0,0.786260569,132.166816,0.18983333333333333
5649837,K04078.01,0,0.597934463,131.95507,0.13010416666666666
10141938,K04079.01,0,360.76458,148.5386,0.8841666666666665
8029197,K04147.01,0,2.15292788,132.36514,0.12679166666666666
12257886,K04148.01,0,2.61585431,132.42844,0.271625
11465651,K04150.01,1,31.3351094,136.97538,0.2529583333333333
5036480,K04080.01,0,1.061002863,132.52463,0.08174999999999999
10275077,K04081.01,0,363.35755,135.9933,0.8270833333333334
6592832,K04082.01,0,0.924821319,132.09187,0.10808333333333332
8524346,K04083.01,0,4.4697452,133.00892,0.22208333333333333
3937814,K04084.01,1,214.881456,213.4044,0.3992083333333333
5551228,K04154.02,0,122.906853,195.9104,0.6654166666666667
5471271,K04155.01,0,12.422216754,141.8461927,0.27305416666666665
5881120,K04156.01,1,4.85018974,135.31157,0.2365
3248696,K07651.01,0,383.43595,483.2484,0.4607916666666666
4548098,K04157.01,1,3.82315697,133.06936,0.09949999999999999
5306383,K04158.01,0,0.842336445,131.73901,0.06329166666666666
5446285,K00142.02,0,339.42934084,187.5194914,0.3125
5041847,K04085.01,0,0.914468919,132.120912,0.11229166666666665
3836558,K04086.01,0,1.54039744,131.99974,0.07445833333333332
4770617,K02243.02,1,8.45805119,137.06123,0.12491666666666668
6106282,K04087.01,1,101.1107014,215.5204,0.3345416666666666
4946584,K04088.01,0,0.907943645,132.133484,0.07976666666666667
6463499,K04163.01,0,94.446856,166.1513,0.3125833333333333
8254882,K04164.01,0,0.92565941,132.11002,0.062
6042031,K04165.01,0,0.537110149,131.55982,0.0749
4078311,K04166.01,1,9.84262076,134.02155,0.06674166666666666
5475735,K04167.01,0,2.99194823,134.1641,0.18291666666666664
11709124,K00435.05,1,62.3026877,179.09948,0.312875
9022166,K02175.02,1,72.3826983,179.49813,0.3449583333333333
10075409,K04019.01,0,360.33012,159.4314,0.6316666666666666
7038096,K04020.01,0,0.566803149,131.79596,0.06845833333333333
3345973,K07652.01,0,15.3466028,143.8142,0.20691666666666667
11972872,K04089.01,0,0.531106622,131.906467,0.12622083333333334
9899233,K04090.01,0,1.332547503,132.05767,0.188375
3103227,K04091.01,1,225.585245,272.79566,0.46525
4850961,K04092.01,1,24.4972683,133.92177,0.22624999999999998
3102309,K07643.01,0,4.20253859,132.3097,0.22454166666666667
8521059,K04093.01,0,0.535578808,131.80805,0.0748875
5217574,K04151.01,0,0.89486317,132.21767,0.11070833333333333
8439323,K04153.01,1,4.62602867,134.68092,0.026791666666666665
4458082,K02303.02,1,8.93484887,133.39108,0.10745833333333334
3230095,K07647.01,0,7.04716175,132.7504,0.11220833333333333
5551228,K04154.01,0,368.71479,318.8424,0.6858333333333333
6862332,K04023.01,0,119.0192648,341.26197,0.33749999999999997
10714072,K04024.01,1,8.40693068,133.42739,0.07775
10992011,K04025.01,0,0.974479091,132.37246,0.07775
8128247,K04094.01,0,3.57017774,134.4442,0.18637499999999999
6276994,K04095.01,0,1.10601182,131.83599,0.107375
9674564,K04096.01,0,6.873655305,132.4527832,0.14756249999999999
5942808,K02250.02,1,0.626281766,131.90594,0.049216666666666666
5688683,K04097.01,1,2.790643481,133.1555,0.028629166666666667
6607644,K04159.01,1,0.971915957,132.16504,0.0667625
7610663,K04160.01,1,3.03196812,133.98825,0.07179166666666667
5565707,K04161.01,0,1.2940561,131.861,0.04041666666666666
1293031,K04162.01,0,0.53936593,131.97457,0.22641666666666665
2859299,K07640.01,0,0.643703667,131.984908,0.033375
4067110,K04026.01,0,0.735146413,131.49953,0.21054166666666665
8694309,K04027.01,0,0.827351796,131.92381,0.09118749999999999
7818447,K04028.01,0,0.618952198,131.590434,0.11768333333333332
11569475,K04029.01,0,1.31723412,132.13735,0.3035
8951205,K04099.01,1,4.95060632,132.80914,0.071625
5700900,K04100.01,0,379.08202,287.504,1.41125
7026477,K04101.01,0,366.31509,312.1401,0.5170833333333333
9402583,K04168.01,0,0.536544193,132.03219,0.12158333333333333
7838675,K04169.01,1,1.005205893,132.45541,0.06791666666666665
8700537,K04170.01,0,43.796785,158.9316,0.7849999999999999
10858785,K04171.01,0,0.952371227,132.34095,0.16358333333333333
9640907,K04172.01,0,1.089088292,132.0149343,0.07749583333333333
7515670,K02360.02,0,1.1518407,132.6197092,0.10541666666666666
9551430,K04030.01,0,7.7553808,134.5191,0.9300416666666667
3228986,K04031.01,0,0.730949487,132.22503,0.09862499999999999
7100673,K04032.01,1,3.95116635,134.22411,0.10691666666666666
7100673,K04032.02,1,2.89223998,132.86232,0.10504166666666666
4138557,K04033.01,0,0.991552822,131.90235,0.04729166666666666
2708278,K04102.01,0,1.89124187,132.7082,0.18395833333333333
3747817,K04103.01,1,184.77271,217.3573,0.3986666666666666
8483366,K04104.01,0,392.49728,203.1308,0.43875
9071593,K02257.02,1,59.284064,148.75407,0.22583333333333333
10089911,K04034.01,1,6.96704926,138.24776,0.15541666666666665
3247404,K04035.01,0,8.8109721,136.4718,0.20091666666666666
11415243,K04036.01,1,168.81133,211.43982,0.27425
3548044,K02194.02,1,67.968656,163.55972,0.33116666666666666
7773179,K04038.01,0,2.15681538,133.27151,0.213125
11017094,K04106.01,0,0.708563091,132.10298,0.26445833333333335
5956633,K04107.01,0,366.24282,307.2714,0.6566666666666666
9899065,K04108.01,0,1.33256418,132.0473,0.19587499999999997
5471792,K04110.01,0,12.4258833,141.5008,1.0345833333333332
11145831,K04039.01,0,1.387838134,132.11351,0.09383333333333332
11444952,K04040.01,0,0.678349364,132.16318,0.12883333333333333
8647295,K04041.01,0,1.022028468,132.3717,0.3694166666666666
3444098,K04042.01,0,0.72359699,131.57754,0.05525
5112567,K04043.01,0,1.6156052,131.4952,0.60625
2708343,K04111.01,0,1.8913182,132.66252,0.18224999999999997
3235282,K07649.01,0,494.165759,472.0427,0.09329166666666666
3348090,K04112.01,0,2.43585046,132.89661,0.087
9282762,K04113.01,0,1.33255441,132.05269,0.15949999999999998
3117046,K04114.01,0,359.1015,415.3142,0.47754166666666664
6311520,K04115.01,0,0.941840589,131.80464,0.21083333333333332
5201115,K04044.01,0,1.728521892,131.81736,0.14004166666666668
2708203,K04045.01,0,1.89125855,132.6891,0.225625
4150496,K04046.01,0,8.65312868,136.65308,0.14066666666666666
11401767,K02195.02,1,30.0899459,149.06413,0.27725
9655005,K04047.01,0,1.39862757,132.65615,0.40104166666666663
11709124,K00435.06,1,9.91937693,136.87361,0.18024999999999997
3851194,K07671.01,0,0.918510251,131.82791,0.10779166666666667
8613535,K02263.02,1,9.47850818,140.16526,0.2564166666666666
5092655,K04116.01,0,0.783258387,131.74358,0.095525
3955817,K04117.01,1,4.24263096,135.0304,0.10758333333333332
10661778,K04118.01,0,1.231363214,131.80615,0.2420875
5513857,K04119.01,0,0.755101928,131.81199,0.12683333333333333
10272389,K04048.01,0,4.56447463,133.0783,0.26729166666666665
4679687,K04049.01,0,1.027904857,132.444316,0.06825416666666666
7968683,K04050.01,0,367.95566,236.4537,0.9115416666666666
10360722,K04051.01,1,163.692336,238.76817,0.28554166666666664
9091755,K04052.01,0,1.106529843,132.30528,0.26075
3852476,K07672.01,0,111.741576,166.3408,0.15958333333333333
6349881,K04121.01,1,198.088873,319.73002,0.3314583333333333
9851970,K04122.01,0,1.08193721,131.5344,0.1995
5726910,K04124.01,0,2.43142974,133.83385,0.11304166666666667
1718958,K04053.01,1,1.41975831,132.92,0.059541666666666666
6428794,K04054.01,1,169.135056,201.8055,0.37212499999999993
3228825,K04055.01,0,0.73095491,132.2174,0.09191666666666666
4673628,K04056.01,1,3.951383138,132.06462,0.04409166666666667
11401767,K02195.03,1,6.84978728,134.66167,0.2049583333333333
9099950,K04125.01,0,1.111362442,132.30056,0.26
9718066,K02287.02,1,28.9060526,158.82431,0.129125
9272070,K04126.01,1,8.10503551,135.88389,0.18579166666666663
5088400,K04127.01,1,8.82715783,139.73416,0.084125
4669402,K04128.01,0,143.196381,227.3054,0.4343333333333333
3757407,K04057.01,0,9.089151782,132.0565248,0.13285833333333333
4769931,K04058.01,0,1.87886973,133.07604,0.16149999999999998
9220612,K04059.01,0,0.979161676,132.21831,0.12258333333333334
6806695,K04061.01,0,0.855922327,131.64426,0.06308333333333332
3858943,K07674.01,0,25.9528725,154.8736,0.5180833333333332
10858803,K04130.01,0,0.952374508,132.33436,0.12524999999999997
6129694,K04131.01,0,0.936751792,132.2026,0.23575000000000002
5957181,K04132.01,0,393.34331,264.7706,0.3950416666666666
7601918,K04133.01,0,0.621361411,131.67283,0.04428333333333333
6119877,K04134.01,0,250.23760741,260.3057733,0.6908333333333332
7211879,K04342.01,0,0.594310785,131.7595,0.04164166666666666
8087812,K04343.01,1,27.2106807,132.3793,0.438125
4863956,K04344.01,0,4.31978105,134.1491,0.30016666666666664
5308537,K04409.01,1,14.2651545,143.22024,0.15004166666666666
5281113,K04411.01,1,11.17931581,131.64123,0.12929166666666667
7847104,K04412.01,0,1.284991846,132.74087,0.09475
3347807,K07653.01,0,324.18028,445.8295,0.7562499999999999
8487805,K04206.01,0,0.530959357,131.73991,0.10070833333333332
3336845,K04275.01,0,0.996864568,132.09898,0.04575
3645282,K07661.01,0,0.673684895,131.61938,0.048375
6026924,K04276.01,1,56.644452,138.762,0.6896249999999999
6525280,K04277.01,0,1.710319812,131.60513,0.12429166666666666
4861784,K04278.01,0,5.62978034,136.8349,0.243625
5876360,K04279.01,0,1.050852976,132.138232,0.06995
3732972,K07664.01,0,1.540398683,131.99063,0.06531666666666666
3244792,K04347.01,1,3.0570982,134.50122,0.14879166666666666
8743082,K04348.01,0,365.25921,236.672,0.5725
9142742,K04349.01,0,372.72688,175.6195,0.5312916666666666
6891513,K04413.01,0,9.9398272,140.8334549,0.1716583333333333
4579598,K04414.01,0,0.866346,131.6286,0.08379166666666667
7777522,K04415.01,0,0.885129679,131.88274,0.1315
9305012,K04416.01,0,56.898749,160.0479,0.14675
9597729,K04417.01,0,0.438153876,131.5167,0.057854166666666665
11390109,K04210.01,0,398.40957,178.4393,0.47858333333333336
5078025,K04211.01,0,0.696286519,131.87824,0.13308333333333333
1724719,K04212.01,1,5.79179934,133.35814,0.14475
8120608,K00571.05,1,129.945392,176.82285,0.24108333333333332
5026326,K04280.01,0,1.39772545,132.3377,0.17204166666666665
5471574,K02505.02,0,12.4246697,134.0396,1.83625
5512580,K04281.01,0,383.00806,281.6723,0.40458333333333335
11670599,K04282.01,0,0.847588864,131.55971,0.09358333333333332
6359820,K04283.01,0,331.81534,347.0408,0.44
11872139,K04350.01,0,1.75649346,132.01087,0.14287499999999997
2708221,K04352.01,0,1.8912501,132.6923,0.31866666666666665
5040223,K04354.01,0,0.996023763,132.16613,0.22549999999999998
4571004,K04355.01,0,36.616669,156.001,0.35916666666666663
7031942,K04420.01,0,0.566795467,131.84,0.1963333333333333
5632701,K04213.01,0,3.67515329,131.681,0.29512499999999997
10549924,K04214.01,0,0.715825886,132.06428,0.050499999999999996
9366617,K04215.01,1,26.5487294,137.24401,0.33199999999999996
6187341,K04216.01,0,0.492291661,132.393012,0.03725
3353454,K07654.01,0,1.6911935,132.93323,0.3949583333333333
10156055,K04284.01,0,2.42803503,133.5931,0.126875
8418018,K04285.01,0,372.94844,217.8357,0.5782916666666666
5024177,K04286.01,0,0.787120016,131.73939,0.13186666666666666
4548011,K04288.01,1,6.28384079,133.20513,0.17879166666666668
4571004,K04355.02,0,21.131609,139.7493,0.5691666666666666
4571004,K04355.03,0,81.675841,158.9694,0.4804166666666666
4571004,K04355.04,0,28.5463574,159.2763,0.3870833333333333
4571004,K04355.05,0,72.563291,202.0235,0.12866666666666665
8459663,K04356.01,1,174.510276,201.47056,0.27870833333333334
10155321,K04422.01,0,15.705388,135.0768,0.20295833333333335
3866536,K04423.01,0,7.65270746,134.46038,3.3290375
7046035,K04424.01,1,2.27164952,131.82601,0.16891666666666666
4679314,K04425.01,0,3.84835742,133.25649,0.42416666666666664
5702637,K04217.01,0,1.0388961,132.37849,0.198125
8309169,K04218.01,0,293.76887,257.9779,0.19499999999999998
4678919,K04219.01,0,1.87885327,133.08861,0.13758333333333334
5563080,K04220.01,0,0.785473311,131.861548,0.0579625
6364067,K04221.01,0,5.2438982,132.6882,0.328375
5983532,K04289.01,0,441.877824,251.778,0.2769583333333333
3439126,K07655.01,0,2.9761504,132.9276,0.25329166666666664
8463346,K02529.02,1,64.0019669,132.61779,0.19683333333333333
5868793,K04290.01,1,4.83809469,135.1562,0.04566666666666667
8483021,K04291.01,0,361.91436,241.7138,0.36166666666666664
10063208,K04292.01,1,9.3281912,132.85459,0.16629166666666667
1575873,K04359.01,0,0.629001455,131.55662,0.05262499999999999
10669994,K04360.01,1,2.71603664,132.35962,0.07266666666666666
11449918,K04362.01,0,374.59003,303.4857,0.6329166666666666
3750350,K07665.01,0,319.30633,221.3106,0.2808333333333333
4584865,K04429.01,0,1.75254087,132.73775,0.17074999999999999
11968463,K02433.05,0,0.646745436,132.02582,0.049499999999999995
9183378,K04222.01,1,3.38557445,133.97411,0.07829166666666666
11188254,K04223.01,0,2.754024,133.731,0.17291666666666666
1724513,K04224.01,0,1.975208831,131.63127,0.06304166666666666
9535876,K04225.01,0,0.960843605,131.7739,0.13416666666666666
5817533,K04293.01,0,4.206109,132.2382,0.215
7681230,K04294.01,0,0.962590772,132.421278,0.052370833333333325
7596240,K04295.01,1,13.3997555,131.84235,0.14725
3448456,K07656.01,0,0.776950288,132.0396,0.05366666666666667
12107008,K04297.01,0,5.93725628,135.9371,0.15162499999999998
7427764,K04364.01,1,4.56383697,132.26068,0.09462499999999999
4754831,K04365.01,0,55.119831,153.6508,0.19595833333333335
4754831,K04365.02,0,25.6416117,152.9007,0.22916666666666666
9899630,K04439.01,0,1.33258455,132.0268,0.24041666666666664
4367528,K04440.01,0,350.81029,147.6369,0.4704166666666666
8416523,K04441.01,1,0.341842017,131.660336,0.048141666666666666
3751231,K07666.01,0,0.570953851,131.5725,0.04158333333333333
7816665,K04227.01,0,4.29258258,131.77675,0.127875
9535881,K04228.01,0,0.960842633,131.777663,0.11017083333333333
11616596,K04229.01,0,14.5893928,136.1407,0.6475
9872831,K04230.01,1,5.49548533,133.63966,0.10254166666666666
8508126,K04299.01,0,0.980505042,132.097771,0.058616666666666664
12306058,K02541.02,1,20.4853893,146.9183,0.4262083333333333
8507475,K04300.01,1,3.58273837,134.95108,0.06345833333333332
8773015,K04301.01,1,15.604841,131.9989,0.18929166666666666
4754831,K04365.03,0,75.681309,167.6921,0.48416666666666663
3531231,K07657.01,0,62.060783,134.4944,1.175125
5471489,K04368.01,0,12.4252735,141.5658,0.8648333333333333
5471489,K04368.02,0,39.2820405,139.9224,0.1393333333333333
9011874,K04369.01,0,361.54561249,190.4475347,1.0533333333333332
9936080,K04431.02,0,355.79978,346.7189,0.24883333333333335
8611344,K04432.01,0,410.99389,190.8191,0.5004166666666666
9518651,K04433.01,0,2.17823752,132.00513,0.09412499999999999
2305311,K04434.01,0,1.404674486,131.55621,0.21066666666666667
6383595,K04231.01,0,24.9097436,143.0403,0.16066666666666665
11080405,K02442.02,1,12.3101351,141.8765,0.15820833333333334
11509504,K04232.01,1,2.61576515,131.97896,0.11570833333333333
6599949,K04233.01,0,409.2452,265.2465,0.5441666666666667
11611275,K04234.01,1,6.94245216,135.95819,0.14545833333333333
11612280,K04304.01,1,9.4061364,137.7073,0.20341666666666663
5536715,K04305.01,0,0.935086665,131.52593,0.04666666666666667
8149484,K04306.01,0,1.489457454,131.99809,0.12616666666666665
12407623,K04370.01,0,1.181165291,132.42522,0.04220833333333333
11444514,K04371.01,1,66.373298,174.01595,0.35662499999999997
9886361,K02732.02,1,13.61165024,144.16808,0.31737499999999996
9702006,K04372.01,1,6.24564633,137.16241,0.10245833333333333
6778008,K04373.01,0,0.945829261,132.09286,0.07145833333333333
8308260,K04436.01,0,0.973160836,132.25412,0.036
8492101,K04437.01,0,4.05943749,133.1883,0.13520833333333332
6343576,K04438.01,0,6.39903778,134.7133,0.13124999999999998
2449101,K04236.01,0,0.739761008,131.80913,0.3162083333333333
7259249,K04237.01,0,0.950735805,131.7794,0.047641666666666665
8678691,K04238.01,0,369.819993,179.3674,0.843
9640924,K04239.01,0,2.17815935,132.02414,0.076625
11151677,K04308.01,0,0.720460644,132.012909,0.07435833333333333
11037128,K04309.01,0,3.7948721,134.40039,0.071375
6587002,K00612.03,1,122.0804953,155.02532,0.16891666666666666
11969092,K04375.01,0,0.638437699,131.592552,0.012616666666666667
2570773,K04376.01,0,1.8912851,132.676,0.25758333333333333
6356885,K04378.01,0,343.42046,327.4112,0.46291666666666664
3542542,K07658.01,0,3.47148164,133.7138,0.19495833333333334
11718389,K04444.01,1,5.94373492,135.25897,0.07695833333333332
11124703,K04445.01,0,244.60373,230.282,0.45291666666666663
10329196,K04446.01,1,85.7567919,162.71914,0.23729166666666668
10604592,K04447.01,1,2.18660188,131.94832,0.06604166666666667
9593773,K04240.01,0,3.1339356,133.5458,0.18654166666666666
9285568,K04241.01,1,2.55315031,132.44849,0.07704166666666666
7604328,K02458.02,1,2.936587946,133.03618,0.07896666666666666
9777757,K04243.01,0,1.33254212,132.0554,0.16033333333333333
7103919,K04310.01,1,10.7769944,140.2902,0.109
8645191,K04311.01,0,0.918921494,131.68016,0.03927083333333333
10722485,K04312.01,1,7.84931877,134.8747,0.15612499999999999
9717958,K04313.01,0,67.7125988,149.82165,0.06408333333333333
8128067,K04314.01,0,12.4285576,133.7175,0.5825
7703910,K04379.01,0,1.275511306,132.44654,0.07870833333333332
7777818,K04380.01,0,5.78159956,136.77178,0.09258333333333332
9851360,K04381.01,0,8.4805019,135.8339,0.34770833333333334
6937529,K04382.01,1,2.94648935,132.42208,0.13145833333333332
9490653,K04173.01,0,1.227986164,131.84491,0.06462499999999999
3328027,K04174.01,0,2.11548883,132.00942,0.16699999999999998
3644631,K07659.01,0,358.96247,295.9933,0.9787499999999999
9640931,K04175.01,0,2.17815196,132.02208,0.101875
5125196,K04176.01,0,342.315407,157.0157,0.5198333333333334
9640962,K04177.01,0,1.089077224,132.02477,0.11270833333333333
5097454,K04244.01,0,1.288066288,133.273187,0.2692333333333333
3663141,K07663.01,0,2.31894284,132.9696,0.2217083333333333
5177859,K04246.01,1,6.98472143,135.99731,0.1135
4568117,K04248.01,0,0.562563871,131.73458,0.06629166666666667
10342248,K04315.01,0,0.93373458,131.53478,0.18183333333333332
9777290,K04316.01,0,1.33251948,132.0885,0.15554166666666666
8548427,K04317.01,0,168.84663,231.2295,0.40625
6289344,K04319.01,0,160.4122022,262.40022,0.205
9883606,K04383.01,1,4.34195312,134.18767,0.10824999999999999
5860968,K04384.01,1,122.358116,134.3477,0.44866666666666666
3645438,K04385.01,1,7.298142,137.85674,0.126
8480582,K04386.01,1,18.5010898,149.17569,0.13245833333333332
10936786,K04179.01,0,0.569961046,131.80273,0.06025
6938264,K04180.01,0,1.121634781,132.31311,0.048125
9899315,K04181.01,0,1.33256979,132.05279,0.13720833333333332
9541089,K04182.01,0,0.536650896,131.709931,0.19591666666666666
3650049,K04249.01,0,397.73699,222.0316,0.49
9641076,K04250.01,0,2.17818699,132.00477,0.11191666666666666
11125613,K02485.02,1,3.60082855,134.037,0.08074999999999999
10525049,K04252.01,1,15.5714121,136.58529,0.09558333333333333
9896018,K02579.02,1,3.59645081,132.77209,0.110875
5095082,K04320.01,1,20.6579443,145.6348,0.3665833333333333
12418891,K04321.01,0,0.760941405,131.62978,0.073875
3839294,K07669.01,0,137.665706,240.44616,0.1555
7698701,K04322.01,0,370.90237,205.0559,0.4399166666666666
7698701,K04322.02,0,321.55087,241.849,0.24429166666666668
2830919,K04387.01,0,1.54038914,132.00494,0.07012499999999999
9588822,K04388.01,0,71.76236302,170.095082,1.2264583333333332
11560897,K02365.02,1,110.978266,147.0226,0.47133333333333327
10858737,K04183.01,0,0.952378454,131.85999,0.16216666666666665
6752002,K04184.01,1,6.08003714,136.88262,0.0545
7257966,K04185.01,1,3.035206175,132.3291,0.02575833333333333
3644738,K07660.01,0,358.96844,295.8289,0.9045833333333333
9406892,K04186.01,0,2.21316437,132.71281,0.16141666666666665
8487645,K04254.01,0,0.530967987,131.72336,0.0755
10407482,K04255.01,1,6.30558387,131.53058,0.109125
5817613,K04256.01,0,4.2058608,132.2913,0.3079166666666666
9910942,K04324.01,0,8.4803326,135.8598,0.24658333333333332
10924340,K04326.01,0,0.750744255,132.18261,0.07467083333333333
5371777,K04327.01,1,0.991659646,131.53686,0.09229166666666666
6629993,K04392.01,0,118.609553,172.0788,0.9474999999999999
10427700,K04394.01,0,0.616386349,131.64315,0.0339
11296045,K04396.01,0,88.91323139,145.6230854,0.12166666666666666
3124598,K04187.01,0,7.07162308,136.46253,0.10779166666666667
6879171,K04188.01,1,6.96352699,133.01717,0.133
9897364,K04189.01,1,64.2729088,186.7353,0.5056666666666666
12505503,K04190.01,1,3.4327371,132.92055,0.16670833333333335
3548639,K04191.01,0,13.8452726,136.9596,0.10645833333333334
4390912,K07695.01,0,0.687506554,131.85964,0.06004166666666667
7115925,K04258.01,0,0.566801617,131.80435,0.11458333333333333
7429287,K04260.01,0,371.63327,296.9495,0.6216666666666666
10526887,K04261.01,1,1.450889836,132.2306,0.07304166666666666
11125613,K02485.03,1,5.72716067,133.96409,0.09291666666666666
3545583,K04328.01,0,407.59415,273.5955,0.30416666666666664
8374741,K04330.01,0,358.101884,425.6837,0.266375
11296045,K04396.02,0,46.0771501,143.6839655,0.12624999999999997
11296045,K04396.03,0,42.62423329,156.1855401,0.06125
3247503,K04397.01,0,0.447861451,131.9752,0.035587499999999994
8733898,K02842.03,1,3.036208739,134.06146,0.038849999999999996
9828127,K04192.01,1,18.0541469,147.7943,0.191125
4281068,K07689.01,0,1.01530474,131.517946,0.36509166666666665
9092496,K04193.01,0,94.180473,200.2662,0.30604166666666666
5644412,K04194.01,1,1.538185321,132.49067,0.07012499999999999
9959545,K04195.01,0,1.332567643,132.04299,0.1785
9641144,K04262.01,0,1.089076495,132.02703,0.09475
8572168,K04263.01,0,1.662710314,132.44469,0.07625
4472143,K07696.01,0,472.071079,310.7718,0.23995833333333333
7368137,K04265.01,0,2.18242002,132.39594,0.17095833333333332
9027841,K04266.01,0,0.503999678,131.631544,0.0225875
8953414,K04332.01,0,2.66588544,131.6037,0.20849999999999996
10730070,K04335.01,1,7.61758198,137.50008,0.14770833333333333
4458109,K04336.01,0,41.477908,144.9193,0.4354166666666666
2831055,K04400.01,1,2.20923119,131.90288,0.09966666666666665
11044826,K04401.01,0,260.54832,218.5525,0.6466666666666666
6681687,K04402.01,0,370.47678,307.4992,0.6537499999999999
7703882,K04403.01,1,5.88350251,136.9451,0.1065
8179190,K04196.01,0,0.662457501,131.90556,0.06362499999999999
9777724,K04197.01,0,1.33258458,132.03624,0.13424999999999998
5340878,K04199.01,1,0.539915033,131.55207,0.047775
10273903,K04200.01,0,372.54353,137.9147,0.9095833333333332
7450747,K04267.01,1,2.20829637,131.63091,0.11837500000000001
7826620,K04268.01,1,0.849906734,131.6741,0.04754166666666666
8890924,K04269.01,1,26.6565737,131.59433,0.20641666666666664
8483241,K04270.01,0,373.72257,178.1825,0.5920833333333333
8573193,K04337.01,1,8.18504859,134.554,0.19470833333333332
9240664,K04338.01,0,10.78438513,141.40685,0.05866666666666666
7673841,K02585.02,1,10.42317343,135.15208,0.09754166666666667
7281411,K04339.01,0,0.566804221,131.82656,0.19329166666666667
6528141,K04340.01,0,2.022658,131.838,0.13929166666666665
8106112,K04404.01,0,316.57747,236.5015,0.61
5563937,K04406.01,0,0.519437968,131.78909,0.08870833333333333
10736179,K04408.01,0,1.105095798,132.55178,0.10933333333333334
6119921,K04201.01,0,245.01902,268.1105,0.3566666666666667
5084171,K04202.01,1,153.979362,165.491,0.37616666666666665
4141587,K07684.01,0,10.2239787,135.4415,0.07558333333333334
11968463,K02433.03,1,56.4148314,163.128,0.3364583333333333
3834317,K04203.01,0,2.18079098,132.39262,0.5054166666666666
10593535,K04204.01,1,20.9254083,134.8986,0.282625
5959719,K02498.02,1,13.0600399,144.33107,0.11879166666666666
5992210,K04271.01,0,0.641069613,132.14101,0.04304166666666666
4284980,K07690.01,0,2.2430415,133.4408,0.15125
9302543,K04272.01,0,1.21475168,131.7581,0.28874999999999995
9701962,K04617.01,1,27.4784659,148.6101,0.3125
6685646,K04618.01,0,244.86662,141.9596,0.44
4574319,K07697.01,0,1.30627214,132.0858,0.21433333333333332
7741837,K04619.01,0,62.366706,142.3899,0.18
11137065,K04620.01,0,0.933732791,131.53707,0.12733333333333333
11093335,K04621.01,0,53.106597,145.2776,0.12141666666666667
9394768,K04690.01,0,360.15417,188.796,0.5335833333333333
10972902,K04692.01,0,1.42856815,132.81461,0.08883333333333333
3832474,K00806.04,0,381.850599,296.4969,0.19883333333333333
12004971,K03194.01,0,10.81315417,131.65931,0.05312499999999999
3644602,K04479.01,0,359.08368,415.3834,0.6529166666666666
11912941,K04481.01,0,3.74784374,134.19157,0.15241666666666664
6525106,K04483.01,0,1.71028117,131.62619,0.10874999999999999
5977470,K04550.01,1,140.251943,175.137,0.27399999999999997
4355503,K07691.01,0,0.570828503,131.58958,0.038125
6119923,K04552.01,0,134.4665,265.424,0.2195833333333333
6126076,K04553.01,0,0.909314811,131.72281,0.09188749999999998
11284772,K04622.01,1,207.24785,213.03458,0.256625
9209183,K04623.01,0,186.55347,173.0531,0.5654166666666667
6153407,K03179.01,1,5.99078221,134.53899,0.07079166666666667
5955621,K04624.01,0,14.0801852,137.3331,0.14175
11519187,K04625.01,1,2.440839436,133.8407,0.04033333333333333
8417078,K04693.01,1,23.6223571,146.9643,0.2855
4852297,K04695.01,0,3.28931936,133.90141,0.08004166666666666
9851845,K04696.01,0,1.08195208,131.5252,0.20029166666666667
9474483,K04697.01,0,0.512583041,131.77571,0.06241666666666666
9898017,K04484.01,1,2.29794819,131.49826,0.11833333333333332
8613218,K04485.01,0,368.11581,227.4962,0.5633333333333332
8548069,K04486.01,0,368.52466,236.3783,0.49583333333333335
6278762,K03158.02,1,4.54586982,131.52442,0.07316666666666666
3127911,K03164.01,0,0.542498653,132.0117,0.17737499999999998
10399321,K04556.01,0,21.5819776,146.0691,0.5722499999999999
7837733,K04628.01,0,3.08723626,132.90519,0.10895833333333334
2578017,K04629.01,0,0.592562969,131.9017,0.12862083333333332
8625732,K04701.01,0,31.97181,133.8728,0.5115416666666666
2831251,K04702.01,0,5.81289843,131.5613,0.16579166666666667
6721380,K04488.01,0,6.44173995,136.77753,0.06812499999999999
7694615,K04489.01,0,0.631106722,131.89801,0.041425
6201203,K04490.01,0,176.17377,144.8337,0.6074999999999999
4556468,K04491.01,1,114.336052,216.7966,0.5865416666666666
9222516,K04492.01,0,0.63938062,131.894673,0.050279166666666666
7285673,K04559.01,0,0.566801045,131.79795,0.07291249999999999
5282437,K04560.01,0,0.992799002,131.70842,0.14532499999999998
7747457,K04561.01,1,1.5184181,132.138,0.11841666666666667
8652360,K04562.01,0,0.96807117,132.44697,0.06987499999999999
9602421,K04631.01,0,3.55661906,133.4975,0.22483333333333333
4373195,K07692.01,0,0.56256804,131.72497,0.07024999999999999
5090937,K03182.01,0,8.79991878,132.88614,1.7318333333333333
6359175,K04703.01,0,349.03703,331.8869,0.1983333333333333
8104207,K04704.01,0,177.8135,205.1936,0.4066666666666666
10026502,K04706.01,1,101.952048,206.3499,0.24962499999999999
3953173,K04493.01,0,2.41795911,132.5063,0.11362499999999999
8037926,K04494.01,0,183.854867,211.4887,0.6248333333333334
9002278,K00701.05,1,12.4418003,134.6507,0.14883333333333332
6437617,K04564.01,0,293.60581,373.1896,0.46125
8453851,K04565.01,0,2.78801663,132.5612,0.7230833333333333
11650401,K04566.01,1,3.94660745,132.24892,0.11270833333333333
9873759,K04635.01,0,4.99473798,136.1785,0.12708333333333333
9516728,K04638.01,0,368.48518,174.9473,0.4691666666666666
4825872,K04639.01,0,169.894419,201.4552,0.10520833333333332
4680772,K04707.01,0,26.190289,143.22089,0.0895
8110733,K04708.01,0,203.511886,329.4945,0.1529583333333333
6278762,K03158.03,1,6.18943952,134.78,0.09714999999999999
9100953,K04500.01,1,8.70179611,138.24633,0.127
10407086,K04568.01,0,0.933747395,131.51671,0.19991666666666666
4073089,K07682.01,0,58.873429,153.9076,0.7286249999999999
6065351,K04569.01,0,14.1166583,136.3632,0.37999999999999995
6761777,K04571.01,1,47.3128645,146.3073,0.47683333333333333
4825872,K04639.02,0,29.6990126,135.6251,0.07704166666666666
9412623,K04640.01,1,6.1082945,131.8756,0.14554166666666665
3644505,K04641.01,0,119.72007,175.8762,0.395
4664743,K04642.01,0,1.27839331,132.0902,0.26429166666666665
4735826,K03184.01,1,7.545922037,134.4902954,0.16803749999999998
6593734,K04722.01,0,0.58675746,131.75424,0.06283333333333332
9711297,K04723.01,0,373.74856,305.2558,1.1741666666666666
8395860,K04724.01,0,20.8822079,151.6953,0.18983333333333333
7778621,K04725.01,1,7.28171395,137.30085,0.07179166666666667
5956354,K04726.01,0,8.0386699,135.3098,0.14787499999999998
9100953,K04500.02,1,44.9851885,150.5703,0.1735
8109107,K04501.01,0,6.67410577,136.9407,0.15187499999999998
6200529,K04502.01,0,374.92478,265.3585,0.7520833333333333
6929285,K04572.01,0,4.60690612,135.19221,0.174
4848321,K04573.01,0,1.50178705,131.56426,0.12233333333333332
12255382,K03167.01,0,0.499664962,131.62724,0.06717916666666666
6522745,K04574.01,0,17.4453935,135.7609,0.26625
11076276,K04645.01,0,1.4725859,132.92731,0.12304166666666666
12012439,K04646.01,0,2.97607935,132.953,0.19191666666666665
4374610,K04712.01,0,1.44438449,132.75645,0.11266666666666666
6278762,K03158.04,1,7.74347801,135.09417,0.11615833333333332
4545570,K04506.01,1,5.60473115,131.62861,0.12020833333333332
7598111,K04507.01,0,132.778041,188.4972,0.2343333333333333
8240746,K04576.01,0,184.568,173.6314,0.5454166666666667
9652655,K04578.01,0,2.48882685,132.12332,0.14529166666666665
10140843,K04579.01,0,367.19796,134.1748,0.6633333333333333
10473272,K04648.01,0,17.6604653,137.3914,0.11820833333333333
9824928,K04650.01,0,1.69999106,131.6296,0.13704166666666667
5817685,K04652.01,0,4.2059745,132.2828,0.33358333333333334
7282042,K04718.01,0,0.566803216,131.80982,0.13854166666666667
7523542,K04719.01,0,365.13981,156.6413,0.18583333333333332
3109937,K04720.01,0,37.809539,158.4002,0.3144583333333333
9386171,K04721.01,0,381.18654,136.2434,0.40541666666666665
11671579,K04510.01,1,5.17624997,133.7381,0.21920833333333334
11553598,K04511.01,0,370.62071,311.1842,0.5241666666666667
12069414,K04512.01,0,0.589458602,131.82156,0.034491666666666664
9216775,K04513.01,1,3.91794676,132.86384,0.10620833333333332
8443265,K04584.01,0,0.614701901,132.08465,0.03945833333333333
3240406,K03185.01,0,0.934181579,132.39492,0.16429166666666667
5090803,K04654.01,0,379.65261,284.965,0.7933333333333332
8377197,K04727.01,0,1.215181097,131.50904,0.05395833333333333
6137779,K04728.01,0,21.5324915,131.87749,0.17316666666666664
11913072,K04729.01,0,3.74779583,134.2022,0.13154166666666667
9083470,K04731.01,0,0.91842238,131.5859,0.236
5783732,K04514.01,0,373.43233,297.3505,0.6875
6278762,K03158.05,1,9.74048508,134.87916,0.07080416666666667
7900100,K04515.01,0,397.73781,171.6552,0.5449999999999999
9849884,K04516.01,0,5.35745121,131.62784,0.108
11243547,K04517.01,0,2.16132662,131.90236,0.18695833333333334
9009036,K04585.01,1,6.76289308,135.6771,0.25849999999999995
10491525,K04589.01,0,1.09844642,132.4402,0.06366666666666666
3859042,K07675.01,0,25.94947,148.9734,0.6541666666666666
4946049,K04658.01,0,1.8789138,133.06338,0.17829166666666665
2857607,K04659.01,1,41.8681996,146.9767,0.24095833333333333
5559651,K04660.01,0,0.514771509,131.94435,0.05233333333333333
5962262,K04661.01,1,8.61742738,133.50863,0.11304166666666667
5437348,K04448.01,0,35.945188,146.6937,0.34291666666666665
8429668,K04449.01,0,5.00749378,134.69035,0.12075
7429240,K04450.01,1,196.436796,173.692,0.35649999999999993
7032001,K04518.01,0,0.566810643,131.80277,0.144625
6199864,K04521.01,0,262.477098,173.1293,0.24233333333333332
9577855,K04522.01,0,2.21030572,133.57674,0.10383333333333333
4386607,K07694.01,0,5.99321872,133.6359,0.16333333333333333
12108364,K04592.01,0,0.70544189,131.6954,0.07383333333333333
8295671,K04593.01,0,0.981399749,132.12493,0.021045833333333333
10407210,K04662.01,0,0.933728755,131.54241,0.18179166666666668
7457278,K03188.01,0,12.607591424,136.8554856,1.2136125
8984755,K04664.01,0,0.734573766,131.59872,0.05395833333333333
7366895,K04665.01,0,289.86046,258.5572,0.46262499999999995
10729472,K04453.01,0,357.13089,157.7985,0.5433333333333332
6200612,K04454.01,0,370.50684,150.8212,0.5055
9777200,K04455.01,0,1.332580225,132.03999,0.08570833333333333
5003670,K04524.01,1,7.99144696,136.25855,0.15162499999999998
5200084,K03159.01,0,2.9039446,133.8526,0.43925
4144873,K07686.01,0,68.538296,186.21716,0.15112499999999998
9171886,K04525.01,0,369.7985,173.3282,0.5235
3337061,K03172.02,0,6.5588346,133.8215,0.12641666666666665
5696918,K04594.01,0,0.643007769,131.68588,0.028749999999999998
8487838,K04596.01,0,1.061937837,131.7269,0.09625
8937762,K04668.01,0,15.07277287,143.96955,0.032475
2720828,K04669.01,0,1.71659304,131.6976,0.048083333333333325
8652577,K04458.01,0,358.818895,416.5775,0.10429166666666667
8804937,K04459.01,0,181.3537,190.4847,0.6745833333333333
11912987,K04461.01,0,3.74786694,134.17739,0.15133333333333332
4136659,K07683.01,0,0.913244995,132.18552,0.020545833333333333
3438976,K04527.01,0,2.97599368,132.9759,0.16762499999999997
6610064,K04529.01,0,0.584148495,131.84461,0.06746666666666666
5476671,K04598.01,0,0.824180121,132.10276,0.11829166666666666
7335972,K04599.01,0,0.579770948,132.081304,0.0432375
2694632,K04600.01,0,0.92225589,131.8088,0.176125
5428471,K04671.01,0,0.75499096,131.8315,0.10354166666666666
7283710,K04672.01,0,353.40191,403.2834,0.278375
10794509,K04673.01,0,1.428596987,132.79165,0.08917083333333332
2576224,K04465.01,0,2.21701025,131.80305,0.0895
3967501,K07677.01,0,43.0759115,160.13883,3.7895833333333333
6437226,K04531.01,0,372.62637,307.8836,0.7716666666666666
2710623,K04532.01,0,1.02087831,131.66089,0.10120833333333332
3330684,K04533.01,0,1.26132769,132.4274,0.05183333333333333
2696703,K03161.01,0,6.09406648,133.65981,0.086875
7699298,K04534.01,0,1.1578141,132.43684,0.13554166666666667
7115661,K03174.01,0,0.566800926,131.81666,0.18362499999999998
2853889,K04604.01,0,24.1876477,145.8464,0.11058333333333333
4845862,K04606.01,0,2.44926655,132.82121,0.1245
10130057,K04675.01,0,2.17812826,132.03068,0.108375
9838608,K04677.01,0,1.33259494,132.0286,0.11595833333333333
4247811,K04678.01,0,2.05048377,133.2849,0.15291666666666665
6543645,K04679.01,0,1.19550618,132.3006,0.13904166666666667
8738244,K03157.01,0,0.683082998,131.73271,0.1837083333333333
4157052,K04468.01,0,0.791771167,131.523083,0.10192916666666665
10006641,K04469.01,0,0.894172544,131.51006,0.034591666666666666
10815916,K04470.01,0,1.68207624,132.12513,0.06329166666666666
3547760,K04535.01,0,9.8480917,136.80247,0.12829166666666666
7281484,K04536.01,0,0.566800593,131.8233,0.162875
4848115,K04537.01,0,0.969602551,131.93121,0.072
5991765,K04538.01,0,9.25801294,132.88335,0.11891666666666667
3962872,K04539.01,0,25.9554044,148.7989,0.3537916666666666
11912911,K04607.01,0,3.74788208,134.1709,0.17429166666666665
7045435,K04608.01,0,0.93479255,131.88578,0.19099166666666667
2972800,K04609.01,0,361.43653,421.747,0.3783333333333333
8573168,K04610.01,0,0.89628253,131.54972,0.058208333333333334
10801249,K04611.01,0,1.67495622,131.8099,0.12475
3857860,K04681.01,0,8.2344072,137.4733,0.11699999999999999
5024252,K04682.01,0,2.15052332,132.3132,0.143625
7430876,K03193.01,0,32.6122381,144.55067,0.12025
4843592,K04683.01,0,0.967073359,131.604602,0.10364583333333333
9602775,K04684.01,0,3.5564279,133.5377,0.2915833333333333
8955709,K04471.01,0,0.942997994,132.24469,0.04857499999999999
7031430,K04472.01,0,0.566796775,131.83811,0.22795833333333332
7133294,K04473.01,1,13.6471211,132.2552,0.34712499999999996
4381429,K04474.01,1,16.473474,142.68604,0.17504166666666665
11912916,K04475.01,0,3.74788322,134.17324,0.14375
12108293,K04540.01,0,0.705455349,131.67764,0.102875
5301093,K07724.01,0,488.67353,519.7805,0.5145833333333333
9640946,K04542.01,0,1.08906057,132.0391,0.11429166666666665
9776186,K04543.01,0,1.48922187,132.3722,0.07841666666666666
9752973,K03162.01,0,0.716709761,132.05103,0.029037499999999997
8044600,K04612.01,0,4.1083812,134.8932,0.136625
10220837,K04613.01,1,1.962282625,131.53585,0.06041666666666666
10991239,K03178.01,0,0.523629052,131.63487,0.14345833333333333
9345819,K04615.01,0,1.04588635,131.9887,0.11804166666666667
9180566,K04616.01,0,51.31346091,162.7018814,0.16416666666666666
11092040,K04687.01,0,419.92898,134.7701,0.60625
4851145,K04688.01,0,1.23521458,131.9681,0.03825
10292540,K04689.01,0,1.085229874,132.10036,0.027166666666666665
3732894,K04476.01,0,1.540379557,132.00637,0.08441666666666665
6278762,K03158.01,1,3.60011712,133.25983,0.09983333333333333
6276791,K04477.02,1,9.32867952,135.87513,0.0655
8636600,K04478.01,1,6.38671206,131.52991,0.050041666666666665
10220950,K04544.01,0,158.348345,260.2924,0.4395833333333333
10342316,K04547.01,0,0.93376962,132.4211,0.29262499999999997
5305399,K07725.01,0,322.48381,189.1585,0.9579166666666665
12021811,K04905.01,0,0.739404894,131.69907,0.07304166666666666
3962684,K04908.01,0,25.949641315,148.9825267,0.4850458333333333
4730442,K07702.01,0,1.71051215,131.65812,0.0535
9447166,K03296.01,1,62.869463,166.0137,0.2850833333333333
9643043,K03297.01,0,84.8062818,192.37227,0.375025
8151055,K03298.01,1,29.9632816,149.94353,0.10833333333333334
7177555,K03299.01,0,17.99643716,134.910537,0.1735
3348082,K01196.02,1,11.63486009,140.50071,0.22775
10615440,K04765.01,1,10.8118317,137.13426,0.10945833333333332
5802292,K04767.01,0,1.208528832,131.97963,0.05566666666666667
5126932,K07718.01,0,208.18711785,146.5337609,0.10585
10034146,K04835.01,0,0.93198504,131.62897,0.0853
4175105,K04836.01,0,0.60818508,131.62275,0.037875
2437897,K04909.01,0,1.65320144,132.40988,0.06354166666666666
9307966,K04910.01,0,3.37487541,132.48977,0.12854166666666667
5556726,K03223.01,0,0.962825082,132.21375,0.1186
2554853,K04911.01,0,309.494217,375.9225,0.5714999999999999
7889486,K03300.01,0,24.2382519,136.62118,0.11262499999999999
7889486,K03300.02,0,24.2416103,155.0323,0.21404166666666663
8233802,K03302.01,0,69.3788597,154.19137,0.158625
7510820,K03303.01,1,29.3493852,148.46564,0.1797083333333333
6116035,K04769.01,0,449.57274,153.3061,0.3886666666666666
8958359,K04770.01,0,245.059374,301.678,0.397875
7983117,K03214.01,1,11.49500229,141.27511,0.31675
5480884,K04841.01,0,0.708726708,132.08629,0.031375
12506417,K04842.01,0,283.72675,392.671,0.6454166666666666
10187563,K04843.01,0,373.60683,246.5809,0.3646666666666667
5544450,K03226.01,0,4.29388808,133.51002,0.15075
9307105,K03304.01,0,13.5437884,135.27623,0.23781666666666668
6880517,K03305.01,1,65.6491001,174.79319,0.3040833333333333
6615511,K03306.01,1,25.1593389,153.0404,0.21658333333333335
3632089,K03308.01,1,31.7787564,136.76929,0.33720833333333333
9959494,K03205.01,0,1.332568744,132.04697,0.1564583333333333
8397947,K04772.02,1,9.0194714,139.9234,0.24666666666666665
11456405,K04845.01,0,0.814278961,131.64806,0.08695833333333333
4544684,K04847.01,0,2.1890751,132.09378,0.09854166666666667
8975368,K03227.01,0,2.42649862,133.70347,0.08391666666666665
9291039,K03230.01,0,8.80854183,134.02712,1.4481833333333332
5168498,K07719.01,0,219.74735,239.9455,0.9366666666666666
10489539,K03231.01,0,19.7639874,134.17,0.5132916666666667
9569711,K03232.01,1,6.05919881,133.67437,0.056874999999999995
12314973,K00279.03,1,7.5143967,136.1851,0.20270833333333332
3348082,K01196.03,1,33.1981761,142.09873,0.19620833333333332
3632089,K03308.02,1,5.32784157,133.55005,0.19566666666666666
12735830,K03311.01,1,31.827649,134.59995,0.06829166666666667
6592335,K04777.01,1,0.824000125,131.80421,0.035625
5651829,K04778.01,0,0.772152075,132.2074,0.07416666666666666
9094763,K04779.01,0,1.08469871,131.7376,0.169875
10338279,K03216.01,0,5.660274452,134.46727,0.03782083333333333
4851239,K04851.01,0,1.23512429,132.00059,0.1758333333333333
5009688,K07713.01,0,1.381257093,131.84079,0.046875
10057494,K03234.01,1,2.41810158,132.38894,0.08933333333333333
6587796,K03237.01,1,33.4203001,159.1401,0.22112500000000002
9489953,K03238.01,0,58.3437362,169.90401,0.93675
5305240,K03239.01,0,1.070982122,131.98355,0.05229166666666666
9838060,K03314.01,0,23.81578356,141.84883,0.15662916666666665
8554701,K03315.01,1,31.1748311,159.10049,0.15791666666666665
5389632,K07726.01,0,0.474811162,132.20477,0.04870833333333333
9031209,K03316.01,1,47.0568476,161.05864,0.21763333333333335
5951416,K04781.01,0,367.73299,302.3576,0.42324999999999996
4645833,K04783.01,0,0.743495989,132.18904,0.09395833333333332
8940918,K04784.01,0,1.405887031,132.01147,0.049333333333333326
9827596,K04855.01,0,1.45728997,131.5882,0.14925
6206559,K03240.01,0,1.245331397,132.22902,0.10691666666666666
5024429,K07714.01,0,1.52593737,132.6849,0.08158333333333333
9532117,K03241.01,0,8.21429932,135.00609,0.129125
6928906,K03242.01,0,1.54945486,132.47682,0.27908333333333335
9821151,K03243.01,0,8.42943991,132.29198,0.10170833333333332
8073705,K03245.01,1,10.60052083,132.98523,0.18787500000000001
8330548,K01132.02,0,0.9570701,131.7767386,0.11458333333333333
4271474,K03324.01,1,21.8634638,145.2419,0.14758333333333332
5130983,K03325.01,0,86.4392931,144.58294,0.27225
11497958,K01422.04,1,63.3354719,162.6161,0.15212499999999998
11093538,K03326.01,0,14.77820911,144.09725,0.22479166666666664
11044779,K03327.01,0,15.60862948,144.30211,0.2789875
6438379,K04785.01,0,389.14115,309.5721,0.33041666666666664
9145415,K04786.01,0,365.78863,187.5436,0.5316666666666666
4545926,K04787.01,0,2.4826619,133.78028,0.08812500000000001
9396760,K04788.01,0,2.17811908,132.02334,0.06116666666666666
5119619,K04789.01,0,1.11205787,132.01568,0.06079166666666667
9582496,K04858.01,0,224.447413,293.1378,0.20775
3343281,K04860.01,0,21.8660922,138.517,0.08458333333333332
2573108,K03217.01,0,5.09506,132.4511,0.23875000000000002
9885417,K03246.01,1,0.689967868,131.63498,0.0487
3336476,K03247.01,0,1.89132292,132.6489,0.233625
9083564,K03249.01,0,0.918420801,131.58576,0.14720833333333333
7335713,K03250.01,0,0.573709256,131.93854,0.06221666666666667
8331612,K03318.01,1,13.8353959,134.3082,0.20670833333333333
5185765,K07720.01,0,46.9434911,176.32544,0.057
5965819,K03319.01,1,19.5906103,144.65969,0.28104166666666663
5965819,K03319.02,1,8.23983041,137.75528,0.23412499999999997
11294883,K04791.01,0,427.65334,136.2622,0.46541666666666665
3832474,K00806.05,0,412.041857,354.8569,0.23216666666666666
5471566,K04863.01,0,0.9628348,132.1907,0.09412499999999999
5814013,K04865.01,0,1.57017249,132.1034,0.09404166666666666
7117355,K04866.01,0,0.566798364,131.81891,0.13216666666666665
5653072,K03252.01,0,3.22452656,132.50118,0.21483333333333332
2707985,K03253.01,0,1.89127438,132.68059,0.18712499999999999
9899141,K03254.01,0,1.33256944,132.05502,0.16208333333333333
8183288,K03255.01,1,66.6504521,171.18229,0.23933333333333331
11305996,K03256.01,0,55.7002642,152.6957,0.17854166666666665
5965819,K03319.03,1,3.54553077,132.37486,0.17262499999999997
6859801,K03321.01,0,10.882416555,132.677164,0.2278083333333333
7767733,K03322.01,0,25.19830439,142.2240343,0.216425
5201593,K07721.01,0,0.50727675,131.77681,0.09666666666666665
9007609,K04795.01,0,1.316398648,132.2998,0.04870833333333333
11038580,K04796.01,0,419.4596,275.458,0.56375
9509223,K04867.01,0,14.2005007,135.7279,0.218
6720773,K04868.01,0,1.318347743,132.7886,0.036291666666666667
8056651,K04869.01,0,5.5834987,132.562,0.1035
4665991,K04870.01,0,1.12401084,131.64952,0.12716666666666665
10191036,K03218.01,0,1.21374652,131.735,0.14045833333333332
8280511,K01151.03,1,5.24970432,135.46911,0.11441666666666667
10420301,K03257.01,0,45.4333769,172.93877,0.264625
12156174,K03260.01,1,56.6746666,160.44836,0.22983333333333333
4634135,K03328.01,0,63.9005941,189.47344,0.3449541666666667
4736644,K03330.01,1,16.2951259,144.80425,0.15325
5876805,K03331.01,0,18.173045009,355.230984,0.4546375
5818068,K03332.01,0,14.12678065,137.90377,0.24709583333333332
10139390,K04798.01,0,358.56462,151.8698,0.485
5273713,K07722.01,0,1.337561836,132.14597,0.06562499999999999
3526331,K04800.01,0,2.23755641,133.0574,0.08704166666666666
11496490,K04872.01,0,1.035268597,131.73249,0.023595833333333333
1430305,K04873.01,0,359.3259,431.3267,0.4098333333333333
7117549,K04874.01,0,0.566805268,131.8224,0.15504166666666666
12055539,K03261.01,1,12.27057043,137.57434,0.12508333333333332
12056139,K03262.01,1,13.2274753,137.71768,0.2648333333333333
4774646,K07707.01,0,0.559517155,132.07411,0.024833333333333332
10030778,K03265.01,0,29.47316279,154.89251,0.26802916666666665
7870282,K04732.01,0,0.580725004,131.73303,0.08629166666666667
11153259,K03200.01,0,1.94468659,133.2347,0.7591666666666665
9021075,K04733.01,1,7.28116667,132.7518,0.11316666666666667
5783938,K04734.01,0,383.10017,286.3372,0.3666666666666667
3445812,K04802.01,0,0.605556082,132.02856,0.0516625
4473613,K04803.01,1,4.36125889,132.53228,0.09058333333333332
8960918,K04805.01,0,1.19087362,131.71838,0.074375
4647662,K04806.01,0,1.06484622,131.5817,0.13695833333333332
9822284,K04807.01,0,0.969824139,132.28429,0.032625
8940700,K04876.01,0,190.60563,229.5171,0.5970833333333333
9850966,K04879.01,0,8.480305,135.8796,0.2579166666666667
8747009,K04880.01,0,410.11676,328.2965,0.5820833333333333
8826007,K03266.01,1,54.5091549,140.82739,0.21354166666666666
8620402,K03267.01,1,14.1959621,137.01221,0.15020833333333333
8379021,K03268.01,0,11.52482874,134.08163,0.07183333333333333
8104030,K03269.01,0,46.84008579,164.134422,0.15915833333333332
5282477,K04736.01,0,0.992798625,131.70889,0.14610416666666665
6681546,K04738.01,0,186.72243,308.6018,0.5562499999999999
6421137,K04739.01,0,118.4039,195.109,0.23304166666666665
9893278,K04740.01,0,182.281992,159.6829,0.3678333333333333
4548162,K04809.01,0,10.0102876,131.8186,0.22208333333333333
7293937,K03211.01,0,1.366964704,132.195909,0.09658749999999999
8043721,K04812.01,0,0.77957913,131.7173,0.102375
7985733,K03219.01,0,0.544561598,131.94532,0.06688749999999999
6522824,K04882.01,0,17.4453133,135.7562,0.21416666666666664
6802536,K04883.01,0,2.9788702,133.5035183,0.3875
4750341,K04884.01,0,1.97515457,132.6578,0.10970833333333332
6612327,K03270.01,0,21.993112,131.68608,0.359
7285757,K03271.01,1,19.5489666,149.78882,0.07416666666666666
5211922,K03273.01,0,27.6853358,132.70397,0.19420833333333332
5280587,K03274.01,1,35.6225528,141.4514,0.20187499999999997
8129005,K04741.01,0,7.1403113,137.9994,0.24545833333333333
4840156,K07709.01,0,2.69487041,131.59964,0.106375
4138008,K04742.01,1,112.303136,230.4383,0.24454166666666666
6468904,K04743.01,0,49.5387264,132.50072,0.09325
5709906,K04744.01,0,3.39155966,134.1211,0.16125
9777556,K04814.01,0,1.33254897,132.0549,0.12845833333333334
10753922,K04816.01,0,18.2260472,133.5798,0.15266666666666667
5980061,K04817.01,0,0.630539713,131.99124,0.07252916666666666
4059887,K04887.01,0,1.018347376,131.69633,0.18275
8288741,K04888.01,0,0.659299289,131.738727,0.02878333333333333
6852354,K04889.01,0,101.97435125,163.8034772,0.09749999999999999
5816811,K01042.02,0,4.45540935,134.4555812,0.1725
5303346,K03275.01,0,37.32483952,143.0389,0.29031666666666667
3858879,K03276.01,0,25.951984,148.92323,0.8577083333333333
3120904,K03277.01,1,42.9136635,139.88848,0.21779166666666666
3342467,K03278.01,0,88.1804682,209.15533,0.20970833333333333
11757451,K04745.01,1,177.668663,264.2428,0.38741666666666663
2711597,K04746.01,0,0.98041685,131.78321,0.03829166666666667
8047428,K04747.01,1,92.263742,146.4247,0.35854166666666665
11513486,K04748.01,1,6.64754478,137.13371,0.08170833333333333
4851283,K07710.01,0,1.23517588,131.9561,0.22816666666666666
5024138,K04819.01,0,0.416995408,132.21942,0.0372
9086001,K04821.01,0,256.52387,366.9377,0.3779166666666667
4927734,K03212.01,0,3.0001191,132.9097,0.27541666666666664
11189311,K03220.01,1,81.4160138,160.86387,0.590625
10031918,K04894.01,0,8.5900471,131.9816,0.14429166666666665
5276332,K07723.01,0,357.82544,255.208,0.37999999999999995
3544640,K03279.01,1,30.8278245,143.1448,0.17558333333333334
10653179,K03280.01,1,47.1607932,150.25797,0.16679166666666667
12066569,K03282.01,1,49.2768448,157.02073,0.15779166666666666
6497146,K03284.01,1,35.2330694,135.36477,0.15308333333333332
8625813,K03285.01,0,45.3965379,136.9486,0.15941666666666665
4651399,K07698.01,0,508.807642,368.34861,0.18729166666666666
9953575,K04751.01,0,362.69427,154.1124,0.4041666666666666
7887890,K04752.01,0,370.35639,425.9854,0.53125
4544628,K04753.01,0,0.729724346,132.04276,0.11245833333333333
7052511,K04824.01,0,0.821472455,132.3003,0.10137499999999999
4764774,K04825.01,0,1.29019586,132.11311,0.15587499999999999
9910828,K04897.01,0,8.48032079,135.85214,0.24129166666666668
11867608,K04899.01,0,227.6258,143.8206,0.39458333333333334
8016691,K03286.01,1,18.1373788,136.8106,0.16016666666666665
6584273,K03287.01,1,51.1104797,143.77855,0.3213333333333333
5768816,K03288.01,1,47.9869119,160.65401,0.2225833333333333
3644071,K01192.02,0,359.047933,295.76934,0.6932083333333333
5360974,K03289.01,0,29.8042694,150.6786,0.12945833333333334
4670267,K07699.01,0,1.003049079,132.372429,0.33190416666666667
7435780,K04757.01,0,0.933157032,132.35981,0.10891666666666666
8938937,K04758.01,0,37.1083458,166.2453,0.17133333333333334
10556180,K04828.01,0,1.02104719,131.5654,0.26625
12401132,K04829.02,0,12.083457,134.475,0.14733333333333332
8308070,K04830.01,0,401.5907,172.2086,0.6154166666666666
6956136,K03221.01,0,53.912783631,132.2733337,1.8354333333333335
10661917,K04901.01,0,1.23142395,131.7651,0.09108333333333332
7799701,K04903.01,0,386.828262,177.56829,0.21020833333333333
6233483,K03291.01,0,15.8733803,135.62779,0.3111333333333333
5392871,K03292.01,0,42.3991752,151.96105,0.302125
3858851,K03293.01,0,25.95198823,154.88102,0.6084166666666666
3858917,K03294.01,0,25.9522401,148.91634,0.8672083333333332
4466356,K03295.01,0,14.12809896,137.11989,0.09691666666666666
9474232,K04760.01,0,13.6917833,133.78898,0.17491666666666666
3859151,K04761.01,0,25.95633,154.7054,1.0975
11456279,K03204.01,0,0.572937573,131.69432,0.10733333333333334
5398002,K03213.01,0,14.15849823,134.0065,1.9315
6680911,K04831.01,0,207.471349,254.0825,0.3112083333333333
10356124,K04832.01,0,12.3748247,138.0615,3.7504166666666667
6286161,K03501.01,0,14.541781166,144.269401,0.37979583333333333
5385471,K03502.01,0,12.4261177,141.51156,1.1889874999999999
6368175,K03503.01,1,21.1876185,148.8101,0.15375
5471158,K03504.01,0,12.42560404,141.5345371,0.9975083333333333
4847843,K03505.01,0,30.9604688,156.1377,0.6246666666666667
5120225,K07717.01,0,1.041619932,131.836717,0.3384083333333333
9656543,K03588.01,0,2.544594443,135.040236,0.13390541666666667
10751515,K03589.01,0,56.40651043,138.309825,0.7680499999999999
3348093,K03590.01,0,7.964400574,131.563644,0.18650416666666664
6182846,K03591.01,0,6.399101307,134.702264,0.1976625
4939346,K01873.02,1,34.9168399,157.6693,0.30595833333333333
6442602,K07778.01,0,0.56678228,131.8571,0.19687499999999997
9851126,K03592.01,0,8.480303653,135.854594,0.3120445833333333
11455428,K03365.01,1,22.1270885,144.93039,0.18633333333333335
10484409,K03366.01,0,10.6784787,140.159,0.09612499999999999
5796185,K03369.01,0,42.559265547,161.57039,0.14026083333333333
3945802,K03435.01,0,24.2157996,133.4661,0.18162499999999998
6265665,K03436.01,1,44.2018402,163.21471,0.20620833333333333
4645174,K03437.01,1,15.0330623,131.89493,0.2635833333333333
8719419,K03506.01,0,12.62530918,140.0602,0.13179166666666664
9028474,K03510.01,0,124.93576738,177.686517,0.31503333333333333
4349442,K01803.02,0,12.720298433,140.3669017,0.10249583333333334
3644542,K03511.01,0,119.67980316,176.106325,1.3413666666666666
6182849,K03512.01,0,6.399107136,134.7016363,0.2174920833333333
9851142,K03513.01,0,8.480304281,135.854534,0.31089958333333334
3442054,K03593.01,0,117.6813778,147.206961,0.5316291666666666
4079530,K03594.01,0,17.72722648,144.070402,0.1724
6445531,K07779.01,0,1.71024931,131.6423,0.11804166666666667
10677186,K03595.01,0,100.40132734,216.083194,0.40598333333333336
9025914,K03596.01,0,11.320287875,131.803042,0.20092458333333332
9366988,K03597.01,0,1.219034103,132.100694,0.10205833333333332
11657614,K03370.02,1,5.94228603,133.804,0.090375
9785921,K03372.01,1,26.7575866,137.28717,0.24408333333333332
3102000,K03373.01,0,57.0599992,164.25706,0.31095833333333334
6599975,K03438.01,1,14.5565618,141.03671,0.18975
8266276,K01731.02,0,0.837898153,131.98187,0.08766666666666667
5887316,K07747.01,0,0.603086711,131.664075,0.045287499999999994
4282191,K03439.01,1,41.7084063,153.53793,0.3569583333333333
3559860,K03440.01,1,33.0257179,161.01,0.2513333333333333
10651945,K03441.01,0,25.366990665,138.8144224,0.24814999999999998
7117003,K03514.01,0,428.32173928,276.530352,1.6916333333333333
3240159,K03515.01,0,82.137609997,196.1225133,0.25495999999999996
6147851,K07766.01,0,3.06026014,132.762,0.10604166666666666
9658118,K03516.01,0,24.0612744,138.38747,0.8309916666666666
7132542,K03517.01,0,66.36099916,168.379642,0.8358916666666666
8589754,K03518.01,0,8.939461148,133.013944,0.25797333333333333
3757590,K03520.01,0,135.58607679,177.9285627,0.23093375
2437149,K03598.01,0,18.79862195,138.028268,0.31159166666666666
9715925,K03599.01,0,6.30828538,134.379945,0.10359708333333334
9529733,K03600.01,0,4.80912667,134.07939,0.3305458333333333
9613070,K03601.01,0,2.33211505,132.19683,0.12363458333333333
9967771,K01875.02,1,0.53835407,131.64999,0.0626875
10845188,K03602.01,0,249.36211832,279.658296,0.3481625
5709103,K07736.01,0,0.664727127,131.63516,0.06504166666666666
6705026,K03374.01,1,9.5084871,140.5602,0.18216666666666664
6779726,K03375.01,1,47.0563327,173.9653,0.20029166666666667
3098843,K03376.02,0,179.85022331,225.3762426,0.12291666666666667
7288306,K03443.01,1,96.169569,170.2581,0.31233333333333335
5887393,K07748.01,0,1.55090374,131.61966,0.12616666666666665
11860395,K03445.01,1,82.303914,159.0461,0.6418333333333333
5456023,K03521.01,0,131.97827736,179.588119,0.29790875
6187888,K07768.01,0,0.789171236,132.12333,0.07225
9529744,K01806.02,1,17.9346606,138.21679,0.26041666666666663
12021387,K03522.01,0,241.07074582,223.9933126,0.4120262499999999
8044608,K03523.01,0,106.17593813,234.6409876,0.4340333333333333
8760135,K03524.01,0,184.6467208,151.98458,0.7911208333333333
4073707,K03525.01,0,6.282033445,131.590793,0.34907083333333333
5730394,K03603.01,0,5.519188936,134.470023,0.2972958333333333
6956216,K03604.01,0,4.818863794,131.677655,0.2609375
6137704,K03605.01,0,178.26802035,255.351351,0.24435874999999999
10275074,K03606.01,0,2.181555909,133.48675,0.18405791666666665
9110346,K03607.01,0,0.895276162,131.6225645,0.12715833333333332
10259301,K03608.01,0,244.83274973,285.7025679,0.18208375
2995392,K03379.01,1,30.4544418,140.76863,0.28733333333333333
3120308,K03380.01,0,10.26558924,136.49645,0.161625
9991621,K03382.01,0,18.9257333,145.5267,0.2562083333333333
8078502,K03383.01,1,37.8862977,133.03141,0.21741666666666665
2852528,K03446.01,0,11.9615433,131.895,0.130375
7032421,K01747.02,0,0.56683399,131.7800607,0.03125
10798838,K03449.01,0,62.127677128,172.0663,0.21875208333333332
8560940,K03450.01,0,31.9730649,133.8409,0.36966666666666664
10292238,K03526.01,0,143.1188694,266.359224,0.7004541666666666
8733497,K03527.01,0,76.81985465,188.1256603,0.21510374999999998
4255422,K03528.01,0,165.40574995,141.5762383,0.5681791666666667
9837544,K03529.01,0,71.661915163,172.9074598,0.264045
7877824,K03530.01,0,9.44942685,136.026498,0.26679291666666666
6469946,K07781.01,0,0.715802309,131.690348,0.06494166666666666
6947164,K03531.01,0,70.58284717,190.4997847,0.36715375
6233903,K03609.01,0,2.995357359,132.796981,0.2741254166666667
7212066,K03610.01,0,3.840485025,134.446386,0.11913333333333333
7212066,K03610.02,0,1.92027188,132.5246606,0.11041666666666666
6675060,K03611.01,0,10.443341795,133.62903,0.16419875
5716508,K07737.01,0,4.75307877,134.5462132,0.09791666666666667
10518735,K03612.01,0,19.515013291,136.215942,0.19140791666666668
6975129,K01628.02,1,1.772451066,132.08668,0.10246666666666666
8644365,K03384.02,1,19.9158863,139.36828,0.2579583333333333
9489947,K03385.01,0,54.061328105,181.788127,0.18675958333333334
6960487,K03386.01,0,34.525990182,150.102207,0.1863725
6309264,K03387.01,0,14.2821417,136.32946,0.08616666666666667
7021177,K03452.01,0,18.64532882,147.207512,0.15162208333333332
7122259,K03454.01,0,20.882125422,146.5689626,0.3347354166666666
6364582,K03456.01,1,30.8609783,138.31416,0.17566666666666667
6190535,K07769.01,0,3.652810043,134.7903032,0.06305
9834257,K03457.01,0,15.65134872,132.81191,0.1731375
9529744,K01806.03,1,8.37159554,137.68075,0.21883333333333332
10748621,K03532.01,0,286.1755875,314.101583,0.6709375
4824268,K03533.01,0,152.15144795,215.015903,1.1192166666666665
6527016,K07783.01,0,0.542636318,131.95581,0.05223333333333333
6431670,K03534.01,0,29.911334059,153.595491,0.30288166666666666
7376500,K03535.01,0,5.877122485,136.42083,0.19652291666666666
9636559,K03618.01,0,10.636305846,139.783159,0.21550499999999997
8095110,K03619.01,0,2.1032389,132.868177,0.26989166666666664
11499263,K03620.01,0,46.698200933,167.6984656,0.14877041666666665
10328393,K01905.02,1,15.99560373,144.2399,0.144625
9775253,K03621.01,0,4.39451798,133.62094,0.12302916666666666
3858988,K03388.01,0,25.9518795,148.92549,0.8987083333333332
10798605,K03390.01,0,56.048096688,159.1678042,0.16851125
5895083,K07751.01,0,2.25161215,131.54653,0.0875
9714123,K03392.01,0,50.35545898,136.9113798,0.22994291666666666
6118370,K03458.01,1,14.0328775,138.0603,0.27849999999999997
2717158,K03459.01,1,13.2226149,144.295,0.1807083333333333
6198256,K07770.01,0,3.54828691,131.83563,0.13670833333333332
2437112,K03461.01,0,18.79852,138.02082,0.19979166666666665
7987086,K03536.01,0,156.51657398,278.137378,0.5094124999999999
7374746,K03537.01,0,1.366946478,132.204582,0.14070875
8668810,K03538.01,0,313.09275066,424.715381,0.5976958333333333
6519865,K07782.01,0,0.566813677,131.78895,0.10241666666666667
8868907,K03539.01,0,157.32263943,222.900363,0.9134666666666666
3865298,K03540.01,0,9.53040216,138.232917,0.24825375
10091110,K03627.01,0,4.218512654,133.506768,0.15122458333333333
10091110,K03627.02,0,8.529991199,137.654769,0.16647499999999998
3542574,K03628.01,0,3.47140045,133.750744,0.06458333333333333
3544694,K03629.01,0,1.922862476,132.735702,0.14414166666666667
11521793,K00352.02,1,16.00747237,142.63787,0.05279166666666666
9085563,K03393.01,1,54.6493679,176.0447,0.33175
11337372,K01650.02,1,100.8276725,216.38757,0.34958333333333336
5952448,K07753.01,0,0.905675699,132.20066,0.070875
11874338,K03464.01,0,15.9750417,135.71533,0.14787499999999998
9763612,K03465.01,1,16.0505464,141.73408,0.132125
6199716,K07771.01,0,0.805267592,132.09128,0.03695833333333333
9468384,K03466.01,0,11.082622625,746.1967676,0.27607666666666664
8868364,K03541.01,0,421.42848194,262.2889053,0.3585195833333333
10092312,K01823.02,0,1.096587245,132.51421,0.12619583333333334
3964545,K03542.01,0,3.012476415,132.2466206,0.13829291666666665
9656397,K03543.01,0,204.74104758,202.871314,0.8556541666666666
5444491,K07727.01,0,0.759740194,131.82001,0.13549999999999998
3735629,K03544.01,0,4.664186517,133.670668,0.16932916666666667
8244173,K03545.01,0,1.092066399,132.1028432,0.12400333333333333
6546508,K03613.01,0,3.053578643,133.878843,0.134535
9886224,K03614.01,0,2.992662857,131.893219,0.10524166666666665
3735634,K03615.01,0,4.664188563,133.670244,0.15720833333333334
5730380,K07738.01,0,0.954873008,131.851983,0.04422083333333333
6058875,K03616.01,0,0.56493412,131.7871403,0.10734208333333334
10735564,K03617.01,0,1.674984844,131.793034,0.20505583333333333
3561464,K03398.01,1,7.31945294,137.22065,0.203375
3561464,K03398.02,1,35.8007112,144.92169,0.3424583333333333
5962509,K07754.01,0,0.790049989,132.11148,0.11641666666666667
6359802,K03399.01,0,14.15402615,144.17685,0.17145833333333332
7121885,K03467.01,0,33.93754213,147.182401,0.4653208333333333
5213404,K03468.01,1,20.7057153,139.9803,0.40325
6205566,K07772.01,0,3.7228679,134.635,0.39820833333333333
11551692,K01781.03,1,58.0198583,151.85007,0.22283333333333333
7287391,K03546.01,0,4.286103033,134.590777,0.11009166666666666
6756202,K03547.01,0,290.7778719,393.511387,0.5021875
10215869,K03548.01,0,5.017239915,134.490136,0.18171916666666665
5456319,K07728.01,0,0.937923475,132.34501,0.13183333333333333
2307206,K03549.01,0,204.0329342,253.536626,0.7317625
7025540,K03550.01,0,2.148219541,132.76673,0.12253791666666666
7620844,K03551.01,0,58.621578824,178.5674958,0.35540041666666666
6677267,K03622.01,0,3.125821128,134.479684,0.09234583333333332
7732791,K03623.01,0,1.032068851,131.8383,0.08893333333333332
5736801,K07739.01,0,6.6751871,137.4528,0.09883333333333333
8177798,K03624.01,0,1.450205839,131.985523,0.15155416666666666
10489521,K03625.01,0,3.224486463,131.855925,0.19236916666666665
12643582,K03626.01,0,44.14579777,167.392037,0.17033333333333334
9328641,K03400.01,0,33.3239576,132.58989,1.5507083333333331
5991070,K07756.01,0,0.94102954,131.9021,0.18395833333333333
5531953,K01681.02,1,1.992812339,131.70565,0.08608333333333332
3757778,K03402.01,0,36.514374043,163.794463,0.27010625
11754430,K03403.01,1,39.818832,166.65072,0.4482083333333333
9995771,K03470.02,1,25.4337864,143.1302,0.27141666666666664
11875511,K03471.01,0,67.451045,151.96756,0.37244583333333336
5213230,K03474.01,1,52.6095103,158.6253,0.34175
3326377,K01830.02,1,198.7106251,156.51819,0.35991666666666666
6233466,K03552.01,0,15.873380595,143.859941,0.3351208333333333
11249624,K03553.01,0,65.583665567,182.6493381,0.20883999999999997
6426592,K03554.01,0,394.67816267,346.1399939,0.25226791666666665
8491745,K03555.01,0,111.31980522,226.648705,0.9586583333333333
3970117,K03556.01,0,110.29512684,235.750948,0.6889124999999999
11147814,K03334.01,0,95.178317934,224.596785,0.1500520833333333
10922659,K03335.01,1,31.2543238,155.047,0.23591666666666666
8892720,K03336.01,0,61.4911479,163.633663,0.40604166666666663
6021275,K00284.04,1,110.2867031,239.22128,0.1844583333333333
7869917,K01525.02,1,11.8061737,138.2641,0.18633333333333335
11754430,K03403.02,1,6.15828666,135.4969,0.2637083333333333
6032920,K07757.01,0,10.828825742,134.9251984,0.0303125
8409295,K03404.01,1,82.292865,212.0314,0.29366666666666663
7131760,K03407.01,1,92.436978,163.5794,0.268
9468382,K03409.01,0,11.08260553,136.6562,0.25958333333333333
6145201,K03475.01,0,22.7832776,145.53344,0.17475
5986209,K03476.01,0,23.737952838,147.006678,0.3545075
9226339,K03477.01,0,21.4618453,132.2156,0.23645833333333333
6525209,K03479.01,0,75.13194883,184.429462,0.8697041666666667
5534965,K03557.01,0,243.82122131,159.4958018,0.4554666666666667
5512513,K07730.01,0,0.77459856,132.3192077,0.11291666666666667
9965206,K03558.01,0,16.227548674,136.6397289,0.21194416666666666
4247023,K03559.01,0,47.189437,148.044865,0.4814583333333333
4848423,K03560.01,0,1.501760172,131.5669078,0.24396625
11403216,K03561.01,0,4.05325447,134.744552,0.16714999999999997
11853878,K01833.02,1,7.68433346,133.36007,0.059775
5774375,K07740.01,0,1.549979213,132.675027,0.3164375
8263752,K03338.01,0,10.99381963,133.253208,0.15787083333333332
8263752,K03338.02,0,10.9938087,138.80624,0.2100125
9285265,K03410.01,1,16.5860329,133.28136,0.2934583333333333
5780930,K03412.01,1,16.7525077,131.59834,0.13224999999999998
4164393,K03413.01,0,49.612757516,165.9984372,0.29483458333333334
7288444,K03482.01,1,15.3317719,142.5217,0.22779166666666664
10881457,K03484.01,1,84.704139,152.1832,0.43304166666666666
5513861,K07731.01,0,0.755105584,131.8133513,0.2093225
9948002,K03562.01,0,101.26336282,214.125128,0.7456291666666666
5264304,K03563.01,0,120.58167178,248.238772,0.3454333333333333
10960995,K03564.01,0,1.558544209,131.567665,0.14052916666666665
9592575,K03565.01,0,2.63757408,131.575561,0.24844166666666667
7898576,K03566.01,0,8.64636188,135.46223,0.3640029166666666
5806800,K07741.01,0,125.288206,252.0979,0.1539583333333333
11671429,K03567.01,0,112.46358893,197.557702,1.3261375
5392897,K03342.01,0,42.39930429,354.461453,0.7650375
5282049,K01545.02,0,5.91039905,132.7277844,0.16041666666666665
11810124,K03344.01,1,11.6044881,139.05603,0.14204166666666665
6023859,K03414.01,0,27.009807384,141.2897316,0.08195749999999999
3433668,K03415.01,1,15.0219784,143.6989,0.21116666666666664
7503885,K03417.01,1,91.078624,213.7723,0.42933333333333334
3629330,K03418.01,1,85.272459,182.3725,0.5545833333333333
5471289,K03485.01,0,12.42592675,141.5292956,1.2154208333333334
9783760,K03487.01,0,89.7398137,205.26465,0.13598791666666665
9528430,K03489.01,0,90.08255562,173.987561,0.8220875
5529552,K07732.01,0,0.759768478,131.78573,0.11766666666666666
8882847,K03490.01,0,42.2011587,172.4344,0.3532916666666666
9773869,K03568.01,0,15.65129028,132.81543,0.2817958333333333
6707942,K03569.01,0,9.014220178,131.549902,0.11518374999999999
5023948,K03570.01,0,1.824653341,132.883177,0.17729666666666666
5113053,K03571.01,0,3.185090259,133.294014,0.2000783333333333
5817957,K07742.01,0,372.76888,377.6144,0.9695833333333332
11853878,K01833.03,1,5.70940795,137.12208,0.06758333333333333
4743508,K03572.01,0,2.086076372,133.416141,0.10013333333333332
11810124,K03344.02,1,3.63898953,131.78562,0.09383333333333332
11303322,K03345.01,1,38.1303324,159.3878,0.27208333333333334
11241912,K03346.01,1,14.42735088,138.84024,0.202375
8824737,K03347.01,1,12.90235874,139.15105,0.10191666666666667
9349757,K03348.01,1,36.4337867,132.90573,0.18283333333333332
11519134,K03419.01,0,58.5850357,140.799676,0.14974583333333333
7703955,K01707.02,1,265.47847,151.0673,0.4283333333333333
8552719,K01792.02,0,1.546222068,132.45951,0.33325
12164634,K03491.01,0,89.3313828,204.18503,0.496625
5193077,K03492.01,0,22.2941485,146.4526,0.13283333333333333
8880123,K03493.01,1,46.7162336,145.5064,0.30245833333333333
10068919,K03573.01,0,43.56225858,153.270753,0.15363749999999998
7353970,K03574.01,0,198.443477,155.615557,0.41573333333333334
12316447,K03575.01,0,17.907664726,139.743761,0.23277166666666665
5823557,K07743.01,0,2.4044122,133.2244,0.190625
10491554,K03576.01,0,22.77196484,140.4865,0.34781666666666666
9785454,K03577.01,0,184.52015392,237.698721,0.63985
8636333,K03349.01,1,82.175197,197.20187,0.361
7136958,K03350.01,0,29.015852933,138.402477,0.29993499999999995
1995732,K03351.01,0,77.36241476,139.095626,0.5054875
6069674,K07761.01,0,495.71095,450.0348,0.18808333333333332
8081239,K03352.01,1,10.35857039,138.30794,0.107375
3745559,K03423.01,1,30.2541186,136.63873,0.08891666666666666
8356054,K03424.01,0,17.081202417,134.296431,0.30025708333333334
9117416,K03425.01,1,20.034708,145.4541,0.27041666666666664
9117416,K03425.02,1,3.15722086,131.69915,0.15675
7517261,K03496.01,1,23.2385587,143.5274,0.35133333333333333
5653795,K07734.01,0,118.314913,215.6117,0.19958333333333333
8424002,K03497.01,1,20.35971899,134.29123,0.08967083333333332
8635938,K03498.01,0,43.798566,172.58505,0.2667083333333333
10464666,K03578.01,0,131.73630485,194.5833896,0.22019833333333333
5024292,K03579.01,0,4.301031137,134.44907,0.23550583333333333
4659255,K03580.01,0,198.01379181,234.151682,0.40528041666666664
8263746,K03581.01,0,10.9938268,138.805226,0.21144166666666667
10657406,K01837.02,1,1.682934607,131.96807,0.078525
3428468,K03582.01,0,114.90862419,199.450746,0.3193320833333333
7091432,K03353.01,1,11.55532445,134.12977,0.14579166666666665
6368230,K03356.01,1,26.0841212,149.4437,0.25587499999999996
7115291,K03357.01,0,52.802767576,167.270294,0.2341
9907505,K03427.01,0,39.206808648,142.4611109,0.2602920833333333
9027909,K03428.01,1,64.6589166,170.17972,0.32125
6369845,K07777.01,0,27.6760342,144.9833,0.17641666666666667
9230021,K03429.02,1,8.74192361,135.42727,0.17645833333333333
9230021,K03429.03,0,26.936878,157.7573,0.20704166666666668
3662838,K00302.02,0,53.34418038,170.0739545,0.15083333333333332
5471688,K03499.01,0,12.4281308,141.4385,0.28291666666666665
8552719,K01792.03,1,9.10969334,133.06566,0.2215875
5471688,K03499.02,0,0.96283264,132.20087,0.12279166666666666
6058816,K03500.01,1,73.7502765,188.52221,0.5545416666666666
5130740,K03583.01,0,210.30644361,285.127394,0.27861041666666664
9892471,K03584.01,0,8.268081087,135.0563298,0.14462624999999998
2019076,K03585.01,0,3.564614021,131.86235,0.14341833333333331
5879448,K07745.01,0,533.47707,245.3651,0.9879166666666667
7376490,K03586.01,0,5.877122413,136.420718,0.15570416666666664
11968513,K03587.01,0,1.036592635,132.089146,0.10031208333333333
7866921,K03360.01,0,91.4999978,182.769045,0.8159083333333333
6619815,K03361.01,1,65.9407869,231.97155,0.32399999999999995
6113752,K07763.01,0,406.45737,230.8834,0.39808333333333334
3098197,K03362.01,0,30.47639859,156.24007,0.7488666666666666
11651712,K03363.01,1,14.53260546,140.4685,0.10088333333333332
9896558,K01718.02,1,153.348739,190.5347,0.5085416666666667
7045605,K07808.01,0,361.526458,339.3304,0.2894583333333333
8738775,K03432.01,1,48.0506878,140.514,0.33329166666666665
7877818,K03816.01,0,9.44942628,132.45174,0.26276666666666665
5636642,K03817.01,0,0.933489066,132.101834,0.059109999999999996
6515722,K03818.01,0,1.908525084,131.77571,0.1737083333333333
6679504,K07788.01,0,0.798467681,132.04627,0.03583333333333333
5560831,K03819.01,0,0.867721348,132.161646,0.2032625
5305404,K03820.01,0,161.252567,189.10238,0.9844166666666667
3728432,K03893.01,1,3.90863457,133.92971,0.07376666666666666
6696580,K02092.03,1,77.086191,202.7483,0.19874999999999998
5473535,K03894.01,0,1.673662758,131.67166,0.09639583333333332
12106934,K03895.01,0,5.93717724,135.95682,0.22312500000000002
6222898,K03896.01,0,3.89043062,132.7665,0.2748333333333333
3955866,K03897.01,0,16.8282542,296.233,1.6290833333333332
11200767,K03667.01,0,2.489549075,132.045037,0.10143749999999999
9892816,K01955.03,1,1.644221032,131.75241,0.12134166666666665
8589731,K03668.01,0,4.469731089,133.011683,0.21904166666666663
4356766,K03669.01,0,1.731803197,132.887574,0.23667916666666666
2167890,K03670.01,0,2.64830047,133.034879,0.10997916666666666
5384079,K02011.02,1,17.2653659,135.3549,0.20916666666666664
4935914,K03743.01,0,3.486318703,134.87329,0.11626666666666666
11303811,K03744.01,0,1.705780649,133.15662,0.06779583333333333
2437783,K03745.01,0,7.45306683,131.76434,0.19840416666666666
12062660,K03746.01,0,2.929299629,133.71721,0.29591666666666666
9777087,K03747.01,0,5.50811352,134.32603,0.12298333333333333
5956776,K03821.01,0,0.569115097,132.020841,0.14595
8883727,K03822.01,0,2.529073751,133.390989,0.07844583333333333
6516874,K03824.01,0,0.916326699,131.80905,0.13094583333333332
11709124,K00435.03,1,33.0405509,161.22146,0.14005416666666665
9161118,K03898.01,0,1.306723495,132.53576,0.27525
3556229,K03899.01,0,0.7967202,132.288291,0.17721
11911580,K03900.01,0,359.102042,393.8542,0.7062083333333333
9480535,K03901.01,1,160.130899,203.47424,0.5739583333333333
10583225,K03902.01,0,2.69634575,132.9969,0.15770833333333334
5215251,K03903.01,0,2.553924603,131.94769,0.40979166666666667
10383696,K03671.01,0,8.487871809,134.495278,0.17492875
9777090,K03672.01,0,5.50817321,134.32367,0.15352083333333333
11455484,K03673.01,0,6.142812722,135.16085,0.2531291666666666
2446623,K03674.01,0,175.06586091,179.043787,0.18825416666666664
9596089,K03675.01,0,20.8392148,133.49781,0.09717083333333333
5738506,K03676.01,0,9.50158045,131.97492,0.21125416666666666
9777087,K03747.02,0,19.226055,132.6309,0.12287499999999998
4247807,K03748.01,0,2.050435466,133.288776,0.33384166666666665
7700590,K03750.01,0,1.507101452,132.092456,0.21668749999999998
9053086,K03751.01,0,1.274841686,131.623318,0.14959583333333332
3128552,K02055.02,1,4.02582434,135.42508,0.11691249999999999
5467113,K03825.01,0,2.845746618,134.276987,0.5446624999999999
8240123,K03826.01,0,2.30120705,132.18748,1.045
5114623,K03827.01,0,337.377514,336.53604,0.5056666666666666
5114623,K03827.02,0,389.28075044,310.5901867,0.5216666666666666
10031907,K03828.01,0,8.58965725,132.01852,0.3741375
5480736,K03904.01,0,8.56751264,136.06104,0.22704166666666664
8487748,K03905.01,0,1.061934313,131.72596,0.13308333333333333
9892856,K03906.01,0,2.406574511,133.73667,0.14325833333333332
7137213,K03907.01,0,28.64338839,141.22933,0.051024999999999994
6795089,K07792.01,0,96.231257,217.00033,0.10366666666666666
3340313,K03677.01,0,30.5528701,143.348399,0.22236250000000002
9892816,K01955.04,1,26.2347447,141.99379,0.14733333333333332
4150804,K03678.01,1,160.88451966,277.504342,0.4532125
5021174,K03679.01,0,4.04506346,132.232226,0.13425916666666665
9025971,K03680.01,1,141.2415405,256.205347,0.28185416666666663
2581316,K03681.01,1,217.83184293,238.820035,0.88775
6314185,K03752.01,0,1.433262145,132.822323,0.23464999999999997
8620561,K03753.01,0,0.782046543,131.674244,0.08280833333333333
8937019,K03754.01,0,5.663604992,133.892182,0.059512499999999996
9896435,K03755.01,0,18.076610347,146.256704,0.13081666666666666
10352938,K03756.01,0,6.47173281,136.35537,0.29984999999999995
10676927,K03830.01,0,1.031100362,131.87473,0.12399583333333333
5649836,K03831.01,0,0.597933142,131.95669,0.14463874999999998
7620660,K03832.01,0,5.36652724,134.86398,0.348625
3836399,K03834.01,0,1.540392098,131.9989,0.15529583333333333
2581554,K03835.01,1,47.1484324,175.2689,0.1306125
3128552,K02055.03,1,2.50475282,133.63645,0.09899999999999999
10363115,K03908.01,1,59.3627946,184.14711,0.5821666666666666
10491062,K03910.01,0,2.199076661,133.06147,0.25458333333333333
9761615,K03911.01,1,1.79110997,131.95636,0.08715416666666666
4058881,K03912.01,0,7.77241144,132.58122,0.21966666666666668
2581316,K03681.02,1,10.51421162,134.56738,0.16154166666666664
8621353,K03682.01,0,11.344347453,138.811996,0.24890833333333331
10795103,K03683.01,1,214.3120439,336.330158,0.6789083333333333
9394601,K03684.01,0,0.876826336,132.0647202,0.15040416666666667
8494410,K03685.01,0,208.86909724,273.692419,0.19044583333333334
8494410,K03685.02,1,7.2593226,131.71082,0.2558083333333333
6863161,K03757.01,0,1.98663794,133.311523,0.1982708333333333
7840035,K03758.01,0,13.54208867,144.00206,0.2058583333333333
8543279,K03759.01,0,7.549303633,135.010802,0.09860416666666666
8047283,K03760.01,0,0.77544539,132.072938,0.07818333333333333
7090867,K07810.01,0,308.255238,282.4555,0.49829166666666663
7612691,K03836.01,0,3.46724809,133.90269,0.45875
9761573,K03837.01,0,7.4413445,137.3429,0.11980833333333332
8042789,K03838.01,0,4.618309224,135.85023,0.15313333333333332
10095484,K03839.01,0,0.677761275,131.625946,0.15452083333333333
5467102,K03840.01,0,2.845739012,134.279738,0.49719583333333334
6780367,K07789.01,0,175.358905,212.2454,0.22249999999999998
5471496,K03914.01,0,12.42618005,141.50486,1.1747874999999999
4544620,K03915.01,0,2.189090653,132.08535,0.2170583333333333
5784777,K03916.01,1,5.33905606,132.14193,0.06839583333333332
6863187,K07794.01,0,1.99492332,133.4406,0.24574999999999997
6949061,K01960.02,1,23.2218115,151.06904,0.11433333333333334
9719636,K03686.01,0,3.351573993,134.28062,0.11982499999999999
2452440,K03687.01,0,8.097050622,138.423529,0.2364
5020034,K03688.01,0,2.119107262,132.58903,0.3141
6974867,K07800.01,0,0.887691177,132.36711,0.06849999999999999
7102316,K02028.03,1,142.545,202.88,0.3645833333333333
11518142,K03762.01,1,240.7990472,334.14037,0.6944166666666667
3114667,K03763.01,0,0.888584158,132.100098,0.09375499999999999
12109845,K03765.01,0,0.865959015,132.053694,0.07940833333333333
3954227,K03766.01,0,0.594276199,131.835238,0.08411666666666667
8651551,K03841.01,0,1.527491117,132.259806,0.3297333333333333
7115550,K07811.01,0,0.566814046,131.79379,0.16870833333333335
9532637,K03842.01,0,0.61496383,132.022402,0.08043875
5305451,K03843.01,0,161.253747,189.0939,1.0550833333333332
7174349,K03844.01,0,2.974163938,132.49312,0.07259583333333333
11824218,K03845.01,0,15.84131693,145.4595,0.07565
10788461,K03925.01,1,9.2075634,135.801,0.14020833333333332
10788461,K03925.02,1,2.5903958,132.3011,0.087
10788461,K03925.03,1,5.3235335,133.0952,0.11308333333333333
11667548,K03926.01,0,0.831741499,132.074741,0.09570833333333334
8868649,K03927.01,0,4.44737112,133.84048,0.8104166666666666
9715939,K03690.01,0,12.893018017,141.611199,0.1375120833333333
4751083,K03691.01,0,4.532416322,135.6589,0.13693333333333332
4751083,K03691.02,0,2.26631937,133.3865546,0.13166666666666665
5903301,K03692.01,0,1.160153553,132.145331,0.09018833333333333
7695087,K03693.01,0,4.032760214,133.301891,0.11330833333333332
6200709,K03694.01,0,3.723552982,134.94613,0.14846666666666666
7013923,K07801.01,0,2.21396079,132.5689,0.1438333333333333
5360082,K03768.01,0,11.35501209,133.20478,0.6065416666666666
6543683,K03769.01,0,1.195515251,132.303851,0.21180833333333332
10555365,K03771.01,0,5.80184753,131.77347,0.1647958333333333
5481426,K03772.01,0,2.38404983,133.43927,0.13687083333333333
7983756,K03846.01,0,5.24078259,136.54913,0.21825
7289165,K03847.01,0,5.26641416,131.69998,0.10168333333333332
12784167,K03848.01,1,1.847892736,132.19915,0.07876666666666667
8949316,K03849.01,0,0.604358764,131.68577,0.043429166666666665
8912730,K03850.01,0,11.3775281,132.5848,0.5382499999999999
9784230,K03851.01,0,0.7981968,131.570334,0.09251458333333332
11466960,K03917.01,0,0.695954898,131.89905,0.06120833333333334
3124420,K03918.01,0,0.948951607,132.468516,0.18253749999999996
4649440,K03919.01,0,19.37070781,147.66803,0.09360833333333332
2437488,K03920.01,0,14.46993942,141.81105,0.310625
10083623,K03921.01,0,1.278555003,131.529071,0.0593625
11253711,K01972.02,1,1.226223959,132.6827,0.09037083333333332
8043052,K03695.01,0,2.244600029,133.46529,0.08001666666666667
5435816,K03696.01,0,181.8521773,251.877795,0.24052083333333332
8559589,K03697.01,0,223.1127475,140.947135,0.3736791666666666
4372765,K03698.01,0,15.64064161,140.08502,0.26885
9489524,K02029.03,1,6.8873113,132.0711,0.09225
10268903,K03773.01,0,1.103978,131.573418,0.03083333333333333
7017437,K07802.01,0,43.8496474,157.7544,0.092375
7220320,K03775.01,0,0.752158047,131.793035,0.10113875
9291378,K03776.01,0,3.796488133,135.15079,0.4610791666666666
4949524,K03852.01,0,1.233076007,132.49795,0.5210833333333333
2697935,K03853.01,0,21.5135234,132.3356,3.2492916666666667
6531143,K07784.01,0,19.4444573,147.9093,0.22954166666666667
3550434,K03854.01,0,1.1910489,132.076408,0.05724166666666666
2558370,K03855.01,0,0.546248198,131.585311,0.08783749999999999
5397166,K03856.01,0,1.811966339,132.27828,0.15799999999999997
7024530,K03922.01,0,66.1539783,156.97153,0.24566666666666664
5015459,K03923.01,0,158.3226379,251.75032,0.09117083333333333
11709124,K00435.04,1,3.93276627,134.64964,0.1225125
8505920,K02094.02,1,198.680859,270.66535,0.3450833333333333
1433980,K03924.01,0,1.592634161,132.328769,0.3728666666666667
2438490,K03699.01,0,3.31577795,131.53883,0.17645416666666663
3838496,K03700.01,0,2.990252395,133.110629,0.32692499999999997
6470521,K03701.01,0,2.08043378,131.827041,0.32116666666666666
2449090,K03702.01,0,4.944046127,134.192012,0.18763916666666663
5652260,K03703.01,0,4.464565251,132.311502,0.1675875
2569494,K03704.01,0,1.523298835,132.32762,0.24617916666666664
12405950,K03778.01,0,3.539631353,132.774997,0.06405
5206233,K03779.01,0,6.195861785,134.23422,0.10865833333333333
7031066,K07803.01,0,0.566805514,131.8162,0.18195833333333333
6775985,K03780.01,0,27.961084,133.1759,0.16142083333333332
11357192,K03782.01,0,186.5168116,169.64687,0.13319999999999999
9533489,K03783.01,0,197.1455327,300.176978,0.08810416666666666
11825057,K03857.01,0,0.532087933,131.972409,0.14376166666666665
12306699,K03858.01,0,3.204222652,133.82223,0.11646666666666666
9692336,K03859.01,0,0.687898282,131.595979,0.16516708333333333
9641008,K03860.01,0,2.178154774,132.02433,0.14709166666666665
8588377,K03861.01,0,0.99466172,131.63284,0.06566666666666666
3644601,K03862.01,0,359.00688,295.8649,1.3399999999999999
4242692,K03928.01,1,1.138548215,132.46205,0.08950833333333333
8781480,K03929.01,0,121.0598037,159.3454,0.12966666666666665
6783732,K07790.01,0,0.721335207,131.57505,0.06287499999999999
11607176,K03930.01,0,3.28274272,132.64464,0.37083333333333335
10661718,K03931.01,0,1.231361934,131.80783,0.226375
6105462,K02098.02,1,89.7224125,163.15815,0.4567916666666666
8257205,K01986.02,1,7.12766417,136.00586,0.10379166666666667
6470516,K03705.01,0,2.080431782,131.827995,0.3124875
7770471,K03706.01,0,1.157804607,132.448327,0.19420083333333332
5130380,K03707.01,0,19.979098,137.14659,0.4401583333333333
6314173,K03708.01,0,1.433262401,132.822635,0.2591875
5688997,K03784.01,0,23.8706941,136.9568,0.14504999999999998
7031340,K07804.01,0,0.566769068,131.8681,0.12545833333333334
4073730,K03785.01,0,6.2820426,131.58905,0.330875
2854948,K03786.01,0,0.97430309,132.390205,0.08786666666666666
3644601,K03862.02,0,119.686505,176.0608,1.2220833333333332
8459354,K03863.01,0,53.556625,184.4892,0.6741666666666666
4164922,K03864.01,1,1.210693626,132.39306,0.05975
12061969,K02061.02,1,1.090011003,131.58066,0.0625
10328393,K01905.03,1,34.2115022,154.57508,0.206125
10259029,K03630.01,0,7.061149921,134.558528,0.13896458333333334
8299947,K03631.01,0,2.682767439,131.570648,0.19089291666666666
3335813,K03632.01,0,3.711012492,132.488455,0.13914166666666666
11858741,K03633.01,0,1.780982447,131.520134,0.14290416666666667
6363494,K03634.01,0,1.815632406,131.9113803,0.13990541666666667
2576107,K03709.01,0,205.5833309,234.746256,0.2514708333333333
9532421,K03710.01,0,4.309067482,134.71445,0.09208333333333332
6936966,K07797.01,0,36.4721523,159.7848,0.111375
5653849,K03711.01,0,111.0396205,161.93506,1.0729583333333332
2437060,K03712.01,0,3.187087241,132.8582,0.3037375
8127648,K03713.01,0,1.023470248,131.703274,0.09918333333333332
11564013,K03714.01,0,0.875267982,132.03224,0.066825
9405541,K03788.01,0,5.55260695,132.08428,0.17157499999999998
8906045,K03789.01,0,2.347479696,133.67205,1.09375
7031638,K07805.01,0,1.13353095,132.4414,0.13208333333333333
7296094,K03790.01,0,0.890745373,131.884401,0.0800625
5437945,K03791.01,1,440.7843755,139.3535,0.903875
12009347,K03792.01,0,2.723858181,133.57632,0.059637499999999996
4037163,K03793.01,0,0.635441862,131.966607,0.08261249999999999
5535890,K03865.01,0,3.255189932,134.6015,0.11298749999999999
5215980,K03866.01,0,2.531140101,132.49471,0.8499583333333334
9353742,K03867.01,1,0.938750221,131.68256,0.05653333333333333
9178185,K03868.01,0,2.992704682,133.29518,0.0524375
6290382,K03869.01,0,6.12810722,137.03456,0.11766666666666666
3327992,K03635.01,0,2.115511511,131.99137,0.35464999999999997
5649206,K03636.01,0,2.446736567,133.968534,0.20917083333333333
5193384,K03637.01,0,21.3779536,157.8164,1.0363333333333333
5181804,K03638.01,0,4.350460215,132.27239,0.10531666666666667
10491544,K03639.01,0,22.77194512,133.84261,0.4249791666666667
9101496,K01915.02,1,67.844689,149.5007,0.48987499999999995
11450414,K01992.02,1,27.3214242,154.29833,0.2015
4937143,K03715.01,0,9.84883968,135.993,0.23927083333333332
8719324,K03716.01,0,10.23335969,139.7882155,0.3145833333333333
11241814,K03717.01,0,227.6625222,232.241995,0.22946666666666665
5036537,K03718.01,0,1.06100873,132.521276,0.1113125
9837083,K03719.01,0,0.623393802,131.599128,0.05849666666666667
12557548,K03794.01,1,0.65355361,132.058957,0.06791666666666665
3657758,K02034.02,1,2.3702932,133.6801,0.06941666666666665
7031726,K07806.01,0,0.566793534,131.8368,0.19641666666666668
3338660,K03795.01,0,1.873380717,131.795634,0.42117916666666666
3338674,K03796.01,0,1.87337894,131.796393,0.3805333333333333
5546277,K03797.01,0,7.50023955,137.38848,0.1215
8258160,K03870.01,0,23.6270348,150.0362,0.478375
9752982,K03871.01,0,0.716709897,132.050846,0.031108333333333335
4666008,K03872.01,0,2.248063246,132.75441,0.21373749999999997
8430105,K03873.01,0,63.3278636,165.22656,1.9614333333333331
9517393,K02076.02,1,219.3215562,320.72862,0.5171833333333333
8052474,K03640.01,0,245.4382021,361.302835,0.60425
3534118,K03641.01,0,178.4129899,218.225235,0.122075
3534118,K03641.02,0,178.44973004,217.6718259,0.5358333333333333
2441161,K03642.01,0,2.192004364,132.218114,0.128125
3231120,K03643.01,0,3.900109346,133.380544,0.16265416666666666
12216706,K03644.01,0,1.471060209,132.27522,0.18211666666666665
12216706,K03644.02,0,0.73553763,131.5246162,0.08333333333333333
10735331,K03720.01,0,213.3990406,274.209685,0.2710125
7763269,K03721.01,0,6.40802979,134.0732,0.12203333333333333
5471606,K03723.01,0,0.962835804,132.198475,0.20768333333333333
11200405,K03724.01,0,4.639602084,135.09909,0.14431666666666665
5475736,K03798.01,0,2.991885335,134.17581,0.30966249999999995
9049673,K03799.01,0,1.327471395,131.583734,0.2180583333333333
7031898,K07807.01,0,0.566792595,131.817,0.109875
9593759,K03800.01,0,1.247156944,132.36584,0.11157916666666667
5020044,K03802.01,0,2.119100054,132.59118,0.34234583333333335
11560037,K03874.01,0,1.466535757,131.992658,0.034258333333333335
11911561,K03875.01,0,8.870415578,137.481093,0.053599999999999995
6547322,K07786.01,0,1.49131759,132.1676,0.19670833333333332
3440118,K03876.01,1,19.57783279,131.71421,0.08273749999999999
9159265,K03877.01,0,3.04476607,132.43708,0.3986666666666666
4472818,K03878.01,1,70.9672087,182.66991,0.29009583333333333
5816806,K03645.01,0,4.45543346,134.453921,0.21316666666666664
6531496,K03646.01,0,14.323889947,135.225964,0.20155375
9661869,K03647.01,0,20.427232317,135.862807,0.14434541666666667
9411166,K01922.03,1,105.6552651,230.09865,0.39125
3097352,K03648.01,0,4.029803201,134.422433,0.18458750000000002
6066379,K03649.01,0,1.303858554,131.606872,0.18199875
12154526,K02004.02,1,3.18899015,133.52624,0.11341666666666667
3459199,K03725.01,0,1.570518376,132.340523,0.13347916666666665
6973796,K03726.01,0,115.9943364,139.57168,0.10056666666666667
12023089,K03727.01,0,0.623441636,131.6792187,0.06083375
6286155,K03803.01,0,14.5417471,137.58734,0.2336125
7831363,K03804.01,0,2.81753381,132.8937,0.08979583333333332
8804845,K02039.02,1,0.762132307,131.61542,0.05083333333333333
4663185,K03805.01,0,56.6993107,146.1473,0.2946083333333333
5305471,K03806.01,0,161.252247,189.10948,0.9777916666666666
5560830,K03879.01,0,0.867719291,132.165597,0.26345833333333335
8211824,K03881.01,0,0.84112187,132.164939,0.08512916666666666
5980800,K03882.01,0,0.828326025,132.175806,0.05946708333333334
9592850,K03883.01,0,1.219324537,131.94673,0.19792083333333332
6227560,K03650.01,0,2.401751509,133.711919,0.08681249999999999
5866104,K03651.01,0,36.97709537,133.6264,0.21692916666666665
8256044,K03652.01,0,16.371883638,140.020073,0.14352791666666664
8780968,K03653.01,0,2.617284592,132.390683,0.3981041666666667
6960446,K03654.01,0,10.14873521,136.02501,0.23345833333333332
8264097,K03655.01,0,2.897436854,132.038502,0.13680416666666667
7515679,K03728.01,1,5.546083089,133.50348,0.11320833333333333
9674592,K03729.01,0,6.87366398,136.13966,0.2951875
9674592,K03729.02,0,6.87366412,132.4575658,0.2020833333333333
10879213,K03730.01,0,0.668483494,132.156558,0.1005375
5650314,K03731.01,0,1.070272827,131.835891,0.17851666666666666
6962901,K07799.01,0,0.977170246,132.23783,0.145175
8302302,K03732.01,0,1.135930136,132.396556,0.18764999999999998
10581918,K03807.01,0,1.801863222,132.48449,0.30205
3851949,K03808.01,0,54.77145968,143.74319,1.5494625
9097892,K03809.01,0,1.674690886,132.172107,0.08407916666666666
9351316,K02078.02,1,161.515617,176.49978,0.2728333333333333
4579313,K03884.01,0,2.112405306,132.97515,0.10768749999999999
11614528,K03885.01,0,1.870990236,132.68949,0.0768
8848288,K03886.01,0,5.56648691,133.03305,0.4554583333333333
6590307,K07787.01,0,1.33253834,132.066,0.15570833333333334
5308419,K03887.01,0,1.241483276,132.10028,0.09145833333333332
6312521,K03656.01,0,3.01551943,132.943637,0.1321375
4579321,K03657.01,0,2.112395777,134.034448,0.115475
5202905,K01932.02,1,14.8444836,143.576,0.25379166666666664
1575690,K03658.01,0,2.252417903,132.436339,0.08236249999999999
4386047,K03659.01,0,2.900613144,133.422871,0.15565416666666665
5103998,K03660.01,0,174.7697122,172.472322,0.09820416666666666
9655858,K03733.01,0,31.43284649,138.11259,0.2230875
10275880,K03734.01,0,9.72675447,139.47635,0.8175583333333334
2166200,K03735.01,0,8.096939227,132.646466,0.12013750000000001
3547315,K03736.01,0,0.64234865,131.911078,0.08826666666666666
6933781,K03737.01,0,130.4194187,229.758424,0.17354166666666665
6148271,K03812.01,0,1.78526527,133.1265,0.25930416666666667
5386904,K03813.01,0,4.8591441,132.6666,0.16078333333333333
2997178,K03814.01,0,5.95077813,135.06469,0.2333333333333333
8956206,K02048.02,0,99.673478,219.33483,0.04033333333333333
8260198,K03888.01,0,0.955297055,132.179352,0.07252083333333333
10733174,K03889.01,0,280.476576,299.3871,1.3433333333333333
8564976,K03890.01,0,152.8255989,197.41339,0.9453333333333332
11760860,K03892.01,1,2.41660149,131.53713,0.08207916666666666
7910148,K03661.01,0,4.252082243,134.299947,0.1147625
12459731,K03662.01,0,14.180228311,143.127623,0.18893333333333331
12735740,K03663.01,1,282.5253558,363.071925,0.44985416666666667
4678875,K03664.01,0,1.87887673,133.0741983,0.2753695833333333
7812175,K03665.01,0,17.79391159,134.035628,0.179975
7708193,K03666.01,0,7.942583252,134.817062,0.2942166666666667
5478083,K03738.01,0,15.85231085,142.52451,0.20294583333333333
10857342,K03739.01,0,2.415925551,133.610004,0.4073708333333333
5215700,K03740.01,0,0.656201038,132.0994299,0.17412541666666664
8780959,K03741.01,0,2.617280959,132.391963,0.40254166666666663
5565486,K03742.01,0,1.412524016,131.704429,0.23952458333333332
8453214,K01776.01,0,5.77676732,131.5416,0.28425
8552719,K01792.01,1,88.40678718,176.274619,0.5128291666666667
8556077,K02027.01,0,3.635723653,134.6084,0.09109166666666665
7757698,K07848.01,0,369.181947,399.5169,0.13495833333333332
8625821,K01859.01,0,45.3968385,136.93885,0.18654166666666666
8652999,K01953.01,0,15.160166,136.55982,0.244
12164770,K02088.01,0,2.63009438,132.22517,0.46775
9541322,K02089.01,0,9.40527028,134.55181,0.0865
10470616,K02112.01,0,4.15713766,132.21689,0.07533333333333334
10362031,K02118.01,0,3.2136904,132.98252,0.091875
6373680,K02127.01,0,2.87066026,133.66393,0.06420833333333333
10963242,K01312.02,0,31.24611088,138.4604477,0.1983333333333333
9150827,K01408.02,0,82.37208458,208.4205685,0.2645833333333333
9957351,K03964.01,0,0.991105114,131.893383,0.09223749999999999
5385575,K03965.01,0,12.425580393,141.5382062,2.383383333333333
3732035,K03966.01,1,138.944022,153.90645,0.442125
5385697,K03967.01,0,12.4260454,141.5025,1.1570458333333333
5385697,K03967.02,0,12.4260002,133.9385,1.2581916666666666
8823833,K03968.01,0,1.50650136,132.98952,0.12969166666666665
5015913,K01667.01,0,1.179969562,133.381942,0.08227083333333332
5103942,K01668.01,0,10.10176739,131.80667,0.0886125
5195172,K01671.01,1,1.480283464,134.37254,0.10358333333333333
8678664,K01782.01,0,15.420409367,133.516609,0.09877916666666665
8832512,K01821.01,1,9.97682072,131.76825,0.14530416666666665
8892721,K01844.01,0,61.4913415,163.63194,0.401125
9042357,K01993.01,0,16.00351679,146.38812,0.16670833333333335
9115681,K01865.01,0,1.86390886,132.19741,0.18391666666666664
10481045,K02320.01,0,2.03743942,131.55893,0.12929166666666667
8107034,K02322.01,0,332.74984,386.9102,0.6154166666666666
3962751,K02326.01,0,45.60304785,171.32001,0.34791666666666665
8582291,K02330.01,0,2.4681015,132.07692,0.11791666666666667
5110683,K02334.01,0,12.53449909,134.95078,0.2508333333333333
7967861,K02349.01,0,215.15218,171.913,0.8320833333333333
8179325,K02359.01,0,3.17275711,133.98944,0.22516666666666665
5475494,K03969.01,0,0.73619448,132.08341,0.04645
9412445,K03970.01,0,10.18670759,132.51843,0.3124166666666667
7866914,K03971.01,0,365.994154,217.68143,0.5446249999999999
6057684,K03972.01,0,0.54028956,131.85133,0.15079166666666666
5271608,K01673.01,0,2.49047468,133.44225,0.09167916666666666
5357470,K01674.01,0,2.17257963,133.00429,0.06580833333333333
5443775,K01676.01,0,3.307669761,131.56743,0.06966666666666665
5527172,K01678.01,0,3.183961388,132.865355,0.1578125
7386391,K07837.01,0,48.507991,148.3182,0.3743333333333333
5529643,K01679.01,0,0.759766456,131.7904,0.22179166666666666
9366989,K01785.01,0,1.219034472,132.100235,0.08962499999999998
9468717,K01954.01,0,7.37339245,134.0101,0.120125
9528420,K01742.01,0,4.70847097,134.153065,0.2520958333333333
9529744,K01806.01,0,2.404556949,131.67616,0.3121583333333333
9674608,K01795.01,0,2.972047661,133.24987,0.049916666666666665
8495415,K02362.01,0,2.237180102,133.68185,0.061391666666666664
10341905,K02391.01,0,0.93374232,131.52477,0.27299999999999996
10336927,K02394.01,0,134.76308997,131.94463,0.3654166666666666
12115188,K02396.01,0,0.495434094,133.458716,0.052066666666666664
9850957,K02446.01,0,8.48031302,135.86745,0.2495
12470954,K00439.02,0,5.40534383,131.8513595,0.09666666666666665
11568224,K03973.01,0,0.882131829,131.900716,0.283775
7938883,K03974.01,0,0.489682339,131.5738141,0.07289583333333333
9280239,K03975.01,1,364.751562,135.47514,0.5440416666666666
4544571,K03976.01,0,2.189098506,132.080937,0.214575
3245661,K03977.01,0,0.7088055,132.168239,0.1532875
5618071,K01682.01,0,88.821421,160.4918,0.3895833333333333
6312534,K01689.01,0,1.507761203,132.942717,0.129
6470917,K01690.01,0,1.506019633,133.02809,0.10033333333333333
7431709,K07838.01,0,0.572513875,131.776,0.09804166666666667
6611330,K01691.01,0,35.14578122,136.493569,0.093875
6699368,K01694.01,0,3.690317047,131.542094,0.057433333333333336
9886255,K01846.01,1,105.9566815,182.05127,0.29161666666666664
9973855,K01966.01,0,2.95600563,134.06322,0.11132083333333333
10019399,K01796.01,0,11.805707539,133.050811,0.08539166666666666
7841368,K07851.01,0,25.3710555,141.8015,0.15579166666666666
10031707,K01827.01,0,8.58966893,132.01936,0.2900833333333333
10092312,K01823.01,0,4.468456599,138.741584,0.05914583333333333
10407054,K02500.01,0,0.933754669,132.44306,0.16866666666666666
10880007,K02502.01,0,86.79876649,199.89506,0.12458333333333334
8418129,K02515.01,0,164.57506747,222.03648,0.39875
6525185,K02568.01,0,1.71030803,131.6107,0.11324999999999999
10812504,K02570.01,0,79.9201319,197.21721,0.18675
8107115,K02575.01,0,199.3113,172.4242,0.26791666666666664
10663411,K02584.01,0,157.82131,137.7418,0.5175
10090219,K03978.01,0,2.28612573,133.53049,0.5169999999999999
9205938,K02162.02,1,199.66876,131.609,0.37483333333333335
9899217,K03979.01,0,1.33254971,132.05415,0.19541666666666668
6750902,K03980.01,0,0.469334634,131.736456,0.03693333333333333
5895588,K03981.01,0,0.849277809,132.17649,0.13070833333333332
6803855,K01695.01,1,71.4523167,148.80814,0.26149999999999995
6891366,K01696.01,0,1.752564549,132.71889,0.14595833333333333
7448023,K07839.01,0,0.566816802,131.77983,0.08254166666666667
6891637,K01697.01,0,1.752553762,132.72735,0.16154166666666664
6975615,K01698.01,0,2.065351521,133.15601,0.110875
7137725,K01699.01,0,2.253551793,132.4798,0.1525
10153855,K01981.01,1,1.06378861,131.52465,0.04466666666666667
10230571,K01926.01,0,123.11494773,172.26301,0.7183333333333333
10294613,K01896.01,0,1.854493861,132.49056,0.17652916666666665
7879648,K07852.01,0,1.020713389,132.20309,0.036375
10491044,K01763.01,0,2.1990638,133.06948,0.13320833333333332
10614012,K01807.01,0,132.1331011,149.17288,1.113125
10616415,K01999.01,0,1.120646438,131.59197,0.0736
6525193,K02653.01,0,1.710279417,131.61739,0.09383333333333332
6866251,K02661.01,0,65.238281,158.9557,0.23983333333333334
7117710,K07817.01,0,0.56679641,131.8085,0.09683333333333333
7762723,K02663.01,1,9.88736642,139.52781,0.17625000000000002
4178606,K02728.01,1,42.3520039,131.61246,0.32387499999999997
5980208,K02742.01,1,0.789160884,131.50545,0.03861666666666666
5303557,K03982.01,0,2.399081606,133.06425,0.18266666666666667
10227863,K03983.01,0,5.14072621,135.0222,1.1349999999999998
7281668,K07829.01,0,0.566798545,131.8431,0.21766666666666667
8036287,K03984.01,1,1.44445234,132.80685,0.04063749999999999
9602562,K03985.01,0,3.55653637,133.5172,0.36249999999999993
10668665,K03986.01,0,9.60853601,137.74499,0.153
10407020,K03987.01,0,0.933747751,131.52218,0.1634833333333333
7380829,K01703.01,0,3.17463577,132.24293,0.4578333333333333
7470491,K07840.01,0,0.902222843,131.7156501,0.08548333333333333
7768952,K01709.01,0,22.4685309,148.4968,0.12641666666666665
8162790,K01712.01,0,10.16104834,141.51593,0.12686666666666666
9655129,K01714.01,0,2.743978797,133.76412,0.26841666666666664
9899483,K01719.01,0,1.332561398,132.0511,0.17095833333333332
7882360,K07853.01,0,364.14397,376.4124,0.6404166666666666
10965740,K01887.01,0,21.78769087,136.69645,0.18741666666666668
11187436,K01804.01,1,5.90741476,133.93511,0.042333333333333334
11285136,K01774.01,0,2.368173896,133.81015,0.09775
11298815,K02015.01,0,5.73865933,136.91835,0.16879166666666667
11342573,K01771.01,0,91.05641908,204.836321,0.28034166666666666
9823519,K02793.01,1,4.49686066,134.20642,0.07210833333333333
7047824,K02806.01,1,24.7543849,140.20732,0.14125
4479633,K02814.01,0,0.475068516,131.8191,0.03563333333333333
4952341,K02818.01,0,1.79683793,134.83029,0.32962499999999995
8176019,K02843.01,0,187.51251276,178.10516,0.3354166666666667
5385491,K03988.01,0,12.425484,133.99,1.1675749999999998
11358389,K02163.02,1,17.7838298,146.91035,0.16654166666666664
5551504,K03989.01,0,1.204529346,131.93613,0.0675
6421503,K03990.01,0,2.15839583,131.89506,0.3370833333333333
7538434,K07841.01,0,371.1495,415.4245,0.660625
10487119,K01635.01,0,3.374684854,131.769948,0.18680624999999998
10621666,K01636.01,0,2.61841046,136.66312,0.13766666666666666
10747439,K01638.01,0,4.593594819,134.889552,0.10996249999999999
10749128,K01639.01,0,125.0426,240.291,0.3745833333333333
10813841,K01640.01,0,6.17039154,354.54497,0.08816666666666667
10879656,K01642.01,0,0.364860478,132.07029,0.061399999999999996
12691412,K01983.01,0,6.90522317,137.02059,0.14720833333333333
5024482,K02041.01,0,1.5259105,132.7061,0.12974999999999998
8175131,K02139.01,0,4.27121961,132.10466,0.1220125
7177766,K07819.01,0,0.769358923,131.57827,0.06401666666666667
5513897,K02591.01,0,0.755109106,132.56239,0.123625
10664416,K02599.01,0,25.3239215,138.49766,2.9335416666666667
9602613,K02612.01,1,4.61225043,133.86134,0.11229166666666665
5807769,K02614.01,1,7.99022379,132.268,0.136375
11495766,K02630.01,0,4.1749166,134.1713,0.20116666666666666
7282154,K07830.01,0,0.56678694,131.82489,0.081625
3228988,K03992.01,0,0.73094701,132.22433,0.17595833333333333
2970804,K03993.01,0,0.686994057,131.661024,0.1468833333333333
7552701,K03994.01,0,1.324247867,131.51043,0.06149583333333333
7418173,K03995.01,0,0.780632043,132.190835,0.0587875
3228804,K03996.01,0,0.730947169,132.22192,0.18316666666666664
11045383,K01645.01,0,41.16676097,158.917777,0.09222083333333332
11391667,K01652.01,0,1.083736642,134.1369208,0.06579666666666667
11392017,K01653.01,0,2.45570369,133.03195,0.12916666666666665
3446451,K01735.01,0,0.64234875,131.910695,0.05707916666666666
6603756,K01729.01,0,5.204286663,135.885314,0.260825
8460600,K01730.01,0,6.352090869,134.2069907,0.16198791666666668
12121470,K02142.01,0,1.877350712,132.26591,0.072825
3327993,K02157.01,0,2.11552348,134.09961,0.2796666666666666
5467124,K02161.01,0,2.84573962,134.27578,0.30333333333333334
7906739,K02165.01,0,7.01476115,136.88345,0.164375
2860114,K02170.01,0,0.941603153,132.976171,0.049525
8501062,K02176.01,0,24.40213373,149.47431,0.5237499999999999
7199644,K07821.01,0,1.13357304,131.8204,0.11870833333333333
11966253,K02772.01,0,0.643468999,131.83868,0.04628333333333333
10275805,K02782.01,0,112.645961,182.99824,0.2932083333333333
5709889,K02783.01,0,0.526887517,131.86561,0.037379166666666665
3119256,K02784.01,0,4.14244748,132.907,0.09179166666666666
9943435,K02788.01,0,0.777663575,131.52537,0.04892083333333333
2442359,K03997.01,0,0.552834211,131.75468,0.05369583333333333
7707742,K03998.01,0,0.758354475,132.623984,0.19033791666666666
6041734,K02167.03,1,76.5369531,164.15644,0.23224999999999998
2010191,K03999.01,0,3.43525124,132.6333,0.18787500000000001
5471675,K04000.01,0,0.962828092,132.20697,0.18379166666666663
8845574,K01734.01,0,1.878156188,136.2716,0.08574999999999999
2021440,K01987.01,0,7.81153999,136.33101,0.24933333333333332
3122985,K01949.01,0,0.993488979,131.607354,0.08205833333333333
3248019,K01759.01,0,1.334104585,132.3674913,0.13109333333333334
3328026,K01994.01,0,2.115498574,134.11259,0.28075
7116024,K07812.01,0,3.40076682,131.8405,0.19583333333333333
2014991,K02178.01,0,6.49676881,132.17439,0.10529166666666667
12885212,K02184.01,0,2.057499811,133.31318,0.10704166666666666
5894073,K02187.01,0,10.5856758,136.9685,0.20462499999999997
10518424,K02188.01,0,2.69633621,132.99538,0.21825
4245933,K02190.01,0,11.2580745,140.794,0.9798333333333332
7199724,K07822.01,0,0.566795586,131.83245,0.1718333333333333
12935144,K02847.01,0,1.099291188,131.50242,0.07354166666666666
6185496,K02858.01,0,0.47462889,131.54237,0.042475
6606438,K02860.01,1,103.4269873,220.22869,0.20958333333333334
12170648,K02875.01,0,0.299697755,132.017121,0.035304166666666664
7282168,K07831.01,0,0.56681727,131.7715,0.074125
9851943,K04001.01,0,1.081935491,131.52874,0.214
5773121,K04002.01,1,0.524175803,131.60105,0.03186666666666667
2708420,K04003.01,0,1.89129881,132.6639,0.2205833333333333
4814502,K04004.01,1,4.94330596,135.57568,0.12222499999999999
8142787,K04005.01,1,178.139072,210.11802,0.40225
3654950,K01766.01,0,4.067371428,134.316022,0.245675
3836453,K01903.01,0,1.540395781,131.99631,0.0679375
3952651,K01912.01,0,32.9045733,141.29325,0.18341666666666667
3966262,K01811.01,0,2.46353343,135.3459,0.12308333333333334
4144231,K01791.01,0,22.91339043,140.64839,0.16416666666666666
9964670,K02192.01,0,1.541350116,132.32528,0.13708333333333333
6209798,K02196.01,0,1.205412526,131.93619,0.06404166666666666
6525249,K02197.01,0,1.710316235,131.60973,0.15058333333333332
11075429,K02198.01,1,23.9210408,139.07872,0.21558333333333335
11705004,K02199.01,1,9.03326435,137.17738,0.11904166666666667
6137681,K03932.01,0,356.535835,433.62066,0.22779166666666664
11244682,K03933.01,1,3.490785878,133.10269,0.060470833333333335
9655419,K03934.01,0,1.92149487,133.2283,0.07879166666666666
5895158,K03935.01,1,1.093665854,132.47213,0.05999583333333333
5471690,K04006.01,0,12.4247333,134.0338,0.7011666666666666
5350447,K04008.01,0,70.7511986,175.37157,0.25825
4173026,K02172.02,1,116.583183,246.6275,0.24166666666666664
8934103,K04009.01,1,175.13892,296.03778,0.44862499999999994
7618364,K07844.01,0,1.302061421,132.56436,0.07599166666666667
4150390,K01768.01,0,55.25178622,144.456513,0.2539166666666667
4851464,K01757.01,0,5.548250634,133.219686,0.2528216666666666
4913000,K01775.01,0,4.442520831,133.607376,0.10324583333333333
4945877,K01936.01,0,1.339670241,132.16786,0.07895833333333332
5110423,K01777.01,0,2.685223546,133.731821,0.1693
2581191,K02203.01,0,1.99042642,132.71317,0.12845833333333334
7379385,K02207.01,0,67.230028,171.7451,1.0420833333333333
6199702,K02211.01,0,0.805259637,132.100758,0.04074583333333333
6307083,K02050.01,0,75.3787816,167.10798,0.21949999999999997
6780158,K02231.01,0,2.464160779,131.92201,0.10112499999999999
7199756,K07823.01,0,0.566781152,131.85715,0.16645833333333332
4947556,K03936.02,1,13.0267964,139.14777,0.03270833333333333
7362696,K03937.01,0,4.93129874,134.82009,0.07760833333333333
3865595,K03938.01,0,5.59187448,132.87618,0.06992499999999999
9593528,K03939.01,0,1.88665445,132.3531,0.05595833333333333
5195945,K03940.01,0,14.53682228,132.36831,0.133125
5288577,K04010.01,0,1.72853003,131.80572,0.159125
11969988,K04011.01,0,2.19068738,132.01727,0.18375
8483258,K04012.01,0,372.16478,233.7717,0.4703333333333333
4832225,K04013.01,0,0.947730124,132.39338,0.04654583333333333
9009953,K04014.01,1,234.240739,210.8122,0.5385416666666667
7664272,K07845.01,0,341.01495,448.7233,0.21333333333333332
5302006,K01755.01,0,6.14631207,132.74983,0.1584583333333333
5306720,K01991.01,0,27.36432337,143.46464,0.14770833333333333
5389540,K01836.01,0,10.26231992,133.20719,0.14866666666666667
5444384,K01778.01,0,1.519529227,132.55256,0.21531250000000002
5450814,K01780.01,0,6.487525901,137.625165,0.10223333333333331
7116519,K07813.01,0,0.56676437,131.8708,0.09691666666666666
9635510,K02234.01,0,2.35197616,131.90696,0.221
8076630,K02235.01,0,0.861643331,131.80744,0.101325
4077901,K02239.01,0,12.1097626,140.74725,0.4239166666666666
10271691,K02240.01,0,63.909601,136.6718,0.49374999999999997
10544677,K02244.01,0,19.7352868,138.58362,0.212375
7199883,K07824.01,0,0.566799125,131.81289,0.128
8552587,K03941.01,0,1.061935973,131.723748,0.13823749999999999
6019872,K03942.01,0,1.485898163,132.74414,0.10191666666666667
7679812,K03943.01,1,38.5763483,167.85725,0.8275416666666666
4864734,K03944.01,0,1.845610523,131.80574,0.097375
8282846,K04015.01,1,133.303247,167.76042,0.3059166666666666
5938970,K04016.01,1,125.4132302,195.62605,0.09683749999999999
8381693,K04017.01,0,21.5702917,137.2647,1.6833333333333331
4929299,K04018.01,0,0.868723418,132.08264,0.06090416666666666
7375348,K00266.01,1,25.30893566,171.50611,0.24043333333333333
10223615,K00065.01,0,27.25471993,176.52949,0.030416666666666665
3342463,K00383.01,0,34.10787519,183.56881,0.1708333333333333
6680177,K00860.01,0,16.61474421,177.04832,0.11541666666666667
5565497,K01789.01,0,1.412526202,131.70353,0.22875
5730389,K01956.01,0,2.759573341,131.71354,0.29162499999999997
5802478,K01834.01,0,3.79188234,134.1344,0.08958333333333332
5942093,K01995.01,0,14.38724729,131.85133,0.07949166666666665
5992270,K01855.01,0,58.4302648,168.30179,0.29916666666666664
7117126,K07814.01,0,0.566717263,131.9699708,0.1086625
4761060,K02249.01,0,13.37935853,140.92523,0.3670416666666666
5479802,K02251.01,0,13.26255423,136.29135,0.19375
5607631,K02254.01,0,20.5696575,140.25123,0.17762499999999998
4951249,K02258.01,0,4.52342256,135.46854,0.10545833333333333
9156585,K02054.01,0,22.32423657,134.44763,0.15287499999999998
3121340,K03945.01,0,0.723947772,132.06247,0.08854166666666666
8636434,K03946.01,1,308.544422,296.0738,0.7709583333333333
5952366,K03947.01,0,0.905679492,132.196318,0.08818333333333334
5952366,K03947.02,0,22.735911,144.077,1.768125
6045250,K03948.01,0,0.909310626,131.725419,0.14337916666666667
5598595,K03949.01,0,0.648774274,131.74545,0.11012499999999999
6681233,K00562.01,0,32.63286247,177.22208,0.12833333333333333
7351237,K00879.01,0,25.64384513,177.41892,0.21041666666666664
7436215,K00885.01,0,25.58546721,177.07745,0.09499999999999999
9763754,K00589.01,0,17.47702,186.5568,2.2716666666666665
10216045,K00594.01,0,16.88954693,183.15557,0.14208333333333334
8846163,K00962.01,0,26.77891391,186.20963,0.13
12366681,K00973.01,0,13.33386985,263.78932,0.27125
1996399,K01026.01,0,94.10628163,184.9905063,0.7170833333333333
2697169,K01027.01,0,14.71266408,366.02309,0.17541666666666667
8435247,K01131.01,0,0.696125302,354.767068,0.08355833333333332
8332986,K01137.01,0,302.38867822,309.18675,0.13012083333333332
6364327,K01744.01,0,5.24372504,132.7225,0.714
6762829,K01740.01,0,18.795269797,138.6686066,0.4159
7369865,K01918.01,0,42.2625935,152.31269,0.18604166666666666
7593110,K01748.01,0,3.549386251,134.247174,0.101425
7810483,K01943.01,1,29.92208104,146.00807,0.11548333333333333
7117147,K07815.01,0,0.566812588,131.79719,0.14983333333333332
6634133,K02262.01,0,9.94221873,133.84961,0.10220833333333332
7021534,K02267.01,0,9.06557317,135.15009,0.06753333333333333
9277210,K02268.01,0,4.9432827,132.8581,1.6670833333333333
9728465,K02270.01,0,7.35390869,132.01829,0.08587499999999999
7124026,K02275.01,0,15.7455586,145.54111,0.5782083333333333
7200485,K07825.01,0,0.566796615,131.8009,0.08329166666666667
9904006,K02135.03,1,8.48651582,138.01698,0.21945833333333334
4544572,K03950.01,0,2.189092892,132.082757,0.21303333333333332
5738634,K03951.01,0,2.40435335,133.22999,0.16958333333333334
10152836,K03952.01,0,220.9290121,240.81927,0.305625
10651816,K03953.01,0,3.1877519,134.418,0.6181666666666666
6964043,K01351.01,0,10.72396374,357.14874,0.16016249999999999
3644523,K01195.01,0,119.67747,415.4806,1.34475
11909686,K01483.01,0,185.9526325,288.874323,0.14984999999999998
6678383,K00111.04,0,103.62650922,426.3726042,0.2870833333333333
12644769,K01611.01,0,41.077590334,173.7358974,0.25857624999999995
6233890,K01624.01,0,2.99540439,132.78128,0.25716666666666665
7918172,K01817.01,0,63.934965,162.84507,0.5295833333333333
8009496,K01869.01,0,38.4769457,150.56893,0.24270833333333333
8081187,K01951.01,1,37.3228722,152.83532,0.3006083333333333
8111919,K02030.01,0,1.664980224,131.68433,0.07272916666666666
8127586,K01752.01,0,16.6094904,147.61311,0.132875
7117485,K07816.01,0,0.566789505,131.8313,0.24312499999999998
2860793,K02277.01,0,2.62982665,132.08013,0.25887499999999997
3851130,K02284.01,0,2.69787749,133.65962,0.07979166666666666
7257363,K02292.01,0,5.23340265,133.1457,0.13508333333333333
11922722,K02301.01,0,3.51289168,133.79619,0.13804166666666667
12061969,K02061.01,1,14.092583189,141.1447066,0.17306666666666665
7203326,K07826.01,0,9.087508013,137.2042403,0.11498749999999999
8030339,K03954.01,0,0.65244373,132.05504,0.06129166666666667
9899414,K03955.01,0,1.332564704,132.04974,0.2490625
5471059,K03956.01,0,2.636899795,132.07629,0.0379375
7458309,K03957.01,0,0.660629055,131.86099,0.24558333333333332
7777372,K03958.01,0,0.885123683,131.88646,0.14110416666666664
7377200,K07836.01,0,471.65421,421.64532,0.144
6312314,K01625.01,0,1.221204888,133.61014,0.07712916666666667
6387969,K01617.01,0,135.90795753,199.74974,0.07625
6468337,K01620.01,0,0.959853772,131.85197,0.07984583333333332
10357040,K01634.01,0,46.882525,174.9031,0.08041666666666666
10514429,K01614.01,0,20.7191626,143.30626,0.16299999999999998
8127607,K01919.01,0,16.60973843,147.6085,0.188125
8129042,K01743.01,0,54.323118,153.7774,1.0776249999999998
8180020,K01741.01,0,5.803127153,136.101253,0.20433749999999998
8223328,K01767.01,0,35.51619219,165.930432,0.10416666666666666
8444552,K01769.01,0,0.589049151,132.1792702,0.09391541666666665
6342333,K02065.01,1,80.2321467,162.39301,0.19399999999999998
6032517,K02070.01,0,1.791406261,132.99503,0.11732916666666666
4768846,K02077.01,0,1.25483232,132.18633,0.11124999999999999
8260234,K02085.01,0,5.71483873,132.13046,0.1145
7210749,K07828.01,0,17.5859472,138.7798,0.1589583333333333
9282769,K03959.01,0,1.332567005,132.0492,0.26405416666666665
10404582,K02147.02,1,10.32736351,139.37228,0.07870833333333332
7777416,K03960.01,0,2.54557259,132.69874,0.23483333333333334
7597005,K03961.01,0,0.704541784,132.18236,0.044691666666666664
5479717,K03962.01,0,0.697996932,132.136059,0.1805125
3764714,K03963.01,0,6.63449721,134.16545,0.9575833333333332
11392618,K01623.01,0,110.9215892,174.22374,0.22008333333333333
4474645,K01657.01,0,3.88673217,136.94489,0.8537916666666666
4570949,K01658.01,1,1.544928892,133.5487914,0.05982749999999999
4927315,K01663.01,0,11.76921923,138.41222,0.134125
4928119,K01664.01,0,44.638983058,156.45087,0.12666708333333332
10861608,K03118.01,0,174.95980475,151.16448,0.21791666666666668
10934313,K03121.01,0,1.926888595,131.63323,0.051458333333333335
11497958,K01422.05,1,34.1420506,136.03624,0.12270833333333332
7516809,K03133.01,0,0.241842544,131.86819,0.0302375
6115516,K03134.01,0,0.865759153,131.57771,0.03503333333333333
6444896,K03138.01,1,8.68910764,133.23559,0.048445833333333334
5640511,K03139.01,0,0.63624396,131.968841,0.16666666666666666
7336093,K03143.01,0,4.4040248,134.00341,0.10041666666666667
10196493,K03149.01,0,9.81101738,134.18676,0.08708333333333332
11442793,K00351.05,1,8.71980135,139.52134,0.15605833333333333
11442793,K00351.06,1,7.00821787,137.67164,0.15883333333333333
7812455,K02881.01,0,0.903583394,131.877566,0.066425
9520443,K02893.01,0,0.99014722,132.02928,0.039141666666666665
10601465,K02902.01,0,138.61227705,170.98026,0.5745833333333332
7461307,K02909.01,0,0.77359329,132.09232,0.07334583333333333
7269881,K02916.01,0,0.306937807,131.635518,0.0246875
10964265,K02934.01,0,0.637487312,131.97829,0.08177499999999999
8672910,K00918.02,0,5.71489488,134.87432,0.08627083333333332
3233043,K00966.02,0,7.76967007,133.0900444,0.1975
7269493,K01961.02,0,76.642481,143.224,0.22816666666666666
8753896,K02473.02,0,73.45736853,373.2353172,0.22
11074835,K02533.02,0,9.49361221,136.1777807,0.2716666666666666
10812504,K02570.02,0,4.4296786,133.1491002,0.08166666666666667
9827149,K02586.02,0,5.9703813,356.5416,0.027875
7584650,K02631.02,0,3.95383243,133.4182993,0.09875
9758089,K01871.02,1,32.376183,150.41557,0.1859958333333333
10005758,K01783.02,1,284.063137,200.83619,0.34570833333333334
9823564,K02940.01,0,129.68366098,244.8914,0.3275
9532424,K02941.01,0,4.30908594,134.70804,0.06333333333333332
9950316,K02947.01,0,57.104588,151.083,0.47916666666666663
6028860,K02950.01,0,0.422015793,131.747838,0.05142333333333333
6778019,K02953.01,0,0.945825494,131.62223,0.07706666666666666
4571536,K02954.01,0,0.676715927,131.7606,0.02625
3336283,K02974.01,0,0.576441813,131.68331,0.08445833333333333
5695904,K02983.01,0,0.423854275,132.19107,0.042491666666666664
1725415,K02988.01,0,2.43731228,132.06982,0.07874999999999999
11304987,K02993.01,0,0.692693892,131.804922,0.053349999999999995
11709423,K03001.01,0,0.768934934,131.740302,0.050666666666666665
8758136,K03006.01,0,0.998212785,131.81898,0.10370833333333332
12405333,K03009.01,1,0.764863517,132.13343,0.048333333333333325
10617638,K03016.01,0,0.710894157,132.05192,0.042429166666666664
12833566,K03024.01,0,0.537839241,131.58521,0.090375
9153554,K03044.01,0,0.373684977,131.963342,0.0400875
8161830,K03046.01,0,1.10118564,132.61692,0.21666666666666667
6461850,K03054.01,0,0.544962596,131.52348,0.04520833333333333
7613246,K03062.01,0,0.769127296,131.56425,0.04158333333333333
11551715,K03076.01,0,225.56791218,262.51086,0.26291666666666663
2715695,K03077.01,1,4.09578199,131.61992,0.071
11442793,K00351.04,1,91.9401253,134.3,0.383125
6312171,K03079.01,0,92.57337995,171.1309675,0.3520833333333333
10665043,K03080.01,0,185.0097245,307.67922,0.7483333333333333
12352520,K03094.01,1,4.5770016,132.09921,0.03954166666666666
7455981,K03096.01,1,14.4540329,135.4521,0.2992916666666666
7107561,K03100.01,0,0.812587678,131.56261,0.04643333333333333
11237332,K03103.01,0,19.3073774,139.1411,0.14320833333333333
8669092,K00068.01,0,1.000840564,121.293771,0.055383333333333326
5474613,K01599.02,1,13.6164547,140.93263,0.21562499999999998
9823519,K02793.02,1,1.766789509,133.08336,0.05560416666666666
10587105,K00339.03,1,35.8656484,135.92374,0.33479166666666665
8558011,K00577.02,1,0.638162933,131.74826,0.051304166666666665
7885494,K07854.01,0,1.72929014,132.5562,0.15037499999999998
5281714,K05148.01,0,40.301684,166.83148,0.058249999999999996
5289857,K05150.01,0,26.524553,156.16784,0.09829166666666667
5303185,K05151.01,0,26.1537851,145.2879,0.07508333333333334
5308777,K05152.01,0,0.944598153,132.2327,0.16741666666666666
5364090,K05153.01,0,354.63284,178.4349,0.09279166666666666
5370944,K05154.01,0,35.40103336,135.1605852,0.07291666666666666
6364143,K05272.01,0,5.2433865,132.786,0.5196666666666666
6364307,K05273.01,0,5.2435703,132.7496,0.661
6369548,K05277.01,0,634.84739,248.0735,0.6744166666666667
3098843,K03376.01,0,29.9756697,135.45089,0.12445833333333334
3958301,K03381.02,0,387.56519,269.7929,0.5533333333333332
5353137,K03447.01,0,31.5073649,159.1203,0.30674999999999997
4932689,K03453.01,0,18.1118457,134.7252,0.26287499999999997
7742408,K03478.01,1,33.4969115,163.7638,0.201375
3970397,K05031.01,0,34.33339948,152.0693144,0.10208333333333333
3973549,K05032.01,0,1.389947459,132.266549,0.049708333333333334
4058169,K05034.01,0,282.5363563,241.528666,0.4295333333333333
4068391,K05036.01,0,289.490952,363.4177,0.16291666666666665
5391911,K05157.01,0,0.782068488,131.8940201,0.051625000000000004
5397106,K05159.01,0,440.65087204,421.7840447,0.16958333333333334
5425908,K05161.01,0,289.76961138,194.4183952,0.13291666666666666
5436415,K05163.01,0,273.223848,272.069,0.15779166666666666
6387887,K05280.01,0,0.650701055,131.830637,0.037151666666666666
6428602,K05282.01,0,59.742966,188.0166,0.2825
6447372,K05285.01,0,405.32064,443.8561,0.32375
6461675,K05286.01,0,342.830882,430.438,0.15941666666666665
8231667,K03494.01,1,42.8774169,156.06967,0.08295833333333333
3439096,K03509.01,0,2.97601892,132.96926,0.22916666666666666
3324644,K03781.01,0,2.882424694,131.63584,1.0795833333333333
5437945,K03791.02,1,220.142913,245.94139,0.8136666666666665
1161949,K04920.01,0,473.95103,366.0309,0.49075
4077252,K05038.01,0,0.534109403,131.80501,0.0396375
4077767,K05039.01,0,168.77118,233.3138,0.09429166666666666
4144238,K05041.01,0,22.9138322,140.6387,0.20229166666666668
4147171,K05042.01,0,538.36855,232.5637,0.8025
4149060,K05043.01,0,65.5327181,151.4591,0.09399999999999999
4160006,K05045.01,0,1.018360336,131.67768,0.31758333333333333
5440435,K05166.01,0,78.04064906,137.0269121,0.08958333333333332
5440472,K05167.01,0,396.349253,272.6416,0.111875
5440651,K05168.01,0,0.502807253,131.6152743,0.04228875
5446961,K05170.01,0,149.526152,196.8608,0.126375
5467126,K05171.01,0,2.845736321,134.280263,0.4820958333333333
6522124,K05292.01,0,43.60012467,163.4367382,0.06166666666666666
6525196,K05293.01,0,1.710299164,131.6153344,0.16342791666666667
6525398,K05294.01,0,252.04444,265.201,0.21375
6526377,K05295.01,0,1.39508873,132.059107,0.08708333333333332
1297263,K04922.01,0,153.521361,281.2973,0.16220833333333332
1572948,K04924.01,0,3.0031801,132.1161,0.11725
1725193,K04925.01,0,2.96384168,134.119473,0.2282
1870398,K04927.01,0,43.142257,132.3007,2.572083333333333
1873513,K04928.01,1,3.290304098,131.90944,0.07172916666666666
4179201,K05047.01,0,326.70552,439.648,0.13999999999999999
4242806,K05049.01,0,343.49816,340.5486,0.3108333333333333
4245861,K05050.01,0,11.2582311,140.7718,0.70375
4246343,K05051.01,0,139.54219147,186.9535324,0.1425
4253860,K05052.01,0,155.046089,166.60575,0.4252083333333333
4274816,K05053.01,0,14.3641542,144.2631,0.10954166666666666
5470851,K05172.01,0,12.4276185,141.3698,0.7733333333333332
5471108,K05173.01,0,12.427076,141.4085,0.7269583333333333
5525484,K05175.01,0,315.502534,389.6319,0.12966666666666665
5547424,K05177.01,0,276.54167976,174.8709449,0.3233333333333333
5551240,K05178.01,1,4.13960513,134.04705,0.13791666666666666
6527229,K05296.01,0,200.79976002,263.875635,0.3184125
6543674,K05298.01,0,1.195515364,132.3039982,0.25354541666666663
6548429,K05299.01,0,210.971635,243.576,0.14908333333333332
6599305,K05301.01,0,42.02646,172.228,0.106375
6600515,K05302.01,0,372.04697,259.4285,0.5954166666666666
6608090,K05303.01,0,438.81524,307.9493,0.28125
2010607,K04929.01,0,18.622214,141.6268,0.18416666666666665
2015013,K04930.01,0,27.8923345,146.02135,0.09183333333333334
2163226,K04933.01,0,452.10093,460.4884,0.5287499999999999
2165352,K04934.01,0,0.7906069,132.077067,0.14165
2305255,K04935.01,0,24.5714867,156.0157,1.2483333333333333
2305543,K04936.01,0,0.681137796,131.57697,0.11369583333333333
4276114,K05054.01,0,3.722404453,133.56824,0.10505833333333332
4281023,K05055.01,0,230.385488,268.65697,0.13058333333333333
4281700,K05056.01,0,222.84909312,340.6821732,0.10125
4365461,K05058.01,0,1.714414962,131.8661453,0.21550291666666666
4366923,K05059.01,0,646.28789332,234.150707,0.22464333333333333
4449752,K05060.01,0,290.438547,283.0998,0.5354166666666667
4455763,K05061.01,0,0.766298172,131.687569,0.07435916666666667
5563057,K05179.01,0,1.049468616,132.26871,0.20199999999999999
5565261,K05180.01,0,2.362348096,131.705479,0.1499125
5602409,K05181.01,0,136.830243,138.5183,0.12316666666666666
5603270,K05182.01,0,103.284757,147.79022,0.06974999999999999
5612111,K05183.01,0,36.1904638,146.55956,0.07995833333333333
5616628,K05184.01,0,419.75224,525.0002,0.1730833333333333
5623137,K05185.01,0,419.95929,354.2265,0.5774999999999999
6611779,K05304.01,0,206.309658,231.818,0.06241666666666666
6612411,K05305.01,0,8.46184728,134.13323,1.4802083333333331
6612973,K05306.01,0,681.01756,136.3997,0.36416666666666664
6615600,K05307.01,0,2.19509634,132.74891,0.07483333333333334
6635813,K05309.01,0,141.00582791,135.4379543,0.125
6677415,K05311.01,0,73.9239955,168.2132,0.07079166666666667
2309910,K04937.01,0,1.8437362,132.23042,0.8766666666666666
2437209,K04939.01,0,281.36926,215.41653,2.7871666666666663
2438406,K04941.01,0,262.71162,134.3692,0.32166666666666666
2452289,K04942.01,0,6.0353643,133.1818,0.38379166666666664
2569488,K04944.01,0,1.52327807,132.3306,0.158875
4459503,K05062.01,0,260.31119904,314.5841346,0.13458333333333333
4464689,K05063.01,0,574.37064,391.2165,0.49541666666666667
4469825,K05064.01,0,253.87706,197.0254,0.4658333333333333
4470888,K05065.01,0,523.36921,185.174,0.04195833333333333
5623839,K05186.01,0,80.292171,145.8825,0.08066666666666666
5650420,K05187.01,0,1.049406508,131.80328,0.1253
5653152,K05189.01,0,3.58957045,132.99426,0.14241666666666666
5653163,K05190.01,0,2.40435325,133.2257,0.284375
5685113,K05191.01,0,37.078668,142.0615,0.1834583333333333
5698524,K05193.01,0,228.196872,323.9146,0.14687499999999998
6784887,K05328.01,0,44.714450094,135.3418468,0.24006249999999998
6864891,K05330.01,0,40.8801539,163.3624,0.228
7891264,K07855.01,0,25.166806,150.271,0.08795833333333333
6880123,K05334.01,0,323.972022,260.24288,0.05208333333333333
6891512,K05335.01,0,1.752562808,132.7222455,0.2551875
2569516,K04945.01,0,45.5827119,138.6761,0.13304166666666667
2570432,K04946.01,0,1.89140138,132.6124,0.3966666666666666
2574543,K04947.01,0,6.70258007,134.37408,0.19299999999999998
2578811,K04948.01,0,6.2095391,135.2715,0.11466666666666665
7897936,K07856.01,0,363.17077,401.1646,1.1775
2582800,K04949.01,0,615.16033,226.4594,0.16491666666666666
2707916,K04950.01,0,1.89124738,132.6891,0.19570833333333332
2708270,K04951.01,0,1.89125883,132.687,0.19399999999999998
4540508,K05069.01,0,362.1273,302.6897,0.2799583333333333
4565943,K05070.01,0,353.36705,412.2698,0.136625
4570555,K05072.01,0,4.750256809,134.63889,0.080325
4586482,K05073.01,0,623.005238,201.386299,0.9817291666666665
4647949,K05074.01,0,45.41810604,166.3910358,0.22083333333333333
4678873,K05075.01,0,1.878877205,133.074035,0.24486666666666668
4732015,K05076.01,0,0.938857507,132.206796,0.16615291666666665
5709014,K05194.01,0,287.46579664,242.2768409,0.3775
5732636,K05195.01,0,32.245486,158.2607,0.5774999999999999
5779606,K05197.01,0,142.20400109,140.9358759,0.125
5780194,K05198.01,0,149.237142,168.1563,0.10429166666666667
5781991,K05199.01,0,501.51698,449.5543,0.15870833333333334
5784803,K05200.01,0,357.77096,309.1578,0.541625
5791713,K05201.01,0,531.33282,295.2843,0.15425
6681473,K05312.01,0,396.048721,471.22802,0.6823333333333333
6688318,K05313.01,0,326.370361,190.3324,0.18858333333333333
6690523,K05314.01,0,148.666527,156.8241,0.18137499999999998
6692742,K05315.01,0,163.104677,140.3163,0.08870833333333333
6695801,K05316.01,0,1.10656965,132.3665,0.06954166666666667
6699562,K05317.01,0,46.270524872,173.6558757,0.3720970833333333
6707260,K05318.01,0,13.4256161,144.7838,0.490875
6718474,K05319.01,0,590.44065,199.918,0.3145833333333333
2710101,K04952.01,0,28.88008607,144.4386895,0.05625
2711123,K04953.01,0,2.858879267,134.17606,0.09897083333333334
2833632,K04954.01,0,241.647602,325.21488,0.07258333333333333
2836076,K04955.01,0,528.07962334,466.1720499,0.14541666666666667
2850321,K04956.01,0,25.2218929,143.6316,0.6183333333333333
2861126,K04957.01,0,105.52127462,145.4682374,0.105
2987433,K04959.01,0,420.92920358,196.685958,0.7249374999999999
4732137,K05077.01,0,393.946106,334.4022,0.25049999999999994
4736439,K05078.01,0,194.896925,252.0208,0.10433333333333333
4740375,K05080.01,0,471.95076253,172.3928906,0.20958333333333334
4741777,K05081.01,0,101.928291,182.2662,0.09045833333333332
4750406,K05082.01,0,379.63135,245.0035,0.6991666666666667
4760478,K05084.01,1,287.377314,348.83318,0.7842083333333334
5794687,K05203.01,0,367.72767,265.14033,0.12933333333333333
5817712,K05204.01,0,4.20601251,132.2794,0.2841666666666667
5858519,K05206.01,0,4.18236124,134.053289,0.2792395833333333
5869272,K05208.01,0,186.59466,317.713,0.6904166666666667
5905728,K05209.01,0,7.87173698,132.35405,0.109125
6762188,K05323.01,0,7.155547398,133.998101,0.1904625
6766583,K05325.01,0,63.024229,188.2057,0.24041666666666664
6767337,K05326.01,0,506.771836,158.7498,0.43895833333333334
3003673,K04962.01,0,57.1143966,166.4525,0.09091666666666666
3117115,K04964.01,0,485.91276,213.3906,0.10083333333333333
3120397,K04965.01,0,20.5311708,136.4829,0.23625
3222680,K04966.01,0,2.31164074,132.12133,0.09654166666666666
4769799,K05086.01,0,21.92866538,135.528574,0.40635833333333327
4814168,K05089.01,0,545.54618,406.0538,0.28933333333333333
4815612,K05090.01,0,1.928420823,131.58805,0.1593875
4819158,K05091.01,0,328.84846,385.9456,0.22708333333333333
5942112,K05210.01,0,125.95781975,134.667118,0.35958333333333337
5949765,K05212.01,0,426.34444,464.9081,0.5891249999999999
5956038,K05214.01,0,256.846143,331.8595,0.2620416666666666
5963591,K05215.01,0,146.931518,190.4351,0.9908333333333333
6947062,K05338.01,0,309.19347,318.487,0.9795833333333334
6948815,K05339.01,0,1.541530919,131.98454,0.20287916666666667
6952570,K05340.01,0,122.713036,135.2952,0.166625
7011044,K05342.01,0,25.50236699,141.3438916,0.075
7013635,K05343.01,0,290.625016,349.7098,0.18379166666666663
3240049,K04968.01,0,2.945414866,133.95496,0.11258333333333333
3245638,K04970.01,0,232.822285,253.934,0.041249999999999995
3329985,K04971.01,0,146.355097,226.299,0.20975
3341760,K04973.01,0,0.523493764,131.6968,0.0375625
3341982,K04974.01,0,514.14221,439.365,0.17304166666666665
4840327,K05093.01,0,26.737139497,146.8472356,0.19538291666666666
4843751,K05094.01,0,310.61299,267.0451,0.10674999999999998
4856592,K05095.01,0,461.1417,388.34717,0.16145833333333331
4863260,K05096.01,0,0.987069622,131.9133173,0.042050000000000004
4902673,K05097.01,0,329.71491,347.1667,0.5045833333333333
4914399,K05100.01,0,1.23708565,132.7235,0.23929166666666668
5967194,K05217.01,0,498.24938,313.7462,0.36375
5980354,K05218.01,0,1.573020098,132.28063,0.6489166666666666
5986270,K05220.01,0,1.534679933,132.331163,0.07182083333333333
5989391,K05221.01,0,71.59889,135.431,0.43875
3428359,K04979.01,0,77.66967809,151.0243323,0.12541666666666665
3439031,K04980.01,0,2.976012511,132.9704424,0.27168041666666665
3449540,K04982.01,0,1.606003121,132.4945147,0.20358416666666668
3449870,K04983.01,0,61.438007,136.9729,0.160875
4917357,K05102.01,0,147.863607,259.53,0.08116666666666666
4917658,K05103.01,0,586.91711807,275.4739232,0.22166666666666668
4927738,K05105.01,0,19.545185,147.733,0.06654166666666667
4937140,K05106.01,0,215.044269,225.6177,0.14654166666666665
4945035,K05108.01,0,1.174683069,131.835254,0.1048625
6033602,K05225.01,0,33.2948005,141.5302,0.12487499999999999
6047853,K05232.01,0,476.39752,227.0486,0.5054166666666666
3459529,K04984.01,0,231.364508,299.729,0.19779166666666664
3532510,K04985.01,0,106.779168,146.11456,0.079375
3542117,K04987.01,0,12.5748872,143.1278,0.14787499999999998
3542928,K04988.01,0,484.172005,545.2208,0.19024999999999997
3545749,K04989.01,0,277.77499,351.829,0.2945833333333333
3546821,K04990.01,0,561.08191,133.5178,0.6224999999999999
4946581,K05109.01,0,28.615014,147.7816,1.0308333333333333
4996558,K05111.01,0,3.017155419,133.68607,0.5579083333333332
5006817,K05112.01,0,94.818136,186.3262,3.47125
5008775,K05113.01,0,52.6727624,178.5395,0.126625
5015027,K05114.01,0,34.4886903,137.00685,0.05083333333333333
5016163,K05115.01,0,2.6228301,131.8572135,0.3040495833333333
5024476,K05116.01,0,222.068928,290.58724,0.08074999999999999
6058896,K05233.01,0,0.56493398,131.787277,0.10160416666666666
6062298,K05234.01,0,246.12174,301.8089,0.75
6065010,K05235.01,0,159.05846,209.213,0.42
6116605,K05238.01,0,419.21314,164.0745,0.2660416666666666
6118840,K05239.01,0,350.98474,164.2084,0.60375
6129632,K05240.01,0,298.4688,303.902,0.15616666666666668
3554819,K04993.01,0,43.22793081,144.4486525,0.05791666666666666
3555178,K04994.01,0,528.10984,155.1493,0.7504166666666667
3632330,K04995.01,0,63.12379762,147.195046,0.07791666666666666
3641216,K04996.01,0,358.54455552,376.8056254,0.47750000000000004
3644399,K04997.01,0,119.669671,176.1667,0.8612500000000001
3644649,K04998.01,0,598.31791,295.9314,0.6695833333333333
5032842,K05118.01,0,18.40783671,139.3507372,0.06458333333333333
5037742,K05120.01,0,250.4858,183.25,0.53
5039053,K05121.01,0,401.38712,328.5916,1.3420833333333333
5080565,K05122.01,0,49.312677,162.638,0.16904166666666667
5091808,K05123.01,0,288.94276,193.4457,0.47624999999999995
6139220,K05241.01,0,273.6857427,350.85157,0.3495041666666666
6143819,K05242.01,0,28.1117095,138.30651,0.070375
6145939,K05243.01,0,17.745456135,137.697754,0.16949166666666665
6149980,K05244.01,0,603.3102,151.0618,0.334375
6184894,K05245.01,1,7.20281185,135.19499,0.11793749999999999
6195792,K05246.01,0,36.4772788,137.1924,0.08716666666666667
3646515,K05000.01,0,249.61377295,201.4461838,0.13333333333333333
3730176,K05002.01,0,399.49671,368.4202,0.22295833333333331
3755522,K05005.01,0,251.958533,367.3803,0.19758333333333333
5105886,K05125.01,0,389.169027,388.2063,0.156625
5113146,K05127.01,0,18.78970984,143.82465,0.17249874999999998
5130563,K05128.01,0,0.915782856,132.27591,0.09333333333333334
5131276,K05129.01,0,0.66882716,131.8692,0.04454166666666666
5174677,K05131.01,0,43.5428781,150.4229,0.1532
6205384,K05250.01,0,3.72273683,134.6473,0.3563333333333333
6205405,K05251.01,0,3.7229369,134.6174,0.4404166666666667
6206470,K05252.01,0,1.80455062,132.4262,0.09025
6263468,K05253.01,0,10.1955065,140.26643,0.10195833333333333
6277594,K05255.01,0,3.66115536,133.7708,0.6169583333333333
9002278,K00701.04,1,267.282521,589.71975,0.3245
6026438,K02045.03,1,16.9348104,137.2502,0.142
3763724,K05008.01,0,225.43420422,210.1832295,0.5425
3836450,K05010.01,0,1.540399732,131.99296,0.06791666666666665
3836509,K05011.01,0,1.540389045,131.99987,0.07635416666666667
3836522,K05012.01,0,1.540393027,131.998449,0.07291666666666666
3846515,K05013.01,0,0.888045184,131.84685,0.09150416666666666
5179609,K05132.01,0,43.9311596,134.214029,0.5391458333333333
5181086,K05133.01,0,494.62409,242.5567,0.3483333333333333
5192660,K05136.01,0,110.75214125,174.9520694,0.08708333333333332
5193813,K05137.01,0,121.1825045,213.3594926,0.12375
5199426,K05138.01,0,78.60436061,143.9949276,0.19398291666666667
5211631,K05139.01,0,294.202469,221.2782,0.09833333333333333
6281127,K05256.01,0,588.10504,289.5538,0.6447499999999999
6285906,K05257.01,0,116.170346,205.5026,0.11066666666666666
6287131,K05258.01,0,452.30053,261.1684,0.24658333333333332
6289459,K05259.01,0,39.5931053,141.0746,0.09608333333333333
6289897,K05260.01,0,1.55935718,132.54264,0.1205
6290467,K05261.01,0,100.629443,189.6247,0.07116666666666666
6342980,K05263.01,0,273.169948,309.84052,0.11254166666666666
8753896,K02473.03,1,14.5123622,143.8154,0.17345833333333333
4150611,K03156.02,0,1.434200327,132.0647,0.24866666666666665
4150611,K03156.03,0,8.653098686,136.657941,0.1627958333333333
4909707,K03175.01,0,2.302365255,132.4231,0.9949999999999999
7919516,K07857.01,0,0.575445783,132.0648853,0.0352625
6850665,K03244.01,0,214.715417,275.49823,1.42275
4948730,K03272.01,0,23.0295222,151.14686,0.33166666666666667
3848665,K05014.01,0,359.04147,274.206,0.585
3848919,K05015.01,0,0.52363021,131.7669254,0.14380041666666665
3848948,K05016.01,0,0.523632451,131.76512,0.08291666666666667
3852865,K05017.01,0,492.25299,520.86,0.21154166666666666
3854101,K05018.01,0,293.5056071,328.7269,0.14197916666666666
3858926,K05019.01,0,25.95247,149.0004,0.5393749999999999
3859890,K05020.01,0,4.34573349,134.40693,0.09358333333333332
5213005,K05140.01,0,484.58335927,569.5386194,0.13333333333333333
5213811,K05141.01,0,288.285213,325.0419,0.222625
5260419,K05143.01,0,19.93826636,145.9495067,0.07375
5262539,K05144.01,0,491.08027,202.7762,0.30916666666666665
5263802,K05145.01,0,3.350209754,131.838052,0.18472208333333331
5265982,K05146.01,0,628.592314,270.9081,0.150125
5271637,K05147.01,0,471.37787,365.397,0.7045833333333333
6347434,K05265.01,0,425.22927,268.3096,0.2816666666666666
6363560,K05270.01,0,606.91488768,132.3897061,0.24833333333333332
6364064,K05271.01,0,5.24331899,132.7859,0.4640416666666667
11177676,K03281.01,1,47.0320478,175.473,0.2455
4936990,K03290.01,0,10.31453308,132.53723,0.1526708333333333
7130418,K03317.01,0,15.52861675,145.70184,0.08879166666666666
12208887,K03333.01,0,53.501860974,132.211255,0.21888916666666663
10711551,K03359.01,0,10.692230094,139.953907,0.22789125
7919867,K07858.01,0,1.60375114,132.16816,0.06241666666666666
11081512,K03364.01,0,15.7397651,132.7942,0.137375
3867593,K05023.01,0,73.3377984,136.58646,0.3762083333333333
3941219,K05024.01,0,282.159571,259.9132,0.21120833333333333
3953106,K05025.01,0,6.58729511,133.3652,0.34825833333333334
3953212,K05026.01,0,459.23193,192.7716,0.7384166666666667
3962728,K05028.01,0,25.9493253,155.024,0.5070833333333333
3965326,K05029.01,0,212.76701,167.485,0.5333333333333333
9265521,K05646.01,0,386.62189,319.129,0.7383333333333333
9268456,K05647.01,0,84.644104,132.5301,2.0075833333333333
9271739,K05648.01,0,575.95408,188.4547,0.3590833333333333
9274431,K05650.01,0,117.844963,229.8693,0.08129166666666666
10189542,K05773.01,0,24.614775,142.51094,0.09979166666666667
10191056,K05774.01,0,1.21374744,131.7423095,0.24137208333333332
10201891,K05777.01,0,372.30881,379.1454,0.16141666666666665
10208477,K05778.01,0,454.244158,494.92901,0.141625
10222603,K05779.01,0,112.48226,177.56967,0.080125
7581535,K05400.01,0,218.56734012,246.0741577,0.09916666666666665
7592339,K05401.01,0,229.948531,339.4719,0.07554166666666666
7598326,K05402.01,0,403.5637828,424.8697825,0.15166666666666667
7599004,K05403.01,0,2.41172358,133.8617,0.10962916666666667
7618231,K05404.01,0,92.9314146,147.8009148,0.09791666666666667
7619667,K05405.01,0,103.22293786,145.1458222,0.10958333333333332
8507073,K05527.01,0,209.06299275,300.828345,0.4182875
8509781,K05529.01,0,70.335879746,198.9473258,0.19401041666666666
8510197,K05530.01,0,591.37382,333.48076,0.18124999999999997
8516349,K05531.01,0,559.28332,228.2959,0.176875
8542879,K05534.01,0,136.355967,157.0974,0.13208333333333333
9306677,K05655.01,0,532.9307,285.017,0.16208333333333333
9357578,K05658.01,0,171.69799,221.34517,0.121
9362842,K05659.01,0,444.89411,240.274,0.3307083333333333
9368524,K05661.01,0,229.86928,265.1432,0.5379166666666666
10227881,K05780.01,0,5.14108479,134.9699,1.0804166666666666
10266852,K05781.01,0,179.27230765,149.1729837,0.09208333333333332
10292000,K05783.01,0,200.83849979,268.6842367,0.09875
10319341,K05784.01,0,40.1043796,158.8392,0.144625
10320341,K05786.01,0,30.114681501,158.5292451,0.23696374999999997
7658229,K05409.01,0,36.1826854,144.69811,0.177275
7674050,K05412.01,0,472.2265706,363.713605,0.20304999999999998
7700561,K05414.01,0,1.507099289,132.09341,0.20150416666666665
8546464,K05535.01,0,253.652263,230.25666,0.16041666666666665
8547366,K05537.01,0,128.66825288,142.6652144,0.11124999999999999
8547525,K05538.01,0,485.57785,327.5177,0.27791666666666665
8548403,K05540.01,0,643.4528,204.0423,0.38941666666666663
8552607,K05542.01,0,1.061934307,131.72622,0.13379166666666664
9390655,K05662.01,0,9.5497037,137.5008,0.078375
9394762,K05664.01,0,77.138911,166.5847,0.3012083333333333
9402670,K05667.01,0,0.536551592,132.02205,0.20375
9402859,K05668.01,0,68.54443156,161.4962975,0.08541666666666665
9407689,K05669.01,0,130.110715,165.4972,0.09279166666666666
10356840,K05788.01,0,242.484764,367.222,0.26879166666666665
10399137,K05791.01,0,385.593209,393.8276,0.11662499999999999
10416390,K05792.01,0,215.737826,330.88376,0.30237499999999995
10419108,K05793.01,0,507.48249,251.1107,0.34124999999999994
7701809,K05415.01,0,30.2111162,160.3175,0.1750833333333333
7731281,K05416.01,1,76.377855,146.3485,0.200375
7743464,K05417.01,0,55.249007325,164.9788729,0.2146445833333333
7747197,K05419.01,0,22.52907,142.2496,0.05720833333333333
7750342,K05420.01,0,66.247851,162.2694,0.16833333333333333
7751133,K05421.01,0,370.91308,261.1884,0.735625
8560475,K05543.01,0,7.41505161,133.31055,0.08587499999999999
8561192,K05544.01,0,2.742590902,132.6997,0.4339291666666667
8575061,K05548.01,0,216.453511,299.1452,0.138375
8612291,K05549.01,0,37.0488669,142.0283185,0.10333333333333333
9412267,K05670.01,0,542.16158927,428.8111364,0.3654166666666666
9418508,K05672.01,0,11.0153889,140.6804,0.11108333333333333
9449320,K05673.01,0,28.34230575,141.4055394,0.06874999999999999
9451521,K05674.01,0,231.521608,341.06653,0.11745833333333333
9455322,K05675.01,0,180.890384,162.9617,0.07920833333333333
9455526,K05676.01,0,60.0546149,181.8867,0.143125
10480952,K05797.01,0,2.037453129,131.5522356,0.22631458333333332
10547378,K05802.01,0,35.164087,147.7597,3.5854166666666663
10548411,K05803.01,0,107.11003503,148.1046554,0.08833333333333333
7762717,K05424.01,0,462.26052152,185.8488415,0.16874999999999998
7800285,K05427.01,0,0.533000886,131.735703,0.06445166666666666
7804128,K05428.01,0,200.35091012,170.6693855,0.15749999999999997
7809049,K05429.01,0,114.32859485,153.6678346,0.11
7811057,K05430.01,0,99.97889,186.4888,0.365
8622875,K05551.01,0,374.71687,505.6954,2.20775
8655076,K05555.01,0,42.070868,161.03377,0.05387499999999999
8671707,K05557.01,0,401.73243,393.61848,0.06395833333333333
8676061,K05558.01,0,428.1186,243.23,0.2733333333333333
9457533,K05678.01,0,37.3683802,135.1439,0.11666666666666665
9463329,K05679.01,0,615.81928,261.7343,0.6220833333333333
9474485,K05683.01,0,0.512581525,131.781117,0.10613291666666666
10551346,K05804.01,0,1.42796645,132.604851,0.5360541666666666
10556891,K05808.01,0,70.61977122,139.6638405,0.08708333333333332
10579570,K05809.01,0,216.10910854,150.9246541,0.16458333333333333
10591578,K05811.01,0,44.51439331,172.4645281,0.06458333333333333
7819520,K05432.01,0,230.80401566,231.8142184,0.14875
7837526,K05436.01,0,28.297207229,137.2347229,0.16426958333333333
7884986,K05438.01,0,412.227551,380.0972,0.17929166666666665
8677186,K05559.01,0,586.63177,227.5013,0.304125
8678345,K05560.01,0,364.95068,183.717,0.0265
8682751,K05561.01,0,44.36123319,145.3581805,0.10375000000000001
8715564,K05562.01,0,438.00974,358.2924,0.47750000000000004
8718273,K05564.01,0,3.479508244,133.389072,0.16290416666666666
8737343,K05565.01,0,406.29695,404.6352,0.22166666666666668
9489348,K05686.01,0,3.34465934,134.7267,0.4498333333333333
9517242,K05687.01,0,513.14417,359.6183,0.58875
9543302,K05691.01,0,13.0366377,138.22895,0.13266666666666665
10799291,K05828.01,0,270.98477,279.048,0.27991666666666665
10817600,K05832.01,0,2.74703312,131.79105,0.11062499999999999
7885558,K05439.01,0,0.864651455,131.69239,0.14420833333333333
7900450,K05441.01,0,25.4805211,145.4404,0.445875
7900695,K05442.01,0,512.11636,403.34,0.39820833333333333
7900727,K05443.01,0,348.61891,227.3466,0.148625
7902719,K05444.01,0,368.70839,232.613,0.2533333333333333
7916058,K05445.01,0,7.1091096,133.4379,0.44458333333333333
8742270,K05567.01,0,397.3958488,374.57082,0.254225
8745553,K05568.01,1,62.134919,154.0853,0.3629583333333333
8747222,K05569.01,0,1.667482003,133.17729,0.06637916666666666
8766285,K05571.01,0,5.29730786,135.55681,0.16749999999999998
8812360,K05573.01,0,77.395279,165.805,0.21916666666666665
9579072,K05693.01,0,612.882452,274.9048,0.08433333333333333
9591728,K05695.01,0,11.03571773,137.28413,0.2345658333333333
9594184,K05696.01,0,42.093314,141.1113,0.19370833333333332
9594992,K05697.01,0,274.10859251,182.1603339,0.2745833333333333
9598315,K05699.01,0,339.18109,415.078,0.22249999999999998
9602595,K05700.01,0,3.55650976,133.5221921,0.5306833333333333
10616317,K05813.01,0,38.27772448,157.8294108,0.07208333333333333
10616656,K05814.01,0,25.285232337,135.9662009,0.19846375
10661679,K05818.01,0,1.23138339,131.7865,0.16429166666666667
7935997,K05447.01,0,322.55663046,321.7790604,0.15583333333333332
7938499,K05448.01,0,7.2269859,136.1514,0.593375
7941635,K05449.01,0,0.762724045,131.650802,0.08284083333333334
7948619,K05450.01,0,206.76425774,325.9501578,0.10708333333333332
7967210,K05452.01,0,362.49906,404.3391,0.5070833333333333
7970194,K05453.01,0,190.65896,164.9278,1.478
7978202,K05454.01,1,509.997402,276.73122,0.353375
8823893,K05575.01,0,1.50650036,132.9895,0.11508333333333333
8836224,K05576.01,0,194.48732212,155.0535312,0.15
8891684,K05581.01,1,374.878133,491.064,0.4398333333333333
8904714,K05582.01,0,5.2362026,133.7395,0.13116666666666665
9645188,K05701.01,0,48.55059299,148.6714009,0.07458333333333333
9662475,K05703.01,0,247.372131,277.35008,0.13629166666666664
9705620,K05705.01,0,95.254421,181.4574,0.14079166666666665
9715631,K05706.01,1,425.483539,149.0438,0.744
9724993,K05708.01,0,7.863361238,131.685485,0.14282124999999998
10677763,K05820.01,0,120.16983803,222.0869054,0.13291666666666666
10724569,K05823.01,0,0.745086745,131.82655,0.17875
10734441,K05824.01,0,247.47724314,195.2104849,0.31666666666666665
10777591,K05827.01,1,6.10968225,133.80253,0.23895833333333333
7982917,K05456.01,0,11.8045536,141.8433,0.133125
8016211,K05460.01,0,3.1748772,133.7621,0.295375
8025718,K05462.01,0,371.18648,260.7045,0.8303749999999999
8935352,K05584.01,0,10.90962154,135.36692,0.7417666666666666
8939211,K05586.01,0,27.0779813,135.6789,5.772499999999999
8939650,K05587.01,0,1.827660875,132.821298,0.16608333333333333
8949512,K05589.01,0,376.554588,247.6177,0.13258333333333333
8955741,K05590.01,0,538.4263,154.9034,0.5312916666666666
9758615,K05709.01,0,94.20561159,169.2951411,0.2758333333333333
9771920,K05710.01,0,378.70643955,470.6725521,0.6108333333333333
9775475,K05711.01,0,78.4286313,169.312404,0.1557
9780149,K05713.01,0,2.53021,132.0918,0.9079166666666666
9786017,K05714.01,0,2.249000963,132.651415,0.4000916666666666
9837659,K05716.01,0,121.62387378,207.4934505,0.11374999999999999
10879247,K05838.01,0,432.074696,481.2681,0.19845833333333332
10905641,K05840.01,0,460.77905,533.8441,0.6475416666666667
10920086,K05841.01,0,3.21318517,132.044475,0.6445833333333333
10958972,K05843.01,0,331.78248134,431.8146374,0.20583333333333334
8029848,K05463.01,0,1.20608769,132.0861,0.0928
8035322,K05464.01,0,613.82905,263.471,0.7575
8036863,K05465.01,0,476.80454,158.1644,0.44375
8037038,K05466.01,1,4.09513876,131.67784,0.10258333333333333
8043968,K05469.01,0,0.779615874,131.68006,0.16383333333333333
8975776,K05593.01,0,224.469892,230.1638,0.123
8979500,K05594.01,0,113.556471,186.2321,0.09929166666666667
9003126,K05595.01,0,208.02789,324.5074,0.4508333333333333
9008125,K05596.01,0,308.024953,159.18628,0.11104166666666666
9838414,K05717.01,0,1.33261458,132.0098,0.21504166666666663
9845362,K05720.01,0,105.895315,231.4441,0.10754166666666666
9845931,K05721.01,0,61.224558,181.701,0.17095833333333332
9847239,K05722.01,0,28.507877538,132.793009,0.1305545833333333
9848760,K05723.01,0,444.46522,389.693,0.03195833333333333
9850843,K05724.01,0,8.48039,135.853,0.25558333333333333
7019580,K05345.01,0,72.0153825,168.8166,0.10616666666666666
7022603,K05346.01,0,21.12752693,142.67722,0.093875
7024045,K05347.01,0,23.9341825,145.76028,0.06695833333333333
7035812,K05348.01,0,87.775799,183.4282,0.07758333333333334
7038988,K05349.01,0,65.67350728,189.2618327,0.11374999999999999
7041972,K05350.01,0,222.06409878,339.0218658,0.12041666666666667
7047299,K05351.01,0,35.882272887,165.5325652,0.16458499999999998
8075618,K05471.01,0,8.780603773,137.923785,0.13207875
8105398,K05475.01,1,224.150923,341.02756,0.5189583333333333
8106139,K05477.01,0,551.49832,387.3411,1.705
8108437,K05478.01,0,351.2878737,207.294303,0.46694166666666664
9016592,K05599.01,0,46.50446209,142.7268259,0.05708333333333333
9024568,K05601.01,0,124.091252,135.5509,0.0905
9875101,K05726.01,0,212.771978,328.1461,0.08812500000000001
9896438,K05728.01,0,18.0766788,146.25271,0.1275
9899514,K05729.01,0,1.33255577,132.0672,0.17841666666666667
9899607,K05730.01,0,1.33259275,132.01197,0.16725
9908486,K05731.01,0,36.6092739,138.77398,0.07645833333333332
7107567,K05353.01,0,0.812592362,131.55642,0.06519166666666666
7109680,K05354.01,0,81.871309,169.94965,0.06691666666666667
7115671,K05355.01,0,0.566805859,131.80997,0.15979166666666667
7123580,K05356.01,0,326.36595188,253.1342058,0.15625
7123614,K05357.01,0,520.58269,221.425,0.09433333333333332
8155368,K05481.01,0,0.718643659,131.889141,0.10468583333333333
8179747,K05483.01,0,17.946328114,136.9472719,0.33996041666666665
8192427,K05484.01,0,204.818268,209.59041,0.08041666666666666
9049550,K05606.01,0,23.81490574,135.92167,0.08311666666666666
9049697,K05607.01,0,1.3274511,131.59052,0.14437499999999998
9087071,K05611.01,0,209.238576,321.1236,0.09354166666666666
9911112,K05733.01,0,1.166835206,131.912321,0.090665
9933600,K05734.01,0,230.70578883,260.3639847,0.11208333333333333
9934274,K05735.01,0,4.99471597,136.1833,0.1433333333333333
9941387,K05738.01,0,27.659607786,141.2478883,0.17346708333333333
9941550,K05739.01,0,476.727302,496.4298,0.388625
7138841,K05361.01,0,22.0495604,133.82677,0.1428333333333333
7174911,K05362.01,0,150.70039392,278.5397643,0.1175
7176424,K05363.01,0,44.48477463,142.9633835,0.06958333333333333
7184556,K05364.01,0,93.6452481,157.28348,0.08833333333333333
7189825,K05366.01,0,574.69029,392.483,0.177875
8223655,K05488.01,0,280.1604956,286.93817,0.11932083333333333
8229361,K05489.01,0,370.46262,261.4078,0.3975416666666667
8234889,K05490.01,0,116.301793,168.3304,0.093875
8241258,K05491.01,0,480.19416,257.1738,0.4483333333333333
8241736,K05492.01,0,368.49828,233.4248,0.6209583333333333
8242350,K05493.01,0,6.993576155,131.988507,0.8862291666666666
8244947,K05494.01,0,223.52131732,185.1827031,0.13624999999999998
9101279,K05614.01,0,1.811461128,132.9324534,0.35097625
9108058,K05615.01,0,2.17491508,131.93954,0.3517416666666667
9116075,K05617.01,0,24.5002702,154.6193,0.16995833333333332
9117123,K05619.01,0,2.16402661,133.5762679,0.11583333333333332
9118858,K05620.01,0,392.89275632,436.2879702,0.20541666666666664
9137257,K05621.01,0,114.734287,231.5017,0.15516666666666667
9954225,K05742.01,0,1.340649911,132.05521,0.2121333333333333
9957659,K05743.01,0,30.69537638,155.71927,0.235975
9957668,K05744.01,0,30.69533113,155.7207691,0.24785625
9967398,K05746.01,0,49.873958,167.55502,0.05629166666666666
7192680,K05368.01,0,114.25041494,235.8523992,0.08791666666666666
7203858,K05370.01,0,407.97623,378.6999,0.6120833333333333
7207081,K05374.01,0,239.25578975,133.1367334,0.21708333333333332
8255058,K05495.01,0,6.279888981,135.296067,0.229525
8265239,K05496.01,0,37.47695717,150.6694873,0.06083333333333333
8288404,K05498.01,0,519.80221867,462.625278,0.6236583333333333
8300828,K05501.01,0,48.9200563,163.9628,0.09562499999999999
9141355,K05622.01,1,469.61309,422.5089,0.5712083333333333
9142225,K05623.01,0,583.73632,174.6085,0.65625
9142334,K05624.01,0,502.658,174.6294,0.8129166666666667
9153246,K05627.01,0,243.954706,221.2717,0.10674999999999998
10002266,K05750.01,0,12.71368909,136.9328,0.078125
10004515,K05751.01,0,25.26363805,139.3088062,0.11333333333333334
10004772,K05752.01,0,1.391716834,132.09937,0.059208333333333335
10006096,K05753.01,0,70.516233809,142.8575773,0.17053999999999997
10007492,K05754.01,0,2.645596805,133.705953,0.12122916666666667
10018364,K05756.01,0,105.6327297,229.1273427,0.11374999999999999
7255910,K05376.01,0,274.553579,158.0863,0.24791666666666667
7256460,K05377.01,0,251.02304011,194.2011858,0.12958333333333333
7258902,K05378.01,0,1.80774253,132.9483,0.109875
7345136,K05381.01,0,28.7369766,153.842,0.06608333333333333
7352727,K05382.01,0,2.45649061,133.21452,0.1185
7375100,K05383.01,0,98.51783198,173.7083904,0.06874999999999999
8308639,K05503.01,0,457.513348,138.6556,0.24012499999999998
8313697,K05504.01,0,224.02589924,335.8214821,0.12208333333333334
8351919,K05505.01,0,323.77153,191.0744,0.7320833333333333
8352016,K05507.01,0,40.0389613,156.35794,0.07129166666666667
8364969,K05508.01,0,22.571972634,145.0344991,0.16681208333333333
8380743,K05510.01,0,1.018861199,132.07252,0.2708541666666666
9159461,K05630.01,0,80.519237,164.0077,0.16849999999999998
9164003,K05631.01,0,149.356804,278.1387,0.6422916666666666
9178502,K05634.01,0,50.47759052,141.7787075,0.08416666666666667
9180282,K05636.01,0,2.79123954,131.94858,0.11845833333333333
9181402,K05637.01,0,223.31769215,233.6828323,0.1475
10023469,K05757.01,0,44.637111,157.2998,0.2445
10074700,K05760.01,0,365.620697,238.984,1.3442916666666664
10096697,K05763.01,0,191.272501,293.2441,0.12766666666666665
7386200,K05386.01,0,575.42002,369.5923,0.7174999999999999
7456380,K05391.01,0,368.72715,434.378,0.21083333333333332
8414914,K05513.01,0,100.303613,176.75827,0.44075
8432034,K05516.01,0,0.83620025,131.91663,0.1546958333333333
9216231,K05641.01,0,616.34132,154.168,0.5301666666666667
10130646,K05765.01,0,390.40832,265.436,0.3298333333333333
10132552,K05766.01,0,191.528018,260.9129,0.09758333333333333
10132908,K05767.01,0,386.59946,221.2945,0.13770833333333332
10141271,K05768.01,0,15.4032765,137.9906,0.13524999999999998
10158715,K05770.01,0,61.0011095,144.84614,0.04370833333333333
10161534,K05771.01,0,198.232389,294.73515,0.07995833333333333
7458433,K05392.01,0,0.66062715,131.8646,0.18999999999999997
7468295,K05394.01,0,456.5734,228.3838,0.22770833333333332
7516073,K05395.01,0,601.13797,226.686,0.6358333333333333
7538450,K05396.01,0,344.06248,451.4323,0.6499999999999999
7539174,K05397.01,0,39.94344731,170.5021796,0.07125
7550875,K05399.01,0,466.90824,136.3731,0.11
8442463,K05519.01,0,361.30991,469.7513,0.5403333333333333
8474892,K05520.01,0,199.4424134,240.8521,0.3022208333333333
8480642,K05521.01,0,31.59115876,162.501885,0.11012916666666667
8482513,K05522.01,0,356.99135,235.7367,0.7095833333333333
8487777,K05523.01,0,96.120478,166.9531,0.046875
8495232,K05524.01,0,9.63647672,134.93429,0.12495833333333334
8499922,K05525.01,0,45.680876,142.3574,0.09554166666666666
8505674,K05526.01,0,43.169798,159.086,0.4035833333333333
11465869,K05904.01,0,322.544807,267.9262,0.4681666666666667
11506938,K05906.01,0,22.57494749,149.09617,1.5314999999999999
11513441,K05908.01,0,85.5692223,188.06607,0.20641666666666664
11599800,K05914.01,0,422.255426,160.6562,0.20725
11603298,K05920.01,0,471.39698,247.0802,0.4464166666666667
11654039,K05927.01,0,436.42852,452.2705,0.575
11924426,K05944.01,0,64.713168094,171.3677102,0.23744541666666666
11968514,K05947.01,0,1.036592136,132.089545,0.09566666666666665
12156805,K05957.01,0,371.54879,183.5693,0.41004166666666664
12165063,K05958.01,0,226.499243,131.6622,0.05533333333333333
12257851,K05962.01,0,2.61594288,132.415,0.26875
12265150,K05963.01,0,1.686009643,133.060575,0.04924166666666666
10964747,K05844.01,0,344.961485,208.2266,0.12595833333333334
12405436,K05969.01,0,163.820347,232.6163,0.05545833333333333
12417572,K05970.01,0,151.577009,194.7958,0.10791666666666666
11037818,K05856.01,1,259.34304,165.6794,0.6683333333333332
11046870,K05858.01,0,8.34410791,136.54528,0.06691666666666667
12645262,K05975.01,0,545.45623972,131.6984103,0.24625
12645761,K05976.01,0,2.709570339,134.084891,0.23230291666666664
12736658,K05980.01,0,0.855294909,131.6579596,0.12046333333333333
12835139,K05981.01,0,350.609298,163.1091,0.06754166666666667
11073238,K05861.01,0,452.40428,189.0844,0.7166666666666666
11076176,K05862.01,0,0.699985822,131.840533,0.12609708333333333
11090561,K05865.01,0,35.8726918,131.5668,0.18341666666666667
11176166,K05875.01,1,9.8788502,134.3829,0.12295833333333334
11199233,K05880.01,0,386.22400908,506.1610851,0.20541666666666664
11338918,K05884.01,0,588.63759,246.525,0.15999999999999998
11341314,K05887.01,0,9.8338474,132.5363,0.6077083333333333
11401845,K05894.01,0,1.080695116,131.86822,0.31037499999999996
8517303,K06181.01,0,24.0733775,141.13539,0.8171666666666666
10055126,K01608.03,1,232.040326,262.2531,0.5097916666666666
9285265,K03410.02,1,61.569765,182.0201,0.40625
6525209,K03479.02,0,1.71029474,131.61307,0.12275
6368175,K03503.02,1,31.8245304,144.5289,0.17375
2309587,K05982.01,0,1.838514245,132.101259,0.1358375
2445134,K05983.01,0,8.412008943,139.6485198,0.22545666666666667
3241344,K05984.01,0,3.912679136,133.4288498,0.14816666666666667
3347485,K05985.01,0,7.544804312,137.11963,0.34449166666666664
2161623,K06094.01,0,2.283466438,132.34883,0.3249958333333333
2707097,K06095.01,0,0.692807507,131.88094,0.062184166666666665
2719873,K06096.01,0,17.279290765,135.2741342,0.21149625
8590780,K06183.01,0,4.326946311,132.1921929,0.23162708333333332
8613338,K06184.01,0,527.29093,209.218,0.5960416666666666
8646141,K06185.01,0,168.858303,237.5792,0.5401666666666667
8653134,K06186.01,1,5.34264143,134.38122,0.10220833333333332
8702921,K06187.01,0,19.38444245,137.214882,0.8579125
8957954,K06189.01,0,2.179924994,132.1293516,0.20315875
8984706,K06190.01,0,10.135401047,132.3238999,0.23679583333333332
4247807,K03748.02,0,2.02487934,131.9026,0.06754166666666667
8030339,K03954.02,1,5.71668787,136.32274,0.08208333333333333
8037145,K00520.04,1,51.1658019,172.30921,0.19320833333333332
5471059,K03956.02,0,12.4249559,141.5823,0.6805
5471675,K04000.02,0,12.427135,141.4159,0.53375
3530668,K05986.01,0,1.946198513,132.314091,0.16806666666666664
3831911,K05988.01,0,30.4838006,149.8133,0.10833333333333334
3852258,K05989.01,0,5.7584367,135.11279,0.10779166666666667
3858919,K05990.01,0,25.9522913,154.8689,0.457375
3869326,K05991.01,0,8.58599537,136.21367,0.100325
3971315,K05992.01,0,9.892240848,136.693856,0.17405833333333331
2997455,K06098.01,0,1.129848432,131.789871,0.08649083333333332
3003991,K06099.01,0,7.244778994,131.8598491,0.1411375
3003991,K06099.02,0,110.1552727,211.5620379,0.08499999999999999
3229028,K06100.01,0,0.730964241,132.19448,0.10345833333333333
3230787,K06101.01,0,17.734020239,143.9226707,0.3031645833333333
9101400,K06192.01,0,0.829019343,131.46667,0.2016708333333333
9119652,K06193.01,0,1.1080999,131.7222,0.13975833333333332
9145861,K06194.02,0,215.778765,180.324,0.15570833333333334
7100673,K04032.03,1,5.99273265,131.75079,0.110425
7100673,K04032.04,1,5.10110666,132.42955,0.11070833333333333
4150496,K04046.02,0,94.22498,196.1757,0.9352083333333333
6129694,K04131.02,0,241.0122,263.077,0.049583333333333326
9899315,K04181.02,0,164.689421,287.2483,0.07695833333333332
4037428,K05993.01,0,4.264729569,135.198495,0.09197916666666667
4049124,K05994.01,0,4.804469712,136.0047256,0.14664416666666666
4275328,K05995.01,0,6.150529292,132.522141,0.18567499999999998
4753561,K05996.01,0,4.944927575,131.61124,0.14436666666666664
4912991,K05997.01,0,4.442517008,133.608114,0.10163416666666666
5036966,K05998.01,0,62.7356439,152.22026,0.4496875
5254230,K05999.01,0,7.035518449,137.950087,0.147025
3634051,K06103.01,1,453.54212,360.0617,0.7094166666666666
7967517,K07860.01,0,0.579516759,132.00256,0.05591666666666667
3761319,K06104.01,0,16.2480865,143.96708,0.34299999999999997
3761319,K06104.02,0,466.9407,244.7508,1.2733333333333332
3762553,K06105.01,0,289.788624,370.8039,0.11904166666666667
3965879,K06106.01,0,55.00402906,134.2268671,0.25249999999999995
4035675,K06107.01,0,2.873657901,132.5847,0.087725
9282687,K06196.01,0,1.680425996,132.33173,0.2272833333333333
9289960,K06197.01,0,0.53345831,132.001459,0.055
9291629,K06198.01,0,20.686460198,133.8900931,1.5726
9304842,K06199.01,0,131.68018,229.6497,0.61375
9304923,K06200.01,0,200.762693,308.7451,0.09229166666666666
9343862,K06201.01,0,1.123258617,132.02671,0.17806458333333333
5385410,K04323.02,0,12.4250319,141.4868672,0.06019166666666667
3645438,K04385.02,1,386.370512,452.874,0.45862499999999995
5385139,K06000.01,0,12.4297161,141.2846,0.62825
5385150,K06001.01,0,12.4288476,141.2012,0.6845833333333333
5385269,K06002.01,0,12.4258252,141.5229,0.9100416666666666
8210370,K07872.01,0,153.725848,284.07258,4.8966666666666665
5385509,K06003.01,0,12.4257907,141.5345,0.8274583333333334
5385566,K06004.01,0,12.4253356,141.58,1.1454166666666665
5385773,K06005.01,0,12.4254201,141.5458,0.7733333333333332
5386163,K06006.01,0,12.424995,141.5904,0.8450833333333333
5470960,K06007.01,0,12.4227918,141.7972,1.1370833333333332
4144236,K06109.01,0,22.913446297,140.6466918,0.17154125
4144236,K06109.02,0,10.0046881,136.47719,0.09954166666666665
4150701,K06110.01,0,8.65315602,136.64735,0.10945833333333332
4285087,K06112.01,0,2.243015737,133.450825,0.17986458333333333
4346875,K06113.01,0,4.694218481,133.780334,0.1889020833333333
9394605,K06203.01,0,0.87683182,132.06142,0.08166666666666667
9471755,K06204.01,0,0.953734449,132.413233,0.07339999999999999
9479460,K06205.01,0,2.073873563,132.59754,0.2733541666666667
9549472,K06206.01,0,15.713787218,132.0981464,0.47134166666666666
9576197,K06207.01,0,7.964440392,136.194674,0.38208749999999997
8110758,K07866.01,0,0.518071538,131.92715,0.07443749999999999
9579860,K06208.01,0,2.151214629,131.74391,0.09275
5796186,K00651.02,0,320.18471858,423.2096375,0.49749999999999994
5471068,K06008.01,0,12.426469,141.4649,1.07125
5471192,K06009.01,0,12.4262889,141.4617,0.7818333333333333
5471217,K06010.01,0,12.424747,141.6151,1.0516666666666665
5471769,K06011.01,0,12.4255705,141.5298,1.2033333333333331
5471770,K06012.01,0,12.426173,141.5013,1.2766666666666666
5556804,K06013.01,0,12.4244306,141.647,1.0895833333333331
5597970,K06014.01,0,6.71738328,137.2100078,0.15002374999999998
4459068,K06114.01,0,24.955998503,149.094437,0.11513791666666667
4547480,K06116.01,0,4.426942241,133.564383,0.06714999999999999
4740676,K06119.01,0,3.454241684,131.711253,0.19562708333333334
9767392,K06211.01,0,1.457256942,131.60891,0.27140875
9774400,K06212.01,0,10.818248422,137.17026,0.7618666666666667
9839081,K06213.01,0,2.559236603,132.263863,0.06960833333333333
9974142,K06214.01,0,281.35877,390.582,0.3225
10163066,K06215.01,0,462.12345,408.2031,0.35250000000000004
8780959,K03741.03,1,5.1117547,133.76122,0.13670833333333332
8780959,K03741.04,1,9.6310258,132.7273,0.2189583333333333
7429287,K04260.02,0,101.889228,213.9353,0.11291666666666667
6592335,K04777.02,0,48.5023669,168.2091,0.043875
5951416,K04781.02,0,524.14139,344.9169,0.4834583333333333
5643492,K06015.01,0,41.86539723,161.17679,0.277625
5795648,K06016.01,0,4.553370029,135.433898,0.13420416666666665
5961350,K06017.01,0,5.262652179,135.6269856,0.11898083333333333
10340423,K00736.03,0,345.98207283,392.1763832,0.12375
5979863,K06018.01,0,16.621853404,133.5526451,0.16313208333333332
6117415,K06019.01,0,19.741616041,136.446922,0.12801291666666664
6128027,K06020.01,0,5.455766383,136.907217,0.1205125
6146418,K06021.01,0,22.44620704,149.1595,0.3145458333333333
4826439,K06121.01,0,1.237147407,132.6581514,0.29442625
4933476,K06122.01,0,1.28619671,131.87462,0.04641666666666667
4990977,K06123.01,0,2.649026189,133.379281,0.10290833333333334
5034333,K06124.01,0,6.932281325,134.876198,0.4595874999999999
5039441,K06125.01,0,2.151384476,133.1088143,0.13936291666666667
8231299,K07874.01,0,0.562273947,131.52433,0.13155
5121173,K06126.01,0,17.4352218,143.2261,2.1527499999999997
10219361,K06218.01,0,117.634213,176.0874,0.15916666666666665
10228942,K06219.01,0,21.025447023,148.2226428,0.27175666666666665
10341878,K06220.01,0,0.933753371,131.50945,0.18491666666666665
10357831,K06221.01,0,1.72153588,131.7292,0.0801125
6150977,K06022.01,0,2.765621941,133.680095,0.09662916666666667
6182019,K06023.01,0,3.664964374,134.152879,0.16274166666666667
6191945,K06024.01,0,6.8072842,135.5474,0.08115416666666667
6209347,K06025.01,0,2.136577151,133.026579,0.10284166666666666
6268722,K06026.01,0,2.638432816,133.003946,0.10124541666666666
6301030,K06027.01,0,11.991000357,139.598337,0.26936666666666664
10480982,K00744.02,0,2.03746414,131.54567,0.120625
6606934,K06028.01,0,37.80694072,153.8409531,0.16010999999999997
5385548,K06128.01,0,12.42555055,141.5457,1.1871666666666667
5385778,K06129.01,0,12.42592247,141.54848,1.3125
5471617,K06131.01,0,12.4237327,133.9642,0.7562499999999999
5471617,K06131.02,0,94.38163,171.3362,0.49458333333333326
5629353,K06132.02,1,7.5844241,137.847,0.16325
10363233,K06222.01,0,210.899577,230.1954,0.09029166666666666
10385682,K06223.01,0,3.103730697,132.8744585,0.2889175
10414727,K06224.02,0,253.40538,273.6514,0.3095833333333333
10483644,K06225.01,0,5.110771787,133.315344,0.10349666666666665
10601549,K06226.01,0,1.463773705,132.807589,0.07967916666666666
10614158,K06227.01,0,4.46255312,133.64977,0.5873208333333333
8505215,K00099.02,0,79.87804945,184.7704412,0.13291666666666666
6614926,K06029.01,0,3.026764871,133.3279059,0.18022166666666664
6628237,K06030.01,0,3.840130917,135.139765,0.12062916666666665
6694186,K06031.01,0,5.554227226,135.16203,0.1989308333333333
6934587,K06032.01,0,1.570919281,132.47362,0.13429999999999997
7219906,K06033.01,0,35.08976902,153.396702,0.16509583333333333
7257373,K06034.01,0,5.233450136,133.1261573,0.35723916666666666
7295570,K06035.01,0,3.6037011,131.6711,0.12475
7362852,K06036.01,0,3.518356021,131.8005089,0.28765624999999995
5641294,K06133.01,0,2.6160943,132.5162,0.8891666666666667
5738698,K06134.01,0,2.404386969,133.2105484,0.3084783333333333
5768927,K06135.01,0,4.390513938,132.550761,0.12279999999999999
5814635,K06136.01,0,3.86963822,131.6242,0.09541666666666666
5816144,K06137.02,0,7.384681,132.1721,0.14783333333333332
10717220,K06228.01,1,21.0907909,133.96316,0.19795833333333335
10728219,K06229.01,0,3.371796653,134.876289,0.14342083333333333
10735988,K06230.01,0,1.927177921,132.571474,0.11559166666666666
8112324,K07867.01,0,0.575925434,131.92458,0.10281666666666667
10971944,K06231.01,0,496.17566,174.0663,0.48458333333333337
10973583,K06232.01,0,6.256352128,133.543181,0.09796666666666666
10989274,K06233.01,1,16.17803,132.326,0.21583333333333332
11099351,K06234.01,0,2.37795507,132.557333,0.10137083333333333
11147460,K06235.01,0,2.053866175,132.944062,0.2001875
10662202,K00750.04,0,36.5521313,165.0716,0.103375
11607193,K00983.02,0,5.177577252,132.9009561,0.1032375
10743597,K00989.04,0,4.08029328,131.7047,0.11809583333333332
4247991,K02311.03,1,104.3519624,190.10261,0.1539583333333333
8042747,K07861.01,0,469.52303,381.4073,0.228625
9008737,K02768.03,0,11.83271013,137.5928634,0.2563333333333333
7373877,K06037.01,0,32.669962587,159.4801924,0.14920833333333333
7436177,K06038.01,0,19.93364711,143.94041,0.3588416666666666
7537945,K06039.01,0,1.071911311,131.607529,0.16066249999999999
7624297,K06040.01,0,18.019651402,148.6673673,0.211905
8109692,K07864.01,0,117.934158,197.8657,0.38541666666666663
7695093,K06041.01,0,4.032762189,133.3016604,0.17258833333333334
7749318,K06042.01,0,2.371589507,132.743293,0.14631666666666665
7777397,K06043.01,0,5.09112124,135.17945,0.08995833333333332
5817566,K06138.01,0,4.206070484,132.248423,0.4457833333333333
5952403,K06139.01,0,0.905677864,132.197687,0.09346666666666666
4150539,K01330.02,0,94.219289,196.1952,1.013
6182093,K06143.01,0,297.113395,309.1459,0.1887083333333333
9839821,K02012.02,1,180.921729,234.3344,0.3745833333333333
11252617,K06236.01,0,4.478116695,132.8719936,0.139875
8245108,K07876.01,0,0.579108481,131.7753,0.06912499999999999
11252617,K06236.02,0,1.27620899,131.6866,0.090375
11296437,K06237.01,0,528.50344,209.8264,0.26641666666666663
7830321,K06044.01,0,2.027383251,131.686117,0.0647
7841986,K06045.01,0,10.73370737,141.11176,0.3196083333333333
7877820,K06046.01,0,9.449438672,136.025779,0.2311625
7914906,K06047.01,0,8.752913958,138.724933,0.14394166666666666
8019043,K06048.01,0,1.985586627,132.9336782,0.10548458333333333
8023317,K06049.01,0,16.579028045,146.733098,0.325125
8126531,K07868.01,0,513.42784,174.3904,0.2615833333333333
8121067,K06050.01,0,2.064900876,132.874485,0.2865375
6197038,K06144.01,0,9.751720174,138.538319,0.6747375
6221385,K06145.01,1,19.672324,134.3013,0.2005
6221385,K06145.02,1,32.657035,152.881,0.24804166666666666
6362386,K06146.01,0,4.592401261,133.139791,0.2066825
8260269,K07877.01,0,6.70995253,134.02352,0.09570833333333334
6449358,K06147.01,0,5.776794344,133.6275034,0.26396041666666664
6593968,K06148.01,0,23.19923256,146.6907294,0.08708333333333332
6674908,K06149.01,0,0.503199724,131.90627,0.04654166666666666
11516930,K06240.01,0,4.768540307,133.8648842,0.04140833333333333
11558882,K06241.01,0,73.91858615,154.696798,0.29056249999999995
8042835,K07862.01,0,2.38793696,133.22902,0.7209166666666667
2853780,K02081.02,0,589.17968,185.0175,0.42499999999999993
11673686,K06243.01,0,4.618767943,133.386655,0.25125
8153568,K06051.01,0,3.60727417,133.77548,0.5868374999999999
8167938,K06052.01,0,2.565717939,133.22148,0.07118333333333332
8167978,K06053.01,0,22.05274533,151.552457,0.23301666666666665
8168581,K06054.01,0,2.881338104,132.909319,0.1497625
8230809,K06055.01,0,4.078355243,132.160073,0.26937083333333334
8364115,K06056.01,0,7.73590441,137.98785,0.18495416666666667
8458207,K06057.01,0,3.530164642,134.77535,0.17144416666666665
4150624,K01334.02,0,94.225938,196.1319,0.9199999999999999
6967278,K06152.01,0,395.07333,244.4858,0.3268333333333333
7108433,K06153.01,0,1.51918335,131.913532,0.2273220833333333
7119080,K06154.01,0,13.59940118,133.0874188,0.105
7129465,K06155.01,0,2.745910734,133.1719105,0.1677475
7174617,K06156.01,0,1.608363345,131.58432,0.09161666666666665
11724210,K06244.01,0,5.746017234,132.042549,0.15144583333333334
11867071,K06247.01,0,3.963787093,135.029951,0.12929833333333332
11975363,K06248.01,0,1.759208679,132.6537254,0.19201541666666666
12207117,K06249.01,0,1.6031794,131.5678,0.03791666666666667
8580438,K06058.01,0,6.496031958,135.4687416,0.21746833333333332
8581232,K06059.01,0,4.012537983,134.652406,0.08375416666666666
8655458,K06060.01,0,1.594162001,132.634679,0.22899166666666665
8695779,K06061.01,0,10.238939876,132.722552,0.1452125
8953059,K06062.01,0,5.499941387,136.869403,0.21391249999999998
9048145,K06063.01,0,8.667826242,137.3415297,0.2110475
9214712,K06064.01,0,265.2996227,316.91977,0.36855
9214715,K06065.01,0,265.2999623,316.91821,0.3690708333333333
7190639,K06157.01,0,98.1020983,170.33189,0.051041666666666666
7198881,K06158.01,0,182.467019,215.019,0.31695833333333334
7198881,K06158.02,0,126.57837267,198.1194352,0.10416666666666666
7422883,K06159.01,0,11.41437505,142.59649,0.26149999999999995
7464205,K06160.01,0,151.31847,148.9275,0.6854166666666666
7622059,K06161.01,0,10.4032399,138.18443,0.99375
12367464,K06250.01,0,1.853209359,132.249661,0.07309583333333333
12470041,K06251.01,0,14.66769462,139.161736,0.101925
8179286,K07869.01,0,11.4132144,140.11988,0.09879166666666667
2581191,K02203.02,0,172.178768,139.442,0.049583333333333326
9221398,K06066.01,0,13.787520532,136.762097,0.10643124999999999
9411317,K06067.01,0,8.2904597,132.24956,0.10834166666666667
9532123,K06069.01,0,8.214204254,135.01403,0.1912708333333333
9549471,K06070.01,0,15.71377375,132.09973,0.311
9649222,K06071.01,0,5.918619554,132.924716,0.16450166666666666
9664215,K06072.01,0,3.319523463,131.923046,0.1394375
7750740,K06162.01,0,5.874197307,134.3187261,0.17774375
7779942,K06163.01,0,19.7959731,135.93667,0.2225833333333333
7835312,K06164.02,0,209.00055019,149.8223238,0.105
7838906,K06165.01,0,5.614892073,132.842964,0.15539166666666665
7908367,K06166.01,1,12.2064304,134.053,0.10029166666666667
7908367,K06166.02,1,6.6513189,135.289,0.08895833333333332
7940533,K06167.01,0,3.905532605,133.349361,0.2837125
4142847,K02210.02,1,210.631486,300.72292,0.35079166666666667
4665571,K02393.02,1,0.766691517,132.19667,0.052658333333333335
6364215,K02404.02,0,5.2438528,132.6659,0.439125
7047363,K02432.02,0,93.6273251,222.5881699,0.07999999999999999
9714358,K06073.01,0,6.474202359,134.3950738,0.13999541666666665
9851123,K06074.01,0,8.4803048,135.85228,0.31394999999999995
9966115,K06075.01,0,8.947426242,132.0457395,0.20404208333333332
10026458,K06076.01,0,9.93443795,132.87307,0.3374166666666667
10139305,K06077.01,0,2.173552528,132.3118,0.06711249999999999
10288922,K06078.01,0,10.157715971,139.442275,0.123025
7974634,K06168.03,0,404.701927,196.6089,0.165875
8043882,K06169.01,0,0.779609509,131.67843,0.16720833333333332
8058507,K06170.01,0,15.80529628,135.9561178,0.065
8095099,K06171.01,0,2.103239235,132.8681395,0.2951520833333333
12206313,K02714.03,1,184.262741,255.2287,0.49749999999999994
10122538,K02926.03,1,20.9569985,139.07664,0.14554166666666665
10659313,K06079.01,0,15.249335907,143.662829,0.15925999999999998
10710755,K06080.01,0,4.816610903,133.763636,0.15931374999999998
10727668,K06081.01,0,2.305903447,131.7928588,0.14095
10735519,K06082.01,0,1.814128042,131.938871,0.12769166666666665
8197767,K07871.01,0,1.247121237,132.39461,0.39012499999999994
10935310,K06083.01,0,4.128795314,132.5796644,0.11545833333333333
11021252,K06084.01,0,3.269176601,133.257825,0.11347083333333333
11408935,K06086.01,0,15.995094054,147.305407,0.35209874999999996
8181016,K06174.01,0,0.70914232,132.1761,0.08066666666666666
8197761,K06175.01,0,9.86869589,138.99584,0.11983333333333332
4840513,K01541.02,0,66.34455122,153.314206,0.15166666666666667
8265156,K06177.01,0,0.978362973,132.126,0.050249999999999996
10122538,K02926.04,1,37.6333868,158.8156,0.18708333333333332
6609270,K03090.02,0,15.0367776,133.6558,0.12674999999999997
11125797,K03371.02,1,12.25384348,143.70549,0.098875
11519226,K06087.01,0,22.16127178,148.46378,0.15412499999999998
11756821,K06088.01,0,2.745121487,133.619276,0.12435416666666667
11769146,K06089.01,0,282.9656538,193.502758,0.8927458333333332
11812199,K06090.01,0,37.32030954,135.426946,0.29006666666666664
11826400,K06091.01,0,5.889372452,134.779685,0.20611416666666665
12010534,K06092.01,0,2.581595167,132.947414,0.20480416666666668
7116117,K03163.01,0,0.566801886,131.8258,0.23887499999999998
7868092,K03169.01,0,180.71809,222.2962,0.4520833333333333
3337061,K03172.01,0,6.5583706,133.83031,0.13691666666666666
9826171,K03173.01,0,434.39148,131.4436,0.5425
3936658,K03180.01,0,71.1577054,178.29611,0.2020833333333333
4577484,K03181.01,0,73.26417,173.8331,0.23083333333333333
4735826,K03184.02,1,11.3220104,142.7143,0.24416666666666667
5005618,K03186.01,0,681.9363102,289.0653808,0.3308608333333333
4663658,K03187.01,0,0.705891195,131.62062,0.22004166666666664
10467815,K03191.01,0,377.88909,143.4845,0.38579166666666664
10847721,K03192.01,0,199.21638,293.6619,0.38458333333333333
10118942,K03195.01,0,121.70747,229.2617,0.05708333333333333
9471539,K03198.01,0,273.528359,246.3207,0.9310833333333333
5482603,K03199.01,0,3.88258905,134.82111,0.11420833333333333
2305819,K03201.01,0,135.57186,245.3504,0.4141666666666666
10284575,K03210.01,0,173.06929,221.2582,0.5349999999999999
3342952,K03215.01,0,1.039046871,131.54272,0.070375
10338624,K03222.01,0,0.607538435,131.70989,0.23120833333333335
5307990,K03228.01,0,0.98762513,131.97212,0.04695833333333333
2142501,K03233.01,0,113.0707574,171.705,0.37625
2713018,K03235.01,0,66.713573,170.075,0.18695833333333334
8413968,K03251.01,0,135.223193,246.3872,0.37454166666666666
9008103,K03283.01,0,195.7093855,177.4118,0.4491666666666666
4376629,K03378.01,0,27.6775212,146.1243,0.10470833333333332
3958301,K03381.01,0,35.2340413,164.0831,0.49475
8211605,K03405.01,0,20.9794338,147.72605,0.15675
11098573,K03406.01,0,15.6937855,131.9841,0.21454166666666666
9837586,K03442.01,0,20.73376301,132.84493,0.24184583333333332
6021655,K03488.01,0,63.571688,186.4598,0.2504166666666666
8308682,K03507.01,0,338.20075,263.5018,0.6345833333333333
11442793,K00351.07,1,124.922516,129.7295,0.4975833333333333
3344427,K03764.01,0,1.303570451,146.145985,0.09506791666666665
6205481,K03774.01,0,3.72277264,136.51757,0.6612083333333333
4474637,K03829.01,0,3.886730304,135.0201,0.6738458333333333
8435232,K03833.01,0,49.5740154,201.97177,2.6331666666666664
6462874,K01231.02,0,10.42360821,138.01504,0.22516666666666665
11450414,K01992.03,1,85.517344,181.351,0.38879166666666665
5217733,K03155.01,0,161.2529031,189.10446,1.0154625
4150611,K03156.01,0,0.761119678,131.68986,0.05958333333333333
4150611,K03156.04,0,94.212787,196.3636,0.6033333333333333
5716244,K06619.01,0,1.330333096,132.785555,0.21020833333333333
5725851,K06620.01,0,1.140133012,132.34077,0.3854583333333333
5731312,K06621.01,0,7.946367138,135.0947711,0.10777791666666665
5735878,K06622.01,0,16.832079803,133.1746947,0.324895
5736461,K06623.01,0,7.346159047,136.8912771,0.27489166666666665
5737869,K06624.01,0,26.2402438,151.5242,0.126
5771589,K06625.01,0,10.738427243,139.893962,0.09809999999999999
6672229,K06754.01,0,23.832382513,143.2182023,0.294195
6676725,K06755.01,0,1.428766771,132.1908553,0.1656375
6695622,K06756.01,0,14.5567427,135.6994,0.059208333333333335
6695889,K06757.01,0,1.106560721,132.3745985,0.11006291666666665
6697716,K06758.01,0,0.721624431,131.859672,0.10593416666666666
6698670,K06760.01,0,10.81589054,139.7935811,0.19728958333333335
7541746,K06886.01,0,4.1747072,134.604,0.46375
7584778,K06887.01,0,0.622303871,132.0916,0.07666666666666666
7588436,K06888.01,0,23.3924063,139.7612,0.1423333333333333
7597703,K06891.01,0,4.608901433,133.9949845,0.36391375000000004
7605600,K06893.01,0,3.326193904,133.329774,0.08682291666666667
8312222,K07017.01,0,12.823275455,136.1765764,0.2216925
8314801,K07018.01,0,37.183276326,158.645758,0.5874833333333334
8316503,K07019.01,0,5.065329723,134.9819163,0.20433
8330575,K07020.01,0,0.957079167,131.7737065,0.16042125
8345358,K07021.01,0,9.380632783,132.5586444,0.17895833333333333
8358008,K07022.01,0,10.064687893,135.251088,0.14993916666666665
8364119,K07024.01,0,7.73591011,137.9876592,0.20913291666666667
9278021,K07152.01,0,3.359470825,133.952372,0.08946458333333332
9284741,K07153.01,0,20.729255112,134.55034,0.3140320833333333
9286728,K07154.01,0,3.04459739,132.4989,0.31825
9291368,K07155.01,0,3.796448299,131.37037,0.48298749999999996
9291368,K07155.02,0,3.79654367,133.2353,0.4752958333333333
9291748,K07156.01,0,15.926990634,144.4526221,0.47975833333333334
9304561,K07158.01,0,1.219049953,132.09455,0.06154166666666667
9328852,K07159.01,0,0.64585177,131.889136,0.08235166666666666
10091257,K07284.01,0,1.70192371,131.955498,0.12612916666666665
10093664,K07285.01,0,1.20693963,132.63953,0.28670833333333334
10095512,K07286.01,0,3.008602107,132.923023,0.18095666666666665
10098534,K07287.01,0,41.81145,166.5262,0.092
10129482,K07288.01,0,0.846291334,132.1935855,0.07498416666666666
10155080,K07289.01,0,1.930451347,131.770748,0.16164833333333334
10156064,K07290.01,0,2.427967843,133.598772,0.1993625
11198723,K07417.01,0,6.840305932,137.5713643,0.18030916666666666
11199725,K07418.01,0,1.032967155,131.92284,0.048749999999999995
11200773,K07419.01,0,2.489550708,132.044138,0.11861875
11228612,K07420.01,0,2.980479588,134.40206,0.15521958333333333
11232745,K07421.01,0,4.81712182,133.10276,0.10237458333333332
11233911,K07422.01,0,2.479948394,133.643169,0.23841249999999997
11234677,K07423.01,0,1.58742695,131.9849807,0.11103125
11235323,K07424.01,0,19.668404822,132.523858,0.88235
8652360,K04562.02,0,0.968065631,131.97214,0.07383333333333333
5476671,K04598.02,0,0.824181335,131.68906,0.1036
4919550,K04766.02,0,2.45261841,133.60879,0.07916666666666666
8094120,K04881.02,0,0.706423768,132.15228,0.04415416666666667
3858757,K06369.01,0,25.9534494,154.8716,0.25004166666666666
3858767,K06370.01,0,3.49550335,132.0754,0.15829166666666666
3858884,K06371.01,0,25.95193721,154.881253,0.6662374999999999
3938073,K06373.01,0,31.024310431,158.8651537,0.31817541666666666
3972391,K06374.01,0,0.634131057,131.78951,0.11879166666666666
3973002,K06376.01,0,1.992098705,132.891052,0.16826375
5025217,K06496.01,0,1.78752921,132.4646,0.22145833333333334
5025234,K06497.01,0,1.77555333,131.92,0.6004166666666666
5025294,K06498.01,0,5.462689263,134.26516,0.13585416666666666
5026187,K06499.01,0,3.58966681,134.56621,0.7722499999999999
5031804,K06500.01,0,1.37347867,132.22105,0.5258333333333333
5031882,K06501.01,0,1.00960235,131.6797,0.32695833333333335
5036516,K06502.01,0,1.060996585,132.53457,0.11039166666666667
5036530,K06503.01,0,2.735152701,133.6322499,0.004358333333333333
5781192,K06626.01,0,9.459993213,138.3433458,0.22088333333333332
5802285,K06627.01,0,1.208524388,131.985195,0.07699166666666667
5802470,K06628.01,0,3.79187443,134.134368,0.14800416666666666
5807579,K06629.01,0,17.844323157,133.6947708,0.21166624999999997
5809372,K06630.01,0,34.6506368,143.0279,0.42862500000000003
5871918,K06632.01,0,12.643303542,139.7603975,0.22868875
5894825,K06633.01,0,1.36293943,132.7485,0.43
8374394,K07883.01,0,185.103836,296.7426,0.17458333333333334
6706287,K06761.01,0,1.267693801,132.120397,0.14916374999999998
6766748,K06764.01,0,7.002865192,136.013297,0.24592999999999998
6774408,K06766.01,0,0.85450941,132.2059,0.15512499999999999
6778289,K06767.01,0,30.130130001,152.231115,0.5621624999999999
6781047,K06768.01,0,7.0435762,136.2789,0.6566666666666666
6781535,K06769.01,0,9.12208711,138.8352077,0.19267375
8440062,K07886.01,0,366.71923,185.6459,0.4083333333333333
7622072,K06894.01,0,6.373454978,136.899832,0.16407083333333333
7630658,K06895.01,0,1.075577069,131.558551,0.17157458333333334
7631194,K06896.01,0,0.811390968,131.8759,0.04214166666666667
7662209,K06897.01,0,14.6494599,132.1027,0.120125
7663804,K06898.01,0,321.00742,301.0957,0.5420833333333333
7668648,K06899.01,0,27.81892382,158.10282,0.34907083333333333
7670485,K06900.01,0,8.467706136,139.412302,0.16890666666666665
7670617,K06901.01,0,24.70361995,136.13429,0.2904958333333333
8367298,K07025.01,0,5.1348689,134.236,2.0287499999999996
8374499,K07026.01,0,5.251918489,136.74098,0.23318874999999997
8378656,K07027.01,0,3.62944008,134.701164,0.24754333333333334
8378922,K07028.01,0,43.263305017,150.3780757,0.4204791666666666
8379547,K07029.01,0,6.042029838,132.205367,0.3361083333333333
8381592,K07030.01,0,2.892087553,133.201742,0.13198208333333333
8382339,K07031.01,0,5.40597608,131.61052,0.11624999999999999
8398290,K07033.01,0,0.510804497,131.88057,0.10579166666666667
9328864,K07160.01,0,0.645850521,131.88911,0.05034166666666666
9334490,K07161.01,0,18.84497113,149.94759,0.20600833333333335
9344623,K07163.01,0,14.759477667,139.7828128,0.40727499999999994
9353182,K07164.01,0,10.476258265,136.5282906,0.3238345833333333
9357275,K07165.01,0,1.588298157,132.1833032,0.1820945833333333
9357375,K07166.01,0,1.58826263,132.19139,0.11062499999999999
9392702,K07167.01,0,3.909314318,131.8944811,0.22338499999999997
9394920,K07168.01,0,1.38385822,132.762,0.041666666666666664
8524110,K07891.01,0,0.79708975,131.8481,0.13754166666666667
10164018,K07292.01,0,8.5412411,131.6163,0.15225
10189523,K07293.01,0,1.013922622,132.414157,0.06830416666666667
10198109,K07294.01,0,17.918743061,146.3929572,0.18182791666666667
10208759,K07295.01,0,2.287515702,132.3567704,0.42032916666666664
10214328,K07296.01,0,659.2907,254.33,0.9210833333333334
10215422,K07297.01,0,24.847087207,154.1275658,0.3034475
10257903,K07298.01,0,0.85574731,131.8240876,0.08374999999999999
10258558,K07299.01,0,20.867855659,136.4038679,0.23880083333333335
11240948,K07425.01,0,3.401949837,134.6247,0.6908208333333332
11250867,K07428.01,0,2.252822538,131.6331462,0.14210916666666668
11251058,K07429.01,0,2.25284817,131.6206,0.127875
11285625,K07431.01,0,5.39525573,131.542553,0.3265708333333333
4732015,K05076.02,0,0.939740093,131.7401,0.15341666666666665
9214712,K06064.02,0,265.299451,326.26375,0.190125
9214715,K06065.02,0,265.310499,326.24511,0.16720833333333332
7838906,K06165.02,0,35.4261827,161.164,0.18304166666666666
1026032,K06252.01,0,8.460438928,133.7744903,0.19728833333333332
3973504,K06377.01,0,4.318726936,131.605675,0.11139541666666666
4042088,K06378.01,0,3.22598684,134.7245837,0.06958333333333333
4055092,K06379.01,0,76.45315813,133.986308,0.21592499999999998
4067549,K06380.01,0,7.698431197,137.868033,0.22653208333333333
4069063,K06381.01,0,0.504296702,131.905285,0.058937500000000004
4069213,K06382.01,0,5.194256813,134.5723735,0.30240625
4075064,K06383.01,0,61.42252657,161.2406686,0.15691041666666666
4076952,K06385.01,0,9.761172507,133.7034265,0.47502916666666667
5036530,K06503.02,0,1.36513839,132.0907941,0.0775
5036538,K06504.01,0,1.061008464,132.5213941,0.1167875
5038469,K06505.01,0,1.36840167,131.5320332,0.19083333333333333
5039687,K06506.01,0,5.8957069,136.3002,2.368333333333333
5042785,K06507.01,0,1.67473779,132.7799,0.23625
5078879,K06508.01,0,1.039370613,131.62419,0.0446375
5080346,K06509.01,0,2.31169425,132.3203,0.36204166666666665
5080652,K06510.01,0,2.072177815,133.095727,0.18952666666666665
5894972,K06634.01,0,3.34328534,134.8451,1.1370833333333332
5952309,K06636.01,0,0.905678252,132.19647,0.05204166666666667
5952457,K06637.01,0,0.905672916,132.20453,0.041666666666666664
5962514,K06639.01,0,0.790046373,132.1225,0.20807916666666665
5962716,K06640.01,0,1.804591904,132.3963298,0.16042041666666665
5977541,K06642.01,0,1.14073528,132.5852,0.09975
5977804,K06643.01,0,3.31976683,131.7956,0.1884583333333333
6792124,K06770.01,0,0.52880817,131.67844,0.09527083333333333
6804648,K06771.01,0,0.700606479,131.59767,0.041374999999999995
6806632,K06772.01,0,9.469191607,140.9753434,0.3983329166666667
6841577,K06773.01,0,15.53753378,140.2734399,0.24275833333333333
6852488,K06775.01,0,2.172042913,131.764641,0.33471249999999997
8460634,K07887.01,0,6.35216475,134.1982,0.13545833333333332
7671594,K06902.01,0,0.705174384,131.694866,0.04633166666666667
7677005,K06903.01,0,38.058140058,142.4101791,0.36766791666666665
7691527,K06905.01,0,4.800232532,135.7829072,0.14879375
7695445,K06906.01,0,1.74336627,132.8574,0.4335416666666666
7700578,K06908.01,0,1.507100589,132.09322,0.24207083333333335
7707736,K06909.01,0,0.758355704,131.863972,0.18389583333333331
7733540,K06910.01,0,0.77258608,131.7134714,0.1125
8411947,K07034.01,0,0.898837525,132.13405,0.14725833333333332
8414159,K07035.01,0,11.931131598,142.8536843,0.23207624999999998
8414216,K07036.01,0,11.93137992,142.82366,0.15162499999999998
8415863,K07037.01,0,27.533803402,147.2410009,0.16509458333333332
8423903,K07038.01,0,12.4964346,132.0358,3.5133333333333328
8429450,K07039.01,0,1.352576807,132.0374311,0.22897125
8445775,K07042.01,0,13.254134073,136.3679147,0.18124625
9411943,K07170.01,0,1.922009494,132.161285,0.12920833333333331
9412462,K07171.01,0,10.186578749,132.5289587,0.4429333333333333
9418994,K07172.01,0,32.003815635,136.49482,0.17966541666666663
9451096,K07173.01,0,1.250390814,131.7337519,0.1549333333333333
9466042,K07175.01,0,9.2742685,133.599,0.5579166666666666
9468296,K07176.01,0,5.748815953,132.28021,0.08006666666666666
10264202,K07300.01,0,0.517573708,131.5161551,0.09295916666666666
10268809,K07302.01,0,24.70932686,138.996552,0.21124166666666666
10274244,K07303.01,0,13.68369259,135.2108067,0.17604333333333333
10275887,K07304.01,0,9.726748645,139.4774644,0.8087208333333333
10290447,K07306.01,0,0.691561191,131.6477,0.21791666666666668
10292465,K07307.01,0,1.35337091,131.936954,0.09331666666666666
10294608,K07308.01,0,1.854491777,132.4915806,0.21448791666666667
11287726,K07433.01,0,4.737713268,132.325253,0.266
11295085,K07436.01,0,2.49777454,133.7602628,0.21837499999999999
11350389,K07438.01,0,1.51264208,132.025984,0.07795833333333332
11356602,K07439.01,0,323.2575,191.3655,0.7191666666666667
11358392,K07440.01,0,0.984971822,132.402887,0.06843625
1433531,K06254.01,0,567.71329,436.4746,0.5354166666666667
1717528,K06255.01,0,9.31392071,135.7783,0.04045833333333333
2012722,K06257.01,0,2.32539968,132.12985,0.6996249999999999
2013883,K06258.01,0,0.764597756,131.69552,0.046625
2162994,K06260.01,0,4.101595158,132.6324315,0.2543175
2167444,K06261.01,0,2.43574046,133.47404,0.9270833333333333
4078693,K06386.01,0,2.756536015,133.025652,0.06628333333333333
4142768,K06387.01,0,13.99585365,131.65924,0.20961666666666667
4149684,K06388.01,0,4.320850062,132.4183917,0.17777541666666666
4150703,K06389.01,0,8.6532378,134.3027,0.12391666666666667
4157488,K06390.01,0,5.197420145,132.5674705,0.2827225
4160669,K06391.01,0,2.183517999,132.692938,0.17792916666666664
4171955,K06392.01,0,383.61248,254.3616,0.5109583333333333
4174507,K06393.01,0,1.945914237,133.042081,0.11963333333333333
5083252,K06512.01,0,2.500560859,131.6761907,0.3162583333333333
5091075,K06514.01,0,1.25625738,131.7577,0.40525
5091614,K06515.01,0,21.142458554,138.3916328,0.21576916666666668
5094301,K06517.01,0,0.99519559,132.4712,0.09554166666666666
5983348,K06644.01,0,25.150788449,150.345557,0.32196541666666667
5990753,K06645.01,0,7.21636091,133.88924,0.09241666666666666
6029130,K06647.01,0,12.591656377,134.7421233,0.23057708333333332
6035335,K06648.01,0,1.044408447,132.31116,0.15137499999999998
6041511,K06649.01,0,0.97705114,132.1871,0.09708333333333333
6042116,K06650.01,0,5.407157086,136.5956575,0.2454958333333333
6042663,K06651.01,0,30.971766472,151.5322506,0.34632124999999997
6044064,K06652.01,0,5.06318803,133.707285,0.5788041666666666
6859813,K06778.01,0,10.88242209,132.6767451,0.22997249999999997
6863840,K06779.01,0,1.926366998,131.7468446,0.16587
6864569,K06780.01,0,2.325185422,133.265218,0.3036291666666666
6864859,K06782.01,0,40.877841988,158.3207395,0.41185666666666665
6877673,K06784.01,0,36.75892725,156.0924573,0.6488458333333333
6877871,K06785.01,0,0.536869783,131.84557,0.1735
7741048,K06911.01,0,0.843400322,131.57039,0.07335833333333333
7751562,K06912.01,0,17.042155208,142.4257555,0.32517166666666664
7755741,K06913.01,0,0.874236216,131.7986,0.09799999999999999
7769072,K06914.01,0,0.60886299,132.0506751,0.053290000000000004
7769815,K06915.01,0,4.43529675,134.7488,0.08820833333333333
7777365,K06916.01,0,0.88512187,131.8821,0.13954166666666667
7798259,K06917.01,0,1.734221252,132.833439,0.10240416666666666
8453191,K07043.01,0,5.776764285,131.5421677,0.2915479166666667
8453324,K07044.01,0,1.26227317,132.0407385,0.13755875
8479107,K07045.01,0,0.76757669,131.819082,0.08531541666666666
8479386,K07046.01,0,5.860377067,134.8440004,0.435975
8488876,K07047.01,0,5.801881299,136.9821453,0.17547208333333333
8504570,K07048.01,0,4.00770453,134.8009815,0.229535
8509346,K07049.01,0,6.099032889,135.5223947,0.20092
8517433,K07050.01,0,0.652956712,131.52361,0.026125
9474222,K07177.01,0,13.691790011,133.7914664,0.23528083333333333
9474969,K07178.01,0,21.570508432,151.7931354,0.5775166666666667
9509207,K07181.01,0,14.199840087,135.748091,0.24938791666666665
9520700,K07183.01,0,2.136834989,133.617975,0.1812008333333333
9529294,K07184.01,0,2.51690133,133.49353,0.10504166666666666
10296163,K07309.01,0,9.296746368,135.6856399,0.28669541666666665
10330495,K07310.01,0,18.060078203,138.611105,0.4823291666666667
10332789,K07311.01,0,18.74072534,135.2072208,0.21657958333333333
10340228,K07312.01,0,0.93371313,131.5534,0.12379166666666666
10341787,K07313.01,0,0.93373716,132.46828,0.2089583333333333
10342097,K07314.01,0,0.933735579,131.53509,0.16216666666666665
10345862,K07315.01,0,58.28819056,135.87642,0.9000583333333334
10346522,K07316.01,0,3.989144446,132.572437,0.8664458333333332
10352603,K07317.01,0,32.77897303,136.182037,0.7974083333333333
11359305,K07441.01,0,28.487107336,132.872485,0.15745291666666666
11391181,K07442.01,0,8.61733907,139.0692516,0.16898458333333333
11401869,K07443.01,0,2.16146908,131.8342,0.15179166666666666
11409698,K07444.01,0,10.26782676,139.1769796,0.25111874999999995
11455795,K07446.01,0,1.057335679,131.792007,0.0658125
11457191,K07447.01,0,1.149198426,131.817374,0.17334583333333334
11462556,K07448.01,0,2.50012775,131.5829,1.1749999999999998
2305372,K06264.01,0,1.40469182,131.552084,0.2609695833333333
2306740,K06265.01,0,10.306982793,143.7331641,0.47615416666666666
2308957,K06266.01,0,1.109841858,132.1655985,0.3383133333333333
2437452,K06268.01,0,7.234965722,134.582307,0.2926875
2437804,K06269.01,0,7.45301717,131.77618,0.15354166666666666
2438061,K06270.01,0,2.442941283,132.011468,0.1743625
4180396,K06394.01,0,3.684337918,132.61121,0.09137916666666665
4245897,K06395.01,0,11.2570616,140.81576,1.2107916666666667
4252226,K06396.01,0,21.858963291,151.2628164,0.2635383333333333
4261960,K06397.01,0,1.461270059,131.78154,0.6861249999999999
4269252,K06398.01,0,9.4022333,134.8876,0.11624999999999999
4281895,K06400.01,0,9.543584955,137.7738831,0.15500291666666666
5095269,K06518.01,0,18.611957253,133.8661994,0.17696708333333333
5097278,K06519.01,0,0.73240662,131.5735,0.18041666666666667
5098757,K06520.01,0,2.954598,134.3663,1.0329166666666665
5111801,K06521.01,0,0.562006231,132.0289,0.14566666666666667
5112198,K06522.01,0,3.21559054,133.5375,0.6775416666666666
5113809,K06523.01,0,1.547426532,132.8859128,0.672275
5115178,K06524.01,0,12.851722103,132.8395131,0.23822125
5115379,K06525.01,0,4.2055797,132.1233,0.8083333333333332
6046311,K06654.01,0,0.957476003,131.91263,0.0276
6048106,K06655.01,0,1.559360638,132.53955,0.22690833333333332
6048255,K06656.01,0,0.57627248,132.0811,0.07291666666666666
6060580,K06658.01,0,2.313367981,133.1999763,0.10110208333333333
6063448,K06659.01,0,76.01811375,139.943296,0.5618708333333333
6066107,K06660.01,0,0.82883944,132.013443,0.07625
6890618,K06787.01,0,1.574063832,133.05514,0.2348208333333333
6925263,K06788.01,0,2.51989935,133.7109,0.06458333333333333
6927629,K06789.01,0,3.867613816,135.3438766,0.22352791666666666
6929016,K06790.01,0,0.733726452,132.02005,0.09620833333333334
6936977,K06791.01,0,36.473115046,159.7666622,0.12125208333333333
6939670,K06792.01,0,4.238855579,135.201464,0.21764583333333332
6947837,K06794.01,0,1.17033848,132.4153,0.4816666666666667
6949550,K06795.01,0,7.841066931,136.5883392,0.2282920833333333
7816680,K06920.01,0,4.292599454,131.7702811,0.19720541666666663
7838639,K06922.01,0,2.113197701,132.3310213,0.14430874999999999
7846730,K06923.01,0,11.02822674,136.96732,0.34479166666666666
7847927,K06924.01,0,70.37626987,151.228445,0.2675208333333333
8526387,K07051.01,0,0.772803664,131.70354,0.057
8543278,K07052.01,0,7.549299761,135.0113297,0.10264083333333332
8552500,K07053.01,0,0.530972263,131.7212,0.15220833333333333
8552540,K07054.01,0,0.530967171,131.725385,0.15875833333333333
8553788,K07055.01,0,1.606163631,131.6342249,0.20521499999999998
8553907,K07056.01,0,42.032096076,133.581119,0.4865333333333333
8559796,K07057.01,0,0.619303759,131.5539456,0.2751583333333333
8559863,K07058.01,0,22.470494368,143.284831,0.3079570833333333
9529856,K07185.01,0,37.482223878,155.8400132,0.20060458333333334
9536048,K07186.01,0,3.71186243,132.6486,0.043
9540450,K07187.01,0,1.077358008,131.600551,0.15297083333333333
9540675,K07188.01,0,3.55643514,133.5696,0.355375
9541163,K07189.01,0,0.5366497,131.71771,0.12029166666666666
9541567,K07190.01,0,1.12284501,131.671908,0.03958333333333333
9569866,K07191.01,0,1.480324075,131.7556963,0.13342041666666665
9579192,K07192.01,0,12.08353781,139.6155998,0.32929875
8540376,K07892.01,1,10.692115,141.116,0.19404166666666667
10363300,K07318.01,0,0.934926138,132.1779461,0.1330208333333333
10407047,K07321.01,0,0.93374699,131.52406,0.257
10407430,K07322.01,0,0.933759404,131.50294,0.14545833333333333
10407464,K07323.01,0,0.93373711,131.5293,0.13129166666666664
10417704,K07324.01,0,3.0082548,132.68976,0.09916666666666665
10420279,K07325.01,0,45.43324862,159.870473,0.5934166666666667
10422852,K07326.01,0,1.398890216,132.16558,0.2068375
11499757,K07450.01,0,12.314402323,134.2520931,0.24542916666666664
11501774,K07451.01,0,0.691823991,131.57,0.24854166666666666
11502172,K07452.01,0,25.431861399,135.619194,0.21823791666666664
11502179,K07453.01,0,3.98855869,135.129,0.061125
11506235,K07454.01,0,20.413052415,140.0167643,0.18592083333333334
11560382,K07456.01,0,0.527679032,131.81119,0.058124999999999996
11560431,K07457.01,0,0.527673075,131.8234533,0.05705416666666666
2438062,K06271.01,0,2.44295727,132.00292,0.1694
2438517,K06272.01,0,3.31587688,131.50648,0.13133333333333333
2442084,K06273.01,0,49.788613011,175.192714,0.30908625
2450716,K06275.01,0,1.38607973,131.5931,0.36249999999999993
2557430,K06277.01,0,0.648868342,131.842892,0.11767833333333333
2568971,K06278.01,0,5.088582739,134.055128,0.3169416666666667
4284147,K06402.01,0,1.1611022,132.2174,0.10333333333333333
4349935,K06403.01,0,0.792023257,131.92896,0.13585
4352168,K06404.01,0,10.643743766,134.9422857,0.2624095833333333
4356621,K06405.01,0,1.7317958,132.8964,0.12183333333333332
4357985,K06406.01,0,8.65298599,136.67132,0.06454166666666666
4367544,K06407.01,0,1.19563447,131.5506,0.22472499999999998
4372410,K06408.01,0,0.550537628,131.6623478,0.050666666666666665
4372961,K06410.01,0,2.53470797,132.88117,0.8392916666666667
5119143,K06527.01,0,0.530799654,131.68727,0.14529166666666665
5125048,K06528.01,0,0.56818769,132.06643,0.08333333333333333
5126627,K06529.01,0,1.0094779,131.6463,0.155
5130890,K06530.01,0,0.91057795,131.5209695,0.11374999999999999
5164794,K06531.01,0,1.0429419,131.966,0.3008333333333333
5172274,K06533.01,0,6.12650913,133.2391,0.6429166666666666
5174492,K06534.01,0,0.720589427,131.9829699,0.18037499999999998
6068947,K06661.01,0,0.573036404,120.5159138,0.054900000000000004
6103049,K06662.01,0,0.643171495,131.8893076,0.09636875
6109688,K06663.01,0,14.086776961,140.287018,0.42199583333333335
6128141,K06665.01,0,1.872620976,132.727701,0.07344166666666666
6131659,K06667.01,0,17.527826808,144.5700534,0.24103791666666666
6146838,K06668.01,0,27.467217305,143.6727101,0.17415041666666667
6950275,K06796.01,0,40.879068,163.4056,0.27341666666666664
6953219,K06797.01,0,0.566802325,131.79626,0.07675
6962018,K06799.01,0,0.634946497,132.074576,0.10022541666666665
6965293,K06800.01,0,5.077746556,134.63539,0.13215833333333332
6967430,K06801.01,0,2.00383703,132.8086,0.14470833333333333
7009828,K06802.01,0,5.321224925,135.125071,0.3120720833333333
7025851,K06803.01,0,2.340534383,132.74718,0.18459041666666667
7870250,K06926.01,0,0.580724809,131.72956,0.07583333333333334
7871395,K06927.01,0,501.07647447,143.2445125,0.13374999999999998
7885518,K06928.01,0,1.72933255,132.5413,0.15129166666666666
7885570,K06929.01,0,1.729338354,132.536976,0.28551666666666664
7886329,K06930.01,0,0.567493852,131.9916219,0.05639541666666667
7919653,K06932.01,0,2.105238039,132.675463,0.21816458333333333
7938468,K06933.01,0,7.226944171,136.163008,0.95885
8560861,K07059.01,0,31.973311701,133.867225,0.5504374999999999
8565900,K07060.01,0,1.64125844,131.9294,0.18791666666666665
8569819,K07062.01,0,20.849919614,137.5588347,0.5736958333333333
8574270,K07063.01,0,15.120212531,139.6966549,0.14583625
8581658,K07064.01,0,3.481657589,134.1835162,0.19804791666666666
8590527,K07065.01,0,0.739769962,131.9671179,0.08162541666666666
8604993,K07066.01,0,6.570421193,134.01948,0.18624166666666667
8608490,K07067.01,0,0.541405029,131.933523,0.11450416666666666
9579789,K07193.01,0,2.17814186,132.02946,0.08283333333333333
9581498,K07194.01,0,10.54884842,140.3874343,0.048749999999999995
9592855,K07196.01,0,0.609662423,131.946514,0.17668041666666667
9596187,K07198.01,0,0.953299962,131.699309,0.07061583333333332
9597095,K07200.01,0,2.745640575,131.707795,0.12687833333333332
10454401,K07328.01,0,12.180721266,139.3460044,0.17316749999999997
10462826,K07329.01,0,50.467024395,132.009484,0.37340874999999996
10468514,K07331.01,0,0.84986054,132.0547,0.057812499999999996
10471113,K07332.01,0,0.933728196,131.5336,0.14337499999999997
10481054,K07333.01,0,2.03742712,131.5592,0.164125
10486425,K07334.01,0,5.274819905,136.708908,0.19453333333333334
11560447,K07458.01,0,0.527678272,131.8133693,0.09715249999999999
11601357,K07459.01,0,3.55027051,133.7711,0.07829166666666666
11615481,K07461.01,0,65.4317194,144.171343,0.5099333333333333
11616200,K07462.01,0,1.718649321,132.21092,0.16420625
11616631,K07463.01,0,7.2949175,136.0798,1.71
11616663,K07464.01,0,7.2935801,136.2546,1.6675
11618798,K07465.01,0,42.9261364,138.5107,0.10741666666666666
2570505,K06279.01,0,1.89129338,132.6698,0.23654166666666665
2570767,K06280.01,0,1.89124453,132.6958,0.21166666666666667
2571075,K06281.01,0,1.89134201,132.6744,0.19475
2576692,K06282.01,0,87.87826191,194.105106,0.5339083333333333
2580872,K06283.01,0,15.926632768,145.5519669,0.3095366666666667
2583777,K06284.01,0,0.958116585,132.052919,0.0979
2693092,K06285.01,0,39.841522897,168.1412318,0.36626000000000003
2708156,K06286.01,0,1.891268461,132.6833032,0.3437325
2708172,K06287.01,0,1.89114441,132.7545,0.3635
4375101,K06411.01,0,61.25964956,140.698649,0.5074041666666667
4380283,K06412.01,0,0.872359598,132.0311474,0.15604666666666667
4384793,K06413.01,0,374.318792,431.5127,0.24833333333333332
4445630,K06414.01,0,5.627911313,133.1491782,0.29509291666666665
4446411,K06415.01,0,0.62927655,132.015321,0.04040833333333333
4454219,K06416.01,0,1.22578134,131.6062,0.09312499999999999
4456622,K06417.01,0,0.751408792,131.948266,0.095725
4482738,K06418.01,0,0.866344816,132.06358,0.07995
4484312,K06419.01,0,2.24294107,133.47862,0.1055
5174920,K06535.01,0,0.950487062,131.73468,0.1220125
5181455,K06536.01,0,5.579631021,133.5534687,0.1411025
5193386,K06537.01,0,21.37831102,157.804933,0.9048916666666666
5196851,K06539.01,0,0.541396363,131.5974,0.09933333333333333
5199978,K06540.01,0,0.550509602,131.86731,0.04931666666666666
5211470,K06541.01,0,2.404293523,132.755943,0.1860375
6147573,K06669.01,0,25.836831272,137.3641956,0.2634170833333333
6152521,K06670.01,0,0.94895231,131.85772,0.16466666666666666
6185717,K06671.01,0,11.702203927,139.4312652,0.11465541666666665
6205460,K06673.01,0,3.722775537,136.515472,0.5971208333333333
6206751,K06674.01,0,1.245342215,132.220019,0.18346166666666666
6207053,K06675.01,0,0.604755462,131.84831,0.05725416666666667
6220470,K06677.01,0,8.144135648,136.5054788,0.37036499999999994
7031132,K06804.01,0,0.566795196,131.80925,0.09083333333333334
7031732,K06805.01,0,0.566798827,131.81946,0.15258333333333332
7031767,K06806.01,0,0.56678012,131.8499,0.13570833333333332
7031948,K06807.01,0,0.566800113,131.81731,0.138125
7031992,K06808.01,0,0.56679293,131.83103,0.15891666666666665
7032117,K06809.01,0,0.566809491,131.79695,0.1315
7032174,K06810.01,0,0.566799218,131.81553,0.176125
7032383,K06811.01,0,0.566797404,131.83652,0.17120833333333332
7943535,K06935.01,0,4.719336335,133.514832,0.11824458333333333
7947631,K06936.01,0,1.258274109,132.7042523,0.08019458333333333
7950775,K06937.01,0,8.966610607,138.5745618,0.16745125
7955301,K06938.01,0,15.32763411,134.92291,0.2527583333333333
7960295,K06939.01,0,2.10413487,132.63638,0.1761208333333333
7960547,K06940.01,0,6.767341062,135.2655184,0.18717208333333335
7967100,K06941.01,0,1.92730001,132.36067,0.7838333333333334
8610483,K07068.01,0,48.79936881,160.196299,0.3670304166666667
8618226,K07070.01,0,5.882036054,131.7687637,0.21513583333333333
8621026,K07071.01,0,4.059428737,133.1885651,0.21955249999999998
8690001,K07075.01,0,19.35954117,134.25201,0.5352666666666666
9597854,K07201.01,0,1.287097944,132.37957,0.08083333333333333
9602431,K07202.01,0,3.5565617,133.522,0.27879166666666666
9602538,K07203.01,0,3.55646511,133.5549,0.19666666666666666
9630640,K07204.01,0,3.661895766,132.5316735,1.4848916666666665
9635529,K07206.01,0,2.35195525,131.9168815,0.24953458333333334
9637299,K07207.01,0,1.882438182,132.7396834,0.14612291666666666
10490960,K07335.01,0,5.682410334,133.6376552,0.22223874999999998
10491031,K07336.01,0,2.199069234,133.0633498,0.26276916666666666
10535807,K07337.01,0,1.481655821,132.699429,0.14547083333333333
10535858,K07338.01,0,0.93370968,131.5714,0.1398333333333333
10547685,K07340.01,0,1.388509353,131.786298,0.11867125
10549576,K07341.01,0,9.089355023,139.083714,0.26669166666666666
10552700,K07342.01,0,0.94808587,131.93348,0.3345833333333333
11619964,K07466.01,0,10.368552685,132.718439,0.18244916666666666
11651105,K07468.01,0,13.8602646,139.4033,3.0941666666666667
11662440,K07469.01,0,13.639480425,144.531439,0.13017583333333332
11704044,K07472.01,0,6.882686062,134.052302,0.22805124999999998
11706658,K07473.01,0,1.407937865,132.26921,0.06604166666666667
2708445,K06288.01,0,1.89117723,132.7285,0.2910833333333333
2708614,K06289.01,0,52.884577,147.01058,0.3288333333333333
2711114,K06290.01,0,1.429439352,132.74659,0.10099999999999999
2720354,K06292.01,0,2.821328194,131.680097,0.20945499999999997
2852560,K06294.01,0,11.961308501,131.9131819,0.19339166666666666
2856960,K06295.01,0,204.280255,164.7235,1.55
4484356,K06420.01,0,0.572079631,132.0189884,0.09492124999999998
4489844,K06421.01,0,0.822314545,131.7125281,0.13905833333333334
4540632,K06422.01,0,31.005392846,150.8616525,0.12804166666666666
4544623,K06423.01,0,2.189097,132.0841,0.24033333333333332
4565985,K06424.01,0,17.51191534,134.39065,0.2365833333333333
4569590,K06426.01,0,41.3701638,166.1673,1.2189166666666666
4574310,K06427.01,0,1.306220168,132.1122056,0.21438291666666667
4575824,K06428.01,0,631.632,239.8779,0.6720833333333333
5216727,K06543.01,0,0.756511623,131.9298652,0.11742999999999999
5218014,K06544.01,0,10.845286549,138.334343,0.18281666666666666
5255552,K06545.01,0,32.45541269,137.607894,0.3072333333333333
5266937,K06547.01,0,5.917085496,132.900327,0.9897708333333333
5269407,K06548.01,0,0.958871144,131.6864267,0.11431708333333332
5271803,K06549.01,0,0.5402463,131.5521,0.5804166666666666
5272571,K06550.01,0,1.288046428,132.00088,0.15154166666666666
6228703,K06678.01,0,4.200206781,134.6578,0.21747833333333333
6231401,K06679.01,0,6.091954982,137.5877592,0.15020083333333334
6279823,K06681.01,0,485.52409,307.5674,0.45999999999999996
6283224,K06682.01,0,0.76647343,132.034804,0.10264374999999999
6285094,K06683.01,0,5.2439783,132.6829,0.4208333333333333
6285396,K06684.01,0,5.2436639,132.6741,0.43875
6285397,K06685.01,0,5.2438269,132.6874,0.34312499999999996
7032968,K06812.01,0,0.56678702,131.849,0.12808333333333333
7033713,K06813.01,0,2.19642864,133.4945,0.20554166666666665
7033748,K06814.01,0,2.19635512,133.515028,0.4022983333333333
7049486,K06815.01,0,26.718417546,138.0518033,0.33923125
7050754,K06816.01,0,0.615787196,131.71405,0.12779166666666666
7090801,K06817.01,0,548.08441,367.3828,0.7358333333333333
7097571,K06818.01,0,2.213964145,132.565776,0.28165833333333334
7970629,K06942.01,0,1.025534511,132.4990072,0.14668666666666666
7970760,K06943.01,0,7.64941291,132.1070518,0.27372291666666665
7971389,K06944.01,0,13.174807933,136.4631739,0.14057999999999998
7976136,K06945.01,0,0.655094658,131.78278,0.256625
7976435,K06946.01,0,3.33287187,133.4408645,0.2970833333333333
7985167,K06947.01,0,0.692239369,131.584611,0.12130041666666666
7987749,K06948.01,0,17.030857558,145.542727,0.17679499999999998
8700506,K07077.01,0,43.797829003,172.60192,0.32095375
8701327,K07078.01,0,4.254417651,133.8376474,0.27309833333333333
8711548,K07079.01,0,18.778162159,149.6776416,0.337575
8713828,K07080.01,0,1.25451792,131.7413568,0.11
8719897,K07081.01,0,1.575710265,131.692741,0.28491124999999995
8736245,K07082.01,0,2.534740757,133.477837,0.20208874999999998
8738115,K07083.01,0,37.59406667,168.578815,0.3747625
8739209,K07084.01,0,3.6972959,131.753,0.8889583333333333
8746310,K07085.01,0,6.855624762,136.0224296,0.12591625
9640921,K07210.01,0,80.7060641,139.436835,0.28707916666666666
9640921,K07210.02,0,2.17814513,132.02979,0.09670833333333334
9641031,K07211.01,0,1.089077111,132.024245,0.16180833333333333
9641103,K07212.01,0,1.089057762,132.03859,0.06820833333333333
9644411,K07213.01,0,0.379412331,131.61159,0.06504166666666666
9644683,K07214.01,0,0.585940879,131.705742,0.1957458333333333
9652166,K07216.01,0,0.646523404,131.6881,0.16320833333333332
10556578,K07343.01,0,0.626431697,131.899296,0.08404583333333333
10583181,K07344.01,0,2.696354974,132.9926416,0.22482708333333334
10592163,K07346.01,0,14.762889172,133.7747853,0.27196041666666665
10597164,K07347.01,0,4.5638537,133.2096,0.54375
10601538,K07348.01,0,1.463775066,132.80636,0.03970833333333333
10601579,K07349.01,0,8.098754149,134.775324,0.23431416666666666
10613718,K07350.01,0,0.587938916,132.057929,0.058421249999999994
8557246,K07895.01,0,246.87131,220.3739,0.4454166666666666
11709022,K07474.01,0,0.71957289,131.98038,0.07458333333333333
11724091,K07475.01,0,1.559090282,131.7719964,0.20633791666666668
11757422,K07476.01,0,1.81993557,132.52714,0.10125
11763910,K07477.01,0,0.612888148,131.96372,0.11758333333333333
11768970,K07478.01,0,15.541358818,141.9557755,0.10184708333333332
11775530,K07480.01,0,12.8177012,143.6091,0.14437499999999998
11811454,K07481.01,0,2.274628199,132.0170362,0.18860333333333335
8560280,K07896.01,0,85.338393,215.564,0.35416666666666663
2860594,K06296.01,0,5.499941793,132.816764,0.4712333333333333
2860788,K06297.01,0,2.629870555,132.067717,0.27525
2969638,K06298.01,0,1.97362159,131.90168,0.13708333333333333
2973509,K06300.01,0,6.62761199,132.5466377,0.2563670833333333
2998124,K06302.01,0,28.597880332,152.9842901,0.3216354166666666
3098194,K06303.01,0,30.476518853,136.972882,0.4261
4578594,K06429.01,0,252.1638623,191.470778,0.9966666666666667
4587448,K06430.01,0,2.23416013,131.7973,0.08833333333333333
4633434,K06431.01,0,22.271198511,134.7601462,0.1910825
4661634,K06432.01,0,73.894163515,159.9005068,0.39541458333333335
4665989,K06433.01,0,1.124033822,131.62878,0.2322
4671584,K06434.01,0,2.796661168,134.032331,0.14075416666666665
4678171,K06435.01,0,15.288709179,132.8060911,0.20848583333333331
4681152,K06436.01,0,1.83592242,132.077813,0.24975833333333333
4725292,K06437.01,0,1.15495063,132.34528,0.09625
5282656,K06551.01,0,1.516372183,131.83387,0.051625000000000004
5284133,K06552.01,0,8.784575777,134.6752148,0.22092499999999998
5285607,K06553.01,0,1.949700508,132.4267375,0.1812558333333333
5286786,K06554.01,0,9.948701373,138.55412,0.137175
5288543,K06555.01,0,3.457078812,131.8058069,0.21835749999999998
5294739,K06556.01,0,3.735993484,135.062493,0.7286541666666666
5298620,K06558.01,0,12.4239677,141.676,0.6670833333333334
5300878,K06559.01,0,0.639721284,131.8546732,0.11240458333333332
6292732,K06686.01,0,1.25338826,132.6307,0.15949999999999998
6311637,K06688.01,0,1.620813697,132.727367,0.24986666666666668
6364126,K06690.01,0,5.2434664,132.7707,0.7695833333333333
6364195,K06691.01,0,5.2439542,132.6525,0.4091666666666667
6364200,K06692.01,0,5.2441517,132.6668,0.40374999999999994
6364247,K06693.01,0,5.2443332,132.6164,0.46950000000000003
7105574,K06820.01,0,20.726069913,143.201391,0.2697470833333333
7115200,K06821.01,0,0.566801447,131.79977,0.09799999999999999
7115332,K06822.01,0,0.566794934,131.84569,0.18329166666666666
7115463,K06823.01,0,0.566800287,131.815992,0.14529166666666665
7115597,K06824.01,0,0.566791946,131.8145,0.11541666666666667
7115878,K06825.01,0,0.566790294,131.83481,0.15170833333333333
7116043,K06826.01,0,0.566799725,131.8211,0.17070833333333335
7116226,K06827.01,0,0.566801325,131.82499,0.174
8008128,K06950.01,0,14.854415674,136.5597829,0.21406375
8009500,K06951.01,0,38.47674409,150.5742128,0.21281
8013289,K06952.01,0,10.643110689,140.1691798,3.671325
8016214,K06953.01,0,1.587485742,132.138538,0.32287083333333333
8027902,K06955.01,0,1.79621807,131.54732,0.42333333333333334
8039925,K06956.01,0,20.2594232,141.4275,0.8029166666666666
8081389,K06958.01,0,1.489442254,132.0042975,0.22974666666666665
8750094,K07086.01,0,1.12679793,132.2757,0.5032916666666667
8758161,K07087.01,0,0.998217563,131.8142317,0.16285458333333333
8767034,K07089.01,0,0.58640848,131.55583,0.109
8773948,K07090.01,0,33.46947449,154.008513,0.4953083333333333
8784288,K07091.01,0,1.827558898,132.26554,0.19700333333333334
8804358,K07092.01,0,62.519211,146.4454,0.105125
8508493,K07890.01,0,349.85525,285.6453,0.22583333333333333
9652632,K07217.01,0,2.488812012,132.1282609,0.24771791666666665
9655424,K07218.01,0,0.51811818,131.646,0.016537499999999997
9657636,K07219.01,0,542.52829,278.392,0.4608333333333333
9665503,K07221.01,0,11.567974732,137.3409726,0.24858125
9673173,K07222.01,0,21.294733865,147.0967696,0.31672625
9711751,K07225.01,0,0.855763492,132.351325,0.15181708333333332
10619109,K07351.01,0,2.045166206,132.3655682,0.28513
10646620,K07352.01,0,2.41349123,133.5687,0.4704166666666666
10649230,K07353.01,0,0.447820618,131.833123,0.017495833333333332
10661913,K07355.01,0,1.23133063,131.82495,0.15416666666666667
10661976,K07356.01,0,0.61566096,131.8348,0.11120833333333333
10662021,K07357.01,0,1.23140522,131.7715,0.13908333333333334
8560927,K07897.01,0,31.9714488,133.8889,0.355
11817750,K07482.01,0,9.762550001,131.671965,0.20313791666666664
11855538,K07485.01,0,2.521265,132.848,0.11208333333333333
11858541,K07486.01,0,5.674353343,135.7548264,0.17405083333333332
11873166,K07487.01,0,0.734426335,131.931739,0.11422916666666666
11873171,K07488.01,0,0.734426409,131.92972,0.06537499999999999
3102024,K06304.01,0,13.782522208,139.480567,0.3449008333333333
3110937,K06305.01,0,1.89121656,132.7016,0.21416666666666664
3115480,K06306.01,0,3.693702974,135.194906,0.14047749999999998
3120320,K06307.01,0,10.265613245,136.4886955,0.23648041666666667
3127817,K06308.01,0,2.163569702,132.936317,0.31706791666666667
3228740,K06309.01,0,0.730956716,132.21412,0.087375
3230206,K06310.01,0,7.04715073,132.7471,0.05975
3230227,K06311.01,0,7.047106212,132.75015,0.13175958333333332
4729553,K06438.01,0,0.961292561,121.4629897,0.19345583333333333
4736208,K06439.01,0,63.68192888,167.547736,0.5251958333333333
4737302,K06441.01,0,9.455586047,133.670388,0.35094666666666663
4739194,K06442.01,0,1.246585716,132.0206985,0.19252125
4739565,K06443.01,0,0.898932836,131.81613,0.10154166666666666
4740688,K06444.01,0,3.45423296,131.71294,0.12354166666666666
4753988,K06445.01,0,7.304451735,135.0252768,0.1705525
4757331,K06446.01,0,1.181046137,132.122922,0.11217916666666666
5301955,K06560.01,0,0.68396452,131.7130275,0.05416666666666667
5306862,K06561.01,0,2.025580416,131.864175,0.18685333333333332
5307574,K06562.01,0,58.64379,156.9092,1.0183333333333333
5308778,K06563.01,0,20.28281916,137.05176,1.502
5310435,K06564.01,0,4.931365987,133.153013,0.6128666666666667
5343976,K06565.01,0,4.331392455,134.7274476,0.155325
5347537,K06566.01,0,345.1846728,228.840845,0.2727833333333333
5347784,K06567.01,0,9.58405667,138.8710106,0.28447999999999996
6364294,K06694.01,0,5.2436612,132.7337,0.47458333333333336
6367439,K06695.01,0,3.7789374,132.1163,0.44862499999999994
6367628,K06696.01,0,1.88984957,131.910944,0.8104166666666666
6384840,K06699.01,0,2.49904083,133.3698,0.11045833333333333
6386784,K06700.01,0,1.99567242,132.87321,0.14916666666666667
6390236,K06701.01,0,0.89879279,131.6716,0.04295833333333333
6421188,K06702.01,0,16.434352831,136.2884989,0.2148675
7116236,K06828.01,0,0.566793818,131.8298,0.205375
7117513,K06829.01,0,0.566797474,131.8117,0.11283333333333334
7117541,K06830.01,0,1.585673651,132.013007,0.13365125
7118545,K06831.01,0,14.797219157,144.6959608,0.31709875
7125636,K06832.01,0,6.49066214,132.0676273,0.14463666666666666
7128918,K06833.01,0,7.11879848,137.1575204,0.1713675
7132015,K06834.01,0,6.99510404,136.6223392,0.07314999999999999
8088354,K06959.01,0,2.897829967,132.6047388,0.13241166666666665
8094140,K06961.01,0,0.706428634,132.1461749,0.07299249999999999
8094221,K06962.01,0,10.8632531,141.6569,1.5699999999999998
8097825,K06963.01,0,1.46842648,132.165432,0.277775
8098300,K06964.01,0,4.305917719,132.3501939,0.23416375
8098515,K06965.01,0,1.28659726,132.1114,0.14708333333333332
8104436,K06967.01,0,2.535389624,133.38659,0.12091666666666667
8822585,K07095.01,0,1.627538928,131.91531,0.232625
8823397,K07096.01,0,1.506503686,132.9914262,0.20922958333333333
8841616,K07097.01,0,1.679585725,131.5600829,0.3061033333333333
8845221,K07098.01,0,5.40346248,133.7451943,0.318725
8848104,K07100.01,0,0.824851807,131.6271509,0.08068208333333332
8848115,K07101.01,0,0.82484293,131.6424,0.057624999999999996
8868657,K07102.01,0,4.4473549,133.8362,0.7912499999999999
9762514,K07227.01,0,7.51509713,138.09408,0.10916666666666666
9762519,K07228.01,0,7.51514595,138.0800379,0.1477025
9777062,K07229.01,0,19.230038188,132.5814956,0.293505
9786821,K07230.01,0,21.120005744,150.128392,0.08565541666666666
9790965,K07231.01,0,0.82206761,132.243022,0.15950416666666667
9818732,K07233.01,0,45.035589512,132.633531,0.40975416666666664
10685175,K07362.01,0,3.10197712,133.78902,0.29512499999999997
10686876,K07363.01,0,2.618414643,134.044367,0.20830125
10686930,K07364.01,0,2.61844178,134.03782,0.13345833333333332
10711913,K07365.01,0,19.407958161,135.3915368,0.25403166666666666
10732401,K07366.01,0,0.933747375,131.5199,0.24891666666666667
11906217,K07490.01,0,37.910213899,162.458419,0.12964666666666666
11913052,K07491.01,0,3.74785307,134.17465,0.1435
11913071,K07492.01,0,3.747835042,134.1877331,0.22021625
11918482,K07493.01,0,0.94754848,132.266431,0.07227916666666666
11922648,K07494.01,0,1.75643185,132.0575,0.09987499999999999
11922782,K07495.01,0,1.756466865,132.030299,0.1990875
11923819,K07496.01,0,33.159475806,159.8126411,0.37556375
11959569,K07497.01,0,46.14869106,173.238091,0.7954999999999999
11966557,K07498.01,0,60.2976774,161.854691,0.5940041666666667
3241619,K06312.01,0,1.703347524,132.4680448,0.1376625
3241662,K06313.01,0,1.70332915,132.47294,0.06929166666666667
3245000,K06314.01,0,20.413812,148.5092,0.24191666666666667
3247294,K06316.01,0,67.41958542,133.431122,0.3185416666666666
3248332,K06317.01,0,7.363572395,138.70442,0.23977083333333332
3323289,K06319.01,0,33.693201537,158.866724,0.31009125
4758350,K06447.01,0,1.120997701,131.48486,0.4684583333333333
4758368,K06448.01,0,1.874967748,132.701553,0.41732916666666664
4768756,K06451.01,0,2.40440112,133.1975,0.22875
4769824,K06452.01,0,21.926779,135.5453,0.41875
4773155,K06453.01,0,25.706001174,156.644215,0.4570416666666666
4832273,K06455.01,0,501.90703,205.619,0.5179166666666666
5359678,K06569.01,0,3.115304946,133.1240488,0.203645
5385469,K06571.01,0,12.422524,141.875,0.5645833333333333
5385647,K06572.01,0,12.4269264,141.4499,0.9094166666666667
5385667,K06573.01,0,12.4261809,141.5307,1.2120833333333332
5388229,K06574.01,0,0.61810542,131.74488,0.27775
5389184,K06575.01,0,1.06995136,132.30469,0.05508333333333333
6421483,K06703.01,0,2.158398259,131.894054,0.3401375
6421937,K06704.01,0,359.534371,218.68613,1.0085416666666664
6428942,K06706.01,0,534.86668,209.0227,0.34124999999999994
6437993,K06708.01,0,1.39797542,131.6767,0.3775
6442246,K06709.01,0,2.2127498,132.7452,0.12724999999999997
6443392,K06710.01,0,0.776976021,132.2745574,0.08141708333333333
7137798,K06836.01,0,2.25353739,132.486708,0.23942583333333334
7177553,K06837.01,0,17.99646148,139.5431461,0.19401583333333333
7177892,K06838.01,0,1.386249249,132.742206,0.12462666666666666
7185487,K06839.01,0,0.53482911,131.7369,0.041499999999999995
7198648,K06840.01,0,0.566799833,131.64094,0.23095833333333332
7199935,K06841.01,0,0.566795728,131.8148,0.11624999999999999
7200102,K06842.01,0,14.665759784,139.5741023,0.1524225
7200225,K06843.01,0,0.566780836,131.8749,0.20570833333333333
8111622,K06968.01,0,15.44605962,145.5341274,0.1915125
8112013,K06969.01,0,1.790518325,132.9384734,0.13942666666666664
8123170,K06972.01,0,1.03905082,132.5348,0.12645833333333334
8123937,K06973.01,0,0.503201954,131.78436,0.006958333333333334
8128965,K06974.01,0,7.140373046,138.008012,0.2945966666666666
8129189,K06975.01,0,53.647084859,152.97204,0.8312458333333332
8878681,K07103.01,0,2.496328637,132.2054088,0.11379791666666667
8879427,K07104.01,0,16.31328124,136.853981,0.18572124999999998
8879915,K07105.01,0,1.721313779,132.5318957,0.14782
8890996,K07107.01,0,1.50650745,132.98683,0.10924999999999999
8906676,K07108.01,0,8.209514329,134.0632157,0.17254333333333333
8938628,K07109.01,0,3.431126546,133.593104,0.11660833333333333
8940961,K07110.01,0,1.583334941,132.377894,0.18689166666666668
9821078,K07234.01,0,8.429438192,132.2922535,0.16429416666666666
9848420,K07237.01,0,7.9320191,136.4321,0.3408333333333333
9850387,K07238.01,0,1.374249107,131.662968,0.2215875
9850912,K07239.01,0,8.4804737,135.834,0.25654166666666667
9852050,K07240.01,0,0.94242156,132.1165604,0.07874999999999999
9873869,K07241.01,0,4.994773558,136.1744922,0.18703874999999998
10736223,K07367.01,0,1.105094098,132.5461998,0.18257958333333335
10736489,K07368.01,1,6.842939,137.0596,0.11666666666666665
10743600,K07369.01,0,0.8170226,132.022858,0.12391666666666667
10753734,K07371.01,0,19.40669392,149.807826,0.21990208333333333
10794242,K07372.01,0,7.143708297,137.8041949,0.24310458333333332
10794405,K07373.01,0,0.952377862,132.335117,0.17028749999999998
10809677,K07374.01,0,3.521050679,134.218545,0.14717916666666667
11967004,K07499.01,0,1.941635737,133.1097354,0.10278458333333332
11968490,K07500.01,0,0.539445498,131.898299,0.09508749999999999
11970288,K07501.01,0,20.7106853,134.03192,1.7807083333333333
12004679,K07502.01,0,2.521245368,132.8563627,0.17667791666666666
12004680,K07503.01,0,2.52122764,132.86973,0.09370833333333334
12004689,K07504.01,0,2.5212708,132.8596,0.11274999999999999
12013615,K07505.01,0,8.202869679,138.5109062,0.3040879166666667
12022517,K07507.01,0,3.442714533,132.3912568,0.14001416666666666
6307521,K01126.02,0,475.91706,588.8926,0.9524999999999999
7037540,K01347.02,0,0.858285844,131.87904,0.07495833333333332
4349442,K01803.03,0,6.238315363,134.3054225,0.10420833333333332
3327980,K06321.01,0,2.115510941,131.99122,0.30365416666666667
3329643,K06322.01,0,1.015044104,131.56407,0.4580833333333333
3335816,K06323.01,0,3.711013336,132.4882537,0.13792666666666664
3337438,K06324.01,0,2.97606298,132.9637,0.1718333333333333
3337548,K06325.01,0,2.97586085,133.0352,0.18804166666666666
3339538,K06326.01,0,14.658013949,140.4756141,0.12638166666666667
3341934,K06327.01,0,18.839487435,137.7695421,0.23449875
3343866,K06328.01,0,0.555973803,131.96589,0.05295833333333333
4839180,K06456.01,0,4.426344495,134.231165,0.24343125
4840263,K06457.01,0,0.957823876,132.414882,0.15513333333333332
4840818,K06458.01,0,5.024768971,133.120142,0.1593470833333333
4847832,K06459.01,0,30.960216668,156.1595497,0.6429499999999999
4851217,K06460.01,0,2.470283788,133.251861,0.32662916666666664
4851338,K06461.01,0,1.23516416,131.99301,0.196375
4851356,K06462.01,0,1.23513471,132.0046,0.22666666666666668
4862332,K06463.01,0,0.8903331,131.5337,0.11012499999999999
4862625,K06464.01,0,20.000242814,134.82021,0.20850833333333332
5393558,K06576.01,0,10.217121652,137.2457336,0.18151958333333332
5397905,K06577.01,0,0.618060842,131.63533,0.07883333333333332
5444392,K06578.01,0,0.759764419,131.7927631,0.23854208333333332
5460835,K06580.01,0,21.539269242,144.1542761,0.22184666666666666
5462901,K06581.01,0,5.270733213,136.180853,0.115925
5471010,K06583.01,0,12.4232158,141.7294,0.7362500000000001
6447326,K06711.01,0,4.3206933,131.8905,2.1116666666666664
6448768,K06712.01,0,16.486796364,131.6041706,0.29449875
6449291,K06713.01,0,5.7768734,133.6218,0.24008333333333332
6449552,K06714.01,0,20.148807707,135.8116283,0.35523208333333334
6452742,K06715.01,0,0.687772143,131.8669185,0.10696875
6464285,K06716.01,0,0.843651274,131.9478111,0.11686166666666666
6466939,K06717.01,0,1.142946648,131.9010021,0.14176416666666666
6468938,K06718.01,0,7.217010987,135.4523674,0.18422916666666667
8429014,K07885.01,0,9.72869627,140.71571,0.2345
7200301,K06844.01,0,0.566791802,131.81736,0.09166666666666667
7203179,K06845.01,0,2.245738777,133.2650421,0.3590120833333333
7203194,K06846.01,0,2.24572117,133.26678,0.16166666666666665
7204073,K06847.01,0,0.566801906,131.79673,0.06774999999999999
7212722,K06848.01,0,2.316171991,132.311636,0.1679270833333333
7280953,K06850.01,0,0.56680208,131.7056,0.05083333333333333
7281217,K06851.01,0,0.566810701,131.80761,0.2579166666666667
7281229,K06852.01,0,0.566813319,131.78768,0.15633333333333332
8143170,K06976.01,0,28.787257509,137.094192,0.581375
8145789,K06977.01,0,0.835315046,131.9570817,0.10227041666666666
8155584,K06979.01,0,26.0164225,157.37769,0.17403333333333332
8158324,K06981.01,0,593.19521,333.732,1.0687499999999999
8162376,K06982.01,0,0.706430188,132.14208,0.05420833333333333
8953281,K07112.01,0,0.78430061,132.23164,0.123
8953426,K07113.01,0,2.665875491,131.6187983,0.31644208333333335
8953475,K07114.01,0,2.6658312,131.627,0.24045833333333333
8957572,K07115.01,0,1.5765874,132.4469,0.6325
8973000,K07118.01,0,28.027891356,158.348172,0.7219541666666666
9881258,K07242.01,0,2.028512246,132.8392103,0.20846208333333333
9899153,K07243.01,0,1.33256167,132.0567,0.1559583333333333
9899193,K07244.01,0,1.332567821,132.0544581,0.14518333333333333
9899410,K07245.01,0,1.332545609,132.05755,0.16654166666666664
9899421,K07246.01,0,1.33256256,132.04698,0.12866666666666665
9899577,K07247.01,0,1.33258981,132.0364,0.166125
9899583,K07248.01,0,1.33258375,132.0362,0.17004166666666667
9906489,K07249.01,0,8.9648813,137.5394,2.5512499999999996
10816107,K07377.01,0,2.161583501,131.80273,0.16890416666666666
10843431,K07378.01,1,8.7396758,136.5829,0.16108333333333333
10847907,K07379.01,0,0.535493486,131.743209,0.10708333333333332
10849244,K07381.01,0,24.261683827,147.2417593,0.29840416666666664
10857589,K07382.01,0,32.532521502,147.077355,0.5582958333333333
12022718,K07508.01,0,4.627775175,133.390355,0.14199583333333332
12053823,K07509.01,0,28.7850347,145.7978,0.08758333333333332
12071006,K07511.01,0,6.096030635,135.0308909,0.7688791666666666
12105785,K07512.01,0,31.953038766,142.708054,0.33525416666666663
12106875,K07513.01,0,5.9371708,135.957,0.20641666666666664
12157983,K07514.01,0,0.577844035,131.88058,0.17879166666666668
12164751,K07515.01,0,2.630090609,132.224741,0.5700708333333333
12217907,K07516.01,0,43.204596783,146.5978539,0.626675
10028352,K01957.02,0,1.75147897,132.47509,0.32875
3352751,K06330.01,0,3.495457889,132.083941,0.2908166666666666
3427776,K06332.01,0,4.01668015,134.240703,0.09511666666666665
3437739,K06333.01,0,1.89134156,132.6518,0.24545833333333333
3440230,K06334.01,0,2.881100027,134.238752,0.3932775
3441340,K06335.01,0,0.806277023,131.78567,0.303125
3448323,K06336.01,0,0.513482156,131.75477,0.11383333333333334
4862625,K06464.02,0,225.66716,195.6621,0.6916666666666667
4863369,K06465.01,0,4.24748886,132.0562,0.1272083333333333
4863753,K06466.01,0,1.000012952,131.7614,0.050875000000000004
4902030,K06467.01,0,0.878803439,132.267269,0.11437624999999998
4908495,K06468.01,0,1.560158562,132.368518,0.1427
4912589,K06469.01,0,34.188302705,132.1423013,0.12549125
4914709,K06470.01,0,8.65303996,136.66798,0.04545833333333333
4914737,K06471.01,0,8.65311903,134.30128,0.05304166666666666
5471141,K06584.01,0,12.4253812,141.5493,0.8242083333333332
5471328,K06585.01,0,12.42555999,133.96829,1.1701249999999999
5471415,K06586.01,0,12.4257442,141.52382,1.2134166666666666
5471480,K06587.01,0,12.4254241,141.5418,1.0408333333333333
5475712,K06588.01,0,2.991884392,134.175892,0.31492916666666665
5479973,K06589.01,0,1.795273026,131.870391,0.3051333333333333
5513822,K06590.01,0,0.755109271,131.81838,0.109125
5513833,K06591.01,0,0.755101141,131.8211,0.14045833333333332
6471229,K06719.01,0,1.75251585,132.7544,0.14537499999999998
6471230,K06720.01,0,1.752450163,132.8015023,0.1260625
6521174,K06721.01,0,8.27923132,133.81711,0.09812499999999999
6521542,K06722.01,0,2.212877035,132.682428,0.1945670833333333
6522353,K06723.01,0,0.845097627,132.12136,0.07804166666666666
6522750,K06724.01,0,17.445640466,135.7462627,0.2537358333333333
6523216,K06725.01,0,14.313157391,138.2205171,0.37093166666666666
6531485,K06726.01,0,0.676990194,131.8017098,0.07060791666666666
6531801,K06727.01,0,0.515875396,131.7013,0.050416666666666665
7281356,K06853.01,0,2.83401711,133.5005,0.24741666666666665
7281399,K06854.01,0,0.566803996,131.80782,0.141625
7281410,K06855.01,0,0.56681118,131.7883893,0.08583333333333333
7281616,K06856.01,0,0.566799927,131.83464,0.19624999999999998
7281699,K06857.01,0,0.566786121,131.8363,0.1418333333333333
7282008,K06858.01,0,0.56679797,131.841,0.187625
7285616,K06859.01,0,0.566802891,131.79487,0.07754166666666666
8178616,K06984.01,0,1.01884975,132.0857,0.13470833333333332
8183389,K06986.01,0,32.440339204,142.2555263,0.18790999999999997
8192861,K06987.01,0,0.552141897,131.77199,0.20770833333333333
8193315,K06988.01,0,2.62387291,134.0049825,0.19218666666666664
8195877,K06989.01,0,0.75509861,131.962107,0.11009583333333334
8196180,K06990.01,0,3.671661096,132.0909174,0.17914458333333333
8210721,K06991.01,0,22.673145675,138.145641,0.27635
8977176,K07119.01,0,0.50948306,132.0386,0.13083333333333333
9001468,K07120.01,0,17.329965871,142.727156,0.3515883333333333
9005854,K07121.01,0,1.890227354,131.678589,0.160625
9007918,K07122.01,0,1.387206724,132.8469146,0.15938625
9007953,K07123.01,0,1.38718209,132.8579,0.108125
9024857,K07124.01,0,35.026564845,160.6019871,0.12088374999999998
9029486,K07126.01,0,3.138580493,132.330622,0.17347625
9906802,K07250.01,0,9.26147679,135.1085808,0.07375
9906841,K07251.01,0,581.0723,371.0249,0.65875
9913481,K07253.01,0,3.50474265,133.319536,0.3452166666666666
9913798,K07254.01,0,2.14344093,133.497247,0.1655875
9934208,K07256.01,0,9.058487716,137.3378842,0.17263916666666668
9936698,K07257.01,0,2.856085147,133.39298,0.19073333333333334
10867017,K07384.01,0,0.876941133,132.26899,0.054
10909274,K07385.01,0,39.238141571,148.651652,0.2529929166666667
10920813,K07386.01,0,53.7406575,209.294733,1.9686458333333334
10923260,K07387.01,0,7.436016459,136.518226,0.17345166666666667
10924400,K07388.01,0,0.750737313,131.82143,0.07133333333333333
10936427,K07390.01,0,14.361021578,138.842986,0.5537291666666666
10937609,K07391.01,0,2.570431263,133.189517,0.22904125
10965963,K07392.01,0,6.64024496,132.775862,0.2514545833333333
12251779,K07517.01,0,14.844240386,134.2337694,0.28482375
12268220,K07518.01,0,4.42158021,134.395447,0.43555
12302391,K07519.01,0,25.321698729,139.687525,0.18556958333333332
12306808,K07521.01,0,37.878483588,138.128618,0.44155
12351927,K07522.01,0,10.116144515,139.9824969,0.11263083333333332
12353633,K07523.01,0,0.684496369,131.92125,0.09429166666666666
12353720,K07524.01,0,1.953285321,133.1432,0.06983249999999999
8565912,K07898.01,0,1.012174295,131.90835,0.19423749999999998
2853828,K02896.02,0,346.36642,365.2864,0.6224999999999999
7008149,K02918.02,0,0.51554111,131.6708765,0.03625
3458919,K06337.01,0,0.892061734,131.815603,0.09346125
3542573,K06338.01,0,3.471399214,133.7510303,0.2115445833333333
3543270,K06339.01,0,4.176929219,133.197382,0.21667916666666667
3544678,K06340.01,0,6.3762199,134.9584,0.09333333333333334
3556742,K06344.01,0,0.823014905,132.160787,0.14760833333333334
4917014,K06472.01,0,0.796815149,131.9743416,0.04469583333333333
4931073,K06473.01,0,26.951237675,150.923211,0.34478583333333335
4932691,K06474.01,0,18.11208877,134.713916,0.2826166666666666
4940201,K06476.01,0,4.408295716,134.280413,0.15103291666666666
4946680,K06477.01,0,8.665259912,132.216249,0.12953333333333333
4947726,K06478.01,0,4.726086185,132.9230889,0.1832470833333333
4948863,K06479.01,0,8.643550046,139.8333977,0.13030416666666667
5529501,K06592.01,0,1.51945182,132.5975,0.12291666666666667
5529560,K06593.01,0,0.759755409,131.79602,0.11391666666666667
5530881,K06594.01,0,5.082523739,132.9614122,0.210305
5534476,K06595.01,0,1.02547271,131.6002,0.08316666666666667
5534702,K06596.01,0,1.025465924,131.6091403,0.15493374999999998
5535280,K06597.01,0,74.985292949,146.1390004,0.25977125
5553624,K06599.01,0,25.762056721,139.7346639,0.6195583333333333
6543682,K06728.01,0,1.195516859,132.302869,0.2571733333333333
6545018,K06729.01,0,1.995728294,132.839699,0.2681383333333333
6548447,K06730.01,0,10.768391927,137.679347,0.5218833333333333
6584167,K06732.01,0,0.733724504,132.02461,0.092
6591789,K06735.01,0,5.08840787,134.3553111,0.19883499999999998
6593363,K06736.01,0,18.527824075,139.2576071,0.2452825
7336754,K06861.01,0,12.155241119,133.7671874,0.28514708333333333
7350067,K06863.01,1,4.48559215,135.43172,0.03400416666666667
7362534,K06864.01,0,0.566789763,131.81846,0.16699999999999998
7362632,K06865.01,0,0.566811926,131.79708,0.17420833333333333
7365447,K06866.01,0,2.525386934,133.913493,0.15483875
7366036,K06867.01,0,0.566801506,131.7969,0.07241666666666666
7366065,K06868.01,0,0.566803738,131.79343,0.07700416666666667
8211521,K06992.01,0,1.69421771,132.006,0.17337499999999997
8229048,K06995.01,0,2.739477089,131.930634,0.13259541666666666
8231877,K06996.01,0,1.307761491,131.777769,0.09261291666666667
8234477,K06997.01,0,4.028671454,133.9542149,0.33843874999999995
8240109,K06998.01,0,2.30118753,132.193218,0.32589999999999997
8240861,K06999.01,0,0.449249224,1472.522306,0.1981875
9049010,K07127.01,0,0.687004402,131.86316,0.15954166666666666
9083503,K07128.01,0,0.91839938,131.6132,0.18662499999999999
9093566,K07130.01,0,0.94356284,132.3272,0.238375
9098590,K07131.01,0,2.243569483,133.7306188,0.17282041666666664
9098810,K07132.01,0,8.258181993,131.5010463,0.1630083333333333
9101208,K07134.01,0,1.81139053,132.9689,0.36
9944421,K07260.01,0,7.09520543,135.3715105,0.15376833333333334
9945280,K07261.01,0,0.651731691,131.751463,0.10250833333333333
9953736,K07262.01,0,0.50818743,131.63064,0.14304166666666665
9958053,K07263.01,0,2.73398963,133.755464,0.06333333333333332
9963009,K07265.01,0,40.069674617,153.018227,0.38985000000000003
8545603,K07893.01,0,55.884827,140.6478,0.09512499999999999
10976412,K07393.01,0,3.75938475,134.13833,0.049499999999999995
10979716,K07394.01,0,10.6840477,134.084445,0.14645833333333333
10982373,K07395.01,0,2.00280845,132.06909,0.05083333333333333
10987439,K07396.01,0,10.67459836,138.8847317,0.15946083333333333
10989032,K07397.01,0,2.305097141,133.705069,0.08074166666666666
10991989,K07398.01,0,0.974477904,132.370903,0.11243083333333333
10992733,K07399.01,0,18.525917446,144.1948764,0.24606666666666666
12356746,K07525.01,0,0.502454299,131.9221686,0.09647791666666666
12356914,K07526.01,0,27.308150159,143.504361,0.1849608333333333
12365000,K07527.01,0,1.262742487,132.19792,0.0726375
12365015,K07528.01,0,0.59586463,131.9392,0.0625
12367017,K07529.01,0,1.222127938,131.81559,0.09422083333333332
12367310,K07530.01,0,8.627475562,139.9908385,0.19396041666666666
12403968,K07531.01,0,0.589753355,131.83147,0.025249999999999998
12418662,K07532.01,0,2.751566365,131.562267,0.21834583333333335
12418816,K07533.01,0,0.760935268,131.6357605,0.11542625000000001
9959492,K03051.02,0,1.33258772,132.0314,0.216125
3558803,K06345.01,0,1.353414369,131.67312,0.5589999999999999
3634169,K06346.01,0,2.9590637,133.9227,1.2004166666666665
3644174,K06347.01,0,1.806631432,132.23663,0.04591666666666667
3655326,K06348.01,0,15.066491533,140.655427,0.2618833333333333
3656322,K06349.01,0,1.831829703,132.53923,0.3037083333333333
3656700,K06350.01,0,0.738527259,132.024142,0.050725
3659940,K06351.01,0,0.89627093,131.668052,0.09180416666666666
4949027,K06480.01,0,1.06100327,132.5257,0.06979166666666667
4949214,K06481.01,0,0.922030594,132.076361,0.18195833333333333
4950341,K06482.01,0,611.09299,134.3101,0.6341666666666667
4950557,K06483.01,0,24.714790706,149.4927345,0.21115666666666666
5000179,K06485.01,0,3.6329347,131.88496,0.09583333333333333
5017058,K06486.01,0,1.161947482,132.2121368,0.1862025
5018787,K06487.01,0,0.607191908,132.0195301,0.05423583333333333
8345473,K07881.01,0,2.2502073,133.6127,0.09179166666666666
5598639,K06602.01,0,0.648775795,131.7459799,0.1811033333333333
5610698,K06603.01,0,4.132521615,132.892463,0.5206208333333333
5616489,K06604.01,0,410.88527,202.8127,1.0041666666666667
5621294,K06606.01,0,0.938905082,131.8411582,0.20852208333333333
5621299,K06607.01,0,0.93891532,131.83424,0.08891666666666666
5622250,K06608.01,0,16.294213708,143.1937219,0.25070291666666666
5632781,K06609.01,0,11.02520205,131.715631,0.5337375
6594972,K06737.01,0,10.819169459,132.9864665,0.22927583333333335
6595662,K06738.01,0,2.680514453,132.598382,0.13382416666666666
6606282,K06740.01,0,1.053573674,132.428012,0.07088166666666666
6606669,K06741.01,0,0.970085646,132.4088,0.04704166666666666
6607610,K06742.01,0,63.52017525,162.163605,0.7156624999999999
6610219,K06743.01,0,11.300987626,801.4552005,0.43832916666666666
6610433,K06744.01,0,0.92098747,131.87056,0.08499999999999999
7368103,K06869.01,0,2.182515126,132.354186,0.28505416666666666
7369523,K06870.01,0,2.659418888,133.3208183,0.2910058333333333
7376982,K06871.01,0,2.31610674,132.3383,0.13945833333333332
7381695,K06873.01,0,0.948683571,131.88901,0.06983333333333333
7385387,K06874.01,0,1.65546056,133.13661,0.14666666666666667
7385478,K06875.01,0,1.655472351,133.126106,0.21216541666666666
7421876,K06876.01,0,4.50279037,134.1343,0.27999999999999997
8243263,K07000.01,0,1.759276227,132.0750778,0.13316041666666667
8244295,K07001.01,0,1.09206792,132.1066,0.06858333333333333
8262223,K07004.01,0,1.613014741,131.7482916,0.18316416666666668
8265520,K07005.01,0,6.2089181,136.6828,0.09549999999999999
8265990,K07006.01,0,0.77996263,132.1472,0.140375
9119405,K07135.01,0,18.646323091,139.0920079,0.36887499999999995
9156957,K07137.01,0,3.6673005,133.1255,0.14054166666666668
9159301,K07138.01,0,3.044771557,132.436907,0.4608041666666667
9163674,K07139.01,0,0.773144492,131.6393074,0.16901791666666666
9164788,K07140.01,0,2.66811113,133.5071,0.9370833333333333
9172506,K07141.01,0,50.440285363,149.90838,0.5083375
9179531,K07142.01,0,3.255385289,132.498277,0.24790833333333331
9963639,K07266.01,0,7.4185369,131.5282,0.060458333333333336
9965691,K07267.01,0,15.68434493,133.03069,1.852625
9971475,K07268.01,0,5.357409918,131.637601,0.17857583333333332
10000490,K07269.01,0,1.400991827,132.453975,0.203325
10014702,K07271.01,0,1.34062901,132.0803,0.12816666666666665
10020423,K07273.01,0,7.448375935,137.694513,0.17662166666666668
11027270,K07401.01,0,0.533628226,132.00331,0.2405
11027722,K07402.01,0,0.678137665,132.138369,0.04196583333333333
11029877,K07403.01,0,2.069415479,132.645356,0.23830874999999999
11071207,K07405.01,0,8.04963472,138.6541935,0.25020333333333333
11073223,K07406.01,0,11.578946873,131.7977742,0.19322083333333331
11076279,K07407.01,0,1.47258471,132.92769,0.1987020833333333
11124509,K07409.01,0,4.446459958,135.730111,0.10658333333333332
12470530,K07536.01,0,8.207257515,135.8249178,0.17659791666666663
12504353,K07537.01,0,498.68845,556.5161,0.7449999999999999
12506342,K07538.01,0,1.22775105,132.56346,0.06675
12557713,K07541.01,0,7.214721393,132.498654,0.09852666666666667
9730163,K02704.03,1,8.15275885,134.19046,0.07275
2437112,K03461.02,0,3.18740907,132.8032,0.2579166666666667
8719324,K03716.02,0,10.23273611,139.5844258,0.06458333333333333
5471690,K04006.02,0,0.962815183,132.21629,0.10754166666666666
5078025,K04211.02,0,0.696290095,131.52676,0.1599583333333333
3746248,K06354.01,0,0.62240698,131.68393,0.049416666666666664
3757588,K06356.01,0,24.09002065,154.285323,0.46039166666666664
3764411,K06357.01,0,4.4158933,132.9738,0.048125
3766353,K06359.01,0,2.666961614,133.719065,0.10322499999999998
5019567,K06488.01,0,1.17430183,131.7601,0.3994583333333333
5021732,K06490.01,0,15.039464523,144.137252,0.224915
5022440,K06491.01,0,3.693951168,133.61052,0.09389166666666666
5022900,K06492.01,0,1.05680287,131.682,0.2395
5024126,K06493.01,0,0.787122102,131.73687,0.12916249999999999
5024268,K06494.01,0,2.15045295,132.32499,0.18554166666666666
5024372,K06495.01,0,0.561524348,131.79593,0.13899999999999998
5647638,K06611.01,0,1.21607873,132.4476,0.19524999999999998
5653126,K06612.01,0,38.49536985,152.84943,0.5363166666666667
5686974,K06613.01,0,4.18224416,134.0885,0.2587083333333333
5696909,K06614.01,0,0.643002821,131.689685,0.04275333333333334
5697628,K06615.01,0,1.95119541,133.3951,0.07945833333333333
5700330,K06616.01,0,53.220416998,138.5798799,0.7389333333333333
6629156,K06747.01,0,0.71538172,131.5505,0.20833333333333331
6629588,K06748.01,0,2.264471713,131.518805,0.29917916666666666
6636020,K06749.01,0,18.3602239,143.4753,0.09799999999999999
7431665,K06877.01,0,281.509095,171.52715,1.7067916666666667
7455553,K06879.01,0,3.258249472,134.59656,0.109825
7456521,K06880.01,0,552.8295063,484.260879,0.6702125
7461314,K06881.01,0,0.773595312,132.08776,0.03254166666666666
7499571,K06883.01,0,533.6593,375.228,0.53375
7541502,K06885.01,0,44.827323809,173.4103489,0.28587625
8285254,K07008.01,0,7.535894184,137.781231,0.3460791666666666
8285970,K07009.01,0,0.562498925,131.750623,0.028095833333333334
8288719,K07010.01,0,0.755049082,132.1942347,0.08735124999999999
8294484,K07011.01,0,1.012694226,132.44896,0.15007083333333332
8296467,K07012.01,0,10.303356001,137.1682892,0.24943041666666665
8301013,K07013.01,0,2.214029545,133.1692046,0.23510999999999999
8302455,K07014.01,0,2.441988077,132.1323834,0.16438583333333334
8302473,K07015.01,0,2.44200193,132.1295,0.13108333333333333
8311864,K07016.01,1,384.847556,314.97,0.41537499999999994
9181340,K07143.01,0,2.131225773,133.29978,0.22888333333333333
9205993,K07145.01,0,1.219736039,132.12417,0.20394375
9207508,K07146.01,0,2.015152464,132.1127635,0.34083208333333337
9210828,K07147.01,0,0.82820657,131.581313,0.11264708333333334
9236858,K07149.01,0,2.537081943,134.005172,0.20037624999999998
9243795,K07150.01,0,14.443127448,139.3903174,0.34733249999999993
9266285,K07151.01,0,5.61386908,132.572901,0.21156375
10026136,K07274.01,0,9.080194398,136.8170208,0.34115708333333333
10026457,K07275.01,0,9.93442075,132.874989,0.3259125
10031409,K07276.01,0,2.071939672,132.8368962,0.18556958333333332
10031526,K07277.01,0,8.5893644,132.0467,0.29062499999999997
10031808,K07278.01,0,8.589644815,132.0206787,0.3956120833333333
10063044,K07280.01,0,1.009671584,131.5869372,0.1823995833333333
11134079,K07410.01,0,1.260575815,132.0569049,0.09836
11137061,K07411.01,0,1.88912273,132.953,0.17579166666666668
11144439,K07412.01,0,0.609125246,132.08281,0.027291666666666665
11147276,K07413.01,0,1.566528935,132.537255,0.13580416666666667
11154043,K07414.01,0,4.52977632,136.1237,1.1146666666666665
4548011,K04288.03,0,4.32744048,132.7835,0.189125
2852941,K04298.02,0,11.57958162,135.5195336,0.10291666666666667
9597729,K04417.02,0,0.87630504,131.95622,0.04625
3830820,K06360.01,0,15.582794732,135.112903,0.15695125
3831523,K06361.01,0,1.529283907,131.4176092,0.5836458333333333
3834364,K06362.01,0,2.908454772,132.315694,0.10835416666666665
3836413,K06363.01,0,1.540396094,131.996172,0.11684999999999998
3836439,K06364.01,0,1.540395674,131.9963513,0.11673666666666667
3838004,K06365.01,0,2.344138713,131.57589,0.018729166666666665
3851134,K06366.01,0,0.91849333,131.8481,0.09995833333333333
3851193,K06367.01,0,1.341078755,131.8392432,0.16103833333333334
9595956,K07604.01,0,316.950146,280.9211479,0.22208333333333333
9655792,K07605.01,0,589.74851,241.6495,0.5308333333333333
9970396,K07606.01,0,235.2976173,219.44696,3.625541666666667
10253638,K07608.01,0,7.4539297,137.33196,0.5920833333333333
10267121,K07609.01,0,36.136968,137.0578,0.6425
10341777,K07610.01,0,0.933746709,132.4539,0.143125
10407271,K07611.01,0,0.93376738,132.4404,0.16816666666666663
10471167,K07612.01,0,0.93374073,131.5337,0.179
10471174,K07613.01,0,0.93369659,131.5867,0.18516666666666665
10471345,K07614.01,0,0.9337473,132.4461,0.14358333333333334
11296798,K07615.01,0,677.35794,234.634,0.40408333333333335
11463950,K07616.01,0,4.0551242,134.6871,0.5
11621897,K07618.01,0,21.6817115,137.009,0.29916666666666664
12253534,K07619.01,0,466.08101,166.4321,0.9870833333333333
12304202,K07620.01,0,0.66573903,131.6585795,0.05291666666666667
9291039,K03230.02,0,3.796383639,135.2015074,0.36129583333333326
10155321,K04422.02,0,0.71059239,132.08465,0.205
4953173,K04676.02,0,3.36379289,132.9065,0.9874999999999999
6363560,K05270.02,0,0.907818056,131.91608,0.06995833333333333
7539174,K05397.02,0,297.71402,315.5437,0.558875
7935997,K05447.02,1,3.87594316,134.84758,0.09641666666666666
10535708,K05801.02,0,0.93373761,131.53,0.137625
11453930,K05900.02,0,0.687739345,131.73999,0.007774999999999999
4737267,K06117.01,0,9.524076544,134.803805,0.43704583333333336
5955321,K06140.01,0,11.637858887,136.885517,0.49521249999999994
6182093,K06143.02,0,50.900813,150.314465,0.13749999999999998
10621666,K01636.02,0,14.5862195,135.2746,0.113875
5211470,K06541.02,0,0.938074536,132.26984,0.08174166666666666
6665064,K06751.02,0,0.698359996,131.7023,0.062329166666666665
3123418,K07542.01,0,563.94854,145.5541,0.6512916666666666
3458687,K07543.01,0,0.98376204,132.28418,0.4188333333333333
3749508,K07544.01,0,2.403704619,131.5641527,0.03719583333333333
3955867,K07545.01,0,33.65766894,178.48518,1.6994583333333333
4074294,K07547.01,0,0.892988877,131.56303,0.10178333333333334
4380560,K07548.01,0,0.705816203,131.94499,0.23124999999999998
4384652,K07549.01,0,374.51648,430.92524,0.25366666666666665
7697568,K01829.02,0,10.3482112,136.63763,0.08704166666666666
4483235,K07550.01,0,1.7609276,132.30263,0.21620833333333334
4662363,K07551.01,0,321.24194284,451.2907139,0.42333333333333334
4680745,K07552.01,0,1.463148937,132.34802,0.45999999999999996
4851195,K07553.01,0,374.514471,430.92258,0.2762083333333333
5024414,K07555.01,0,1.525924746,132.69258,0.08145833333333333
5177065,K07556.01,0,1.25383162,132.6237,0.31999999999999995
5268955,K07557.01,0,12.82252496,137.3868282,0.7833333333333333
5598645,K07560.01,0,0.648772102,131.74503,0.10891666666666666
5696518,K07561.01,0,0.96391996,132.3687769,0.12541666666666665
5908086,K07563.01,0,0.93705132,132.0238,0.2003333333333333
6307243,K07564.01,0,451.86579,254.8061,0.56125
6350522,K07565.01,0,491.52571,248.9249,0.5179166666666666
6385302,K07566.01,0,411.54039644,185.353922,0.7220833333333332
6508734,K07568.01,0,480.03759,318.4745,0.6770833333333333
6527050,K07569.01,0,0.87985197,131.7662713,0.05416666666666667
6590362,K07570.01,0,0.592618966,132.09892,0.033791666666666664
6628740,K07571.01,0,0.532854237,131.93754,0.134625
7031126,K07573.01,0,0.566802672,131.81511,0.14770833333333333
7031208,K07574.01,0,0.566796331,131.8335,0.21641666666666665
7031742,K07575.01,0,0.566785459,131.82998,0.12054166666666666
7032568,K07576.01,0,0.566792936,131.8166,0.11858333333333333
7032687,K07577.01,0,0.5668004,131.81997,0.158875
7115384,K07578.01,0,0.566793614,131.65376,0.23845833333333333
7116282,K07579.01,0,0.566798676,131.81422,0.11570833333333333
7116859,K07580.01,0,0.5667638,131.8674,0.07208333333333333
7133286,K07581.01,0,38.51077573,155.594831,1.6189916666666666
7186259,K07582.01,0,4.23965309,132.9703967,0.13708333333333333
7214090,K07583.01,0,0.577910513,131.79797,0.05675
7281694,K07584.01,0,0.566807725,131.7888,0.09
7362450,K07585.01,0,0.566807422,131.81547,0.21449999999999997
8007262,K07586.01,0,1.345078434,132.04218,0.4245833333333333
8106973,K07588.01,0,439.1076969,222.7449,1.0927458333333333
8258103,K07590.01,0,0.594003994,132.07059,0.23154166666666667
8579684,K07594.01,0,2.08802799,132.08475,1.0007083333333333
8649876,K07595.01,0,10.4212788,140.6517,1.1867999999999999
8846809,K07597.01,0,0.778705577,131.64448,0.2685416666666667
8868686,K07598.01,0,4.44709107,133.9044,0.6995833333333332
9025662,K07599.01,0,293.70696,350.5928,0.4595833333333333
8572936,K02459.01,0,27.795762425,136.179877,0.6460666666666666
9837578,K02937.01,0,20.733748565,132.8465918,0.26198875
7821010,K02938.01,0,24.238241803,136.6165689,0.17361041666666666
5473556,K02939.01,0,11.258825027,134.7384085,0.37329999999999997
6504534,K03152.01,0,28.162612575,143.7174718,0.13315666666666665
6307062,K03153.01,0,75.378956896,167.1066034,0.32098
5652983,K00371.02,0,9.0584662,133.2317,0.26566666666666666
9092897,K07600.01,0,3.9169155,132.2130377,0.08791666666666666
9246715,K07601.01,0,342.55315723,337.516722,3.075283333333333
9292130,K07602.01,0,362.747593,368.2357,0.6854166666666666
9541144,K07603.01,0,0.536650344,131.7073,0.11991666666666667
8757213,K07911.01,0,328.0485,301.5126,0.5729166666666666
8880003,K07914.01,0,1.72128752,132.5489,0.09858333333333333
8953296,K07916.01,0,0.784294574,132.2265109,0.17451291666666668
8749844,K07909.01,0,361.51099,249.7333,0.20283333333333334
8962007,K07917.01,0,1.41435861,132.69838,0.09520833333333334
8703491,K07906.01,0,0.616343903,132.086508,0.0319
9079587,K07921.01,0,364.33929,183.3173,0.5619166666666666
8703506,K07907.01,0,352.710091,251.1931,0.12087499999999998
8590776,K07900.01,0,33.8938177,135.3496,0.08383333333333333
8761550,K07912.01,0,224.591055,208.7904,0.13466666666666666
8686761,K07904.01,0,374.93999098,137.9851608,0.7118708333333333
8873450,K07913.01,1,24.2783801,154.51325,0.19016666666666665
8750503,K07910.01,0,11.9283194,142.127,0.27875
8639155,K07902.01,0,0.603351522,131.98902,0.034824999999999995
9021047,K07919.01,0,31.97280045,261.76713,0.20416666666666666
8587439,K07899.01,0,8.39140024,139.02864,0.049708333333333334
8712863,K07908.01,0,0.532493086,131.90244,0.089375
9079915,K07922.01,0,0.812678859,132.20817,0.035041666666666665
10208894,K08199.01,0,183.836254,149.3728,0.5453333333333332
10214873,K08200.01,0,5.959695593,135.2739557,0.07659583333333334
10268714,K08202.01,0,452.65206,495.317,0.8279166666666666
10281311,K08203.01,0,234.66319186,166.0293811,0.31779166666666664
10341876,K08204.01,0,351.204993,184.9276,0.9339166666666667
10219288,K07993.01,0,3.381607,132.92656,0.31779166666666664
10226343,K07994.01,0,0.660655454,131.6909,0.2962916666666666
10263598,K07995.01,0,145.750554,199.6247,0.5832916666666667
10266860,K07996.01,0,2.17813954,132.02972,0.08595833333333333
4763020,K08097.01,0,384.09781,418.6723,0.5229166666666667
5128966,K08098.01,0,0.505322676,131.542732,0.21969583333333334
5288744,K08099.01,0,333.71634048,336.7917544,0.20098333333333332
5305225,K08100.01,0,322.50741,350.3646,0.8619999999999999
5598216,K08101.01,0,373.8716,186.6688,0.6991666666666667
5637036,K08102.01,0,171.046664,293.02637,0.10158333333333333
5647008,K08103.01,0,0.799868354,131.997209,0.2755416666666667
10385708,K08206.01,0,345.7671,320.3812,0.6408333333333334
10404545,K08207.01,0,350.34114,184.81,0.7070833333333333
10425070,K08208.01,0,363.97165,198.9835,0.2375833333333333
10425070,K08208.02,0,395.23753,186.536,0.7705833333333333
10461045,K08209.01,0,385.97241,315.6247,0.5069583333333333
10493253,K08210.01,0,89.667675,183.036,0.15525
10321927,K07997.01,0,321.02094,179.7137,0.3129166666666666
10322797,K07999.01,0,1.213742728,131.74123,0.14983333333333332
10338529,K08002.01,0,366.74866,308.3136,0.5185833333333333
10340212,K08003.01,0,0.93374894,131.526,0.19320833333333332
10383729,K08004.01,0,0.734548624,132.16826,0.09195833333333332
5709226,K08104.01,0,317.99484,393.0306,0.30333333333333334
5775090,K08105.01,0,432.96732,173.2686,0.4520833333333333
5791705,K08106.01,0,614.39054,332.5045,0.38799999999999996
5812648,K08108.01,0,238.561202,273.2378,0.49583333333333335
5872139,K08110.01,0,375.17737,260.4516,0.855
10519701,K08212.01,0,334.87402,426.2844,1.4758333333333333
10664150,K08213.01,0,370.2402,307.3322,1.3108333333333333
10735575,K08214.01,0,1.6749812,131.79288,0.11279166666666665
10753394,K08215.01,0,288.678554,143.8403,0.38320833333333326
10875937,K08216.01,0,307.94735718,316.0192261,0.625
11087662,K08218.01,0,264.63654,190.9169,1.7820833333333335
10389280,K08005.01,0,375.408923,364.4869,0.47658333333333336
10397315,K08006.01,0,2.17812769,132.02922,0.06854166666666667
10405224,K08008.01,0,0.93378068,132.4123,0.15441666666666665
10405482,K08009.01,0,0.93373895,132.4707,0.17316666666666664
10405546,K08010.01,0,0.93373718,132.4634,0.10758333333333332
5955427,K08112.01,0,213.201978,309.9395,0.6415
5956977,K08113.01,0,77.773042,168.8387,0.09520833333333334
6043574,K08114.01,0,381.782641,241.1226,0.1883333333333333
6049470,K08115.01,0,354.7897,434.394,0.5258333333333333
6105359,K08116.01,0,235.544698,191.2774,0.3720833333333333
11099109,K08219.01,0,115.28415,219.612,0.47458333333333336
11124353,K08220.01,0,423.73074,548.9392,0.8083333333333332
11400356,K08222.01,0,677.56282,214.2391,0.43875
11449696,K08224.01,0,371.21205,307.6693,0.8312499999999999
11456839,K08225.01,0,190.783023,213.6601,0.16954166666666665
10462462,K08013.01,0,0.85581563,132.1452541,0.4279166666666666
10470882,K08014.01,0,0.9337491,132.449,0.16008333333333333
10470993,K08015.01,0,0.93374417,132.44559,0.14104166666666665
10471005,K08016.01,0,0.93374635,131.5163,0.12808333333333333
10471055,K08017.01,0,0.9337465,131.5267,0.15120833333333333
10471204,K08018.01,0,0.93371631,131.5435,0.181
6119605,K08118.01,0,260.02265,329.8262,0.500375
6230649,K08119.01,0,443.66,523.348,0.33291666666666664
6286633,K08120.01,0,366.28999,460.2423,0.45287499999999997
6451125,K08121.01,0,72.6549842,170.59195,0.22929166666666667
6516529,K08123.01,0,379.42818,358.9906,0.4683333333333333
6521526,K08124.01,0,103.039788,164.9409,0.5915416666666666
11501492,K08226.01,0,371.90464,308.9957,1.0566666666666666
11558217,K08227.01,0,362.85801,152.6104,0.7095833333333333
11649292,K08228.01,0,384.558321,160.73276,0.1983333333333333
11760931,K08229.01,0,397.72733,264.7499,0.4867916666666666
11854061,K08230.01,0,504.88419,357.6471,0.8408333333333333
11868122,K08231.01,0,384.92275,238.6778,0.41583333333333333
10471243,K08019.01,0,0.93376131,132.4342,0.15612499999999999
10471296,K08020.01,0,0.93377253,132.429,0.106
10535886,K08021.01,0,0.93376021,132.4413,0.13258333333333333
10535897,K08022.01,0,0.93372008,131.544,0.10795833333333334
10535926,K08023.01,0,0.93373591,132.46,0.18820833333333334
10535991,K08024.01,0,0.93374911,132.4534,0.146
10536177,K08025.01,0,0.93372261,131.5423,0.12716666666666665
6600492,K08125.01,0,312.61007,325.3776,0.6187499999999999
6685403,K08126.01,0,429.60143,269.5261,0.7545833333333333
6846544,K08127.01,0,499.88159,319.3109,0.5579166666666666
6848529,K08128.01,0,197.37704,306.7686,0.7795833333333333
6887321,K08129.01,0,1.65746034,131.6967,0.1905
6953281,K08130.01,0,0.566799395,131.79717,0.06403333333333333
7020168,K08131.01,0,203.8406,250.6264,0.38875
12012872,K08233.01,0,14.395425,140.977,0.21333333333333332
12069319,K08234.01,0,231.157554,346.94896,0.35370833333333335
12121118,K08235.01,0,495.06538,245.567,0.8787499999999999
12252732,K08236.01,0,595.78152,363.7685,0.6654166666666667
12554051,K08237.01,0,365.709623,183.4903,0.5647083333333334
12555140,K08239.01,0,655.25732,185.9927,0.8354166666666667
10614845,K08027.01,0,0.573762943,131.80193,0.0915
10616829,K08028.01,0,1.072934147,132.293066,0.18769791666666663
10686909,K08029.01,0,2.61854596,133.9991,0.20274999999999999
10730250,K08030.01,0,13.667809025,134.6559996,0.1166375
10801951,K08032.01,0,1.105123883,132.51976,0.12504166666666666
7049771,K08132.01,0,381.85852,458.813,0.6717083333333332
7053328,K08133.01,0,455.77076435,338.7923743,0.21312083333333331
7106437,K08134.01,0,212.760495,254.4527,0.15429166666666666
7117050,K08135.01,0,73.836858,174.0088,0.82175
7185710,K08136.01,0,160.243128,162.4736,0.22470833333333332
7282872,K08137.01,0,402.41511,512.3896,0.21483333333333332
7340624,K08138.01,0,369.28177,233.4368,1.1233333333333333
12647110,K08240.01,0,462.463589,583.10723,0.20862499999999998
3662635,K08243.01,0,0.939375593,132.016859,0.11843333333333333
3734501,K08244.01,0,31.1911468,142.5078,0.29179166666666667
4169315,K08245.01,0,30.9587224,263.3166,0.18379166666666663
10862284,K08034.01,0,9.1447861,139.2816,0.22591666666666665
10877024,K08036.01,0,0.786483923,131.84261,0.29312499999999997
10920420,K08038.01,0,0.9438885,132.2865,0.108
7622473,K08139.01,0,40.244826,161.3679,0.17929166666666665
7662744,K08140.01,0,135.428746,168.5064,0.3080833333333333
7686191,K08141.01,0,380.03903,387.6494,0.7708333333333333
7690521,K08142.01,0,380.294204,355.6712,0.514625
7747835,K08143.01,0,373.74691,259.9281,1.1820833333333334
7762886,K08144.01,0,315.81065,172.543,0.9858333333333333
7811537,K08145.01,0,16.9341628,145.9902,0.16416666666666666
4566999,K08247.01,0,527.68601,176.6176,0.20070833333333332
4569942,K08248.01,0,267.911652,160.2278,0.1718333333333333
4772095,K08250.01,0,99.299502,138.7153,0.15129166666666666
4847801,K08251.01,0,371.47786,341.9634,0.5125
5026023,K08252.01,0,1.99638423,131.5598,0.09999999999999999
9101271,K07926.01,0,29.3657204,135.07289,0.3637625
9118340,K07927.01,0,1.035329922,132.3319,0.15842499999999998
9159198,K07929.01,0,3.04463691,132.4477,0.2773333333333333
11098004,K08041.01,0,7.508818,138.655,0.2708333333333333
11135119,K08042.01,0,383.937324,299.28884,0.12016666666666666
11145726,K08044.01,0,0.619618218,131.7585541,0.05215416666666667
11152950,K08045.01,0,4.17363793,134.20036,0.11408333333333333
7811537,K08145.02,0,244.58323,159.3552,0.5342499999999999
7874976,K08146.01,0,185.83013,295.002,0.4225
7888957,K08147.01,0,363.346158,175.9438,0.20462499999999997
7900114,K08148.01,0,303.91225,277.1238,0.6404166666666666
7936194,K08149.01,0,536.52197,379.6146,0.18575
7959310,K08150.01,0,350.514,210.8168,0.81375
8012732,K08151.01,0,431.51734,391.69732,0.6841666666666667
5391407,K08254.01,0,0.638697833,131.7556646,0.2150375
5468555,K08255.01,0,539.214259,439.5039,0.1443333333333333
5638699,K08256.01,0,343.56446,203.9865,0.7891666666666667
5871116,K08258.01,0,54.432903,154.9178,0.14808333333333332
6032318,K08260.01,0,235.20613,291.0893,0.2912083333333333
9347066,K07933.01,0,20.004714,139.0639,0.123
9392016,K07935.01,0,350.65158,208.7904,0.3323333333333333
9429631,K07937.01,0,4.18587282,132.41733,0.08324999999999999
9518558,K07939.01,0,2.178142613,132.03328,0.03775
11348086,K08049.01,0,391.420272,470.44301,0.15999999999999998
11357185,K08051.01,0,185.243906,177.2769,0.13649999999999998
8028465,K08152.01,0,261.684363,247.3986,0.16216666666666665
8129641,K08153.01,0,0.808106001,131.69026,0.163225
8226720,K08154.01,0,391.33068,186.7266,0.5154166666666666
8307354,K08155.01,0,320.56794551,279.6247569,0.6400583333333333
8588982,K08158.01,0,116.025744,206.39348,0.14745833333333333
6182508,K08261.01,0,85.9770426,159.3127,0.07995833333333333
6195669,K08262.01,0,370.94353,261.1772,0.6933333333333334
6583107,K08264.01,0,30.6261927,157.94613,0.046125
6681618,K08265.01,0,364.42189,303.9267,1.5891666666666666
6946985,K08266.01,0,440.584562,564.12806,0.4389166666666667
7106438,K08267.01,0,269.331027,232.6164,0.20379166666666665
9529148,K07942.01,0,25.3428696,132.6844,0.06291666666666666
9531850,K07943.01,0,0.66234265,131.714,0.04370833333333333
9541094,K07944.01,0,0.536654028,131.70663,0.11595833333333333
9579753,K07945.01,0,1.08908149,132.0192,0.09425
9588880,K07946.01,0,77.97621155,175.35495,0.08333333333333333
9592831,K07947.01,0,0.609668222,131.934,0.11816666666666666
9602658,K07948.01,0,3.55650403,133.5416,0.28591666666666665
11560397,K08056.01,0,0.527673051,131.82042,0.06795833333333333
11565903,K08057.01,0,117.140785,245.0828,0.14170833333333333
11601597,K08058.01,0,0.590281548,131.69127,0.11333333333333334
11612241,K08059.01,0,4.5647147,133.0763,0.558125
11661803,K08060.01,0,372.086704,404.89901,0.15358333333333332
11661803,K08060.02,0,363.448167,411.19336,0.25054166666666666
8608544,K08159.01,0,348.68162,343.821,0.45662499999999995
8618147,K08160.01,0,345.128277,218.662,0.6635416666666667
8630840,K08161.01,0,370.38642,263.3823,0.9975
8683144,K08162.01,0,267.970682,267.9789,0.47833333333333333
8740744,K08164.01,0,417.829033,138.8786,0.6270833333333333
7451315,K08268.01,0,368.5224,177.454,1.5120833333333332
7751294,K08269.01,0,371.4589776,309.8187992,0.41972499999999996
8008913,K08271.01,0,34.9989085,160.32308,0.0735
8108450,K08273.01,0,386.78734,354.9326,0.64625
8293631,K08274.01,0,449.557346,142.8226,0.7177916666666666
9639021,K07950.01,0,2.21568076,132.26619,0.06312499999999999
9643210,K07952.01,0,3.850304552,132.1063696,0.06390416666666666
9651155,K07955.01,0,1.07383154,132.0326,0.20191666666666666
11709006,K08061.01,0,0.719741,131.898,0.1095
11724094,K08064.01,0,1.47623061,131.603,0.08466666666666667
11774383,K08065.01,0,0.520227316,131.83796,0.07474583333333333
11804952,K08066.01,0,36.3192885,155.94476,0.108375
11819135,K08067.01,0,1.901655058,132.83364,0.19393749999999998
8742735,K08165.01,0,331.92622,289.5792,0.45166666666666666
8743244,K08166.01,0,346.31688,247.1069,0.9133333333333333
8743244,K08166.02,0,365.61087,185.4567,0.6709166666666666
8748435,K08167.01,0,259.85736,291.1798,1.0016666666666665
8766268,K08168.01,0,5.29731736,135.5479,0.13920833333333332
8808064,K08169.01,0,447.97028,559.6455,0.45237499999999997
8813404,K08170.01,0,374.80095,457.3021,0.44545833333333335
8873674,K08278.01,0,172.280975,216.0303,0.51
9209808,K08281.01,0,244.547128,133.3618,0.14958333333333332
9656547,K07956.01,0,1.27228771,132.49945,0.08745833333333333
9658192,K07957.01,0,1.886002102,131.74153,0.04254166666666666
9710611,K07958.01,0,386.35444,359.0914,0.39974999999999994
9710626,K07959.01,0,371.21454,497.5266,0.8083333333333332
9710792,K07960.01,0,365.5435,132.6904,0.6158333333333332
9770983,K07961.01,0,7.02932339,134.66434,0.11887500000000001
9777089,K07962.01,0,19.229478,132.5889,0.19499999999999998
11918793,K08069.01,0,38.35312,167.6337,0.12083333333333332
11922290,K08070.01,0,114.661733,237.2307,0.11599999999999999
11966668,K08071.01,0,313.19875,340.9372,0.3584583333333333
11967872,K08072.01,0,134.370692,249.3136,0.36375
12004656,K08073.01,0,2.52123022,132.8709,0.19745833333333332
12008916,K08074.01,0,47.4314857,174.6547,0.18795833333333334
12021943,K08075.01,0,6.0962602,134.9875,0.43333333333333335
8815031,K08171.01,0,472.6038,515.577,0.50625
8821936,K08172.01,0,371.51852,317.6836,1.2891666666666666
8832676,K08173.01,0,323.66542,204.2147,0.84875
9075882,K08175.01,0,367.01607,181.8404,0.645
9084832,K08176.01,0,568.08251,254.65449,0.567
9093859,K08177.01,0,3.0447752,132.3975,0.30624999999999997
9239670,K08282.01,0,456.55308,527.3529,0.18479166666666663
9388557,K08283.01,0,209.941369,268.5679,0.12375
9532997,K08284.01,0,49.763624,135.0312,0.11454166666666667
9536836,K08285.01,0,320.347208,406.2309,0.2982916666666666
10010452,K08287.01,0,358.74318,150.554,0.8233333333333334
10226420,K08288.01,0,0.660663034,131.68417,0.11708333333333333
9777990,K07963.01,0,14.3400358,140.9329,0.2375
9813678,K07964.01,0,0.505079006,131.930776,0.05697375
9826551,K07965.01,0,7.19680984,136.63955,0.07012499999999999
9838537,K07966.01,0,1.33257715,132.0367,0.21491666666666667
9838761,K07967.01,0,1.33254428,132.06788,0.13008333333333333
9839062,K07968.01,0,424.623345,218.25955,0.40275
9851983,K07969.01,0,1.456383399,132.71661,0.49324999999999997
12419303,K08079.01,0,0.608074963,131.66689,0.036625
12453855,K08080.01,0,0.559643825,131.517134,0.028208333333333335
12459808,K08081.01,0,0.502446098,131.9359,0.075125
9114508,K08178.01,0,256.45616,141.7586,1.4729166666666667
9216810,K08179.01,0,138.62902498,235.3730333,0.20541666666666664
9340460,K08181.01,0,388.519605,352.2898,0.4422083333333333
9409493,K08182.01,0,60.049737,158.5226,0.8404166666666667
9649205,K08184.01,0,237.26601,315.9446,0.36416666666666664
10341781,K08289.01,0,0.93371211,131.5372,0.1983333333333333
10459805,K08290.01,0,461.13781,187.0978,0.5379166666666666
10471090,K08291.01,0,0.93376089,132.4263,0.126125
10532751,K08292.01,0,367.761848,194.7697,0.20379166666666665
10585887,K08293.01,0,378.65484,288.2584,0.4708333333333333
11867733,K08294.01,0,384.356448,298.90354,0.16133333333333333
11923074,K08295.01,0,1.75647084,132.02757,0.10574999999999998
9899216,K07971.01,0,1.33259003,132.0133,0.16508333333333333
9899256,K07972.01,0,1.33254024,132.0784,0.13166666666666665
9899621,K07974.01,0,1.33255492,132.048,0.15125
9899623,K07975.01,0,1.33259095,132.0329,0.206125
12644020,K08083.01,0,234.524445,346.4227,0.16249999999999998
2010152,K08084.01,0,317.74527,205.9582,0.7308333333333332
2712825,K08086.01,0,18.384953,133.39,0.24666666666666665
3443582,K08087.01,0,1.085965104,132.006611,0.44649999999999995
3533483,K08088.01,0,308.185801,306.2132,0.15370833333333334
9771576,K08185.01,0,398.71694,481.1929,0.9
9827094,K08186.01,0,241.8591,248.7902,0.5320833333333332
9837720,K08187.01,0,353.04037,258.7443,0.5875833333333333
9873604,K08188.01,0,522.33888,344.6934,0.56375
9874581,K08189.01,0,473.56314,222.9281,0.2119583333333333
9899449,K08190.01,0,1.332565736,132.049815,0.25344999999999995
9962731,K08191.01,0,385.39743,340.6913,0.90375
12117215,K08296.01,0,272.54288087,349.7527344,0.126025
9912977,K07977.01,0,0.9439372,131.8207372,0.3031025
9941425,K07979.01,0,1.075158342,131.7092,0.05395833333333333
9959368,K07980.01,0,1.33255801,132.0631,0.1975
9959765,K07981.01,0,1.33250451,132.1018,0.17262499999999997
10014875,K07983.01,0,453.64875,296.6153,0.7641666666666667
3954211,K08090.01,0,0.594274521,131.839508,0.09008333333333332
4056579,K08091.01,0,239.179477,188.47092,0.12208333333333334
4276445,K08092.01,0,405.65377,266.3288,0.4591666666666666
4371172,K08093.01,0,73.992267,143.4283,0.23716666666666666
4557341,K08094.01,0,361.901618,405.3021,0.20766666666666667
4645492,K08095.01,0,508.04103,361.7222,0.22491666666666665
4738095,K08096.01,0,309.933134,141.9846,0.29854166666666665
10023069,K08192.01,0,266.977677,240.84342,0.35791666666666666
10079317,K08194.01,0,236.25776888,153.9570927,0.1397875
10079481,K08195.01,0,330.80879,281.1568,0.902875
10081899,K08196.01,0,522.64613,190.3389,0.7404166666666666
10199817,K08197.01,0,392.94247,383.673,0.46062499999999995
10205598,K08198.01,0,373.89398,261.4968,1.1524999999999999
10031643,K07984.01,0,8.5898708,132.0161,0.20024999999999998
10090151,K07985.01,0,0.527698548,131.705093,0.13425416666666667
10147276,K07987.01,0,0.681401611,132.18175,0.036041666666666666
10156110,K07989.01,0,4.85603482,135.9933,0.12824999999999998
